[2026-02-14 23:50:33.883] [debug] checkForUpdatesAndNotify called, downloadPromise is null
[2026-02-15 00:00:33.592] [info]  Checking for update
[2026-02-15 00:00:33.593] [info]  Checking for update
[2026-02-15 00:00:33.881] [info]  Update for version 0.53.1 is not available (latest version: 0.53.1, downgrade is allowed).
[2026-02-15 00:00:33.881] [info]  Update not available: {
   "version": "0.53.1",
   "files": [
      {
         "url": "Anytype-0.53.1.AppImage",
         "sha512": "KmB4wCBPrVUiGKiegk7V5gzUUCsMCIUDDtSM9qseZ54+5Nvgnl0o8r8caF/7IygtDG0a8GEXe4yx4fjBH5D2Ag==",
         "size": 238610679,
         "blockMapSize": 248075
      },
      {
         "url": "anytype_0.53.1_amd64.deb",
         "sha512": "bBL+kv8N700RP1Fc1ecdMXIQijqJyiYaxgFkW89XuLOMJAEhHN9Eu4tAkdCvrlswCN+0jLlHptASDGeSA5cSLg==",
         "size": 177501590
      },
      {
         "url": "anytype_0.53.1_amd64.deb",
         "sha512": "bBL+kv8N700RP1Fc1ecdMXIQijqJyiYaxgFkW89XuLOMJAEhHN9Eu4tAkdCvrlswCN+0jLlHptASDGeSA5cSLg==",
         "size": 177501590
      },
      {
         "url": "anytype_0.53.1_amd64.deb",
         "sha512": "bBL+kv8N700RP1Fc1ecdMXIQijqJyiYaxgFkW89XuLOMJAEhHN9Eu4tAkdCvrlswCN+0jLlHptASDGeSA5cSLg==",
         "size": 177501590
      },
      {
         "url": "anytype-0.53.1.x86_64.rpm",
         "sha512": "fRbUlfuNdGkVEqpFP4mclOCr75fZyU8AHgYrrYDc/zG0nSAQHeclvQA/vnB86VYiCqHhYJf1KnHv0XpRs+JK9Q==",
         "size": 176448345
      },
      {
         "url": "anytype-0.53.1.x86_64.rpm",
         "sha512": "fRbUlfuNdGkVEqpFP4mclOCr75fZyU8AHgYrrYDc/zG0nSAQHeclvQA/vnB86VYiCqHhYJf1KnHv0XpRs+JK9Q==",
         "size": 176448345
      },
      {
         "url": "anytype-0.53.1.x86_64.rpm",
         "sha512": "fRbUlfuNdGkVEqpFP4mclOCr75fZyU8AHgYrrYDc/zG0nSAQHeclvQA/vnB86VYiCqHhYJf1KnHv0XpRs+JK9Q==",
         "size": 176448345
      }
   ],
   "path": "Anytype-0.53.1.AppImage",
   "sha512": "KmB4wCBPrVUiGKiegk7V5gzUUCsMCIUDDtSM9qseZ54+5Nvgnl0o8r8caF/7IygtDG0a8GEXe4yx4fjBH5D2Ag==",
   "releaseDate": "2025-12-22T14:31:15.214Z"
}
[2026-02-15 00:00:33.882] [debug] checkForUpdatesAndNotify called, downloadPromise is null
[2026-02-15 00:10:33.596] [info]  Checking for update
[2026-02-15 00:10:33.597] [info]  Checking for update
[2026-02-15 00:10:33.872] [info]  Update for version 0.53.1 is not available (latest version: 0.53.1, downgrade is allowed).
[2026-02-15 00:10:33.872] [info]  Update not available: {
   "version": "0.53.1",
   "files": [
      {
         "url": "Anytype-0.53.1.AppImage",
         "sha512": "KmB4wCBPrVUiGKiegk7V5gzUUCsMCIUDDtSM9qseZ54+5Nvgnl0o8r8caF/7IygtDG0a8GEXe4yx4fjBH5D2Ag==",
         "size": 238610679,
         "blockMapSize": 248075
      },
      {
         "url": "anytype_0.53.1_amd64.deb",
         "sha512": "bBL+kv8N700RP1Fc1ecdMXIQijqJyiYaxgFkW89XuLOMJAEhHN9Eu4tAkdCvrlswCN+0jLlHptASDGeSA5cSLg==",
         "size": 177501590
      },
      {
         "url": "anytype_0.53.1_amd64.deb",
         "sha512": "bBL+kv8N700RP1Fc1ecdMXIQijqJyiYaxgFkW89XuLOMJAEhHN9Eu4tAkdCvrlswCN+0jLlHptASDGeSA5cSLg==",
         "size": 177501590
      },
      {
         "url": "anytype_0.53.1_amd64.deb",
         "sha512": "bBL+kv8N700RP1Fc1ecdMXIQijqJyiYaxgFkW89XuLOMJAEhHN9Eu4tAkdCvrlswCN+0jLlHptASDGeSA5cSLg==",
         "size": 177501590
      },
      {
         "url": "anytype-0.53.1.x86_64.rpm",
         "sha512": "fRbUlfuNdGkVEqpFP4mclOCr75fZyU8AHgYrrYDc/zG0nSAQHeclvQA/vnB86VYiCqHhYJf1KnHv0XpRs+JK9Q==",
         "size": 176448345
      },
      {
         "url": "anytype-0.53.1.x86_64.rpm",
         "sha512": "fRbUlfuNdGkVEqpFP4mclOCr75fZyU8AHgYrrYDc/zG0nSAQHeclvQA/vnB86VYiCqHhYJf1KnHv0XpRs+JK9Q==",
         "size": 176448345
      },
      {
         "url": "anytype-0.53.1.x86_64.rpm",
         "sha512": "fRbUlfuNdGkVEqpFP4mclOCr75fZyU8AHgYrrYDc/zG0nSAQHeclvQA/vnB86VYiCqHhYJf1KnHv0XpRs+JK9Q==",
         "size": 176448345
      }
   ],
   "path": "Anytype-0.53.1.AppImage",
   "sha512": "KmB4wCBPrVUiGKiegk7V5gzUUCsMCIUDDtSM9qseZ54+5Nvgnl0o8r8caF/7IygtDG0a8GEXe4yx4fjBH5D2Ag==",
   "releaseDate": "2025-12-22T14:31:15.214Z"
}
[2026-02-15 00:10:33.873] [debug] checkForUpdatesAndNotify called, downloadPromise is null
[2026-02-15 00:20:33.625] [info]  Checking for update
[2026-02-15 00:20:33.625] [info]  Checking for update
[2026-02-15 00:20:33.915] [info]  Update for version 0.53.1 is not available (latest version: 0.53.1, downgrade is allowed).
[2026-02-15 00:20:33.915] [info]  Update not available: {
   "version": "0.53.1",
   "files": [
      {
         "url": "Anytype-0.53.1.AppImage",
         "sha512": "KmB4wCBPrVUiGKiegk7V5gzUUCsMCIUDDtSM9qseZ54+5Nvgnl0o8r8caF/7IygtDG0a8GEXe4yx4fjBH5D2Ag==",
         "size": 238610679,
         "blockMapSize": 248075
      },
      {
         "url": "anytype_0.53.1_amd64.deb",
         "sha512": "bBL+kv8N700RP1Fc1ecdMXIQijqJyiYaxgFkW89XuLOMJAEhHN9Eu4tAkdCvrlswCN+0jLlHptASDGeSA5cSLg==",
         "size": 177501590
      },
      {
         "url": "anytype_0.53.1_amd64.deb",
         "sha512": "bBL+kv8N700RP1Fc1ecdMXIQijqJyiYaxgFkW89XuLOMJAEhHN9Eu4tAkdCvrlswCN+0jLlHptASDGeSA5cSLg==",
         "size": 177501590
      },
      {
         "url": "anytype_0.53.1_amd64.deb",
         "sha512": "bBL+kv8N700RP1Fc1ecdMXIQijqJyiYaxgFkW89XuLOMJAEhHN9Eu4tAkdCvrlswCN+0jLlHptASDGeSA5cSLg==",
         "size": 177501590
      },
      {
         "url": "anytype-0.53.1.x86_64.rpm",
         "sha512": "fRbUlfuNdGkVEqpFP4mclOCr75fZyU8AHgYrrYDc/zG0nSAQHeclvQA/vnB86VYiCqHhYJf1KnHv0XpRs+JK9Q==",
         "size": 176448345
      },
      {
         "url": "anytype-0.53.1.x86_64.rpm",
         "sha512": "fRbUlfuNdGkVEqpFP4mclOCr75fZyU8AHgYrrYDc/zG0nSAQHeclvQA/vnB86VYiCqHhYJf1KnHv0XpRs+JK9Q==",
         "size": 176448345
      },
      {
         "url": "anytype-0.53.1.x86_64.rpm",
         "sha512": "fRbUlfuNdGkVEqpFP4mclOCr75fZyU8AHgYrrYDc/zG0nSAQHeclvQA/vnB86VYiCqHhYJf1KnHv0XpRs+JK9Q==",
         "size": 176448345
      }
   ],
   "path": "Anytype-0.53.1.AppImage",
   "sha512": "KmB4wCBPrVUiGKiegk7V5gzUUCsMCIUDDtSM9qseZ54+5Nvgnl0o8r8caF/7IygtDG0a8GEXe4yx4fjBH5D2Ag==",
   "releaseDate": "2025-12-22T14:31:15.214Z"
}
[2026-02-15 00:20:33.916] [debug] checkForUpdatesAndNotify called, downloadPromise is null
[2026-02-15 00:30:33.640] [info]  Checking for update
[2026-02-15 00:30:33.641] [info]  Checking for update
[2026-02-15 00:30:33.918] [info]  Update for version 0.53.1 is not available (latest version: 0.53.1, downgrade is allowed).
[2026-02-15 00:30:33.919] [info]  Update not available: {
   "version": "0.53.1",
   "files": [
      {
         "url": "Anytype-0.53.1.AppImage",
         "sha512": "KmB4wCBPrVUiGKiegk7V5gzUUCsMCIUDDtSM9qseZ54+5Nvgnl0o8r8caF/7IygtDG0a8GEXe4yx4fjBH5D2Ag==",
         "size": 238610679,
         "blockMapSize": 248075
      },
      {
         "url": "anytype_0.53.1_amd64.deb",
         "sha512": "bBL+kv8N700RP1Fc1ecdMXIQijqJyiYaxgFkW89XuLOMJAEhHN9Eu4tAkdCvrlswCN+0jLlHptASDGeSA5cSLg==",
         "size": 177501590
      },
      {
         "url": "anytype_0.53.1_amd64.deb",
         "sha512": "bBL+kv8N700RP1Fc1ecdMXIQijqJyiYaxgFkW89XuLOMJAEhHN9Eu4tAkdCvrlswCN+0jLlHptASDGeSA5cSLg==",
         "size": 177501590
      },
      {
         "url": "anytype_0.53.1_amd64.deb",
         "sha512": "bBL+kv8N700RP1Fc1ecdMXIQijqJyiYaxgFkW89XuLOMJAEhHN9Eu4tAkdCvrlswCN+0jLlHptASDGeSA5cSLg==",
         "size": 177501590
      },
      {
         "url": "anytype-0.53.1.x86_64.rpm",
         "sha512": "fRbUlfuNdGkVEqpFP4mclOCr75fZyU8AHgYrrYDc/zG0nSAQHeclvQA/vnB86VYiCqHhYJf1KnHv0XpRs+JK9Q==",
         "size": 176448345
      },
      {
         "url": "anytype-0.53.1.x86_64.rpm",
         "sha512": "fRbUlfuNdGkVEqpFP4mclOCr75fZyU8AHgYrrYDc/zG0nSAQHeclvQA/vnB86VYiCqHhYJf1KnHv0XpRs+JK9Q==",
         "size": 176448345
      },
      {
         "url": "anytype-0.53.1.x86_64.rpm",
         "sha512": "fRbUlfuNdGkVEqpFP4mclOCr75fZyU8AHgYrrYDc/zG0nSAQHeclvQA/vnB86VYiCqHhYJf1KnHv0XpRs+JK9Q==",
         "size": 176448345
      }
   ],
   "path": "Anytype-0.53.1.AppImage",
   "sha512": "KmB4wCBPrVUiGKiegk7V5gzUUCsMCIUDDtSM9qseZ54+5Nvgnl0o8r8caF/7IygtDG0a8GEXe4yx4fjBH5D2Ag==",
   "releaseDate": "2025-12-22T14:31:15.214Z"
}
[2026-02-15 00:30:33.919] [debug] checkForUpdatesAndNotify called, downloadPromise is null
[2026-02-15 00:32:17.444] [info]  second-instance
[2026-02-15 00:32:17.468] [info]  [Api].exit, relaunch: false
[2026-02-15 00:32:17.486] [info]  [Api].shutdown, relaunch: false
[2026-02-15 00:40:33.675] [info]  Checking for update
[2026-02-15 00:40:33.675] [info]  Checking for update
[2026-02-15 00:40:33.958] [info]  Update for version 0.53.1 is not available (latest version: 0.53.1, downgrade is allowed).
[2026-02-15 00:40:33.958] [info]  Update not available: {
   "version": "0.53.1",
   "files": [
      {
         "url": "Anytype-0.53.1.AppImage",
         "sha512": "KmB4wCBPrVUiGKiegk7V5gzUUCsMCIUDDtSM9qseZ54+5Nvgnl0o8r8caF/7IygtDG0a8GEXe4yx4fjBH5D2Ag==",
         "size": 238610679,
         "blockMapSize": 248075
      },
      {
         "url": "anytype_0.53.1_amd64.deb",
         "sha512": "bBL+kv8N700RP1Fc1ecdMXIQijqJyiYaxgFkW89XuLOMJAEhHN9Eu4tAkdCvrlswCN+0jLlHptASDGeSA5cSLg==",
         "size": 177501590
      },
      {
         "url": "anytype_0.53.1_amd64.deb",
         "sha512": "bBL+kv8N700RP1Fc1ecdMXIQijqJyiYaxgFkW89XuLOMJAEhHN9Eu4tAkdCvrlswCN+0jLlHptASDGeSA5cSLg==",
         "size": 177501590
      },
      {
         "url": "anytype_0.53.1_amd64.deb",
         "sha512": "bBL+kv8N700RP1Fc1ecdMXIQijqJyiYaxgFkW89XuLOMJAEhHN9Eu4tAkdCvrlswCN+0jLlHptASDGeSA5cSLg==",
         "size": 177501590
      },
      {
         "url": "anytype-0.53.1.x86_64.rpm",
         "sha512": "fRbUlfuNdGkVEqpFP4mclOCr75fZyU8AHgYrrYDc/zG0nSAQHeclvQA/vnB86VYiCqHhYJf1KnHv0XpRs+JK9Q==",
         "size": 176448345
      },
      {
         "url": "anytype-0.53.1.x86_64.rpm",
         "sha512": "fRbUlfuNdGkVEqpFP4mclOCr75fZyU8AHgYrrYDc/zG0nSAQHeclvQA/vnB86VYiCqHhYJf1KnHv0XpRs+JK9Q==",
         "size": 176448345
      },
      {
         "url": "anytype-0.53.1.x86_64.rpm",
         "sha512": "fRbUlfuNdGkVEqpFP4mclOCr75fZyU8AHgYrrYDc/zG0nSAQHeclvQA/vnB86VYiCqHhYJf1KnHv0XpRs+JK9Q==",
         "size": 176448345
      }
   ],
   "path": "Anytype-0.53.1.AppImage",
   "sha512": "KmB4wCBPrVUiGKiegk7V5gzUUCsMCIUDDtSM9qseZ54+5Nvgnl0o8r8caF/7IygtDG0a8GEXe4yx4fjBH5D2Ag==",
   "releaseDate": "2025-12-22T14:31:15.214Z"
}
[2026-02-15 00:40:33.959] [debug] checkForUpdatesAndNotify called, downloadPromise is null
[2026-02-15 00:50:33.676] [info]  Checking for update
[2026-02-15 00:50:33.710] [info]  Checking for update
[2026-02-15 00:50:33.975] [info]  Update for version 0.53.1 is not available (latest version: 0.53.1, downgrade is allowed).
[2026-02-15 00:50:33.975] [info]  Update not available: {
   "version": "0.53.1",
   "files": [
      {
         "url": "Anytype-0.53.1.AppImage",
         "sha512": "KmB4wCBPrVUiGKiegk7V5gzUUCsMCIUDDtSM9qseZ54+5Nvgnl0o8r8caF/7IygtDG0a8GEXe4yx4fjBH5D2Ag==",
         "size": 238610679,
         "blockMapSize": 248075
      },
      {
         "url": "anytype_0.53.1_amd64.deb",
         "sha512": "bBL+kv8N700RP1Fc1ecdMXIQijqJyiYaxgFkW89XuLOMJAEhHN9Eu4tAkdCvrlswCN+0jLlHptASDGeSA5cSLg==",
         "size": 177501590
      },
      {
         "url": "anytype_0.53.1_amd64.deb",
         "sha512": "bBL+kv8N700RP1Fc1ecdMXIQijqJyiYaxgFkW89XuLOMJAEhHN9Eu4tAkdCvrlswCN+0jLlHptASDGeSA5cSLg==",
         "size": 177501590
      },
      {
         "url": "anytype_0.53.1_amd64.deb",
         "sha512": "bBL+kv8N700RP1Fc1ecdMXIQijqJyiYaxgFkW89XuLOMJAEhHN9Eu4tAkdCvrlswCN+0jLlHptASDGeSA5cSLg==",
         "size": 177501590
      },
      {
         "url": "anytype-0.53.1.x86_64.rpm",
         "sha512": "fRbUlfuNdGkVEqpFP4mclOCr75fZyU8AHgYrrYDc/zG0nSAQHeclvQA/vnB86VYiCqHhYJf1KnHv0XpRs+JK9Q==",
         "size": 176448345
      },
      {
         "url": "anytype-0.53.1.x86_64.rpm",
         "sha512": "fRbUlfuNdGkVEqpFP4mclOCr75fZyU8AHgYrrYDc/zG0nSAQHeclvQA/vnB86VYiCqHhYJf1KnHv0XpRs+JK9Q==",
         "size": 176448345
      },
      {
         "url": "anytype-0.53.1.x86_64.rpm",
         "sha512": "fRbUlfuNdGkVEqpFP4mclOCr75fZyU8AHgYrrYDc/zG0nSAQHeclvQA/vnB86VYiCqHhYJf1KnHv0XpRs+JK9Q==",
         "size": 176448345
      }
   ],
   "path": "Anytype-0.53.1.AppImage",
   "sha512": "KmB4wCBPrVUiGKiegk7V5gzUUCsMCIUDDtSM9qseZ54+5Nvgnl0o8r8caF/7IygtDG0a8GEXe4yx4fjBH5D2Ag==",
   "releaseDate": "2025-12-22T14:31:15.214Z"
}
[2026-02-15 00:50:33.975] [debug] checkForUpdatesAndNotify called, downloadPromise is null
[2026-02-15 01:00:33.711] [info]  Checking for update
[2026-02-15 01:00:33.711] [info]  Checking for update
[2026-02-15 01:00:34.004] [info]  Update for version 0.53.1 is not available (latest version: 0.53.1, downgrade is allowed).
[2026-02-15 01:00:34.004] [info]  Update not available: {
   "version": "0.53.1",
   "files": [
      {
         "url": "Anytype-0.53.1.AppImage",
         "sha512": "KmB4wCBPrVUiGKiegk7V5gzUUCsMCIUDDtSM9qseZ54+5Nvgnl0o8r8caF/7IygtDG0a8GEXe4yx4fjBH5D2Ag==",
         "size": 238610679,
         "blockMapSize": 248075
      },
      {
         "url": "anytype_0.53.1_amd64.deb",
         "sha512": "bBL+kv8N700RP1Fc1ecdMXIQijqJyiYaxgFkW89XuLOMJAEhHN9Eu4tAkdCvrlswCN+0jLlHptASDGeSA5cSLg==",
         "size": 177501590
      },
      {
         "url": "anytype_0.53.1_amd64.deb",
         "sha512": "bBL+kv8N700RP1Fc1ecdMXIQijqJyiYaxgFkW89XuLOMJAEhHN9Eu4tAkdCvrlswCN+0jLlHptASDGeSA5cSLg==",
         "size": 177501590
      },
      {
         "url": "anytype_0.53.1_amd64.deb",
         "sha512": "bBL+kv8N700RP1Fc1ecdMXIQijqJyiYaxgFkW89XuLOMJAEhHN9Eu4tAkdCvrlswCN+0jLlHptASDGeSA5cSLg==",
         "size": 177501590
      },
      {
         "url": "anytype-0.53.1.x86_64.rpm",
         "sha512": "fRbUlfuNdGkVEqpFP4mclOCr75fZyU8AHgYrrYDc/zG0nSAQHeclvQA/vnB86VYiCqHhYJf1KnHv0XpRs+JK9Q==",
         "size": 176448345
      },
      {
         "url": "anytype-0.53.1.x86_64.rpm",
         "sha512": "fRbUlfuNdGkVEqpFP4mclOCr75fZyU8AHgYrrYDc/zG0nSAQHeclvQA/vnB86VYiCqHhYJf1KnHv0XpRs+JK9Q==",
         "size": 176448345
      },
      {
         "url": "anytype-0.53.1.x86_64.rpm",
         "sha512": "fRbUlfuNdGkVEqpFP4mclOCr75fZyU8AHgYrrYDc/zG0nSAQHeclvQA/vnB86VYiCqHhYJf1KnHv0XpRs+JK9Q==",
         "size": 176448345
      }
   ],
   "path": "Anytype-0.53.1.AppImage",
   "sha512": "KmB4wCBPrVUiGKiegk7V5gzUUCsMCIUDDtSM9qseZ54+5Nvgnl0o8r8caF/7IygtDG0a8GEXe4yx4fjBH5D2Ag==",
   "releaseDate": "2025-12-22T14:31:15.214Z"
}
[2026-02-15 01:00:34.005] [debug] checkForUpdatesAndNotify called, downloadPromise is null
[2026-02-15 01:10:33.712] [info]  Checking for update
[2026-02-15 01:10:33.712] [info]  Checking for update
[2026-02-15 01:10:33.991] [info]  Update for version 0.53.1 is not available (latest version: 0.53.1, downgrade is allowed).
[2026-02-15 01:10:33.992] [info]  Update not available: {
   "version": "0.53.1",
   "files": [
      {
         "url": "Anytype-0.53.1.AppImage",
         "sha512": "KmB4wCBPrVUiGKiegk7V5gzUUCsMCIUDDtSM9qseZ54+5Nvgnl0o8r8caF/7IygtDG0a8GEXe4yx4fjBH5D2Ag==",
         "size": 238610679,
         "blockMapSize": 248075
      },
      {
         "url": "anytype_0.53.1_amd64.deb",
         "sha512": "bBL+kv8N700RP1Fc1ecdMXIQijqJyiYaxgFkW89XuLOMJAEhHN9Eu4tAkdCvrlswCN+0jLlHptASDGeSA5cSLg==",
         "size": 177501590
      },
      {
         "url": "anytype_0.53.1_amd64.deb",
         "sha512": "bBL+kv8N700RP1Fc1ecdMXIQijqJyiYaxgFkW89XuLOMJAEhHN9Eu4tAkdCvrlswCN+0jLlHptASDGeSA5cSLg==",
         "size": 177501590
      },
      {
         "url": "anytype_0.53.1_amd64.deb",
         "sha512": "bBL+kv8N700RP1Fc1ecdMXIQijqJyiYaxgFkW89XuLOMJAEhHN9Eu4tAkdCvrlswCN+0jLlHptASDGeSA5cSLg==",
         "size": 177501590
      },
      {
         "url": "anytype-0.53.1.x86_64.rpm",
         "sha512": "fRbUlfuNdGkVEqpFP4mclOCr75fZyU8AHgYrrYDc/zG0nSAQHeclvQA/vnB86VYiCqHhYJf1KnHv0XpRs+JK9Q==",
         "size": 176448345
      },
      {
         "url": "anytype-0.53.1.x86_64.rpm",
         "sha512": "fRbUlfuNdGkVEqpFP4mclOCr75fZyU8AHgYrrYDc/zG0nSAQHeclvQA/vnB86VYiCqHhYJf1KnHv0XpRs+JK9Q==",
         "size": 176448345
      },
      {
         "url": "anytype-0.53.1.x86_64.rpm",
         "sha512": "fRbUlfuNdGkVEqpFP4mclOCr75fZyU8AHgYrrYDc/zG0nSAQHeclvQA/vnB86VYiCqHhYJf1KnHv0XpRs+JK9Q==",
         "size": 176448345
      }
   ],
   "path": "Anytype-0.53.1.AppImage",
   "sha512": "KmB4wCBPrVUiGKiegk7V5gzUUCsMCIUDDtSM9qseZ54+5Nvgnl0o8r8caF/7IygtDG0a8GEXe4yx4fjBH5D2Ag==",
   "releaseDate": "2025-12-22T14:31:15.214Z"
}
[2026-02-15 01:10:33.993] [debug] checkForUpdatesAndNotify called, downloadPromise is null
[2026-02-15 01:20:33.712] [info]  Checking for update
[2026-02-15 01:20:33.712] [info]  Checking for update
[2026-02-15 01:20:34.047] [info]  Update for version 0.53.1 is not available (latest version: 0.53.1, downgrade is allowed).
[2026-02-15 01:20:34.048] [info]  Update not available: {
   "version": "0.53.1",
   "files": [
      {
         "url": "Anytype-0.53.1.AppImage",
         "sha512": "KmB4wCBPrVUiGKiegk7V5gzUUCsMCIUDDtSM9qseZ54+5Nvgnl0o8r8caF/7IygtDG0a8GEXe4yx4fjBH5D2Ag==",
         "size": 238610679,
         "blockMapSize": 248075
      },
      {
         "url": "anytype_0.53.1_amd64.deb",
         "sha512": "bBL+kv8N700RP1Fc1ecdMXIQijqJyiYaxgFkW89XuLOMJAEhHN9Eu4tAkdCvrlswCN+0jLlHptASDGeSA5cSLg==",
         "size": 177501590
      },
      {
         "url": "anytype_0.53.1_amd64.deb",
         "sha512": "bBL+kv8N700RP1Fc1ecdMXIQijqJyiYaxgFkW89XuLOMJAEhHN9Eu4tAkdCvrlswCN+0jLlHptASDGeSA5cSLg==",
         "size": 177501590
      },
      {
         "url": "anytype_0.53.1_amd64.deb",
         "sha512": "bBL+kv8N700RP1Fc1ecdMXIQijqJyiYaxgFkW89XuLOMJAEhHN9Eu4tAkdCvrlswCN+0jLlHptASDGeSA5cSLg==",
         "size": 177501590
      },
      {
         "url": "anytype-0.53.1.x86_64.rpm",
         "sha512": "fRbUlfuNdGkVEqpFP4mclOCr75fZyU8AHgYrrYDc/zG0nSAQHeclvQA/vnB86VYiCqHhYJf1KnHv0XpRs+JK9Q==",
         "size": 176448345
      },
      {
         "url": "anytype-0.53.1.x86_64.rpm",
         "sha512": "fRbUlfuNdGkVEqpFP4mclOCr75fZyU8AHgYrrYDc/zG0nSAQHeclvQA/vnB86VYiCqHhYJf1KnHv0XpRs+JK9Q==",
         "size": 176448345
      },
      {
         "url": "anytype-0.53.1.x86_64.rpm",
         "sha512": "fRbUlfuNdGkVEqpFP4mclOCr75fZyU8AHgYrrYDc/zG0nSAQHeclvQA/vnB86VYiCqHhYJf1KnHv0XpRs+JK9Q==",
         "size": 176448345
      }
   ],
   "path": "Anytype-0.53.1.AppImage",
   "sha512": "KmB4wCBPrVUiGKiegk7V5gzUUCsMCIUDDtSM9qseZ54+5Nvgnl0o8r8caF/7IygtDG0a8GEXe4yx4fjBH5D2Ag==",
   "releaseDate": "2025-12-22T14:31:15.214Z"
}
[2026-02-15 01:20:34.048] [debug] checkForUpdatesAndNotify called, downloadPromise is null
[2026-02-15 01:30:33.713] [info]  Checking for update
[2026-02-15 01:30:33.713] [info]  Checking for update
[2026-02-15 01:30:33.985] [info]  Update for version 0.53.1 is not available (latest version: 0.53.1, downgrade is allowed).
[2026-02-15 01:30:33.985] [info]  Update not available: {
   "version": "0.53.1",
   "files": [
      {
         "url": "Anytype-0.53.1.AppImage",
         "sha512": "KmB4wCBPrVUiGKiegk7V5gzUUCsMCIUDDtSM9qseZ54+5Nvgnl0o8r8caF/7IygtDG0a8GEXe4yx4fjBH5D2Ag==",
         "size": 238610679,
         "blockMapSize": 248075
      },
      {
         "url": "anytype_0.53.1_amd64.deb",
         "sha512": "bBL+kv8N700RP1Fc1ecdMXIQijqJyiYaxgFkW89XuLOMJAEhHN9Eu4tAkdCvrlswCN+0jLlHptASDGeSA5cSLg==",
         "size": 177501590
      },
      {
         "url": "anytype_0.53.1_amd64.deb",
         "sha512": "bBL+kv8N700RP1Fc1ecdMXIQijqJyiYaxgFkW89XuLOMJAEhHN9Eu4tAkdCvrlswCN+0jLlHptASDGeSA5cSLg==",
         "size": 177501590
      },
      {
         "url": "anytype_0.53.1_amd64.deb",
         "sha512": "bBL+kv8N700RP1Fc1ecdMXIQijqJyiYaxgFkW89XuLOMJAEhHN9Eu4tAkdCvrlswCN+0jLlHptASDGeSA5cSLg==",
         "size": 177501590
      },
      {
         "url": "anytype-0.53.1.x86_64.rpm",
         "sha512": "fRbUlfuNdGkVEqpFP4mclOCr75fZyU8AHgYrrYDc/zG0nSAQHeclvQA/vnB86VYiCqHhYJf1KnHv0XpRs+JK9Q==",
         "size": 176448345
      },
      {
         "url": "anytype-0.53.1.x86_64.rpm",
         "sha512": "fRbUlfuNdGkVEqpFP4mclOCr75fZyU8AHgYrrYDc/zG0nSAQHeclvQA/vnB86VYiCqHhYJf1KnHv0XpRs+JK9Q==",
         "size": 176448345
      },
      {
         "url": "anytype-0.53.1.x86_64.rpm",
         "sha512": "fRbUlfuNdGkVEqpFP4mclOCr75fZyU8AHgYrrYDc/zG0nSAQHeclvQA/vnB86VYiCqHhYJf1KnHv0XpRs+JK9Q==",
         "size": 176448345
      }
   ],
   "path": "Anytype-0.53.1.AppImage",
   "sha512": "KmB4wCBPrVUiGKiegk7V5gzUUCsMCIUDDtSM9qseZ54+5Nvgnl0o8r8caF/7IygtDG0a8GEXe4yx4fjBH5D2Ag==",
   "releaseDate": "2025-12-22T14:31:15.214Z"
}
[2026-02-15 01:30:33.986] [debug] checkForUpdatesAndNotify called, downloadPromise is null
[2026-02-15 01:40:18.331] [info]  closeMain: undefined
[2026-02-15 01:40:33.730] [info]  Checking for update
[2026-02-15 01:40:33.730] [info]  Checking for update
[2026-02-15 01:40:34.011] [info]  Update for version 0.53.1 is not available (latest version: 0.53.1, downgrade is allowed).
[2026-02-15 01:40:34.011] [info]  Update not available: {
   "version": "0.53.1",
   "files": [
      {
         "url": "Anytype-0.53.1.AppImage",
         "sha512": "KmB4wCBPrVUiGKiegk7V5gzUUCsMCIUDDtSM9qseZ54+5Nvgnl0o8r8caF/7IygtDG0a8GEXe4yx4fjBH5D2Ag==",
         "size": 238610679,
         "blockMapSize": 248075
      },
      {
         "url": "anytype_0.53.1_amd64.deb",
         "sha512": "bBL+kv8N700RP1Fc1ecdMXIQijqJyiYaxgFkW89XuLOMJAEhHN9Eu4tAkdCvrlswCN+0jLlHptASDGeSA5cSLg==",
         "size": 177501590
      },
      {
         "url": "anytype_0.53.1_amd64.deb",
         "sha512": "bBL+kv8N700RP1Fc1ecdMXIQijqJyiYaxgFkW89XuLOMJAEhHN9Eu4tAkdCvrlswCN+0jLlHptASDGeSA5cSLg==",
         "size": 177501590
      },
      {
         "url": "anytype_0.53.1_amd64.deb",
         "sha512": "bBL+kv8N700RP1Fc1ecdMXIQijqJyiYaxgFkW89XuLOMJAEhHN9Eu4tAkdCvrlswCN+0jLlHptASDGeSA5cSLg==",
         "size": 177501590
      },
      {
         "url": "anytype-0.53.1.x86_64.rpm",
         "sha512": "fRbUlfuNdGkVEqpFP4mclOCr75fZyU8AHgYrrYDc/zG0nSAQHeclvQA/vnB86VYiCqHhYJf1KnHv0XpRs+JK9Q==",
         "size": 176448345
      },
      {
         "url": "anytype-0.53.1.x86_64.rpm",
         "sha512": "fRbUlfuNdGkVEqpFP4mclOCr75fZyU8AHgYrrYDc/zG0nSAQHeclvQA/vnB86VYiCqHhYJf1KnHv0XpRs+JK9Q==",
         "size": 176448345
      },
      {
         "url": "anytype-0.53.1.x86_64.rpm",
         "sha512": "fRbUlfuNdGkVEqpFP4mclOCr75fZyU8AHgYrrYDc/zG0nSAQHeclvQA/vnB86VYiCqHhYJf1KnHv0XpRs+JK9Q==",
         "size": 176448345
      }
   ],
   "path": "Anytype-0.53.1.AppImage",
   "sha512": "KmB4wCBPrVUiGKiegk7V5gzUUCsMCIUDDtSM9qseZ54+5Nvgnl0o8r8caF/7IygtDG0a8GEXe4yx4fjBH5D2Ag==",
   "releaseDate": "2025-12-22T14:31:15.214Z"
}
[2026-02-15 01:40:34.012] [debug] checkForUpdatesAndNotify called, downloadPromise is null
[2026-02-15 01:49:06.570] [info]  second-instance
[2026-02-15 01:49:06.572] [info]  [Api].exit, relaunch: false
[2026-02-15 01:49:06.578] [info]  [Api].shutdown, relaunch: false
[2026-02-15 01:49:23.448] [info]  closeMain: undefined
[2026-02-15 18:25:27.596] [info]  [PowerMonitor] resume
[2026-02-15 18:25:37.820] [info]  Checking for update
[2026-02-15 18:25:37.820] [info]  Checking for update
[2026-02-15 18:25:38.107] [info]  Update for version 0.53.1 is not available (latest version: 0.53.1, downgrade is allowed).
[2026-02-15 18:25:38.107] [info]  Update not available: {
   "version": "0.53.1",
   "files": [
      {
         "url": "Anytype-0.53.1.AppImage",
         "sha512": "KmB4wCBPrVUiGKiegk7V5gzUUCsMCIUDDtSM9qseZ54+5Nvgnl0o8r8caF/7IygtDG0a8GEXe4yx4fjBH5D2Ag==",
         "size": 238610679,
         "blockMapSize": 248075
      },
      {
         "url": "anytype_0.53.1_amd64.deb",
         "sha512": "bBL+kv8N700RP1Fc1ecdMXIQijqJyiYaxgFkW89XuLOMJAEhHN9Eu4tAkdCvrlswCN+0jLlHptASDGeSA5cSLg==",
         "size": 177501590
      },
      {
         "url": "anytype_0.53.1_amd64.deb",
         "sha512": "bBL+kv8N700RP1Fc1ecdMXIQijqJyiYaxgFkW89XuLOMJAEhHN9Eu4tAkdCvrlswCN+0jLlHptASDGeSA5cSLg==",
         "size": 177501590
      },
      {
         "url": "anytype_0.53.1_amd64.deb",
         "sha512": "bBL+kv8N700RP1Fc1ecdMXIQijqJyiYaxgFkW89XuLOMJAEhHN9Eu4tAkdCvrlswCN+0jLlHptASDGeSA5cSLg==",
         "size": 177501590
      },
      {
         "url": "anytype-0.53.1.x86_64.rpm",
         "sha512": "fRbUlfuNdGkVEqpFP4mclOCr75fZyU8AHgYrrYDc/zG0nSAQHeclvQA/vnB86VYiCqHhYJf1KnHv0XpRs+JK9Q==",
         "size": 176448345
      },
      {
         "url": "anytype-0.53.1.x86_64.rpm",
         "sha512": "fRbUlfuNdGkVEqpFP4mclOCr75fZyU8AHgYrrYDc/zG0nSAQHeclvQA/vnB86VYiCqHhYJf1KnHv0XpRs+JK9Q==",
         "size": 176448345
      },
      {
         "url": "anytype-0.53.1.x86_64.rpm",
         "sha512": "fRbUlfuNdGkVEqpFP4mclOCr75fZyU8AHgYrrYDc/zG0nSAQHeclvQA/vnB86VYiCqHhYJf1KnHv0XpRs+JK9Q==",
         "size": 176448345
      }
   ],
   "path": "Anytype-0.53.1.AppImage",
   "sha512": "KmB4wCBPrVUiGKiegk7V5gzUUCsMCIUDDtSM9qseZ54+5Nvgnl0o8r8caF/7IygtDG0a8GEXe4yx4fjBH5D2Ag==",
   "releaseDate": "2025-12-22T14:31:15.214Z"
}
[2026-02-15 18:25:38.108] [debug] checkForUpdatesAndNotify called, downloadPromise is null
[2026-02-15 18:33:34.061] [info]  closeMain: undefined
[2026-02-15 18:35:37.821] [info]  Checking for update
[2026-02-15 18:35:37.822] [info]  Checking for update
[2026-02-15 18:35:38.104] [info]  Update for version 0.53.1 is not available (latest version: 0.53.1, downgrade is allowed).
[2026-02-15 18:35:38.104] [info]  Update not available: {
   "version": "0.53.1",
   "files": [
      {
         "url": "Anytype-0.53.1.AppImage",
         "sha512": "KmB4wCBPrVUiGKiegk7V5gzUUCsMCIUDDtSM9qseZ54+5Nvgnl0o8r8caF/7IygtDG0a8GEXe4yx4fjBH5D2Ag==",
         "size": 238610679,
         "blockMapSize": 248075
      },
      {
         "url": "anytype_0.53.1_amd64.deb",
         "sha512": "bBL+kv8N700RP1Fc1ecdMXIQijqJyiYaxgFkW89XuLOMJAEhHN9Eu4tAkdCvrlswCN+0jLlHptASDGeSA5cSLg==",
         "size": 177501590
      },
      {
         "url": "anytype_0.53.1_amd64.deb",
         "sha512": "bBL+kv8N700RP1Fc1ecdMXIQijqJyiYaxgFkW89XuLOMJAEhHN9Eu4tAkdCvrlswCN+0jLlHptASDGeSA5cSLg==",
         "size": 177501590
      },
      {
         "url": "anytype_0.53.1_amd64.deb",
         "sha512": "bBL+kv8N700RP1Fc1ecdMXIQijqJyiYaxgFkW89XuLOMJAEhHN9Eu4tAkdCvrlswCN+0jLlHptASDGeSA5cSLg==",
         "size": 177501590
      },
      {
         "url": "anytype-0.53.1.x86_64.rpm",
         "sha512": "fRbUlfuNdGkVEqpFP4mclOCr75fZyU8AHgYrrYDc/zG0nSAQHeclvQA/vnB86VYiCqHhYJf1KnHv0XpRs+JK9Q==",
         "size": 176448345
      },
      {
         "url": "anytype-0.53.1.x86_64.rpm",
         "sha512": "fRbUlfuNdGkVEqpFP4mclOCr75fZyU8AHgYrrYDc/zG0nSAQHeclvQA/vnB86VYiCqHhYJf1KnHv0XpRs+JK9Q==",
         "size": 176448345
      },
      {
         "url": "anytype-0.53.1.x86_64.rpm",
         "sha512": "fRbUlfuNdGkVEqpFP4mclOCr75fZyU8AHgYrrYDc/zG0nSAQHeclvQA/vnB86VYiCqHhYJf1KnHv0XpRs+JK9Q==",
         "size": 176448345
      }
   ],
   "path": "Anytype-0.53.1.AppImage",
   "sha512": "KmB4wCBPrVUiGKiegk7V5gzUUCsMCIUDDtSM9qseZ54+5Nvgnl0o8r8caF/7IygtDG0a8GEXe4yx4fjBH5D2Ag==",
   "releaseDate": "2025-12-22T14:31:15.214Z"
}
[2026-02-15 18:35:38.105] [debug] checkForUpdatesAndNotify called, downloadPromise is null
[2026-02-15 18:45:37.833] [info]  Checking for update
[2026-02-15 18:45:37.833] [info]  Checking for update
[2026-02-15 18:45:38.176] [info]  Update for version 0.53.1 is not available (latest version: 0.53.1, downgrade is allowed).
[2026-02-15 18:45:38.176] [info]  Update not available: {
   "version": "0.53.1",
   "files": [
      {
         "url": "Anytype-0.53.1.AppImage",
         "sha512": "KmB4wCBPrVUiGKiegk7V5gzUUCsMCIUDDtSM9qseZ54+5Nvgnl0o8r8caF/7IygtDG0a8GEXe4yx4fjBH5D2Ag==",
         "size": 238610679,
         "blockMapSize": 248075
      },
      {
         "url": "anytype_0.53.1_amd64.deb",
         "sha512": "bBL+kv8N700RP1Fc1ecdMXIQijqJyiYaxgFkW89XuLOMJAEhHN9Eu4tAkdCvrlswCN+0jLlHptASDGeSA5cSLg==",
         "size": 177501590
      },
      {
         "url": "anytype_0.53.1_amd64.deb",
         "sha512": "bBL+kv8N700RP1Fc1ecdMXIQijqJyiYaxgFkW89XuLOMJAEhHN9Eu4tAkdCvrlswCN+0jLlHptASDGeSA5cSLg==",
         "size": 177501590
      },
      {
         "url": "anytype_0.53.1_amd64.deb",
         "sha512": "bBL+kv8N700RP1Fc1ecdMXIQijqJyiYaxgFkW89XuLOMJAEhHN9Eu4tAkdCvrlswCN+0jLlHptASDGeSA5cSLg==",
         "size": 177501590
      },
      {
         "url": "anytype-0.53.1.x86_64.rpm",
         "sha512": "fRbUlfuNdGkVEqpFP4mclOCr75fZyU8AHgYrrYDc/zG0nSAQHeclvQA/vnB86VYiCqHhYJf1KnHv0XpRs+JK9Q==",
         "size": 176448345
      },
      {
         "url": "anytype-0.53.1.x86_64.rpm",
         "sha512": "fRbUlfuNdGkVEqpFP4mclOCr75fZyU8AHgYrrYDc/zG0nSAQHeclvQA/vnB86VYiCqHhYJf1KnHv0XpRs+JK9Q==",
         "size": 176448345
      },
      {
         "url": "anytype-0.53.1.x86_64.rpm",
         "sha512": "fRbUlfuNdGkVEqpFP4mclOCr75fZyU8AHgYrrYDc/zG0nSAQHeclvQA/vnB86VYiCqHhYJf1KnHv0XpRs+JK9Q==",
         "size": 176448345
      }
   ],
   "path": "Anytype-0.53.1.AppImage",
   "sha512": "KmB4wCBPrVUiGKiegk7V5gzUUCsMCIUDDtSM9qseZ54+5Nvgnl0o8r8caF/7IygtDG0a8GEXe4yx4fjBH5D2Ag==",
   "releaseDate": "2025-12-22T14:31:15.214Z"
}
[2026-02-15 18:45:38.177] [debug] checkForUpdatesAndNotify called, downloadPromise is null
[2026-02-15 18:55:37.836] [info]  Checking for update
[2026-02-15 18:55:37.837] [info]  Checking for update
[2026-02-15 18:55:38.121] [info]  Update for version 0.53.1 is not available (latest version: 0.53.1, downgrade is allowed).
[2026-02-15 18:55:38.121] [info]  Update not available: {
   "version": "0.53.1",
   "files": [
      {
         "url": "Anytype-0.53.1.AppImage",
         "sha512": "KmB4wCBPrVUiGKiegk7V5gzUUCsMCIUDDtSM9qseZ54+5Nvgnl0o8r8caF/7IygtDG0a8GEXe4yx4fjBH5D2Ag==",
         "size": 238610679,
         "blockMapSize": 248075
      },
      {
         "url": "anytype_0.53.1_amd64.deb",
         "sha512": "bBL+kv8N700RP1Fc1ecdMXIQijqJyiYaxgFkW89XuLOMJAEhHN9Eu4tAkdCvrlswCN+0jLlHptASDGeSA5cSLg==",
         "size": 177501590
      },
      {
         "url": "anytype_0.53.1_amd64.deb",
         "sha512": "bBL+kv8N700RP1Fc1ecdMXIQijqJyiYaxgFkW89XuLOMJAEhHN9Eu4tAkdCvrlswCN+0jLlHptASDGeSA5cSLg==",
         "size": 177501590
      },
      {
         "url": "anytype_0.53.1_amd64.deb",
         "sha512": "bBL+kv8N700RP1Fc1ecdMXIQijqJyiYaxgFkW89XuLOMJAEhHN9Eu4tAkdCvrlswCN+0jLlHptASDGeSA5cSLg==",
         "size": 177501590
      },
      {
         "url": "anytype-0.53.1.x86_64.rpm",
         "sha512": "fRbUlfuNdGkVEqpFP4mclOCr75fZyU8AHgYrrYDc/zG0nSAQHeclvQA/vnB86VYiCqHhYJf1KnHv0XpRs+JK9Q==",
         "size": 176448345
      },
      {
         "url": "anytype-0.53.1.x86_64.rpm",
         "sha512": "fRbUlfuNdGkVEqpFP4mclOCr75fZyU8AHgYrrYDc/zG0nSAQHeclvQA/vnB86VYiCqHhYJf1KnHv0XpRs+JK9Q==",
         "size": 176448345
      },
      {
         "url": "anytype-0.53.1.x86_64.rpm",
         "sha512": "fRbUlfuNdGkVEqpFP4mclOCr75fZyU8AHgYrrYDc/zG0nSAQHeclvQA/vnB86VYiCqHhYJf1KnHv0XpRs+JK9Q==",
         "size": 176448345
      }
   ],
   "path": "Anytype-0.53.1.AppImage",
   "sha512": "KmB4wCBPrVUiGKiegk7V5gzUUCsMCIUDDtSM9qseZ54+5Nvgnl0o8r8caF/7IygtDG0a8GEXe4yx4fjBH5D2Ag==",
   "releaseDate": "2025-12-22T14:31:15.214Z"
}
[2026-02-15 18:55:38.122] [debug] checkForUpdatesAndNotify called, downloadPromise is null
[2026-02-15 19:05:38.618] [info]  Checking for update
[2026-02-15 19:05:38.618] [info]  Checking for update
[2026-02-15 19:05:38.902] [info]  Update for version 0.53.1 is not available (latest version: 0.53.1, downgrade is allowed).
[2026-02-15 19:05:38.902] [info]  Update not available: {
   "version": "0.53.1",
   "files": [
      {
         "url": "Anytype-0.53.1.AppImage",
         "sha512": "KmB4wCBPrVUiGKiegk7V5gzUUCsMCIUDDtSM9qseZ54+5Nvgnl0o8r8caF/7IygtDG0a8GEXe4yx4fjBH5D2Ag==",
         "size": 238610679,
         "blockMapSize": 248075
      },
      {
         "url": "anytype_0.53.1_amd64.deb",
         "sha512": "bBL+kv8N700RP1Fc1ecdMXIQijqJyiYaxgFkW89XuLOMJAEhHN9Eu4tAkdCvrlswCN+0jLlHptASDGeSA5cSLg==",
         "size": 177501590
      },
      {
         "url": "anytype_0.53.1_amd64.deb",
         "sha512": "bBL+kv8N700RP1Fc1ecdMXIQijqJyiYaxgFkW89XuLOMJAEhHN9Eu4tAkdCvrlswCN+0jLlHptASDGeSA5cSLg==",
         "size": 177501590
      },
      {
         "url": "anytype_0.53.1_amd64.deb",
         "sha512": "bBL+kv8N700RP1Fc1ecdMXIQijqJyiYaxgFkW89XuLOMJAEhHN9Eu4tAkdCvrlswCN+0jLlHptASDGeSA5cSLg==",
         "size": 177501590
      },
      {
         "url": "anytype-0.53.1.x86_64.rpm",
         "sha512": "fRbUlfuNdGkVEqpFP4mclOCr75fZyU8AHgYrrYDc/zG0nSAQHeclvQA/vnB86VYiCqHhYJf1KnHv0XpRs+JK9Q==",
         "size": 176448345
      },
      {
         "url": "anytype-0.53.1.x86_64.rpm",
         "sha512": "fRbUlfuNdGkVEqpFP4mclOCr75fZyU8AHgYrrYDc/zG0nSAQHeclvQA/vnB86VYiCqHhYJf1KnHv0XpRs+JK9Q==",
         "size": 176448345
      },
      {
         "url": "anytype-0.53.1.x86_64.rpm",
         "sha512": "fRbUlfuNdGkVEqpFP4mclOCr75fZyU8AHgYrrYDc/zG0nSAQHeclvQA/vnB86VYiCqHhYJf1KnHv0XpRs+JK9Q==",
         "size": 176448345
      }
   ],
   "path": "Anytype-0.53.1.AppImage",
   "sha512": "KmB4wCBPrVUiGKiegk7V5gzUUCsMCIUDDtSM9qseZ54+5Nvgnl0o8r8caF/7IygtDG0a8GEXe4yx4fjBH5D2Ag==",
   "releaseDate": "2025-12-22T14:31:15.214Z"
}
[2026-02-15 19:05:38.903] [debug] checkForUpdatesAndNotify called, downloadPromise is null
[2026-02-15 19:15:38.632] [info]  Checking for update
[2026-02-15 19:15:38.632] [info]  Checking for update
[2026-02-15 19:15:38.926] [info]  Update for version 0.53.1 is not available (latest version: 0.53.1, downgrade is allowed).
[2026-02-15 19:15:38.926] [info]  Update not available: {
   "version": "0.53.1",
   "files": [
      {
         "url": "Anytype-0.53.1.AppImage",
         "sha512": "KmB4wCBPrVUiGKiegk7V5gzUUCsMCIUDDtSM9qseZ54+5Nvgnl0o8r8caF/7IygtDG0a8GEXe4yx4fjBH5D2Ag==",
         "size": 238610679,
         "blockMapSize": 248075
      },
      {
         "url": "anytype_0.53.1_amd64.deb",
         "sha512": "bBL+kv8N700RP1Fc1ecdMXIQijqJyiYaxgFkW89XuLOMJAEhHN9Eu4tAkdCvrlswCN+0jLlHptASDGeSA5cSLg==",
         "size": 177501590
      },
      {
         "url": "anytype_0.53.1_amd64.deb",
         "sha512": "bBL+kv8N700RP1Fc1ecdMXIQijqJyiYaxgFkW89XuLOMJAEhHN9Eu4tAkdCvrlswCN+0jLlHptASDGeSA5cSLg==",
         "size": 177501590
      },
      {
         "url": "anytype_0.53.1_amd64.deb",
         "sha512": "bBL+kv8N700RP1Fc1ecdMXIQijqJyiYaxgFkW89XuLOMJAEhHN9Eu4tAkdCvrlswCN+0jLlHptASDGeSA5cSLg==",
         "size": 177501590
      },
      {
         "url": "anytype-0.53.1.x86_64.rpm",
         "sha512": "fRbUlfuNdGkVEqpFP4mclOCr75fZyU8AHgYrrYDc/zG0nSAQHeclvQA/vnB86VYiCqHhYJf1KnHv0XpRs+JK9Q==",
         "size": 176448345
      },
      {
         "url": "anytype-0.53.1.x86_64.rpm",
         "sha512": "fRbUlfuNdGkVEqpFP4mclOCr75fZyU8AHgYrrYDc/zG0nSAQHeclvQA/vnB86VYiCqHhYJf1KnHv0XpRs+JK9Q==",
         "size": 176448345
      },
      {
         "url": "anytype-0.53.1.x86_64.rpm",
         "sha512": "fRbUlfuNdGkVEqpFP4mclOCr75fZyU8AHgYrrYDc/zG0nSAQHeclvQA/vnB86VYiCqHhYJf1KnHv0XpRs+JK9Q==",
         "size": 176448345
      }
   ],
   "path": "Anytype-0.53.1.AppImage",
   "sha512": "KmB4wCBPrVUiGKiegk7V5gzUUCsMCIUDDtSM9qseZ54+5Nvgnl0o8r8caF/7IygtDG0a8GEXe4yx4fjBH5D2Ag==",
   "releaseDate": "2025-12-22T14:31:15.214Z"
}
[2026-02-15 19:15:38.926] [debug] checkForUpdatesAndNotify called, downloadPromise is null
[2026-02-15 19:25:38.641] [info]  Checking for update
[2026-02-15 19:25:38.642] [info]  Checking for update
[2026-02-15 19:25:38.941] [info]  Update for version 0.53.1 is not available (latest version: 0.53.1, downgrade is allowed).
[2026-02-15 19:25:38.941] [info]  Update not available: {
   "version": "0.53.1",
   "files": [
      {
         "url": "Anytype-0.53.1.AppImage",
         "sha512": "KmB4wCBPrVUiGKiegk7V5gzUUCsMCIUDDtSM9qseZ54+5Nvgnl0o8r8caF/7IygtDG0a8GEXe4yx4fjBH5D2Ag==",
         "size": 238610679,
         "blockMapSize": 248075
      },
      {
         "url": "anytype_0.53.1_amd64.deb",
         "sha512": "bBL+kv8N700RP1Fc1ecdMXIQijqJyiYaxgFkW89XuLOMJAEhHN9Eu4tAkdCvrlswCN+0jLlHptASDGeSA5cSLg==",
         "size": 177501590
      },
      {
         "url": "anytype_0.53.1_amd64.deb",
         "sha512": "bBL+kv8N700RP1Fc1ecdMXIQijqJyiYaxgFkW89XuLOMJAEhHN9Eu4tAkdCvrlswCN+0jLlHptASDGeSA5cSLg==",
         "size": 177501590
      },
      {
         "url": "anytype_0.53.1_amd64.deb",
         "sha512": "bBL+kv8N700RP1Fc1ecdMXIQijqJyiYaxgFkW89XuLOMJAEhHN9Eu4tAkdCvrlswCN+0jLlHptASDGeSA5cSLg==",
         "size": 177501590
      },
      {
         "url": "anytype-0.53.1.x86_64.rpm",
         "sha512": "fRbUlfuNdGkVEqpFP4mclOCr75fZyU8AHgYrrYDc/zG0nSAQHeclvQA/vnB86VYiCqHhYJf1KnHv0XpRs+JK9Q==",
         "size": 176448345
      },
      {
         "url": "anytype-0.53.1.x86_64.rpm",
         "sha512": "fRbUlfuNdGkVEqpFP4mclOCr75fZyU8AHgYrrYDc/zG0nSAQHeclvQA/vnB86VYiCqHhYJf1KnHv0XpRs+JK9Q==",
         "size": 176448345
      },
      {
         "url": "anytype-0.53.1.x86_64.rpm",
         "sha512": "fRbUlfuNdGkVEqpFP4mclOCr75fZyU8AHgYrrYDc/zG0nSAQHeclvQA/vnB86VYiCqHhYJf1KnHv0XpRs+JK9Q==",
         "size": 176448345
      }
   ],
   "path": "Anytype-0.53.1.AppImage",
   "sha512": "KmB4wCBPrVUiGKiegk7V5gzUUCsMCIUDDtSM9qseZ54+5Nvgnl0o8r8caF/7IygtDG0a8GEXe4yx4fjBH5D2Ag==",
   "releaseDate": "2025-12-22T14:31:15.214Z"
}
[2026-02-15 19:25:38.942] [debug] checkForUpdatesAndNotify called, downloadPromise is null
[2026-02-15 19:35:38.647] [info]  Checking for update
[2026-02-15 19:35:38.648] [info]  Checking for update
[2026-02-15 19:35:38.937] [info]  Update for version 0.53.1 is not available (latest version: 0.53.1, downgrade is allowed).
[2026-02-15 19:35:38.937] [info]  Update not available: {
   "version": "0.53.1",
   "files": [
      {
         "url": "Anytype-0.53.1.AppImage",
         "sha512": "KmB4wCBPrVUiGKiegk7V5gzUUCsMCIUDDtSM9qseZ54+5Nvgnl0o8r8caF/7IygtDG0a8GEXe4yx4fjBH5D2Ag==",
         "size": 238610679,
         "blockMapSize": 248075
      },
      {
         "url": "anytype_0.53.1_amd64.deb",
         "sha512": "bBL+kv8N700RP1Fc1ecdMXIQijqJyiYaxgFkW89XuLOMJAEhHN9Eu4tAkdCvrlswCN+0jLlHptASDGeSA5cSLg==",
         "size": 177501590
      },
      {
         "url": "anytype_0.53.1_amd64.deb",
         "sha512": "bBL+kv8N700RP1Fc1ecdMXIQijqJyiYaxgFkW89XuLOMJAEhHN9Eu4tAkdCvrlswCN+0jLlHptASDGeSA5cSLg==",
         "size": 177501590
      },
      {
         "url": "anytype_0.53.1_amd64.deb",
         "sha512": "bBL+kv8N700RP1Fc1ecdMXIQijqJyiYaxgFkW89XuLOMJAEhHN9Eu4tAkdCvrlswCN+0jLlHptASDGeSA5cSLg==",
         "size": 177501590
      },
      {
         "url": "anytype-0.53.1.x86_64.rpm",
         "sha512": "fRbUlfuNdGkVEqpFP4mclOCr75fZyU8AHgYrrYDc/zG0nSAQHeclvQA/vnB86VYiCqHhYJf1KnHv0XpRs+JK9Q==",
         "size": 176448345
      },
      {
         "url": "anytype-0.53.1.x86_64.rpm",
         "sha512": "fRbUlfuNdGkVEqpFP4mclOCr75fZyU8AHgYrrYDc/zG0nSAQHeclvQA/vnB86VYiCqHhYJf1KnHv0XpRs+JK9Q==",
         "size": 176448345
      },
      {
         "url": "anytype-0.53.1.x86_64.rpm",
         "sha512": "fRbUlfuNdGkVEqpFP4mclOCr75fZyU8AHgYrrYDc/zG0nSAQHeclvQA/vnB86VYiCqHhYJf1KnHv0XpRs+JK9Q==",
         "size": 176448345
      }
   ],
   "path": "Anytype-0.53.1.AppImage",
   "sha512": "KmB4wCBPrVUiGKiegk7V5gzUUCsMCIUDDtSM9qseZ54+5Nvgnl0o8r8caF/7IygtDG0a8GEXe4yx4fjBH5D2Ag==",
   "releaseDate": "2025-12-22T14:31:15.214Z"
}
[2026-02-15 19:35:38.938] [debug] checkForUpdatesAndNotify called, downloadPromise is null
[2026-02-15 19:39:02.050] [info]  second-instance
[2026-02-15 19:39:02.052] [info]  [Api].exit, relaunch: false
[2026-02-15 19:39:02.057] [info]  [Api].shutdown, relaunch: false
[2026-02-15 19:39:02.702] [info]  closeMain: undefined
[2026-02-15 19:45:38.650] [info]  Checking for update
[2026-02-15 19:45:38.650] [info]  Checking for update
[2026-02-15 19:45:38.927] [info]  Update for version 0.53.1 is not available (latest version: 0.53.1, downgrade is allowed).
[2026-02-15 19:45:38.928] [info]  Update not available: {
   "version": "0.53.1",
   "files": [
      {
         "url": "Anytype-0.53.1.AppImage",
         "sha512": "KmB4wCBPrVUiGKiegk7V5gzUUCsMCIUDDtSM9qseZ54+5Nvgnl0o8r8caF/7IygtDG0a8GEXe4yx4fjBH5D2Ag==",
         "size": 238610679,
         "blockMapSize": 248075
      },
      {
         "url": "anytype_0.53.1_amd64.deb",
         "sha512": "bBL+kv8N700RP1Fc1ecdMXIQijqJyiYaxgFkW89XuLOMJAEhHN9Eu4tAkdCvrlswCN+0jLlHptASDGeSA5cSLg==",
         "size": 177501590
      },
      {
         "url": "anytype_0.53.1_amd64.deb",
         "sha512": "bBL+kv8N700RP1Fc1ecdMXIQijqJyiYaxgFkW89XuLOMJAEhHN9Eu4tAkdCvrlswCN+0jLlHptASDGeSA5cSLg==",
         "size": 177501590
      },
      {
         "url": "anytype_0.53.1_amd64.deb",
         "sha512": "bBL+kv8N700RP1Fc1ecdMXIQijqJyiYaxgFkW89XuLOMJAEhHN9Eu4tAkdCvrlswCN+0jLlHptASDGeSA5cSLg==",
         "size": 177501590
      },
      {
         "url": "anytype-0.53.1.x86_64.rpm",
         "sha512": "fRbUlfuNdGkVEqpFP4mclOCr75fZyU8AHgYrrYDc/zG0nSAQHeclvQA/vnB86VYiCqHhYJf1KnHv0XpRs+JK9Q==",
         "size": 176448345
      },
      {
         "url": "anytype-0.53.1.x86_64.rpm",
         "sha512": "fRbUlfuNdGkVEqpFP4mclOCr75fZyU8AHgYrrYDc/zG0nSAQHeclvQA/vnB86VYiCqHhYJf1KnHv0XpRs+JK9Q==",
         "size": 176448345
      },
      {
         "url": "anytype-0.53.1.x86_64.rpm",
         "sha512": "fRbUlfuNdGkVEqpFP4mclOCr75fZyU8AHgYrrYDc/zG0nSAQHeclvQA/vnB86VYiCqHhYJf1KnHv0XpRs+JK9Q==",
         "size": 176448345
      }
   ],
   "path": "Anytype-0.53.1.AppImage",
   "sha512": "KmB4wCBPrVUiGKiegk7V5gzUUCsMCIUDDtSM9qseZ54+5Nvgnl0o8r8caF/7IygtDG0a8GEXe4yx4fjBH5D2Ag==",
   "releaseDate": "2025-12-22T14:31:15.214Z"
}
[2026-02-15 19:45:38.928] [debug] checkForUpdatesAndNotify called, downloadPromise is null
[2026-02-15 19:55:38.672] [info]  Checking for update
[2026-02-15 19:55:38.672] [info]  Checking for update
[2026-02-15 19:55:38.964] [info]  Update for version 0.53.1 is not available (latest version: 0.53.1, downgrade is allowed).
[2026-02-15 19:55:38.964] [info]  Update not available: {
   "version": "0.53.1",
   "files": [
      {
         "url": "Anytype-0.53.1.AppImage",
         "sha512": "KmB4wCBPrVUiGKiegk7V5gzUUCsMCIUDDtSM9qseZ54+5Nvgnl0o8r8caF/7IygtDG0a8GEXe4yx4fjBH5D2Ag==",
         "size": 238610679,
         "blockMapSize": 248075
      },
      {
         "url": "anytype_0.53.1_amd64.deb",
         "sha512": "bBL+kv8N700RP1Fc1ecdMXIQijqJyiYaxgFkW89XuLOMJAEhHN9Eu4tAkdCvrlswCN+0jLlHptASDGeSA5cSLg==",
         "size": 177501590
      },
      {
         "url": "anytype_0.53.1_amd64.deb",
         "sha512": "bBL+kv8N700RP1Fc1ecdMXIQijqJyiYaxgFkW89XuLOMJAEhHN9Eu4tAkdCvrlswCN+0jLlHptASDGeSA5cSLg==",
         "size": 177501590
      },
      {
         "url": "anytype_0.53.1_amd64.deb",
         "sha512": "bBL+kv8N700RP1Fc1ecdMXIQijqJyiYaxgFkW89XuLOMJAEhHN9Eu4tAkdCvrlswCN+0jLlHptASDGeSA5cSLg==",
         "size": 177501590
      },
      {
         "url": "anytype-0.53.1.x86_64.rpm",
         "sha512": "fRbUlfuNdGkVEqpFP4mclOCr75fZyU8AHgYrrYDc/zG0nSAQHeclvQA/vnB86VYiCqHhYJf1KnHv0XpRs+JK9Q==",
         "size": 176448345
      },
      {
         "url": "anytype-0.53.1.x86_64.rpm",
         "sha512": "fRbUlfuNdGkVEqpFP4mclOCr75fZyU8AHgYrrYDc/zG0nSAQHeclvQA/vnB86VYiCqHhYJf1KnHv0XpRs+JK9Q==",
         "size": 176448345
      },
      {
         "url": "anytype-0.53.1.x86_64.rpm",
         "sha512": "fRbUlfuNdGkVEqpFP4mclOCr75fZyU8AHgYrrYDc/zG0nSAQHeclvQA/vnB86VYiCqHhYJf1KnHv0XpRs+JK9Q==",
         "size": 176448345
      }
   ],
   "path": "Anytype-0.53.1.AppImage",
   "sha512": "KmB4wCBPrVUiGKiegk7V5gzUUCsMCIUDDtSM9qseZ54+5Nvgnl0o8r8caF/7IygtDG0a8GEXe4yx4fjBH5D2Ag==",
   "releaseDate": "2025-12-22T14:31:15.214Z"
}
[2026-02-15 19:55:38.965] [debug] checkForUpdatesAndNotify called, downloadPromise is null
[2026-02-15 20:05:38.676] [info]  Checking for update
[2026-02-15 20:05:38.676] [info]  Checking for update
[2026-02-15 20:05:38.968] [info]  Update for version 0.53.1 is not available (latest version: 0.53.1, downgrade is allowed).
[2026-02-15 20:05:38.968] [info]  Update not available: {
   "version": "0.53.1",
   "files": [
      {
         "url": "Anytype-0.53.1.AppImage",
         "sha512": "KmB4wCBPrVUiGKiegk7V5gzUUCsMCIUDDtSM9qseZ54+5Nvgnl0o8r8caF/7IygtDG0a8GEXe4yx4fjBH5D2Ag==",
         "size": 238610679,
         "blockMapSize": 248075
      },
      {
         "url": "anytype_0.53.1_amd64.deb",
         "sha512": "bBL+kv8N700RP1Fc1ecdMXIQijqJyiYaxgFkW89XuLOMJAEhHN9Eu4tAkdCvrlswCN+0jLlHptASDGeSA5cSLg==",
         "size": 177501590
      },
      {
         "url": "anytype_0.53.1_amd64.deb",
         "sha512": "bBL+kv8N700RP1Fc1ecdMXIQijqJyiYaxgFkW89XuLOMJAEhHN9Eu4tAkdCvrlswCN+0jLlHptASDGeSA5cSLg==",
         "size": 177501590
      },
      {
         "url": "anytype_0.53.1_amd64.deb",
         "sha512": "bBL+kv8N700RP1Fc1ecdMXIQijqJyiYaxgFkW89XuLOMJAEhHN9Eu4tAkdCvrlswCN+0jLlHptASDGeSA5cSLg==",
         "size": 177501590
      },
      {
         "url": "anytype-0.53.1.x86_64.rpm",
         "sha512": "fRbUlfuNdGkVEqpFP4mclOCr75fZyU8AHgYrrYDc/zG0nSAQHeclvQA/vnB86VYiCqHhYJf1KnHv0XpRs+JK9Q==",
         "size": 176448345
      },
      {
         "url": "anytype-0.53.1.x86_64.rpm",
         "sha512": "fRbUlfuNdGkVEqpFP4mclOCr75fZyU8AHgYrrYDc/zG0nSAQHeclvQA/vnB86VYiCqHhYJf1KnHv0XpRs+JK9Q==",
         "size": 176448345
      },
      {
         "url": "anytype-0.53.1.x86_64.rpm",
         "sha512": "fRbUlfuNdGkVEqpFP4mclOCr75fZyU8AHgYrrYDc/zG0nSAQHeclvQA/vnB86VYiCqHhYJf1KnHv0XpRs+JK9Q==",
         "size": 176448345
      }
   ],
   "path": "Anytype-0.53.1.AppImage",
   "sha512": "KmB4wCBPrVUiGKiegk7V5gzUUCsMCIUDDtSM9qseZ54+5Nvgnl0o8r8caF/7IygtDG0a8GEXe4yx4fjBH5D2Ag==",
   "releaseDate": "2025-12-22T14:31:15.214Z"
}
[2026-02-15 20:05:38.969] [debug] checkForUpdatesAndNotify called, downloadPromise is null
[2026-02-15 20:15:38.689] [info]  Checking for update
[2026-02-15 20:15:38.690] [info]  Checking for update
[2026-02-15 20:15:38.989] [info]  Update for version 0.53.1 is not available (latest version: 0.53.1, downgrade is allowed).
[2026-02-15 20:15:38.989] [info]  Update not available: {
   "version": "0.53.1",
   "files": [
      {
         "url": "Anytype-0.53.1.AppImage",
         "sha512": "KmB4wCBPrVUiGKiegk7V5gzUUCsMCIUDDtSM9qseZ54+5Nvgnl0o8r8caF/7IygtDG0a8GEXe4yx4fjBH5D2Ag==",
         "size": 238610679,
         "blockMapSize": 248075
      },
      {
         "url": "anytype_0.53.1_amd64.deb",
         "sha512": "bBL+kv8N700RP1Fc1ecdMXIQijqJyiYaxgFkW89XuLOMJAEhHN9Eu4tAkdCvrlswCN+0jLlHptASDGeSA5cSLg==",
         "size": 177501590
      },
      {
         "url": "anytype_0.53.1_amd64.deb",
         "sha512": "bBL+kv8N700RP1Fc1ecdMXIQijqJyiYaxgFkW89XuLOMJAEhHN9Eu4tAkdCvrlswCN+0jLlHptASDGeSA5cSLg==",
         "size": 177501590
      },
      {
         "url": "anytype_0.53.1_amd64.deb",
         "sha512": "bBL+kv8N700RP1Fc1ecdMXIQijqJyiYaxgFkW89XuLOMJAEhHN9Eu4tAkdCvrlswCN+0jLlHptASDGeSA5cSLg==",
         "size": 177501590
      },
      {
         "url": "anytype-0.53.1.x86_64.rpm",
         "sha512": "fRbUlfuNdGkVEqpFP4mclOCr75fZyU8AHgYrrYDc/zG0nSAQHeclvQA/vnB86VYiCqHhYJf1KnHv0XpRs+JK9Q==",
         "size": 176448345
      },
      {
         "url": "anytype-0.53.1.x86_64.rpm",
         "sha512": "fRbUlfuNdGkVEqpFP4mclOCr75fZyU8AHgYrrYDc/zG0nSAQHeclvQA/vnB86VYiCqHhYJf1KnHv0XpRs+JK9Q==",
         "size": 176448345
      },
      {
         "url": "anytype-0.53.1.x86_64.rpm",
         "sha512": "fRbUlfuNdGkVEqpFP4mclOCr75fZyU8AHgYrrYDc/zG0nSAQHeclvQA/vnB86VYiCqHhYJf1KnHv0XpRs+JK9Q==",
         "size": 176448345
      }
   ],
   "path": "Anytype-0.53.1.AppImage",
   "sha512": "KmB4wCBPrVUiGKiegk7V5gzUUCsMCIUDDtSM9qseZ54+5Nvgnl0o8r8caF/7IygtDG0a8GEXe4yx4fjBH5D2Ag==",
   "releaseDate": "2025-12-22T14:31:15.214Z"
}
[2026-02-15 20:15:38.990] [debug] checkForUpdatesAndNotify called, downloadPromise is null
[2026-02-15 20:25:38.700] [info]  Checking for update
[2026-02-15 20:25:38.700] [info]  Checking for update
[2026-02-15 20:25:38.984] [info]  Update for version 0.53.1 is not available (latest version: 0.53.1, downgrade is allowed).
[2026-02-15 20:25:38.984] [info]  Update not available: {
   "version": "0.53.1",
   "files": [
      {
         "url": "Anytype-0.53.1.AppImage",
         "sha512": "KmB4wCBPrVUiGKiegk7V5gzUUCsMCIUDDtSM9qseZ54+5Nvgnl0o8r8caF/7IygtDG0a8GEXe4yx4fjBH5D2Ag==",
         "size": 238610679,
         "blockMapSize": 248075
      },
      {
         "url": "anytype_0.53.1_amd64.deb",
         "sha512": "bBL+kv8N700RP1Fc1ecdMXIQijqJyiYaxgFkW89XuLOMJAEhHN9Eu4tAkdCvrlswCN+0jLlHptASDGeSA5cSLg==",
         "size": 177501590
      },
      {
         "url": "anytype_0.53.1_amd64.deb",
         "sha512": "bBL+kv8N700RP1Fc1ecdMXIQijqJyiYaxgFkW89XuLOMJAEhHN9Eu4tAkdCvrlswCN+0jLlHptASDGeSA5cSLg==",
         "size": 177501590
      },
      {
         "url": "anytype_0.53.1_amd64.deb",
         "sha512": "bBL+kv8N700RP1Fc1ecdMXIQijqJyiYaxgFkW89XuLOMJAEhHN9Eu4tAkdCvrlswCN+0jLlHptASDGeSA5cSLg==",
         "size": 177501590
      },
      {
         "url": "anytype-0.53.1.x86_64.rpm",
         "sha512": "fRbUlfuNdGkVEqpFP4mclOCr75fZyU8AHgYrrYDc/zG0nSAQHeclvQA/vnB86VYiCqHhYJf1KnHv0XpRs+JK9Q==",
         "size": 176448345
      },
      {
         "url": "anytype-0.53.1.x86_64.rpm",
         "sha512": "fRbUlfuNdGkVEqpFP4mclOCr75fZyU8AHgYrrYDc/zG0nSAQHeclvQA/vnB86VYiCqHhYJf1KnHv0XpRs+JK9Q==",
         "size": 176448345
      },
      {
         "url": "anytype-0.53.1.x86_64.rpm",
         "sha512": "fRbUlfuNdGkVEqpFP4mclOCr75fZyU8AHgYrrYDc/zG0nSAQHeclvQA/vnB86VYiCqHhYJf1KnHv0XpRs+JK9Q==",
         "size": 176448345
      }
   ],
   "path": "Anytype-0.53.1.AppImage",
   "sha512": "KmB4wCBPrVUiGKiegk7V5gzUUCsMCIUDDtSM9qseZ54+5Nvgnl0o8r8caF/7IygtDG0a8GEXe4yx4fjBH5D2Ag==",
   "releaseDate": "2025-12-22T14:31:15.214Z"
}
[2026-02-15 20:25:38.985] [debug] checkForUpdatesAndNotify called, downloadPromise is null
[2026-02-15 20:35:38.724] [info]  Checking for update
[2026-02-15 20:35:38.724] [info]  Checking for update
[2026-02-15 20:35:39.005] [info]  Update for version 0.53.1 is not available (latest version: 0.53.1, downgrade is allowed).
[2026-02-15 20:35:39.005] [info]  Update not available: {
   "version": "0.53.1",
   "files": [
      {
         "url": "Anytype-0.53.1.AppImage",
         "sha512": "KmB4wCBPrVUiGKiegk7V5gzUUCsMCIUDDtSM9qseZ54+5Nvgnl0o8r8caF/7IygtDG0a8GEXe4yx4fjBH5D2Ag==",
         "size": 238610679,
         "blockMapSize": 248075
      },
      {
         "url": "anytype_0.53.1_amd64.deb",
         "sha512": "bBL+kv8N700RP1Fc1ecdMXIQijqJyiYaxgFkW89XuLOMJAEhHN9Eu4tAkdCvrlswCN+0jLlHptASDGeSA5cSLg==",
         "size": 177501590
      },
      {
         "url": "anytype_0.53.1_amd64.deb",
         "sha512": "bBL+kv8N700RP1Fc1ecdMXIQijqJyiYaxgFkW89XuLOMJAEhHN9Eu4tAkdCvrlswCN+0jLlHptASDGeSA5cSLg==",
         "size": 177501590
      },
      {
         "url": "anytype_0.53.1_amd64.deb",
         "sha512": "bBL+kv8N700RP1Fc1ecdMXIQijqJyiYaxgFkW89XuLOMJAEhHN9Eu4tAkdCvrlswCN+0jLlHptASDGeSA5cSLg==",
         "size": 177501590
      },
      {
         "url": "anytype-0.53.1.x86_64.rpm",
         "sha512": "fRbUlfuNdGkVEqpFP4mclOCr75fZyU8AHgYrrYDc/zG0nSAQHeclvQA/vnB86VYiCqHhYJf1KnHv0XpRs+JK9Q==",
         "size": 176448345
      },
      {
         "url": "anytype-0.53.1.x86_64.rpm",
         "sha512": "fRbUlfuNdGkVEqpFP4mclOCr75fZyU8AHgYrrYDc/zG0nSAQHeclvQA/vnB86VYiCqHhYJf1KnHv0XpRs+JK9Q==",
         "size": 176448345
      },
      {
         "url": "anytype-0.53.1.x86_64.rpm",
         "sha512": "fRbUlfuNdGkVEqpFP4mclOCr75fZyU8AHgYrrYDc/zG0nSAQHeclvQA/vnB86VYiCqHhYJf1KnHv0XpRs+JK9Q==",
         "size": 176448345
      }
   ],
   "path": "Anytype-0.53.1.AppImage",
   "sha512": "KmB4wCBPrVUiGKiegk7V5gzUUCsMCIUDDtSM9qseZ54+5Nvgnl0o8r8caF/7IygtDG0a8GEXe4yx4fjBH5D2Ag==",
   "releaseDate": "2025-12-22T14:31:15.214Z"
}
[2026-02-15 20:35:39.006] [debug] checkForUpdatesAndNotify called, downloadPromise is null
[2026-02-15 20:45:38.749] [info]  Checking for update
[2026-02-15 20:45:38.749] [info]  Checking for update
[2026-02-15 20:45:39.028] [info]  Update for version 0.53.1 is not available (latest version: 0.53.1, downgrade is allowed).
[2026-02-15 20:45:39.028] [info]  Update not available: {
   "version": "0.53.1",
   "files": [
      {
         "url": "Anytype-0.53.1.AppImage",
         "sha512": "KmB4wCBPrVUiGKiegk7V5gzUUCsMCIUDDtSM9qseZ54+5Nvgnl0o8r8caF/7IygtDG0a8GEXe4yx4fjBH5D2Ag==",
         "size": 238610679,
         "blockMapSize": 248075
      },
      {
         "url": "anytype_0.53.1_amd64.deb",
         "sha512": "bBL+kv8N700RP1Fc1ecdMXIQijqJyiYaxgFkW89XuLOMJAEhHN9Eu4tAkdCvrlswCN+0jLlHptASDGeSA5cSLg==",
         "size": 177501590
      },
      {
         "url": "anytype_0.53.1_amd64.deb",
         "sha512": "bBL+kv8N700RP1Fc1ecdMXIQijqJyiYaxgFkW89XuLOMJAEhHN9Eu4tAkdCvrlswCN+0jLlHptASDGeSA5cSLg==",
         "size": 177501590
      },
      {
         "url": "anytype_0.53.1_amd64.deb",
         "sha512": "bBL+kv8N700RP1Fc1ecdMXIQijqJyiYaxgFkW89XuLOMJAEhHN9Eu4tAkdCvrlswCN+0jLlHptASDGeSA5cSLg==",
         "size": 177501590
      },
      {
         "url": "anytype-0.53.1.x86_64.rpm",
         "sha512": "fRbUlfuNdGkVEqpFP4mclOCr75fZyU8AHgYrrYDc/zG0nSAQHeclvQA/vnB86VYiCqHhYJf1KnHv0XpRs+JK9Q==",
         "size": 176448345
      },
      {
         "url": "anytype-0.53.1.x86_64.rpm",
         "sha512": "fRbUlfuNdGkVEqpFP4mclOCr75fZyU8AHgYrrYDc/zG0nSAQHeclvQA/vnB86VYiCqHhYJf1KnHv0XpRs+JK9Q==",
         "size": 176448345
      },
      {
         "url": "anytype-0.53.1.x86_64.rpm",
         "sha512": "fRbUlfuNdGkVEqpFP4mclOCr75fZyU8AHgYrrYDc/zG0nSAQHeclvQA/vnB86VYiCqHhYJf1KnHv0XpRs+JK9Q==",
         "size": 176448345
      }
   ],
   "path": "Anytype-0.53.1.AppImage",
   "sha512": "KmB4wCBPrVUiGKiegk7V5gzUUCsMCIUDDtSM9qseZ54+5Nvgnl0o8r8caF/7IygtDG0a8GEXe4yx4fjBH5D2Ag==",
   "releaseDate": "2025-12-22T14:31:15.214Z"
}
[2026-02-15 20:45:39.029] [debug] checkForUpdatesAndNotify called, downloadPromise is null
[2026-02-15 20:55:38.750] [info]  Checking for update
[2026-02-15 20:55:38.750] [info]  Checking for update
[2026-02-15 20:55:39.035] [info]  Update for version 0.53.1 is not available (latest version: 0.53.1, downgrade is allowed).
[2026-02-15 20:55:39.035] [info]  Update not available: {
   "version": "0.53.1",
   "files": [
      {
         "url": "Anytype-0.53.1.AppImage",
         "sha512": "KmB4wCBPrVUiGKiegk7V5gzUUCsMCIUDDtSM9qseZ54+5Nvgnl0o8r8caF/7IygtDG0a8GEXe4yx4fjBH5D2Ag==",
         "size": 238610679,
         "blockMapSize": 248075
      },
      {
         "url": "anytype_0.53.1_amd64.deb",
         "sha512": "bBL+kv8N700RP1Fc1ecdMXIQijqJyiYaxgFkW89XuLOMJAEhHN9Eu4tAkdCvrlswCN+0jLlHptASDGeSA5cSLg==",
         "size": 177501590
      },
      {
         "url": "anytype_0.53.1_amd64.deb",
         "sha512": "bBL+kv8N700RP1Fc1ecdMXIQijqJyiYaxgFkW89XuLOMJAEhHN9Eu4tAkdCvrlswCN+0jLlHptASDGeSA5cSLg==",
         "size": 177501590
      },
      {
         "url": "anytype_0.53.1_amd64.deb",
         "sha512": "bBL+kv8N700RP1Fc1ecdMXIQijqJyiYaxgFkW89XuLOMJAEhHN9Eu4tAkdCvrlswCN+0jLlHptASDGeSA5cSLg==",
         "size": 177501590
      },
      {
         "url": "anytype-0.53.1.x86_64.rpm",
         "sha512": "fRbUlfuNdGkVEqpFP4mclOCr75fZyU8AHgYrrYDc/zG0nSAQHeclvQA/vnB86VYiCqHhYJf1KnHv0XpRs+JK9Q==",
         "size": 176448345
      },
      {
         "url": "anytype-0.53.1.x86_64.rpm",
         "sha512": "fRbUlfuNdGkVEqpFP4mclOCr75fZyU8AHgYrrYDc/zG0nSAQHeclvQA/vnB86VYiCqHhYJf1KnHv0XpRs+JK9Q==",
         "size": 176448345
      },
      {
         "url": "anytype-0.53.1.x86_64.rpm",
         "sha512": "fRbUlfuNdGkVEqpFP4mclOCr75fZyU8AHgYrrYDc/zG0nSAQHeclvQA/vnB86VYiCqHhYJf1KnHv0XpRs+JK9Q==",
         "size": 176448345
      }
   ],
   "path": "Anytype-0.53.1.AppImage",
   "sha512": "KmB4wCBPrVUiGKiegk7V5gzUUCsMCIUDDtSM9qseZ54+5Nvgnl0o8r8caF/7IygtDG0a8GEXe4yx4fjBH5D2Ag==",
   "releaseDate": "2025-12-22T14:31:15.214Z"
}
[2026-02-15 20:55:39.036] [debug] checkForUpdatesAndNotify called, downloadPromise is null
[2026-02-15 21:05:38.754] [info]  Checking for update
[2026-02-15 21:05:38.754] [info]  Checking for update
[2026-02-15 21:05:39.045] [info]  Update for version 0.53.1 is not available (latest version: 0.53.1, downgrade is allowed).
[2026-02-15 21:05:39.045] [info]  Update not available: {
   "version": "0.53.1",
   "files": [
      {
         "url": "Anytype-0.53.1.AppImage",
         "sha512": "KmB4wCBPrVUiGKiegk7V5gzUUCsMCIUDDtSM9qseZ54+5Nvgnl0o8r8caF/7IygtDG0a8GEXe4yx4fjBH5D2Ag==",
         "size": 238610679,
         "blockMapSize": 248075
      },
      {
         "url": "anytype_0.53.1_amd64.deb",
         "sha512": "bBL+kv8N700RP1Fc1ecdMXIQijqJyiYaxgFkW89XuLOMJAEhHN9Eu4tAkdCvrlswCN+0jLlHptASDGeSA5cSLg==",
         "size": 177501590
      },
      {
         "url": "anytype_0.53.1_amd64.deb",
         "sha512": "bBL+kv8N700RP1Fc1ecdMXIQijqJyiYaxgFkW89XuLOMJAEhHN9Eu4tAkdCvrlswCN+0jLlHptASDGeSA5cSLg==",
         "size": 177501590
      },
      {
         "url": "anytype_0.53.1_amd64.deb",
         "sha512": "bBL+kv8N700RP1Fc1ecdMXIQijqJyiYaxgFkW89XuLOMJAEhHN9Eu4tAkdCvrlswCN+0jLlHptASDGeSA5cSLg==",
         "size": 177501590
      },
      {
         "url": "anytype-0.53.1.x86_64.rpm",
         "sha512": "fRbUlfuNdGkVEqpFP4mclOCr75fZyU8AHgYrrYDc/zG0nSAQHeclvQA/vnB86VYiCqHhYJf1KnHv0XpRs+JK9Q==",
         "size": 176448345
      },
      {
         "url": "anytype-0.53.1.x86_64.rpm",
         "sha512": "fRbUlfuNdGkVEqpFP4mclOCr75fZyU8AHgYrrYDc/zG0nSAQHeclvQA/vnB86VYiCqHhYJf1KnHv0XpRs+JK9Q==",
         "size": 176448345
      },
      {
         "url": "anytype-0.53.1.x86_64.rpm",
         "sha512": "fRbUlfuNdGkVEqpFP4mclOCr75fZyU8AHgYrrYDc/zG0nSAQHeclvQA/vnB86VYiCqHhYJf1KnHv0XpRs+JK9Q==",
         "size": 176448345
      }
   ],
   "path": "Anytype-0.53.1.AppImage",
   "sha512": "KmB4wCBPrVUiGKiegk7V5gzUUCsMCIUDDtSM9qseZ54+5Nvgnl0o8r8caF/7IygtDG0a8GEXe4yx4fjBH5D2Ag==",
   "releaseDate": "2025-12-22T14:31:15.214Z"
}
[2026-02-15 21:05:39.045] [debug] checkForUpdatesAndNotify called, downloadPromise is null
[2026-02-15 21:15:38.772] [info]  Checking for update
[2026-02-15 21:15:38.773] [info]  Checking for update
[2026-02-15 21:15:39.054] [info]  Update for version 0.53.1 is not available (latest version: 0.53.1, downgrade is allowed).
[2026-02-15 21:15:39.055] [info]  Update not available: {
   "version": "0.53.1",
   "files": [
      {
         "url": "Anytype-0.53.1.AppImage",
         "sha512": "KmB4wCBPrVUiGKiegk7V5gzUUCsMCIUDDtSM9qseZ54+5Nvgnl0o8r8caF/7IygtDG0a8GEXe4yx4fjBH5D2Ag==",
         "size": 238610679,
         "blockMapSize": 248075
      },
      {
         "url": "anytype_0.53.1_amd64.deb",
         "sha512": "bBL+kv8N700RP1Fc1ecdMXIQijqJyiYaxgFkW89XuLOMJAEhHN9Eu4tAkdCvrlswCN+0jLlHptASDGeSA5cSLg==",
         "size": 177501590
      },
      {
         "url": "anytype_0.53.1_amd64.deb",
         "sha512": "bBL+kv8N700RP1Fc1ecdMXIQijqJyiYaxgFkW89XuLOMJAEhHN9Eu4tAkdCvrlswCN+0jLlHptASDGeSA5cSLg==",
         "size": 177501590
      },
      {
         "url": "anytype_0.53.1_amd64.deb",
         "sha512": "bBL+kv8N700RP1Fc1ecdMXIQijqJyiYaxgFkW89XuLOMJAEhHN9Eu4tAkdCvrlswCN+0jLlHptASDGeSA5cSLg==",
         "size": 177501590
      },
      {
         "url": "anytype-0.53.1.x86_64.rpm",
         "sha512": "fRbUlfuNdGkVEqpFP4mclOCr75fZyU8AHgYrrYDc/zG0nSAQHeclvQA/vnB86VYiCqHhYJf1KnHv0XpRs+JK9Q==",
         "size": 176448345
      },
      {
         "url": "anytype-0.53.1.x86_64.rpm",
         "sha512": "fRbUlfuNdGkVEqpFP4mclOCr75fZyU8AHgYrrYDc/zG0nSAQHeclvQA/vnB86VYiCqHhYJf1KnHv0XpRs+JK9Q==",
         "size": 176448345
      },
      {
         "url": "anytype-0.53.1.x86_64.rpm",
         "sha512": "fRbUlfuNdGkVEqpFP4mclOCr75fZyU8AHgYrrYDc/zG0nSAQHeclvQA/vnB86VYiCqHhYJf1KnHv0XpRs+JK9Q==",
         "size": 176448345
      }
   ],
   "path": "Anytype-0.53.1.AppImage",
   "sha512": "KmB4wCBPrVUiGKiegk7V5gzUUCsMCIUDDtSM9qseZ54+5Nvgnl0o8r8caF/7IygtDG0a8GEXe4yx4fjBH5D2Ag==",
   "releaseDate": "2025-12-22T14:31:15.214Z"
}
[2026-02-15 21:15:39.055] [debug] checkForUpdatesAndNotify called, downloadPromise is null
[2026-02-15 21:25:38.774] [info]  Checking for update
[2026-02-15 21:25:38.775] [info]  Checking for update
[2026-02-15 21:25:39.066] [info]  Update for version 0.53.1 is not available (latest version: 0.53.1, downgrade is allowed).
[2026-02-15 21:25:39.067] [info]  Update not available: {
   "version": "0.53.1",
   "files": [
      {
         "url": "Anytype-0.53.1.AppImage",
         "sha512": "KmB4wCBPrVUiGKiegk7V5gzUUCsMCIUDDtSM9qseZ54+5Nvgnl0o8r8caF/7IygtDG0a8GEXe4yx4fjBH5D2Ag==",
         "size": 238610679,
         "blockMapSize": 248075
      },
      {
         "url": "anytype_0.53.1_amd64.deb",
         "sha512": "bBL+kv8N700RP1Fc1ecdMXIQijqJyiYaxgFkW89XuLOMJAEhHN9Eu4tAkdCvrlswCN+0jLlHptASDGeSA5cSLg==",
         "size": 177501590
      },
      {
         "url": "anytype_0.53.1_amd64.deb",
         "sha512": "bBL+kv8N700RP1Fc1ecdMXIQijqJyiYaxgFkW89XuLOMJAEhHN9Eu4tAkdCvrlswCN+0jLlHptASDGeSA5cSLg==",
         "size": 177501590
      },
      {
         "url": "anytype_0.53.1_amd64.deb",
         "sha512": "bBL+kv8N700RP1Fc1ecdMXIQijqJyiYaxgFkW89XuLOMJAEhHN9Eu4tAkdCvrlswCN+0jLlHptASDGeSA5cSLg==",
         "size": 177501590
      },
      {
         "url": "anytype-0.53.1.x86_64.rpm",
         "sha512": "fRbUlfuNdGkVEqpFP4mclOCr75fZyU8AHgYrrYDc/zG0nSAQHeclvQA/vnB86VYiCqHhYJf1KnHv0XpRs+JK9Q==",
         "size": 176448345
      },
      {
         "url": "anytype-0.53.1.x86_64.rpm",
         "sha512": "fRbUlfuNdGkVEqpFP4mclOCr75fZyU8AHgYrrYDc/zG0nSAQHeclvQA/vnB86VYiCqHhYJf1KnHv0XpRs+JK9Q==",
         "size": 176448345
      },
      {
         "url": "anytype-0.53.1.x86_64.rpm",
         "sha512": "fRbUlfuNdGkVEqpFP4mclOCr75fZyU8AHgYrrYDc/zG0nSAQHeclvQA/vnB86VYiCqHhYJf1KnHv0XpRs+JK9Q==",
         "size": 176448345
      }
   ],
   "path": "Anytype-0.53.1.AppImage",
   "sha512": "KmB4wCBPrVUiGKiegk7V5gzUUCsMCIUDDtSM9qseZ54+5Nvgnl0o8r8caF/7IygtDG0a8GEXe4yx4fjBH5D2Ag==",
   "releaseDate": "2025-12-22T14:31:15.214Z"
}
[2026-02-15 21:25:39.067] [debug] checkForUpdatesAndNotify called, downloadPromise is null
[2026-02-15 21:35:38.776] [info]  Checking for update
[2026-02-15 21:35:38.778] [info]  Checking for update
[2026-02-15 21:35:39.068] [info]  Update for version 0.53.1 is not available (latest version: 0.53.1, downgrade is allowed).
[2026-02-15 21:35:39.068] [info]  Update not available: {
   "version": "0.53.1",
   "files": [
      {
         "url": "Anytype-0.53.1.AppImage",
         "sha512": "KmB4wCBPrVUiGKiegk7V5gzUUCsMCIUDDtSM9qseZ54+5Nvgnl0o8r8caF/7IygtDG0a8GEXe4yx4fjBH5D2Ag==",
         "size": 238610679,
         "blockMapSize": 248075
      },
      {
         "url": "anytype_0.53.1_amd64.deb",
         "sha512": "bBL+kv8N700RP1Fc1ecdMXIQijqJyiYaxgFkW89XuLOMJAEhHN9Eu4tAkdCvrlswCN+0jLlHptASDGeSA5cSLg==",
         "size": 177501590
      },
      {
         "url": "anytype_0.53.1_amd64.deb",
         "sha512": "bBL+kv8N700RP1Fc1ecdMXIQijqJyiYaxgFkW89XuLOMJAEhHN9Eu4tAkdCvrlswCN+0jLlHptASDGeSA5cSLg==",
         "size": 177501590
      },
      {
         "url": "anytype_0.53.1_amd64.deb",
         "sha512": "bBL+kv8N700RP1Fc1ecdMXIQijqJyiYaxgFkW89XuLOMJAEhHN9Eu4tAkdCvrlswCN+0jLlHptASDGeSA5cSLg==",
         "size": 177501590
      },
      {
         "url": "anytype-0.53.1.x86_64.rpm",
         "sha512": "fRbUlfuNdGkVEqpFP4mclOCr75fZyU8AHgYrrYDc/zG0nSAQHeclvQA/vnB86VYiCqHhYJf1KnHv0XpRs+JK9Q==",
         "size": 176448345
      },
      {
         "url": "anytype-0.53.1.x86_64.rpm",
         "sha512": "fRbUlfuNdGkVEqpFP4mclOCr75fZyU8AHgYrrYDc/zG0nSAQHeclvQA/vnB86VYiCqHhYJf1KnHv0XpRs+JK9Q==",
         "size": 176448345
      },
      {
         "url": "anytype-0.53.1.x86_64.rpm",
         "sha512": "fRbUlfuNdGkVEqpFP4mclOCr75fZyU8AHgYrrYDc/zG0nSAQHeclvQA/vnB86VYiCqHhYJf1KnHv0XpRs+JK9Q==",
         "size": 176448345
      }
   ],
   "path": "Anytype-0.53.1.AppImage",
   "sha512": "KmB4wCBPrVUiGKiegk7V5gzUUCsMCIUDDtSM9qseZ54+5Nvgnl0o8r8caF/7IygtDG0a8GEXe4yx4fjBH5D2Ag==",
   "releaseDate": "2025-12-22T14:31:15.214Z"
}
[2026-02-15 21:35:39.069] [debug] checkForUpdatesAndNotify called, downloadPromise is null
[2026-02-15 21:45:38.818] [info]  Checking for update
[2026-02-15 21:45:38.819] [info]  Checking for update
[2026-02-15 21:45:39.099] [info]  Update for version 0.53.1 is not available (latest version: 0.53.1, downgrade is allowed).
[2026-02-15 21:45:39.099] [info]  Update not available: {
   "version": "0.53.1",
   "files": [
      {
         "url": "Anytype-0.53.1.AppImage",
         "sha512": "KmB4wCBPrVUiGKiegk7V5gzUUCsMCIUDDtSM9qseZ54+5Nvgnl0o8r8caF/7IygtDG0a8GEXe4yx4fjBH5D2Ag==",
         "size": 238610679,
         "blockMapSize": 248075
      },
      {
         "url": "anytype_0.53.1_amd64.deb",
         "sha512": "bBL+kv8N700RP1Fc1ecdMXIQijqJyiYaxgFkW89XuLOMJAEhHN9Eu4tAkdCvrlswCN+0jLlHptASDGeSA5cSLg==",
         "size": 177501590
      },
      {
         "url": "anytype_0.53.1_amd64.deb",
         "sha512": "bBL+kv8N700RP1Fc1ecdMXIQijqJyiYaxgFkW89XuLOMJAEhHN9Eu4tAkdCvrlswCN+0jLlHptASDGeSA5cSLg==",
         "size": 177501590
      },
      {
         "url": "anytype_0.53.1_amd64.deb",
         "sha512": "bBL+kv8N700RP1Fc1ecdMXIQijqJyiYaxgFkW89XuLOMJAEhHN9Eu4tAkdCvrlswCN+0jLlHptASDGeSA5cSLg==",
         "size": 177501590
      },
      {
         "url": "anytype-0.53.1.x86_64.rpm",
         "sha512": "fRbUlfuNdGkVEqpFP4mclOCr75fZyU8AHgYrrYDc/zG0nSAQHeclvQA/vnB86VYiCqHhYJf1KnHv0XpRs+JK9Q==",
         "size": 176448345
      },
      {
         "url": "anytype-0.53.1.x86_64.rpm",
         "sha512": "fRbUlfuNdGkVEqpFP4mclOCr75fZyU8AHgYrrYDc/zG0nSAQHeclvQA/vnB86VYiCqHhYJf1KnHv0XpRs+JK9Q==",
         "size": 176448345
      },
      {
         "url": "anytype-0.53.1.x86_64.rpm",
         "sha512": "fRbUlfuNdGkVEqpFP4mclOCr75fZyU8AHgYrrYDc/zG0nSAQHeclvQA/vnB86VYiCqHhYJf1KnHv0XpRs+JK9Q==",
         "size": 176448345
      }
   ],
   "path": "Anytype-0.53.1.AppImage",
   "sha512": "KmB4wCBPrVUiGKiegk7V5gzUUCsMCIUDDtSM9qseZ54+5Nvgnl0o8r8caF/7IygtDG0a8GEXe4yx4fjBH5D2Ag==",
   "releaseDate": "2025-12-22T14:31:15.214Z"
}
[2026-02-15 21:45:39.100] [debug] checkForUpdatesAndNotify called, downloadPromise is null
[2026-02-15 21:55:38.821] [info]  Checking for update
[2026-02-15 21:55:38.821] [info]  Checking for update
[2026-02-15 21:55:39.115] [info]  Update for version 0.53.1 is not available (latest version: 0.53.1, downgrade is allowed).
[2026-02-15 21:55:39.115] [info]  Update not available: {
   "version": "0.53.1",
   "files": [
      {
         "url": "Anytype-0.53.1.AppImage",
         "sha512": "KmB4wCBPrVUiGKiegk7V5gzUUCsMCIUDDtSM9qseZ54+5Nvgnl0o8r8caF/7IygtDG0a8GEXe4yx4fjBH5D2Ag==",
         "size": 238610679,
         "blockMapSize": 248075
      },
      {
         "url": "anytype_0.53.1_amd64.deb",
         "sha512": "bBL+kv8N700RP1Fc1ecdMXIQijqJyiYaxgFkW89XuLOMJAEhHN9Eu4tAkdCvrlswCN+0jLlHptASDGeSA5cSLg==",
         "size": 177501590
      },
      {
         "url": "anytype_0.53.1_amd64.deb",
         "sha512": "bBL+kv8N700RP1Fc1ecdMXIQijqJyiYaxgFkW89XuLOMJAEhHN9Eu4tAkdCvrlswCN+0jLlHptASDGeSA5cSLg==",
         "size": 177501590
      },
      {
         "url": "anytype_0.53.1_amd64.deb",
         "sha512": "bBL+kv8N700RP1Fc1ecdMXIQijqJyiYaxgFkW89XuLOMJAEhHN9Eu4tAkdCvrlswCN+0jLlHptASDGeSA5cSLg==",
         "size": 177501590
      },
      {
         "url": "anytype-0.53.1.x86_64.rpm",
         "sha512": "fRbUlfuNdGkVEqpFP4mclOCr75fZyU8AHgYrrYDc/zG0nSAQHeclvQA/vnB86VYiCqHhYJf1KnHv0XpRs+JK9Q==",
         "size": 176448345
      },
      {
         "url": "anytype-0.53.1.x86_64.rpm",
         "sha512": "fRbUlfuNdGkVEqpFP4mclOCr75fZyU8AHgYrrYDc/zG0nSAQHeclvQA/vnB86VYiCqHhYJf1KnHv0XpRs+JK9Q==",
         "size": 176448345
      },
      {
         "url": "anytype-0.53.1.x86_64.rpm",
         "sha512": "fRbUlfuNdGkVEqpFP4mclOCr75fZyU8AHgYrrYDc/zG0nSAQHeclvQA/vnB86VYiCqHhYJf1KnHv0XpRs+JK9Q==",
         "size": 176448345
      }
   ],
   "path": "Anytype-0.53.1.AppImage",
   "sha512": "KmB4wCBPrVUiGKiegk7V5gzUUCsMCIUDDtSM9qseZ54+5Nvgnl0o8r8caF/7IygtDG0a8GEXe4yx4fjBH5D2Ag==",
   "releaseDate": "2025-12-22T14:31:15.214Z"
}
[2026-02-15 21:55:39.116] [debug] checkForUpdatesAndNotify called, downloadPromise is null
[2026-02-15 22:05:38.823] [info]  Checking for update
[2026-02-15 22:05:38.823] [info]  Checking for update
[2026-02-15 22:05:39.101] [info]  Update for version 0.53.1 is not available (latest version: 0.53.1, downgrade is allowed).
[2026-02-15 22:05:39.101] [info]  Update not available: {
   "version": "0.53.1",
   "files": [
      {
         "url": "Anytype-0.53.1.AppImage",
         "sha512": "KmB4wCBPrVUiGKiegk7V5gzUUCsMCIUDDtSM9qseZ54+5Nvgnl0o8r8caF/7IygtDG0a8GEXe4yx4fjBH5D2Ag==",
         "size": 238610679,
         "blockMapSize": 248075
      },
      {
         "url": "anytype_0.53.1_amd64.deb",
         "sha512": "bBL+kv8N700RP1Fc1ecdMXIQijqJyiYaxgFkW89XuLOMJAEhHN9Eu4tAkdCvrlswCN+0jLlHptASDGeSA5cSLg==",
         "size": 177501590
      },
      {
         "url": "anytype_0.53.1_amd64.deb",
         "sha512": "bBL+kv8N700RP1Fc1ecdMXIQijqJyiYaxgFkW89XuLOMJAEhHN9Eu4tAkdCvrlswCN+0jLlHptASDGeSA5cSLg==",
         "size": 177501590
      },
      {
         "url": "anytype_0.53.1_amd64.deb",
         "sha512": "bBL+kv8N700RP1Fc1ecdMXIQijqJyiYaxgFkW89XuLOMJAEhHN9Eu4tAkdCvrlswCN+0jLlHptASDGeSA5cSLg==",
         "size": 177501590
      },
      {
         "url": "anytype-0.53.1.x86_64.rpm",
         "sha512": "fRbUlfuNdGkVEqpFP4mclOCr75fZyU8AHgYrrYDc/zG0nSAQHeclvQA/vnB86VYiCqHhYJf1KnHv0XpRs+JK9Q==",
         "size": 176448345
      },
      {
         "url": "anytype-0.53.1.x86_64.rpm",
         "sha512": "fRbUlfuNdGkVEqpFP4mclOCr75fZyU8AHgYrrYDc/zG0nSAQHeclvQA/vnB86VYiCqHhYJf1KnHv0XpRs+JK9Q==",
         "size": 176448345
      },
      {
         "url": "anytype-0.53.1.x86_64.rpm",
         "sha512": "fRbUlfuNdGkVEqpFP4mclOCr75fZyU8AHgYrrYDc/zG0nSAQHeclvQA/vnB86VYiCqHhYJf1KnHv0XpRs+JK9Q==",
         "size": 176448345
      }
   ],
   "path": "Anytype-0.53.1.AppImage",
   "sha512": "KmB4wCBPrVUiGKiegk7V5gzUUCsMCIUDDtSM9qseZ54+5Nvgnl0o8r8caF/7IygtDG0a8GEXe4yx4fjBH5D2Ag==",
   "releaseDate": "2025-12-22T14:31:15.214Z"
}
[2026-02-15 22:05:39.102] [debug] checkForUpdatesAndNotify called, downloadPromise is null
[2026-02-15 22:15:38.824] [info]  Checking for update
[2026-02-15 22:15:38.824] [info]  Checking for update
[2026-02-15 22:15:39.116] [info]  Update for version 0.53.1 is not available (latest version: 0.53.1, downgrade is allowed).
[2026-02-15 22:15:39.117] [info]  Update not available: {
   "version": "0.53.1",
   "files": [
      {
         "url": "Anytype-0.53.1.AppImage",
         "sha512": "KmB4wCBPrVUiGKiegk7V5gzUUCsMCIUDDtSM9qseZ54+5Nvgnl0o8r8caF/7IygtDG0a8GEXe4yx4fjBH5D2Ag==",
         "size": 238610679,
         "blockMapSize": 248075
      },
      {
         "url": "anytype_0.53.1_amd64.deb",
         "sha512": "bBL+kv8N700RP1Fc1ecdMXIQijqJyiYaxgFkW89XuLOMJAEhHN9Eu4tAkdCvrlswCN+0jLlHptASDGeSA5cSLg==",
         "size": 177501590
      },
      {
         "url": "anytype_0.53.1_amd64.deb",
         "sha512": "bBL+kv8N700RP1Fc1ecdMXIQijqJyiYaxgFkW89XuLOMJAEhHN9Eu4tAkdCvrlswCN+0jLlHptASDGeSA5cSLg==",
         "size": 177501590
      },
      {
         "url": "anytype_0.53.1_amd64.deb",
         "sha512": "bBL+kv8N700RP1Fc1ecdMXIQijqJyiYaxgFkW89XuLOMJAEhHN9Eu4tAkdCvrlswCN+0jLlHptASDGeSA5cSLg==",
         "size": 177501590
      },
      {
         "url": "anytype-0.53.1.x86_64.rpm",
         "sha512": "fRbUlfuNdGkVEqpFP4mclOCr75fZyU8AHgYrrYDc/zG0nSAQHeclvQA/vnB86VYiCqHhYJf1KnHv0XpRs+JK9Q==",
         "size": 176448345
      },
      {
         "url": "anytype-0.53.1.x86_64.rpm",
         "sha512": "fRbUlfuNdGkVEqpFP4mclOCr75fZyU8AHgYrrYDc/zG0nSAQHeclvQA/vnB86VYiCqHhYJf1KnHv0XpRs+JK9Q==",
         "size": 176448345
      },
      {
         "url": "anytype-0.53.1.x86_64.rpm",
         "sha512": "fRbUlfuNdGkVEqpFP4mclOCr75fZyU8AHgYrrYDc/zG0nSAQHeclvQA/vnB86VYiCqHhYJf1KnHv0XpRs+JK9Q==",
         "size": 176448345
      }
   ],
   "path": "Anytype-0.53.1.AppImage",
   "sha512": "KmB4wCBPrVUiGKiegk7V5gzUUCsMCIUDDtSM9qseZ54+5Nvgnl0o8r8caF/7IygtDG0a8GEXe4yx4fjBH5D2Ag==",
   "releaseDate": "2025-12-22T14:31:15.214Z"
}
[2026-02-15 22:15:39.117] [debug] checkForUpdatesAndNotify called, downloadPromise is null
[2026-02-15 22:25:38.824] [info]  Checking for update
[2026-02-15 22:25:38.824] [info]  Checking for update
[2026-02-15 22:25:39.100] [info]  Update for version 0.53.1 is not available (latest version: 0.53.1, downgrade is allowed).
[2026-02-15 22:25:39.100] [info]  Update not available: {
   "version": "0.53.1",
   "files": [
      {
         "url": "Anytype-0.53.1.AppImage",
         "sha512": "KmB4wCBPrVUiGKiegk7V5gzUUCsMCIUDDtSM9qseZ54+5Nvgnl0o8r8caF/7IygtDG0a8GEXe4yx4fjBH5D2Ag==",
         "size": 238610679,
         "blockMapSize": 248075
      },
      {
         "url": "anytype_0.53.1_amd64.deb",
         "sha512": "bBL+kv8N700RP1Fc1ecdMXIQijqJyiYaxgFkW89XuLOMJAEhHN9Eu4tAkdCvrlswCN+0jLlHptASDGeSA5cSLg==",
         "size": 177501590
      },
      {
         "url": "anytype_0.53.1_amd64.deb",
         "sha512": "bBL+kv8N700RP1Fc1ecdMXIQijqJyiYaxgFkW89XuLOMJAEhHN9Eu4tAkdCvrlswCN+0jLlHptASDGeSA5cSLg==",
         "size": 177501590
      },
      {
         "url": "anytype_0.53.1_amd64.deb",
         "sha512": "bBL+kv8N700RP1Fc1ecdMXIQijqJyiYaxgFkW89XuLOMJAEhHN9Eu4tAkdCvrlswCN+0jLlHptASDGeSA5cSLg==",
         "size": 177501590
      },
      {
         "url": "anytype-0.53.1.x86_64.rpm",
         "sha512": "fRbUlfuNdGkVEqpFP4mclOCr75fZyU8AHgYrrYDc/zG0nSAQHeclvQA/vnB86VYiCqHhYJf1KnHv0XpRs+JK9Q==",
         "size": 176448345
      },
      {
         "url": "anytype-0.53.1.x86_64.rpm",
         "sha512": "fRbUlfuNdGkVEqpFP4mclOCr75fZyU8AHgYrrYDc/zG0nSAQHeclvQA/vnB86VYiCqHhYJf1KnHv0XpRs+JK9Q==",
         "size": 176448345
      },
      {
         "url": "anytype-0.53.1.x86_64.rpm",
         "sha512": "fRbUlfuNdGkVEqpFP4mclOCr75fZyU8AHgYrrYDc/zG0nSAQHeclvQA/vnB86VYiCqHhYJf1KnHv0XpRs+JK9Q==",
         "size": 176448345
      }
   ],
   "path": "Anytype-0.53.1.AppImage",
   "sha512": "KmB4wCBPrVUiGKiegk7V5gzUUCsMCIUDDtSM9qseZ54+5Nvgnl0o8r8caF/7IygtDG0a8GEXe4yx4fjBH5D2Ag==",
   "releaseDate": "2025-12-22T14:31:15.214Z"
}
[2026-02-15 22:25:39.101] [debug] checkForUpdatesAndNotify called, downloadPromise is null
[2026-02-15 22:35:38.837] [info]  Checking for update
[2026-02-15 22:35:38.838] [info]  Checking for update
[2026-02-15 22:35:39.120] [info]  Update for version 0.53.1 is not available (latest version: 0.53.1, downgrade is allowed).
[2026-02-15 22:35:39.120] [info]  Update not available: {
   "version": "0.53.1",
   "files": [
      {
         "url": "Anytype-0.53.1.AppImage",
         "sha512": "KmB4wCBPrVUiGKiegk7V5gzUUCsMCIUDDtSM9qseZ54+5Nvgnl0o8r8caF/7IygtDG0a8GEXe4yx4fjBH5D2Ag==",
         "size": 238610679,
         "blockMapSize": 248075
      },
      {
         "url": "anytype_0.53.1_amd64.deb",
         "sha512": "bBL+kv8N700RP1Fc1ecdMXIQijqJyiYaxgFkW89XuLOMJAEhHN9Eu4tAkdCvrlswCN+0jLlHptASDGeSA5cSLg==",
         "size": 177501590
      },
      {
         "url": "anytype_0.53.1_amd64.deb",
         "sha512": "bBL+kv8N700RP1Fc1ecdMXIQijqJyiYaxgFkW89XuLOMJAEhHN9Eu4tAkdCvrlswCN+0jLlHptASDGeSA5cSLg==",
         "size": 177501590
      },
      {
         "url": "anytype_0.53.1_amd64.deb",
         "sha512": "bBL+kv8N700RP1Fc1ecdMXIQijqJyiYaxgFkW89XuLOMJAEhHN9Eu4tAkdCvrlswCN+0jLlHptASDGeSA5cSLg==",
         "size": 177501590
      },
      {
         "url": "anytype-0.53.1.x86_64.rpm",
         "sha512": "fRbUlfuNdGkVEqpFP4mclOCr75fZyU8AHgYrrYDc/zG0nSAQHeclvQA/vnB86VYiCqHhYJf1KnHv0XpRs+JK9Q==",
         "size": 176448345
      },
      {
         "url": "anytype-0.53.1.x86_64.rpm",
         "sha512": "fRbUlfuNdGkVEqpFP4mclOCr75fZyU8AHgYrrYDc/zG0nSAQHeclvQA/vnB86VYiCqHhYJf1KnHv0XpRs+JK9Q==",
         "size": 176448345
      },
      {
         "url": "anytype-0.53.1.x86_64.rpm",
         "sha512": "fRbUlfuNdGkVEqpFP4mclOCr75fZyU8AHgYrrYDc/zG0nSAQHeclvQA/vnB86VYiCqHhYJf1KnHv0XpRs+JK9Q==",
         "size": 176448345
      }
   ],
   "path": "Anytype-0.53.1.AppImage",
   "sha512": "KmB4wCBPrVUiGKiegk7V5gzUUCsMCIUDDtSM9qseZ54+5Nvgnl0o8r8caF/7IygtDG0a8GEXe4yx4fjBH5D2Ag==",
   "releaseDate": "2025-12-22T14:31:15.214Z"
}
[2026-02-15 22:35:39.122] [debug] checkForUpdatesAndNotify called, downloadPromise is null
[2026-02-15 22:45:38.843] [info]  Checking for update
[2026-02-15 22:45:38.844] [info]  Checking for update
[2026-02-15 22:45:39.119] [info]  Update for version 0.53.1 is not available (latest version: 0.53.1, downgrade is allowed).
[2026-02-15 22:45:39.120] [info]  Update not available: {
   "version": "0.53.1",
   "files": [
      {
         "url": "Anytype-0.53.1.AppImage",
         "sha512": "KmB4wCBPrVUiGKiegk7V5gzUUCsMCIUDDtSM9qseZ54+5Nvgnl0o8r8caF/7IygtDG0a8GEXe4yx4fjBH5D2Ag==",
         "size": 238610679,
         "blockMapSize": 248075
      },
      {
         "url": "anytype_0.53.1_amd64.deb",
         "sha512": "bBL+kv8N700RP1Fc1ecdMXIQijqJyiYaxgFkW89XuLOMJAEhHN9Eu4tAkdCvrlswCN+0jLlHptASDGeSA5cSLg==",
         "size": 177501590
      },
      {
         "url": "anytype_0.53.1_amd64.deb",
         "sha512": "bBL+kv8N700RP1Fc1ecdMXIQijqJyiYaxgFkW89XuLOMJAEhHN9Eu4tAkdCvrlswCN+0jLlHptASDGeSA5cSLg==",
         "size": 177501590
      },
      {
         "url": "anytype_0.53.1_amd64.deb",
         "sha512": "bBL+kv8N700RP1Fc1ecdMXIQijqJyiYaxgFkW89XuLOMJAEhHN9Eu4tAkdCvrlswCN+0jLlHptASDGeSA5cSLg==",
         "size": 177501590
      },
      {
         "url": "anytype-0.53.1.x86_64.rpm",
         "sha512": "fRbUlfuNdGkVEqpFP4mclOCr75fZyU8AHgYrrYDc/zG0nSAQHeclvQA/vnB86VYiCqHhYJf1KnHv0XpRs+JK9Q==",
         "size": 176448345
      },
      {
         "url": "anytype-0.53.1.x86_64.rpm",
         "sha512": "fRbUlfuNdGkVEqpFP4mclOCr75fZyU8AHgYrrYDc/zG0nSAQHeclvQA/vnB86VYiCqHhYJf1KnHv0XpRs+JK9Q==",
         "size": 176448345
      },
      {
         "url": "anytype-0.53.1.x86_64.rpm",
         "sha512": "fRbUlfuNdGkVEqpFP4mclOCr75fZyU8AHgYrrYDc/zG0nSAQHeclvQA/vnB86VYiCqHhYJf1KnHv0XpRs+JK9Q==",
         "size": 176448345
      }
   ],
   "path": "Anytype-0.53.1.AppImage",
   "sha512": "KmB4wCBPrVUiGKiegk7V5gzUUCsMCIUDDtSM9qseZ54+5Nvgnl0o8r8caF/7IygtDG0a8GEXe4yx4fjBH5D2Ag==",
   "releaseDate": "2025-12-22T14:31:15.214Z"
}
[2026-02-15 22:45:39.120] [debug] checkForUpdatesAndNotify called, downloadPromise is null
[2026-02-16 19:00:05.434] [info]  [PowerMonitor] resume
[2026-02-16 19:01:54.098] [info]  Checking for update
[2026-02-16 19:01:54.098] [info]  Checking for update
[2026-02-16 19:01:54.390] [info]  Update for version 0.53.1 is not available (latest version: 0.53.1, downgrade is allowed).
[2026-02-16 19:01:54.391] [info]  Update not available: {
   "version": "0.53.1",
   "files": [
      {
         "url": "Anytype-0.53.1.AppImage",
         "sha512": "KmB4wCBPrVUiGKiegk7V5gzUUCsMCIUDDtSM9qseZ54+5Nvgnl0o8r8caF/7IygtDG0a8GEXe4yx4fjBH5D2Ag==",
         "size": 238610679,
         "blockMapSize": 248075
      },
      {
         "url": "anytype_0.53.1_amd64.deb",
         "sha512": "bBL+kv8N700RP1Fc1ecdMXIQijqJyiYaxgFkW89XuLOMJAEhHN9Eu4tAkdCvrlswCN+0jLlHptASDGeSA5cSLg==",
         "size": 177501590
      },
      {
         "url": "anytype_0.53.1_amd64.deb",
         "sha512": "bBL+kv8N700RP1Fc1ecdMXIQijqJyiYaxgFkW89XuLOMJAEhHN9Eu4tAkdCvrlswCN+0jLlHptASDGeSA5cSLg==",
         "size": 177501590
      },
      {
         "url": "anytype_0.53.1_amd64.deb",
         "sha512": "bBL+kv8N700RP1Fc1ecdMXIQijqJyiYaxgFkW89XuLOMJAEhHN9Eu4tAkdCvrlswCN+0jLlHptASDGeSA5cSLg==",
         "size": 177501590
      },
      {
         "url": "anytype-0.53.1.x86_64.rpm",
         "sha512": "fRbUlfuNdGkVEqpFP4mclOCr75fZyU8AHgYrrYDc/zG0nSAQHeclvQA/vnB86VYiCqHhYJf1KnHv0XpRs+JK9Q==",
         "size": 176448345
      },
      {
         "url": "anytype-0.53.1.x86_64.rpm",
         "sha512": "fRbUlfuNdGkVEqpFP4mclOCr75fZyU8AHgYrrYDc/zG0nSAQHeclvQA/vnB86VYiCqHhYJf1KnHv0XpRs+JK9Q==",
         "size": 176448345
      },
      {
         "url": "anytype-0.53.1.x86_64.rpm",
         "sha512": "fRbUlfuNdGkVEqpFP4mclOCr75fZyU8AHgYrrYDc/zG0nSAQHeclvQA/vnB86VYiCqHhYJf1KnHv0XpRs+JK9Q==",
         "size": 176448345
      }
   ],
   "path": "Anytype-0.53.1.AppImage",
   "sha512": "KmB4wCBPrVUiGKiegk7V5gzUUCsMCIUDDtSM9qseZ54+5Nvgnl0o8r8caF/7IygtDG0a8GEXe4yx4fjBH5D2Ag==",
   "releaseDate": "2025-12-22T14:31:15.214Z"
}
[2026-02-16 19:01:54.391] [debug] checkForUpdatesAndNotify called, downloadPromise is null
[2026-02-16 19:11:54.099] [info]  Checking for update
[2026-02-16 19:11:54.099] [info]  Checking for update
[2026-02-16 19:11:54.426] [info]  Update for version 0.53.1 is not available (latest version: 0.53.1, downgrade is allowed).
[2026-02-16 19:11:54.427] [info]  Update not available: {
   "version": "0.53.1",
   "files": [
      {
         "url": "Anytype-0.53.1.AppImage",
         "sha512": "KmB4wCBPrVUiGKiegk7V5gzUUCsMCIUDDtSM9qseZ54+5Nvgnl0o8r8caF/7IygtDG0a8GEXe4yx4fjBH5D2Ag==",
         "size": 238610679,
         "blockMapSize": 248075
      },
      {
         "url": "anytype_0.53.1_amd64.deb",
         "sha512": "bBL+kv8N700RP1Fc1ecdMXIQijqJyiYaxgFkW89XuLOMJAEhHN9Eu4tAkdCvrlswCN+0jLlHptASDGeSA5cSLg==",
         "size": 177501590
      },
      {
         "url": "anytype_0.53.1_amd64.deb",
         "sha512": "bBL+kv8N700RP1Fc1ecdMXIQijqJyiYaxgFkW89XuLOMJAEhHN9Eu4tAkdCvrlswCN+0jLlHptASDGeSA5cSLg==",
         "size": 177501590
      },
      {
         "url": "anytype_0.53.1_amd64.deb",
         "sha512": "bBL+kv8N700RP1Fc1ecdMXIQijqJyiYaxgFkW89XuLOMJAEhHN9Eu4tAkdCvrlswCN+0jLlHptASDGeSA5cSLg==",
         "size": 177501590
      },
      {
         "url": "anytype-0.53.1.x86_64.rpm",
         "sha512": "fRbUlfuNdGkVEqpFP4mclOCr75fZyU8AHgYrrYDc/zG0nSAQHeclvQA/vnB86VYiCqHhYJf1KnHv0XpRs+JK9Q==",
         "size": 176448345
      },
      {
         "url": "anytype-0.53.1.x86_64.rpm",
         "sha512": "fRbUlfuNdGkVEqpFP4mclOCr75fZyU8AHgYrrYDc/zG0nSAQHeclvQA/vnB86VYiCqHhYJf1KnHv0XpRs+JK9Q==",
         "size": 176448345
      },
      {
         "url": "anytype-0.53.1.x86_64.rpm",
         "sha512": "fRbUlfuNdGkVEqpFP4mclOCr75fZyU8AHgYrrYDc/zG0nSAQHeclvQA/vnB86VYiCqHhYJf1KnHv0XpRs+JK9Q==",
         "size": 176448345
      }
   ],
   "path": "Anytype-0.53.1.AppImage",
   "sha512": "KmB4wCBPrVUiGKiegk7V5gzUUCsMCIUDDtSM9qseZ54+5Nvgnl0o8r8caF/7IygtDG0a8GEXe4yx4fjBH5D2Ag==",
   "releaseDate": "2025-12-22T14:31:15.214Z"
}
[2026-02-16 19:11:54.427] [debug] checkForUpdatesAndNotify called, downloadPromise is null
[2026-02-16 19:21:54.101] [info]  Checking for update
[2026-02-16 19:21:54.101] [info]  Checking for update
[2026-02-16 19:21:54.376] [info]  Update for version 0.53.1 is not available (latest version: 0.53.1, downgrade is allowed).
[2026-02-16 19:21:54.376] [info]  Update not available: {
   "version": "0.53.1",
   "files": [
      {
         "url": "Anytype-0.53.1.AppImage",
         "sha512": "KmB4wCBPrVUiGKiegk7V5gzUUCsMCIUDDtSM9qseZ54+5Nvgnl0o8r8caF/7IygtDG0a8GEXe4yx4fjBH5D2Ag==",
         "size": 238610679,
         "blockMapSize": 248075
      },
      {
         "url": "anytype_0.53.1_amd64.deb",
         "sha512": "bBL+kv8N700RP1Fc1ecdMXIQijqJyiYaxgFkW89XuLOMJAEhHN9Eu4tAkdCvrlswCN+0jLlHptASDGeSA5cSLg==",
         "size": 177501590
      },
      {
         "url": "anytype_0.53.1_amd64.deb",
         "sha512": "bBL+kv8N700RP1Fc1ecdMXIQijqJyiYaxgFkW89XuLOMJAEhHN9Eu4tAkdCvrlswCN+0jLlHptASDGeSA5cSLg==",
         "size": 177501590
      },
      {
         "url": "anytype_0.53.1_amd64.deb",
         "sha512": "bBL+kv8N700RP1Fc1ecdMXIQijqJyiYaxgFkW89XuLOMJAEhHN9Eu4tAkdCvrlswCN+0jLlHptASDGeSA5cSLg==",
         "size": 177501590
      },
      {
         "url": "anytype-0.53.1.x86_64.rpm",
         "sha512": "fRbUlfuNdGkVEqpFP4mclOCr75fZyU8AHgYrrYDc/zG0nSAQHeclvQA/vnB86VYiCqHhYJf1KnHv0XpRs+JK9Q==",
         "size": 176448345
      },
      {
         "url": "anytype-0.53.1.x86_64.rpm",
         "sha512": "fRbUlfuNdGkVEqpFP4mclOCr75fZyU8AHgYrrYDc/zG0nSAQHeclvQA/vnB86VYiCqHhYJf1KnHv0XpRs+JK9Q==",
         "size": 176448345
      },
      {
         "url": "anytype-0.53.1.x86_64.rpm",
         "sha512": "fRbUlfuNdGkVEqpFP4mclOCr75fZyU8AHgYrrYDc/zG0nSAQHeclvQA/vnB86VYiCqHhYJf1KnHv0XpRs+JK9Q==",
         "size": 176448345
      }
   ],
   "path": "Anytype-0.53.1.AppImage",
   "sha512": "KmB4wCBPrVUiGKiegk7V5gzUUCsMCIUDDtSM9qseZ54+5Nvgnl0o8r8caF/7IygtDG0a8GEXe4yx4fjBH5D2Ag==",
   "releaseDate": "2025-12-22T14:31:15.214Z"
}
[2026-02-16 19:21:54.376] [debug] checkForUpdatesAndNotify called, downloadPromise is null
[2026-02-16 19:31:54.147] [info]  Checking for update
[2026-02-16 19:31:54.147] [info]  Checking for update
[2026-02-16 19:31:54.444] [info]  Update for version 0.53.1 is not available (latest version: 0.53.1, downgrade is allowed).
[2026-02-16 19:31:54.445] [info]  Update not available: {
   "version": "0.53.1",
   "files": [
      {
         "url": "Anytype-0.53.1.AppImage",
         "sha512": "KmB4wCBPrVUiGKiegk7V5gzUUCsMCIUDDtSM9qseZ54+5Nvgnl0o8r8caF/7IygtDG0a8GEXe4yx4fjBH5D2Ag==",
         "size": 238610679,
         "blockMapSize": 248075
      },
      {
         "url": "anytype_0.53.1_amd64.deb",
         "sha512": "bBL+kv8N700RP1Fc1ecdMXIQijqJyiYaxgFkW89XuLOMJAEhHN9Eu4tAkdCvrlswCN+0jLlHptASDGeSA5cSLg==",
         "size": 177501590
      },
      {
         "url": "anytype_0.53.1_amd64.deb",
         "sha512": "bBL+kv8N700RP1Fc1ecdMXIQijqJyiYaxgFkW89XuLOMJAEhHN9Eu4tAkdCvrlswCN+0jLlHptASDGeSA5cSLg==",
         "size": 177501590
      },
      {
         "url": "anytype_0.53.1_amd64.deb",
         "sha512": "bBL+kv8N700RP1Fc1ecdMXIQijqJyiYaxgFkW89XuLOMJAEhHN9Eu4tAkdCvrlswCN+0jLlHptASDGeSA5cSLg==",
         "size": 177501590
      },
      {
         "url": "anytype-0.53.1.x86_64.rpm",
         "sha512": "fRbUlfuNdGkVEqpFP4mclOCr75fZyU8AHgYrrYDc/zG0nSAQHeclvQA/vnB86VYiCqHhYJf1KnHv0XpRs+JK9Q==",
         "size": 176448345
      },
      {
         "url": "anytype-0.53.1.x86_64.rpm",
         "sha512": "fRbUlfuNdGkVEqpFP4mclOCr75fZyU8AHgYrrYDc/zG0nSAQHeclvQA/vnB86VYiCqHhYJf1KnHv0XpRs+JK9Q==",
         "size": 176448345
      },
      {
         "url": "anytype-0.53.1.x86_64.rpm",
         "sha512": "fRbUlfuNdGkVEqpFP4mclOCr75fZyU8AHgYrrYDc/zG0nSAQHeclvQA/vnB86VYiCqHhYJf1KnHv0XpRs+JK9Q==",
         "size": 176448345
      }
   ],
   "path": "Anytype-0.53.1.AppImage",
   "sha512": "KmB4wCBPrVUiGKiegk7V5gzUUCsMCIUDDtSM9qseZ54+5Nvgnl0o8r8caF/7IygtDG0a8GEXe4yx4fjBH5D2Ag==",
   "releaseDate": "2025-12-22T14:31:15.214Z"
}
[2026-02-16 19:31:54.445] [debug] checkForUpdatesAndNotify called, downloadPromise is null
[2026-02-16 19:41:54.149] [info]  Checking for update
[2026-02-16 19:41:54.149] [info]  Checking for update
[2026-02-16 19:41:54.429] [info]  Update for version 0.53.1 is not available (latest version: 0.53.1, downgrade is allowed).
[2026-02-16 19:41:54.429] [info]  Update not available: {
   "version": "0.53.1",
   "files": [
      {
         "url": "Anytype-0.53.1.AppImage",
         "sha512": "KmB4wCBPrVUiGKiegk7V5gzUUCsMCIUDDtSM9qseZ54+5Nvgnl0o8r8caF/7IygtDG0a8GEXe4yx4fjBH5D2Ag==",
         "size": 238610679,
         "blockMapSize": 248075
      },
      {
         "url": "anytype_0.53.1_amd64.deb",
         "sha512": "bBL+kv8N700RP1Fc1ecdMXIQijqJyiYaxgFkW89XuLOMJAEhHN9Eu4tAkdCvrlswCN+0jLlHptASDGeSA5cSLg==",
         "size": 177501590
      },
      {
         "url": "anytype_0.53.1_amd64.deb",
         "sha512": "bBL+kv8N700RP1Fc1ecdMXIQijqJyiYaxgFkW89XuLOMJAEhHN9Eu4tAkdCvrlswCN+0jLlHptASDGeSA5cSLg==",
         "size": 177501590
      },
      {
         "url": "anytype_0.53.1_amd64.deb",
         "sha512": "bBL+kv8N700RP1Fc1ecdMXIQijqJyiYaxgFkW89XuLOMJAEhHN9Eu4tAkdCvrlswCN+0jLlHptASDGeSA5cSLg==",
         "size": 177501590
      },
      {
         "url": "anytype-0.53.1.x86_64.rpm",
         "sha512": "fRbUlfuNdGkVEqpFP4mclOCr75fZyU8AHgYrrYDc/zG0nSAQHeclvQA/vnB86VYiCqHhYJf1KnHv0XpRs+JK9Q==",
         "size": 176448345
      },
      {
         "url": "anytype-0.53.1.x86_64.rpm",
         "sha512": "fRbUlfuNdGkVEqpFP4mclOCr75fZyU8AHgYrrYDc/zG0nSAQHeclvQA/vnB86VYiCqHhYJf1KnHv0XpRs+JK9Q==",
         "size": 176448345
      },
      {
         "url": "anytype-0.53.1.x86_64.rpm",
         "sha512": "fRbUlfuNdGkVEqpFP4mclOCr75fZyU8AHgYrrYDc/zG0nSAQHeclvQA/vnB86VYiCqHhYJf1KnHv0XpRs+JK9Q==",
         "size": 176448345
      }
   ],
   "path": "Anytype-0.53.1.AppImage",
   "sha512": "KmB4wCBPrVUiGKiegk7V5gzUUCsMCIUDDtSM9qseZ54+5Nvgnl0o8r8caF/7IygtDG0a8GEXe4yx4fjBH5D2Ag==",
   "releaseDate": "2025-12-22T14:31:15.214Z"
}
[2026-02-16 19:41:54.430] [debug] checkForUpdatesAndNotify called, downloadPromise is null
[2026-02-16 19:51:54.156] [info]  Checking for update
[2026-02-16 19:51:54.157] [info]  Checking for update
[2026-02-16 19:51:54.432] [info]  Update for version 0.53.1 is not available (latest version: 0.53.1, downgrade is allowed).
[2026-02-16 19:51:54.433] [info]  Update not available: {
   "version": "0.53.1",
   "files": [
      {
         "url": "Anytype-0.53.1.AppImage",
         "sha512": "KmB4wCBPrVUiGKiegk7V5gzUUCsMCIUDDtSM9qseZ54+5Nvgnl0o8r8caF/7IygtDG0a8GEXe4yx4fjBH5D2Ag==",
         "size": 238610679,
         "blockMapSize": 248075
      },
      {
         "url": "anytype_0.53.1_amd64.deb",
         "sha512": "bBL+kv8N700RP1Fc1ecdMXIQijqJyiYaxgFkW89XuLOMJAEhHN9Eu4tAkdCvrlswCN+0jLlHptASDGeSA5cSLg==",
         "size": 177501590
      },
      {
         "url": "anytype_0.53.1_amd64.deb",
         "sha512": "bBL+kv8N700RP1Fc1ecdMXIQijqJyiYaxgFkW89XuLOMJAEhHN9Eu4tAkdCvrlswCN+0jLlHptASDGeSA5cSLg==",
         "size": 177501590
      },
      {
         "url": "anytype_0.53.1_amd64.deb",
         "sha512": "bBL+kv8N700RP1Fc1ecdMXIQijqJyiYaxgFkW89XuLOMJAEhHN9Eu4tAkdCvrlswCN+0jLlHptASDGeSA5cSLg==",
         "size": 177501590
      },
      {
         "url": "anytype-0.53.1.x86_64.rpm",
         "sha512": "fRbUlfuNdGkVEqpFP4mclOCr75fZyU8AHgYrrYDc/zG0nSAQHeclvQA/vnB86VYiCqHhYJf1KnHv0XpRs+JK9Q==",
         "size": 176448345
      },
      {
         "url": "anytype-0.53.1.x86_64.rpm",
         "sha512": "fRbUlfuNdGkVEqpFP4mclOCr75fZyU8AHgYrrYDc/zG0nSAQHeclvQA/vnB86VYiCqHhYJf1KnHv0XpRs+JK9Q==",
         "size": 176448345
      },
      {
         "url": "anytype-0.53.1.x86_64.rpm",
         "sha512": "fRbUlfuNdGkVEqpFP4mclOCr75fZyU8AHgYrrYDc/zG0nSAQHeclvQA/vnB86VYiCqHhYJf1KnHv0XpRs+JK9Q==",
         "size": 176448345
      }
   ],
   "path": "Anytype-0.53.1.AppImage",
   "sha512": "KmB4wCBPrVUiGKiegk7V5gzUUCsMCIUDDtSM9qseZ54+5Nvgnl0o8r8caF/7IygtDG0a8GEXe4yx4fjBH5D2Ag==",
   "releaseDate": "2025-12-22T14:31:15.214Z"
}
[2026-02-16 19:51:54.433] [debug] checkForUpdatesAndNotify called, downloadPromise is null
[2026-02-16 20:01:54.158] [info]  Checking for update
[2026-02-16 20:01:54.158] [info]  Checking for update
[2026-02-16 20:01:54.448] [info]  Update for version 0.53.1 is not available (latest version: 0.53.1, downgrade is allowed).
[2026-02-16 20:01:54.448] [info]  Update not available: {
   "version": "0.53.1",
   "files": [
      {
         "url": "Anytype-0.53.1.AppImage",
         "sha512": "KmB4wCBPrVUiGKiegk7V5gzUUCsMCIUDDtSM9qseZ54+5Nvgnl0o8r8caF/7IygtDG0a8GEXe4yx4fjBH5D2Ag==",
         "size": 238610679,
         "blockMapSize": 248075
      },
      {
         "url": "anytype_0.53.1_amd64.deb",
         "sha512": "bBL+kv8N700RP1Fc1ecdMXIQijqJyiYaxgFkW89XuLOMJAEhHN9Eu4tAkdCvrlswCN+0jLlHptASDGeSA5cSLg==",
         "size": 177501590
      },
      {
         "url": "anytype_0.53.1_amd64.deb",
         "sha512": "bBL+kv8N700RP1Fc1ecdMXIQijqJyiYaxgFkW89XuLOMJAEhHN9Eu4tAkdCvrlswCN+0jLlHptASDGeSA5cSLg==",
         "size": 177501590
      },
      {
         "url": "anytype_0.53.1_amd64.deb",
         "sha512": "bBL+kv8N700RP1Fc1ecdMXIQijqJyiYaxgFkW89XuLOMJAEhHN9Eu4tAkdCvrlswCN+0jLlHptASDGeSA5cSLg==",
         "size": 177501590
      },
      {
         "url": "anytype-0.53.1.x86_64.rpm",
         "sha512": "fRbUlfuNdGkVEqpFP4mclOCr75fZyU8AHgYrrYDc/zG0nSAQHeclvQA/vnB86VYiCqHhYJf1KnHv0XpRs+JK9Q==",
         "size": 176448345
      },
      {
         "url": "anytype-0.53.1.x86_64.rpm",
         "sha512": "fRbUlfuNdGkVEqpFP4mclOCr75fZyU8AHgYrrYDc/zG0nSAQHeclvQA/vnB86VYiCqHhYJf1KnHv0XpRs+JK9Q==",
         "size": 176448345
      },
      {
         "url": "anytype-0.53.1.x86_64.rpm",
         "sha512": "fRbUlfuNdGkVEqpFP4mclOCr75fZyU8AHgYrrYDc/zG0nSAQHeclvQA/vnB86VYiCqHhYJf1KnHv0XpRs+JK9Q==",
         "size": 176448345
      }
   ],
   "path": "Anytype-0.53.1.AppImage",
   "sha512": "KmB4wCBPrVUiGKiegk7V5gzUUCsMCIUDDtSM9qseZ54+5Nvgnl0o8r8caF/7IygtDG0a8GEXe4yx4fjBH5D2Ag==",
   "releaseDate": "2025-12-22T14:31:15.214Z"
}
[2026-02-16 20:01:54.449] [debug] checkForUpdatesAndNotify called, downloadPromise is null
[2026-02-16 20:11:54.160] [info]  Checking for update
[2026-02-16 20:11:54.160] [info]  Checking for update
[2026-02-16 20:11:54.452] [info]  Update for version 0.53.1 is not available (latest version: 0.53.1, downgrade is allowed).
[2026-02-16 20:11:54.452] [info]  Update not available: {
   "version": "0.53.1",
   "files": [
      {
         "url": "Anytype-0.53.1.AppImage",
         "sha512": "KmB4wCBPrVUiGKiegk7V5gzUUCsMCIUDDtSM9qseZ54+5Nvgnl0o8r8caF/7IygtDG0a8GEXe4yx4fjBH5D2Ag==",
         "size": 238610679,
         "blockMapSize": 248075
      },
      {
         "url": "anytype_0.53.1_amd64.deb",
         "sha512": "bBL+kv8N700RP1Fc1ecdMXIQijqJyiYaxgFkW89XuLOMJAEhHN9Eu4tAkdCvrlswCN+0jLlHptASDGeSA5cSLg==",
         "size": 177501590
      },
      {
         "url": "anytype_0.53.1_amd64.deb",
         "sha512": "bBL+kv8N700RP1Fc1ecdMXIQijqJyiYaxgFkW89XuLOMJAEhHN9Eu4tAkdCvrlswCN+0jLlHptASDGeSA5cSLg==",
         "size": 177501590
      },
      {
         "url": "anytype_0.53.1_amd64.deb",
         "sha512": "bBL+kv8N700RP1Fc1ecdMXIQijqJyiYaxgFkW89XuLOMJAEhHN9Eu4tAkdCvrlswCN+0jLlHptASDGeSA5cSLg==",
         "size": 177501590
      },
      {
         "url": "anytype-0.53.1.x86_64.rpm",
         "sha512": "fRbUlfuNdGkVEqpFP4mclOCr75fZyU8AHgYrrYDc/zG0nSAQHeclvQA/vnB86VYiCqHhYJf1KnHv0XpRs+JK9Q==",
         "size": 176448345
      },
      {
         "url": "anytype-0.53.1.x86_64.rpm",
         "sha512": "fRbUlfuNdGkVEqpFP4mclOCr75fZyU8AHgYrrYDc/zG0nSAQHeclvQA/vnB86VYiCqHhYJf1KnHv0XpRs+JK9Q==",
         "size": 176448345
      },
      {
         "url": "anytype-0.53.1.x86_64.rpm",
         "sha512": "fRbUlfuNdGkVEqpFP4mclOCr75fZyU8AHgYrrYDc/zG0nSAQHeclvQA/vnB86VYiCqHhYJf1KnHv0XpRs+JK9Q==",
         "size": 176448345
      }
   ],
   "path": "Anytype-0.53.1.AppImage",
   "sha512": "KmB4wCBPrVUiGKiegk7V5gzUUCsMCIUDDtSM9qseZ54+5Nvgnl0o8r8caF/7IygtDG0a8GEXe4yx4fjBH5D2Ag==",
   "releaseDate": "2025-12-22T14:31:15.214Z"
}
[2026-02-16 20:11:54.452] [debug] checkForUpdatesAndNotify called, downloadPromise is null
[2026-02-16 20:21:54.161] [info]  Checking for update
[2026-02-16 20:21:54.162] [info]  Checking for update
[2026-02-16 20:21:54.436] [info]  Update for version 0.53.1 is not available (latest version: 0.53.1, downgrade is allowed).
[2026-02-16 20:21:54.437] [info]  Update not available: {
   "version": "0.53.1",
   "files": [
      {
         "url": "Anytype-0.53.1.AppImage",
         "sha512": "KmB4wCBPrVUiGKiegk7V5gzUUCsMCIUDDtSM9qseZ54+5Nvgnl0o8r8caF/7IygtDG0a8GEXe4yx4fjBH5D2Ag==",
         "size": 238610679,
         "blockMapSize": 248075
      },
      {
         "url": "anytype_0.53.1_amd64.deb",
         "sha512": "bBL+kv8N700RP1Fc1ecdMXIQijqJyiYaxgFkW89XuLOMJAEhHN9Eu4tAkdCvrlswCN+0jLlHptASDGeSA5cSLg==",
         "size": 177501590
      },
      {
         "url": "anytype_0.53.1_amd64.deb",
         "sha512": "bBL+kv8N700RP1Fc1ecdMXIQijqJyiYaxgFkW89XuLOMJAEhHN9Eu4tAkdCvrlswCN+0jLlHptASDGeSA5cSLg==",
         "size": 177501590
      },
      {
         "url": "anytype_0.53.1_amd64.deb",
         "sha512": "bBL+kv8N700RP1Fc1ecdMXIQijqJyiYaxgFkW89XuLOMJAEhHN9Eu4tAkdCvrlswCN+0jLlHptASDGeSA5cSLg==",
         "size": 177501590
      },
      {
         "url": "anytype-0.53.1.x86_64.rpm",
         "sha512": "fRbUlfuNdGkVEqpFP4mclOCr75fZyU8AHgYrrYDc/zG0nSAQHeclvQA/vnB86VYiCqHhYJf1KnHv0XpRs+JK9Q==",
         "size": 176448345
      },
      {
         "url": "anytype-0.53.1.x86_64.rpm",
         "sha512": "fRbUlfuNdGkVEqpFP4mclOCr75fZyU8AHgYrrYDc/zG0nSAQHeclvQA/vnB86VYiCqHhYJf1KnHv0XpRs+JK9Q==",
         "size": 176448345
      },
      {
         "url": "anytype-0.53.1.x86_64.rpm",
         "sha512": "fRbUlfuNdGkVEqpFP4mclOCr75fZyU8AHgYrrYDc/zG0nSAQHeclvQA/vnB86VYiCqHhYJf1KnHv0XpRs+JK9Q==",
         "size": 176448345
      }
   ],
   "path": "Anytype-0.53.1.AppImage",
   "sha512": "KmB4wCBPrVUiGKiegk7V5gzUUCsMCIUDDtSM9qseZ54+5Nvgnl0o8r8caF/7IygtDG0a8GEXe4yx4fjBH5D2Ag==",
   "releaseDate": "2025-12-22T14:31:15.214Z"
}
[2026-02-16 20:21:54.437] [debug] checkForUpdatesAndNotify called, downloadPromise is null
[2026-02-16 20:31:54.163] [info]  Checking for update
[2026-02-16 20:31:54.163] [info]  Checking for update
[2026-02-16 20:31:54.446] [info]  Update for version 0.53.1 is not available (latest version: 0.53.1, downgrade is allowed).
[2026-02-16 20:31:54.446] [info]  Update not available: {
   "version": "0.53.1",
   "files": [
      {
         "url": "Anytype-0.53.1.AppImage",
         "sha512": "KmB4wCBPrVUiGKiegk7V5gzUUCsMCIUDDtSM9qseZ54+5Nvgnl0o8r8caF/7IygtDG0a8GEXe4yx4fjBH5D2Ag==",
         "size": 238610679,
         "blockMapSize": 248075
      },
      {
         "url": "anytype_0.53.1_amd64.deb",
         "sha512": "bBL+kv8N700RP1Fc1ecdMXIQijqJyiYaxgFkW89XuLOMJAEhHN9Eu4tAkdCvrlswCN+0jLlHptASDGeSA5cSLg==",
         "size": 177501590
      },
      {
         "url": "anytype_0.53.1_amd64.deb",
         "sha512": "bBL+kv8N700RP1Fc1ecdMXIQijqJyiYaxgFkW89XuLOMJAEhHN9Eu4tAkdCvrlswCN+0jLlHptASDGeSA5cSLg==",
         "size": 177501590
      },
      {
         "url": "anytype_0.53.1_amd64.deb",
         "sha512": "bBL+kv8N700RP1Fc1ecdMXIQijqJyiYaxgFkW89XuLOMJAEhHN9Eu4tAkdCvrlswCN+0jLlHptASDGeSA5cSLg==",
         "size": 177501590
      },
      {
         "url": "anytype-0.53.1.x86_64.rpm",
         "sha512": "fRbUlfuNdGkVEqpFP4mclOCr75fZyU8AHgYrrYDc/zG0nSAQHeclvQA/vnB86VYiCqHhYJf1KnHv0XpRs+JK9Q==",
         "size": 176448345
      },
      {
         "url": "anytype-0.53.1.x86_64.rpm",
         "sha512": "fRbUlfuNdGkVEqpFP4mclOCr75fZyU8AHgYrrYDc/zG0nSAQHeclvQA/vnB86VYiCqHhYJf1KnHv0XpRs+JK9Q==",
         "size": 176448345
      },
      {
         "url": "anytype-0.53.1.x86_64.rpm",
         "sha512": "fRbUlfuNdGkVEqpFP4mclOCr75fZyU8AHgYrrYDc/zG0nSAQHeclvQA/vnB86VYiCqHhYJf1KnHv0XpRs+JK9Q==",
         "size": 176448345
      }
   ],
   "path": "Anytype-0.53.1.AppImage",
   "sha512": "KmB4wCBPrVUiGKiegk7V5gzUUCsMCIUDDtSM9qseZ54+5Nvgnl0o8r8caF/7IygtDG0a8GEXe4yx4fjBH5D2Ag==",
   "releaseDate": "2025-12-22T14:31:15.214Z"
}
[2026-02-16 20:31:54.446] [debug] checkForUpdatesAndNotify called, downloadPromise is null
[2026-02-16 20:41:54.176] [info]  Checking for update
[2026-02-16 20:41:54.176] [info]  Checking for update
[2026-02-16 20:41:54.465] [info]  Found version 0.54.0 (url: Anytype-0.54.0.AppImage, anytype_0.54.0_amd64.deb, anytype_0.54.0_amd64.deb, anytype_0.54.0_amd64.deb, anytype-0.54.0.x86_64.rpm, anytype-0.54.0.x86_64.rpm, anytype-0.54.0.x86_64.rpm)
[2026-02-16 20:41:54.465] [info]  Update available: {
   "version": "0.54.0",
   "files": [
      {
         "url": "Anytype-0.54.0.AppImage",
         "sha512": "yatAVWxDZy3pfNbIuFupDUsAhY9dqDo/Bp5T9ke3CemzIxDeDctz+CtXSN0o9eDG0LszbHkJjU8i+tqLXuf3hA==",
         "size": 239855557,
         "blockMapSize": 251865
      },
      {
         "url": "anytype_0.54.0_amd64.deb",
         "sha512": "2PFYtNrANMT2ctOq7W+SokuiXbhTRHLeifeUF0ZcffhwL8MhtW5wZ6s+GkWJXrDJoMukASBTSltq0bT884bAvw==",
         "size": 200506564
      },
      {
         "url": "anytype_0.54.0_amd64.deb",
         "sha512": "2PFYtNrANMT2ctOq7W+SokuiXbhTRHLeifeUF0ZcffhwL8MhtW5wZ6s+GkWJXrDJoMukASBTSltq0bT884bAvw==",
         "size": 200506564
      },
      {
         "url": "anytype_0.54.0_amd64.deb",
         "sha512": "2PFYtNrANMT2ctOq7W+SokuiXbhTRHLeifeUF0ZcffhwL8MhtW5wZ6s+GkWJXrDJoMukASBTSltq0bT884bAvw==",
         "size": 200506564
      },
      {
         "url": "anytype-0.54.0.x86_64.rpm",
         "sha512": "GWm3NFJkBy/3UIr/ouS86m+WBsLUCN4TSiXU24o9AYSVfUcZ40aX44z0gw6wn8DVIcBJFS5vtdADG17d1hf2qQ==",
         "size": 177621409
      },
      {
         "url": "anytype-0.54.0.x86_64.rpm",
         "sha512": "GWm3NFJkBy/3UIr/ouS86m+WBsLUCN4TSiXU24o9AYSVfUcZ40aX44z0gw6wn8DVIcBJFS5vtdADG17d1hf2qQ==",
         "size": 177621409
      },
      {
         "url": "anytype-0.54.0.x86_64.rpm",
         "sha512": "GWm3NFJkBy/3UIr/ouS86m+WBsLUCN4TSiXU24o9AYSVfUcZ40aX44z0gw6wn8DVIcBJFS5vtdADG17d1hf2qQ==",
         "size": 177621409
      }
   ],
   "path": "Anytype-0.54.0.AppImage",
   "sha512": "yatAVWxDZy3pfNbIuFupDUsAhY9dqDo/Bp5T9ke3CemzIxDeDctz+CtXSN0o9eDG0LszbHkJjU8i+tqLXuf3hA==",
   "releaseDate": "2026-02-16T18:24:33.685Z"
}
[2026-02-16 20:41:54.466] [info]  Downloading update from Anytype-0.54.0.AppImage, anytype_0.54.0_amd64.deb, anytype_0.54.0_amd64.deb, anytype_0.54.0_amd64.deb, anytype-0.54.0.x86_64.rpm, anytype-0.54.0.x86_64.rpm, anytype-0.54.0.x86_64.rpm
[2026-02-16 20:41:54.470] [debug] updater cache dir: /home/a7r/.cache/anytype-updater
[2026-02-16 20:41:54.471] [debug] checkForUpdatesAndNotify called, downloadPromise is null
[2026-02-16 20:41:54.866] [debug] DAnyYX4ihDz4J1v9IJUn505Y duplicated in blockmap (same size), it doesn't lead to broken differential downloader, just corresponding block will be skipped)
[2026-02-16 20:41:54.866] [debug] KX9GTXhe3x1c7mzeDrSJhKAA duplicated in blockmap (same size), it doesn't lead to broken differential downloader, just corresponding block will be skipped)
[2026-02-16 20:41:54.866] [debug] TUe01hrmQpaU9e89sr3L8HDs duplicated in blockmap (same size), it doesn't lead to broken differential downloader, just corresponding block will be skipped)
[2026-02-16 20:41:54.866] [debug] k5KHulLCH2oITQpFr41EVXtC duplicated in blockmap (same size), it doesn't lead to broken differential downloader, just corresponding block will be skipped)
[2026-02-16 20:41:54.866] [debug] WObq4ezNKrR80zra/WoANSES duplicated in blockmap (same size), it doesn't lead to broken differential downloader, just corresponding block will be skipped)
[2026-02-16 20:41:54.867] [debug] KXEBdSmayN3ZGwAFa8mZCnld duplicated in blockmap (same size), it doesn't lead to broken differential downloader, just corresponding block will be skipped)
[2026-02-16 20:41:54.867] [debug] AGqEPIOCTGhe8aP6hWX6n6cv duplicated in blockmap (same size), it doesn't lead to broken differential downloader, just corresponding block will be skipped)
[2026-02-16 20:41:54.867] [debug] YEqiS1XztJRo1MAtb7ORGnmO duplicated in blockmap (same size), it doesn't lead to broken differential downloader, just corresponding block will be skipped)
[2026-02-16 20:41:54.867] [debug] jKt8MmLaLJ6H5QPSkkTuIdoq duplicated in blockmap (same size), it doesn't lead to broken differential downloader, just corresponding block will be skipped)
[2026-02-16 20:41:54.867] [debug] zDduqPimrlC7Y/am3WFM9JKv duplicated in blockmap (same size), it doesn't lead to broken differential downloader, just corresponding block will be skipped)
[2026-02-16 20:41:54.867] [debug] FM5cFP2XOQ6+4mnsnG3nS+4m duplicated in blockmap (same size), it doesn't lead to broken differential downloader, just corresponding block will be skipped)
[2026-02-16 20:41:54.867] [debug] Y1rkGKj/te8GnPl2ZnlAl6TJ duplicated in blockmap (same size), it doesn't lead to broken differential downloader, just corresponding block will be skipped)
[2026-02-16 20:41:54.872] [info]  File has 9215 changed blocks
[2026-02-16 20:41:54.872] [debug] [
  {
    "kind": 0,
    "start": 0,
    "end": 159006
  },
  {
    "kind": 1,
    "start": 159006,
    "end": 85950938
  },
  {
    "kind": 0,
    "start": 87050060,
    "end": 91637405
  },
  {
    "kind": 1,
    "start": 90538283,
    "end": 147675333
  },
  {
    "kind": 0,
    "start": 148083478,
    "end": 148095417
  },
  {
    "kind": 1,
    "start": 147687272,
    "end": 147987014
  },
  {
    "kind": 0,
    "start": 148395090,
    "end": 148699959
  },
  {
    "kind": 1,
    "start": 148291883,
    "end": 149025900
  },
  {
    "kind": 0,
    "start": 149407640,
    "end": 149926907
  },
  {
    "kind": 0,
    "start": 148069100,
    "end": 148123950
  },
  {
    "kind": 1,
    "start": 149600017,
    "end": 149779543
  },
  {
    "kind": 0,
    "start": 150161277,
    "end": 150268668
  },
  {
    "kind": 0,
    "start": 148395090,
    "end": 148554663
  },
  {
    "kind": 0,
    "start": 150428241,
    "end": 152186260
  },
  {
    "kind": 1,
    "start": 151804526,
    "end": 177782748
  },
  {
    "kind": 0,
    "start": 177962771,
    "end": 178806356
  },
  {
    "kind": 1,
    "start": 178626333,
    "end": 178677381
  },
  {
    "kind": 0,
    "start": 178855345,
    "end": 212108146
  },
  {
    "kind": 1,
    "start": 211930182,
    "end": 211964070
  },
  {
    "kind": 0,
    "start": 212149779,
    "end": 212620124
  },
  {
    "kind": 1,
    "start": 212434415,
    "end": 225953256
  },
  {
    "kind": 0,
    "start": 225407973,
    "end": 229738778
  },
  {
    "kind": 1,
    "start": 230284061,
    "end": 231164398
  },
  {
    "kind": 0,
    "start": 230197423,
    "end": 231494046
  },
  {
    "kind": 1,
    "start": 232461021,
    "end": 232535630
  },
  {
    "kind": 0,
    "start": 231538615,
    "end": 231579626
  },
  {
    "kind": 1,
    "start": 232576641,
    "end": 233618570
  },
  {
    "kind": 0,
    "start": 232560202,
    "end": 232569320
  },
  {
    "kind": 1,
    "start": 233627688,
    "end": 233672064
  },
  {
    "kind": 0,
    "start": 232613682,
    "end": 232702194
  },
  {
    "kind": 1,
    "start": 233760576,
    "end": 235367203
  },
  {
    "kind": 0,
    "start": 234249055,
    "end": 234327133
  },
  {
    "kind": 1,
    "start": 235445281,
    "end": 239202901
  },
  {
    "kind": 0,
    "start": 237959355,
    "end": 238041420
  },
  {
    "kind": 1,
    "start": 239284966,
    "end": 239603688
  }
]
[2026-02-16 20:41:54.988] [info]  Full: 234,233.94 KB, To download: 186,961.41 KB (80%)
[2026-02-16 20:41:55.097] [error] Cannot download differentially, fallback to full download: Error: Content-Type "multipart/byteranges" is expected, but got "binary/octet-stream"
    at ClientRequest.<anonymous> (/tmp/.mount_anytypmbY9l8/resources/app.asar/node_modules/electron-updater/out/differentialDownloader/multipleRangeDownloader.js:81:20)
    at ClientRequest.emit (node:events:519:28)
    at SimpleURLLoaderWrapper.<anonymous> (node:electron/js2c/browser_init:2:123892)
    at SimpleURLLoaderWrapper.emit (node:events:519:28)
[2026-02-16 20:41:56.584] [info]  Download speed: 1845415 - Downloaded: 0.7716940241663861% (1850951/239855557)
[2026-02-16 20:41:57.603] [info]  Download speed: 1563849 - Downloaded: 1.3183363519069937% (3162103/239855557)
[2026-02-16 20:41:58.606] [info]  Download speed: 2193498 - Downloaded: 2.7663861880006393% (6635331/239855557)
[2026-02-16 20:41:59.607] [info]  Download speed: 2575896 - Downloaded: 4.323668431830412% (10370559/239855557)
[2026-02-16 20:42:00.609] [info]  Download speed: 2805561 - Downloaded: 5.88119082019017% (14106363/239855557)
[2026-02-16 20:42:01.653] [info]  Download speed: 2862828 - Downloaded: 7.24731635048172% (17383091/239855557)
[2026-02-16 20:42:02.658] [info]  Download speed: 2771124 - Downloaded: 8.176272105298773% (19611243/239855557)
[2026-02-16 20:42:03.662] [info]  Download speed: 2704587 - Downloaded: 9.112054885599335% (21855770/239855557)
[2026-02-16 20:42:04.662] [info]  Download speed: 2663005 - Downloaded: 10.082212937847423% (24182748/239855557)
[2026-02-16 20:42:05.662] [info]  Download speed: 2644234 - Downloaded: 11.113574074917096% (26656525/239855557)
[2026-02-16 20:42:06.666] [info]  Download speed: 2642675 - Downloaded: 12.21320546682185% (29294052/239855557)
[2026-02-16 20:42:07.669] [info]  Download speed: 2656542 - Downloaded: 13.388174283575177% (32112280/239855557)
[2026-02-16 20:42:08.673] [info]  Download speed: 2680588 - Downloaded: 14.631413355163584% (35094258/239855557)
[2026-02-16 20:42:09.677] [info]  Download speed: 2712825 - Downloaded: 15.942922681587069% (38239986/239855557)
[2026-02-16 20:42:10.680] [info]  Download speed: 2753069 - Downloaded: 17.329529288329145% (41565839/239855557)
[2026-02-16 20:42:11.680] [info]  Download speed: 2770168 - Downloaded: 18.593249436368072% (44596942/239855557)
[2026-02-16 20:42:12.681] [info]  Download speed: 2806333 - Downloaded: 20.00716414504418% (47988295/239855557)
[2026-02-16 20:42:13.685] [info]  Download speed: 2855245 - Downloaded: 21.55103248243692% (51691349/239855557)
[2026-02-16 20:42:14.685] [info]  Download speed: 2897879 - Downloaded: 23.081006624332662% (55361077/239855557)
[2026-02-16 20:42:15.686] [info]  Download speed: 2935340 - Downloaded: 24.604393885274877% (59015006/239855557)
[2026-02-16 20:42:16.719] [info]  Download speed: 2950781 - Downloaded: 26.004654542983968% (62373609/239855557)
[2026-02-16 20:42:17.719] [info]  Download speed: 2999556 - Downloaded: 27.68506339004687% (66404163/239855557)
[2026-02-16 20:42:18.719] [info]  Download speed: 3026397 - Downloaded: 29.194556455492087% (70024766/239855557)
[2026-02-16 20:42:19.719] [info]  Download speed: 3050359 - Downloaded: 30.69746263998378% (73629570/239855557)
[2026-02-16 20:42:20.796] [info]  Download speed: 3029218 - Downloaded: 31.84488321027309% (76381722/239855557)
[2026-02-16 20:42:21.800] [info]  Download speed: 3030701 - Downloaded: 33.12908443476255% (79461950/239855557)
[2026-02-16 20:42:22.802] [info]  Download speed: 3023876 - Downloaded: 34.31770730248289% (82312928/239855557)
[2026-02-16 20:42:23.802] [info]  Download speed: 3021811 - Downloaded: 35.55411934858778% (85278531/239855557)
[2026-02-16 20:42:24.802] [info]  Download speed: 3021569 - Downloaded: 36.81101247114321% (88293259/239855557)
[2026-02-16 20:42:25.804] [info]  Download speed: 3026560 - Downloaded: 38.13617584853371% (91471737/239855557)
[2026-02-16 20:42:26.805] [info]  Download speed: 3036573 - Downloaded: 39.529609480759284% (94813965/239855557)
[2026-02-16 20:42:27.807] [info]  Download speed: 3050951 - Downloaded: 40.99131336781995% (98319943/239855557)
[2026-02-16 20:42:28.809] [info]  Download speed: 3066450 - Downloaded: 42.48056550134463% (101891997/239855557)
[2026-02-16 20:42:29.809] [info]  Download speed: 3065896 - Downloaded: 43.751112674867066% (104939475/239855557)
[2026-02-16 20:42:30.809] [info]  Download speed: 3082107 - Downloaded: 45.26743276579579% (108576453/239855557)
[2026-02-16 20:42:31.809] [info]  Download speed: 3096987 - Downloaded: 46.77716597577099% (112197632/239855557)
[2026-02-16 20:42:32.810] [info]  Download speed: 3110528 - Downloaded: 48.2798320157327% (115801860/239855557)
[2026-02-16 20:42:33.813] [info]  Download speed: 3123198 - Downloaded: 49.78249805569441% (119406088/239855557)
[2026-02-16 20:42:34.816] [info]  Download speed: 3134816 - Downloaded: 51.278577214702594% (122994517/239855557)
[2026-02-16 20:42:35.875] [info]  Download speed: 3122776 - Downloaded: 52.46037305693944% (125829120/239855557)
[2026-02-16 20:42:36.878] [info]  Download speed: 3146896 - Downloaded: 54.181503912373394% (129957348/239855557)
[2026-02-16 20:42:37.881] [info]  Download speed: 3148594 - Downloaded: 55.5273885107444% (133185527/239855557)
[2026-02-16 20:42:38.881] [info]  Download speed: 3153444 - Downloaded: 56.9276491684535% (136544130/239855557)
[2026-02-16 20:42:39.883] [info]  Download speed: 3159781 - Downloaded: 58.362044953580124% (139984608/239855557)
[2026-02-16 20:42:40.886] [info]  Download speed: 3148780 - Downloaded: 59.475570540981884% (142655461/239855557)
[2026-02-16 20:42:41.886] [info]  Download speed: 3142336 - Downloaded: 60.663953264172235% (145505863/239855557)
[2026-02-16 20:42:42.887] [info]  Download speed: 3144138 - Downloaded: 62.00959771801327% (148733466/239855557)
[2026-02-16 20:42:43.886] [info]  Download speed: 3149946 - Downloaded: 63.437406622186366% (152158145/239855557)
[2026-02-16 20:42:44.888] [info]  Download speed: 3157039 - Downloaded: 64.89911050924702% (155664123/239855557)
[2026-02-16 20:42:45.889] [info]  Download speed: 3163587 - Downloaded: 66.35398737082419% (159153726/239855557)
[2026-02-16 20:42:46.893] [info]  Download speed: 3170024 - Downloaded: 67.81593140241483% (162660280/239855557)
[2026-02-16 20:42:47.893] [info]  Download speed: 3177385 - Downloaded: 69.298116365926% (166215383/239855557)
[2026-02-16 20:42:48.894] [info]  Download speed: 3185946 - Downloaded: 70.81443645685474% (169852361/239855557)
[2026-02-16 20:42:49.895] [info]  Download speed: 3193901 - Downloaded: 72.32416966682995% (173473540/239855557)
[2026-02-16 20:42:50.897] [info]  Download speed: 3185514 - Downloaded: 73.46500335616572% (176209893/239855557)
[2026-02-16 20:42:51.898] [info]  Download speed: 3192020 - Downloaded: 74.94718831967691% (179764996/239855557)
[2026-02-16 20:42:52.901] [info]  Download speed: 3199330 - Downloaded: 76.45668138512212% (183385599/239855557)
[2026-02-16 20:42:53.905] [info]  Download speed: 3206398 - Downloaded: 77.96641459509733% (187006778/239855557)
[2026-02-16 20:42:54.908] [info]  Download speed: 3213164 - Downloaded: 79.47590766054255% (190627381/239855557)
[2026-02-16 20:42:56.024] [info]  Download speed: 3208320 - Downloaded: 80.8488602163176% (193920484/239855557)
[2026-02-16 20:42:57.025] [info]  Download speed: 3223515 - Downloaded: 82.57705824176507% (198065663/239855557)
[2026-02-16 20:42:58.030] [info]  Download speed: 3222274 - Downloaded: 83.89539459367205% (201227766/239855557)
[2026-02-16 20:42:59.030] [info]  Download speed: 3224431 - Downloaded: 85.29589539591113% (204586945/239855557)
[2026-02-16 20:43:00.033] [info]  Download speed: 3228141 - Downloaded: 86.74394523200478% (208060173/239855557)
[2026-02-16 20:43:01.145] [info]  Download speed: 3219871 - Downloaded: 88.0144924055272% (211107651/239855557)
[2026-02-16 20:43:02.146] [info]  Download speed: 3215019 - Downloaded: 89.22359634969807% (214007754/239855557)
[2026-02-16 20:43:03.151] [info]  Download speed: 3213998 - Downloaded: 90.54193270160508% (217169857/239855557)
[2026-02-16 20:43:04.155] [info]  Download speed: 3216158 - Downloaded: 91.94902038479768% (220544835/239855557)
[2026-02-16 20:43:05.157] [info]  Download speed: 3220467 - Downloaded: 93.41755129734184% (224067188/239855557)
[2026-02-16 20:43:06.160] [info]  Download speed: 3224847 - Downloaded: 94.8931493798995% (227606492/239855557)
[2026-02-16 20:43:07.160] [info]  Download speed: 3228546 - Downloaded: 96.34802624147666% (231096095/239855557)
[2026-02-16 20:43:08.164] [info]  Download speed: 3224294 - Downloaded: 97.57078423661454% (234028948/239855557)
[2026-02-16 20:43:09.165] [info]  Download speed: 3227856 - Downloaded: 99.02566109819169% (237518551/239855557)
[2026-02-16 20:43:09.814] [info]  Download speed: 3231118 - Downloaded: 100% (239855557/239855557)
[2026-02-16 20:43:09.850] [info]  New version 0.54.0 has been downloaded to /home/a7r/.cache/anytype-updater/pending/Anytype-0.54.0.AppImage
[2026-02-16 20:43:09.852] [info]  Update downloaded: {
   "version": "0.54.0",
   "files": [
      {
         "url": "Anytype-0.54.0.AppImage",
         "sha512": "yatAVWxDZy3pfNbIuFupDUsAhY9dqDo/Bp5T9ke3CemzIxDeDctz+CtXSN0o9eDG0LszbHkJjU8i+tqLXuf3hA==",
         "size": 239855557,
         "blockMapSize": 251865
      },
      {
         "url": "anytype_0.54.0_amd64.deb",
         "sha512": "2PFYtNrANMT2ctOq7W+SokuiXbhTRHLeifeUF0ZcffhwL8MhtW5wZ6s+GkWJXrDJoMukASBTSltq0bT884bAvw==",
         "size": 200506564
      },
      {
         "url": "anytype_0.54.0_amd64.deb",
         "sha512": "2PFYtNrANMT2ctOq7W+SokuiXbhTRHLeifeUF0ZcffhwL8MhtW5wZ6s+GkWJXrDJoMukASBTSltq0bT884bAvw==",
         "size": 200506564
      },
      {
         "url": "anytype_0.54.0_amd64.deb",
         "sha512": "2PFYtNrANMT2ctOq7W+SokuiXbhTRHLeifeUF0ZcffhwL8MhtW5wZ6s+GkWJXrDJoMukASBTSltq0bT884bAvw==",
         "size": 200506564
      },
      {
         "url": "anytype-0.54.0.x86_64.rpm",
         "sha512": "GWm3NFJkBy/3UIr/ouS86m+WBsLUCN4TSiXU24o9AYSVfUcZ40aX44z0gw6wn8DVIcBJFS5vtdADG17d1hf2qQ==",
         "size": 177621409
      },
      {
         "url": "anytype-0.54.0.x86_64.rpm",
         "sha512": "GWm3NFJkBy/3UIr/ouS86m+WBsLUCN4TSiXU24o9AYSVfUcZ40aX44z0gw6wn8DVIcBJFS5vtdADG17d1hf2qQ==",
         "size": 177621409
      },
      {
         "url": "anytype-0.54.0.x86_64.rpm",
         "sha512": "GWm3NFJkBy/3UIr/ouS86m+WBsLUCN4TSiXU24o9AYSVfUcZ40aX44z0gw6wn8DVIcBJFS5vtdADG17d1hf2qQ==",
         "size": 177621409
      }
   ],
   "path": "Anytype-0.54.0.AppImage",
   "sha512": "yatAVWxDZy3pfNbIuFupDUsAhY9dqDo/Bp5T9ke3CemzIxDeDctz+CtXSN0o9eDG0LszbHkJjU8i+tqLXuf3hA==",
   "releaseDate": "2026-02-16T18:24:33.685Z",
   "downloadedFile": "/home/a7r/.cache/anytype-updater/pending/Anytype-0.54.0.AppImage"
}
[2026-02-16 22:52:15.803] [info]  second-instance
[2026-02-16 22:52:15.815] [info]  [Api].exit, relaunch: false
[2026-02-16 22:52:15.827] [info]  [Api].shutdown, relaunch: false
[2026-02-16 22:52:36.397] [info]  [Api].exit, relaunch: true
[2026-02-16 22:52:36.993] [info]  [Api].shutdown, relaunch: true
[2026-02-16 22:52:36.994] [info]  Relaunch
[2026-02-16 22:52:36.994] [info]  Install on explicit quitAndInstall
[2026-02-16 22:52:36.994] [info]  Install: isSilent: false, isForceRunAfter: true
[2026-02-16 22:52:36.995] [error] Error: Error: EACCES: permission denied, unlink '/usr/bin/anytype'
    at unlinkSync (node:fs:1952:11)
    at AppImageUpdater.doInstall (/tmp/.mount_anytypmbY9l8/resources/app.asar/node_modules/electron-updater/out/AppImageUpdater.js:78:29)
    at AppImageUpdater.install (/tmp/.mount_anytypmbY9l8/resources/app.asar/node_modules/electron-updater/out/BaseUpdater.js:57:25)
    at AppImageUpdater.quitAndInstall (/tmp/.mount_anytypmbY9l8/resources/app.asar/node_modules/electron-updater/out/BaseUpdater.js:15:34)
    at UpdateManager.relaunch (/tmp/.mount_anytypmbY9l8/resources/app.asar/electron/js/update.js:134:15)
    at Api.shutdown (/tmp/.mount_anytypmbY9l8/resources/app.asar/electron/js/api.js:202:18)
    at /tmp/.mount_anytypmbY9l8/resources/app.asar/electron/js/api.js:220:39
    at process.processTicksAndRejections (node:internal/process/task_queues:105:5)
[2026-02-16 22:52:36.996] [info]  undefined
[2026-02-16 22:54:28.741] [info]  second-instance
[2026-02-16 22:54:28.755] [info]  [Api].exit, relaunch: false
[2026-02-16 22:54:28.771] [info]  [Api].shutdown, relaunch: false
[2026-02-16 22:55:53.288] [info]  closeMain: true
[2026-02-16 22:55:53.426] [info]  before-quit
[2026-02-16 23:09:56.652] [info]  second-instance
[2026-02-16 23:09:56.656] [info]  [Api].exit, relaunch: false
[2026-02-16 23:09:56.661] [info]  [Api].shutdown, relaunch: false
[2026-02-16 23:11:21.939] [info]  closeMain: undefined
[2026-02-18 19:04:29.627] [info]  [PowerMonitor] resume
[2026-02-18 19:06:12.574] [info]  second-instance
[2026-02-18 19:06:12.586] [info]  [Api].exit, relaunch: false
[2026-02-18 19:06:12.592] [info]  [Api].shutdown, relaunch: false
[2026-02-18 19:12:36.520] [info]  Checking for update
[2026-02-18 19:12:36.520] [info]  Checking for update
[2026-02-18 19:12:36.866] [info]  Found version 0.54.2 (url: Anytype-0.54.2.AppImage, anytype_0.54.2_amd64.deb, anytype_0.54.2_amd64.deb, anytype_0.54.2_amd64.deb, anytype-0.54.2.x86_64.rpm, anytype-0.54.2.x86_64.rpm, anytype-0.54.2.x86_64.rpm)
[2026-02-18 19:12:36.867] [info]  Update available: {
   "version": "0.54.2",
   "files": [
      {
         "url": "Anytype-0.54.2.AppImage",
         "sha512": "fOmcfFsUFT9Xel9Y8QO13KN1kiQnvJLjMw0djoQjMM4JXoiygR3sbDcR1nudXsM/DeVJAZIAnCWQkxUmmXvqfA==",
         "size": 239810321,
         "blockMapSize": 251685
      },
      {
         "url": "anytype_0.54.2_amd64.deb",
         "sha512": "H6XzSq3gyTGfMuSa+A0hYRt0bbVoCbfIhj6BWp25SyouneIrZo0o59wNEjclTa/IuLZS+WUX0qG2CIGt1OIfVw==",
         "size": 200476728
      },
      {
         "url": "anytype_0.54.2_amd64.deb",
         "sha512": "H6XzSq3gyTGfMuSa+A0hYRt0bbVoCbfIhj6BWp25SyouneIrZo0o59wNEjclTa/IuLZS+WUX0qG2CIGt1OIfVw==",
         "size": 200476728
      },
      {
         "url": "anytype_0.54.2_amd64.deb",
         "sha512": "H6XzSq3gyTGfMuSa+A0hYRt0bbVoCbfIhj6BWp25SyouneIrZo0o59wNEjclTa/IuLZS+WUX0qG2CIGt1OIfVw==",
         "size": 200476728
      },
      {
         "url": "anytype-0.54.2.x86_64.rpm",
         "sha512": "rN0TphisvZ+Bf4vDVKvogL1aj0KX/gWOnSAJfcQgcTL6O1vAeqEFyPPdlZjLU3phmwvr7P0dlpxk85HUAMi5DQ==",
         "size": 177620797
      },
      {
         "url": "anytype-0.54.2.x86_64.rpm",
         "sha512": "rN0TphisvZ+Bf4vDVKvogL1aj0KX/gWOnSAJfcQgcTL6O1vAeqEFyPPdlZjLU3phmwvr7P0dlpxk85HUAMi5DQ==",
         "size": 177620797
      },
      {
         "url": "anytype-0.54.2.x86_64.rpm",
         "sha512": "rN0TphisvZ+Bf4vDVKvogL1aj0KX/gWOnSAJfcQgcTL6O1vAeqEFyPPdlZjLU3phmwvr7P0dlpxk85HUAMi5DQ==",
         "size": 177620797
      }
   ],
   "path": "Anytype-0.54.2.AppImage",
   "sha512": "fOmcfFsUFT9Xel9Y8QO13KN1kiQnvJLjMw0djoQjMM4JXoiygR3sbDcR1nudXsM/DeVJAZIAnCWQkxUmmXvqfA==",
   "releaseDate": "2026-02-18T15:43:11.738Z"
}
[2026-02-18 19:12:36.868] [info]  Downloading update from Anytype-0.54.2.AppImage, anytype_0.54.2_amd64.deb, anytype_0.54.2_amd64.deb, anytype_0.54.2_amd64.deb, anytype-0.54.2.x86_64.rpm, anytype-0.54.2.x86_64.rpm, anytype-0.54.2.x86_64.rpm
[2026-02-18 19:12:36.871] [debug] updater cache dir: /home/a7r/.cache/anytype-updater
[2026-02-18 19:12:36.872] [debug] checkForUpdatesAndNotify called, downloadPromise is null
[2026-02-18 19:12:36.876] [info]  Cached update sha512 checksum doesn't match the latest available update. New update must be downloaded. Cached: yatAVWxDZy3pfNbIuFupDUsAhY9dqDo/Bp5T9ke3CemzIxDeDctz+CtXSN0o9eDG0LszbHkJjU8i+tqLXuf3hA==, expected: fOmcfFsUFT9Xel9Y8QO13KN1kiQnvJLjMw0djoQjMM4JXoiygR3sbDcR1nudXsM/DeVJAZIAnCWQkxUmmXvqfA==. Directory for cached update will be cleaned
[2026-02-18 19:12:37.306] [debug] DAnyYX4ihDz4J1v9IJUn505Y duplicated in blockmap (same size), it doesn't lead to broken differential downloader, just corresponding block will be skipped)
[2026-02-18 19:12:37.307] [debug] KX9GTXhe3x1c7mzeDrSJhKAA duplicated in blockmap (same size), it doesn't lead to broken differential downloader, just corresponding block will be skipped)
[2026-02-18 19:12:37.307] [debug] TUe01hrmQpaU9e89sr3L8HDs duplicated in blockmap (same size), it doesn't lead to broken differential downloader, just corresponding block will be skipped)
[2026-02-18 19:12:37.307] [debug] k5KHulLCH2oITQpFr41EVXtC duplicated in blockmap (same size), it doesn't lead to broken differential downloader, just corresponding block will be skipped)
[2026-02-18 19:12:37.307] [debug] WObq4ezNKrR80zra/WoANSES duplicated in blockmap (same size), it doesn't lead to broken differential downloader, just corresponding block will be skipped)
[2026-02-18 19:12:37.308] [debug] KXEBdSmayN3ZGwAFa8mZCnld duplicated in blockmap (same size), it doesn't lead to broken differential downloader, just corresponding block will be skipped)
[2026-02-18 19:12:37.308] [debug] AGqEPIOCTGhe8aP6hWX6n6cv duplicated in blockmap (same size), it doesn't lead to broken differential downloader, just corresponding block will be skipped)
[2026-02-18 19:12:37.308] [debug] YEqiS1XztJRo1MAtb7ORGnmO duplicated in blockmap (same size), it doesn't lead to broken differential downloader, just corresponding block will be skipped)
[2026-02-18 19:12:37.308] [debug] jKt8MmLaLJ6H5QPSkkTuIdoq duplicated in blockmap (same size), it doesn't lead to broken differential downloader, just corresponding block will be skipped)
[2026-02-18 19:12:37.308] [debug] zDduqPimrlC7Y/am3WFM9JKv duplicated in blockmap (same size), it doesn't lead to broken differential downloader, just corresponding block will be skipped)
[2026-02-18 19:12:37.308] [debug] FM5cFP2XOQ6+4mnsnG3nS+4m duplicated in blockmap (same size), it doesn't lead to broken differential downloader, just corresponding block will be skipped)
[2026-02-18 19:12:37.308] [debug] Y1rkGKj/te8GnPl2ZnlAl6TJ duplicated in blockmap (same size), it doesn't lead to broken differential downloader, just corresponding block will be skipped)
[2026-02-18 19:12:37.315] [info]  File has 9208 changed blocks
[2026-02-18 19:12:37.316] [debug] [
  {
    "kind": 0,
    "start": 0,
    "end": 159006
  },
  {
    "kind": 1,
    "start": 159006,
    "end": 85950939
  },
  {
    "kind": 0,
    "start": 87050060,
    "end": 91637405
  },
  {
    "kind": 1,
    "start": 90538284,
    "end": 147627919
  },
  {
    "kind": 0,
    "start": 148083478,
    "end": 148095417
  },
  {
    "kind": 1,
    "start": 147639858,
    "end": 147939600
  },
  {
    "kind": 0,
    "start": 148395090,
    "end": 148699959
  },
  {
    "kind": 1,
    "start": 148244469,
    "end": 148978486
  },
  {
    "kind": 0,
    "start": 149407640,
    "end": 149926907
  },
  {
    "kind": 0,
    "start": 148069100,
    "end": 148123950
  },
  {
    "kind": 1,
    "start": 149552603,
    "end": 149732129
  },
  {
    "kind": 0,
    "start": 150161277,
    "end": 150268668
  },
  {
    "kind": 0,
    "start": 148395090,
    "end": 148554663
  },
  {
    "kind": 0,
    "start": 150428241,
    "end": 152186260
  },
  {
    "kind": 1,
    "start": 151757112,
    "end": 177735334
  },
  {
    "kind": 0,
    "start": 177962771,
    "end": 178806356
  },
  {
    "kind": 1,
    "start": 178578919,
    "end": 178629967
  },
  {
    "kind": 0,
    "start": 178855345,
    "end": 212108146
  },
  {
    "kind": 1,
    "start": 211882768,
    "end": 211916656
  },
  {
    "kind": 0,
    "start": 212149779,
    "end": 212620124
  },
  {
    "kind": 1,
    "start": 212387001,
    "end": 225905796
  },
  {
    "kind": 0,
    "start": 225407973,
    "end": 229738778
  },
  {
    "kind": 1,
    "start": 230236601,
    "end": 231116938
  },
  {
    "kind": 0,
    "start": 230197423,
    "end": 231494046
  },
  {
    "kind": 1,
    "start": 232413561,
    "end": 232488170
  },
  {
    "kind": 0,
    "start": 231538615,
    "end": 231579626
  },
  {
    "kind": 1,
    "start": 232529181,
    "end": 233571110
  },
  {
    "kind": 0,
    "start": 232560202,
    "end": 232569320
  },
  {
    "kind": 1,
    "start": 233580228,
    "end": 233624604
  },
  {
    "kind": 0,
    "start": 232613682,
    "end": 232702194
  },
  {
    "kind": 1,
    "start": 233713116,
    "end": 235319743
  },
  {
    "kind": 0,
    "start": 234249055,
    "end": 234327133
  },
  {
    "kind": 1,
    "start": 235397821,
    "end": 239155441
  },
  {
    "kind": 0,
    "start": 237959355,
    "end": 238041420
  },
  {
    "kind": 1,
    "start": 239237506,
    "end": 239558632
  }
]
[2026-02-18 19:12:37.346] [info]  Full: 234,189.77 KB, To download: 186,917.41 KB (80%)
[2026-02-18 19:12:37.440] [error] Cannot download differentially, fallback to full download: Error: Content-Type "multipart/byteranges" is expected, but got "binary/octet-stream"
    at ClientRequest.<anonymous> (/tmp/.mount_anytypkPGIFo/resources/app.asar/node_modules/electron-updater/out/differentialDownloader/multipleRangeDownloader.js:81:20)
    at ClientRequest.emit (node:events:519:28)
    at SimpleURLLoaderWrapper.<anonymous> (node:electron/js2c/browser_init:2:123892)
    at SimpleURLLoaderWrapper.emit (node:events:519:28)
[2026-02-18 19:12:39.092] [info]  Download speed: 1389672 - Downloaded: 0.5806468187830831% (1392451/239810321)
[2026-02-18 19:12:40.097] [info]  Download speed: 1575537 - Downloaded: 1.3185850328768793% (3162103/239810321)
[2026-02-18 19:12:41.100] [info]  Download speed: 2237814 - Downloaded: 2.8078778977990693% (6733581/239810321)
[2026-02-18 19:12:42.099] [info]  Download speed: 2603158 - Downloaded: 4.3517972689757585% (10436059/239810321)
[2026-02-18 19:12:43.099] [info]  Download speed: 2819473 - Downloaded: 5.889128516699663% (14122738/239810321)
[2026-02-18 19:12:44.103] [info]  Download speed: 2962216 - Downloaded: 7.426219574594539% (17808841/239810321)
[2026-02-18 19:12:45.106] [info]  Download speed: 3056784 - Downloaded: 8.943065882473007% (21446395/239810321)
[2026-02-18 19:12:46.111] [info]  Download speed: 3090465 - Downloaded: 10.336762361449821% (24788623/239810321)
[2026-02-18 19:12:47.113] [info]  Download speed: 3152228 - Downloaded: 11.860436982610102% (28442552/239810321)
[2026-02-18 19:12:48.114] [info]  Download speed: 3201906 - Downloaded: 13.383871413941353% (32095905/239810321)
[2026-02-18 19:12:49.118] [info]  Download speed: 3219408 - Downloaded: 14.804881146045421% (35503633/239810321)
[2026-02-18 19:12:50.118] [info]  Download speed: 3236474 - Downloaded: 16.232959381260326% (38928312/239810321)
[2026-02-18 19:12:51.143] [info]  Download speed: 3233359 - Downloaded: 17.59934260710989% (42205040/239810321)
[2026-02-18 19:12:52.153] [info]  Download speed: 3104813 - Downloaded: 18.207302679020223% (43662991/239810321)
[2026-02-18 19:12:53.177] [info]  Download speed: 2958155 - Downloaded: 18.610413352476186% (44629692/239810321)
[2026-02-18 19:12:54.179] [info]  Download speed: 2842153 - Downloaded: 19.068150532186646% (45727393/239810321)
[2026-02-18 19:12:55.187] [info]  Download speed: 2753318 - Downloaded: 19.62831241112429% (47070719/239810321)
[2026-02-18 19:12:56.210] [info]  Download speed: 2682733 - Downloaded: 20.270654239272712% (48611121/239810321)
[2026-02-18 19:12:57.211] [info]  Download speed: 2627102 - Downloaded: 20.94689744400117% (50232822/239810321)
[2026-02-18 19:12:58.212] [info]  Download speed: 2580290 - Downloaded: 21.650694091685903% (51920599/239810321)
[2026-02-18 19:12:59.212] [info]  Download speed: 2544237 - Downloaded: 22.409117245625136% (53739376/239810321)
[2026-02-18 19:13:00.216] [info]  Download speed: 2525051 - Downloaded: 23.297278351918806% (55869278/239810321)
[2026-02-18 19:13:01.218] [info]  Download speed: 2535360 - Downloaded: 24.45174367620316% (58637805/239810321)
[2026-02-18 19:13:02.222] [info]  Download speed: 2578578 - Downloaded: 25.948105044236193% (62226234/239810321)
[2026-02-18 19:13:03.222] [info]  Download speed: 2616782 - Downloaded: 27.423741282594754% (65764962/239810321)
[2026-02-18 19:13:04.224] [info]  Download speed: 2655014 - Downloaded: 28.933759277191413% (69386141/239810321)
[2026-02-18 19:13:05.224] [info]  Download speed: 2690600 - Downloaded: 30.443537081959036% (73006744/239810321)
[2026-02-18 19:13:06.309] [info]  Download speed: 2686438 - Downloaded: 31.61189922263604% (75808597/239810321)
[2026-02-18 19:13:07.312] [info]  Download speed: 2748410 - Downloaded: 33.49064613445057% (80314026/239810321)
[2026-02-18 19:13:08.314] [info]  Download speed: 2766250 - Downloaded: 34.86385767358195% (83607129/239810321)
[2026-02-18 19:13:09.317] [info]  Download speed: 2788118 - Downloaded: 36.305592535360475% (87064558/239810321)
[2026-02-18 19:13:10.320] [info]  Download speed: 2812672 - Downloaded: 37.801713713564475% (90652411/239810321)
[2026-02-18 19:13:11.320] [info]  Download speed: 2836492 - Downloaded: 39.304663205050296% (94256639/239810321)
[2026-02-18 19:13:12.323] [info]  Download speed: 2859644 - Downloaded: 40.82150951292876% (97894193/239810321)
[2026-02-18 19:13:13.325] [info]  Download speed: 2882008 - Downloaded: 42.34494394426002% (101547546/239810321)
[2026-02-18 19:13:14.326] [info]  Download speed: 2902779 - Downloaded: 43.86179025213848% (105185100/239810321)
[2026-02-18 19:13:15.327] [info]  Download speed: 2922418 - Downloaded: 45.378396370187914% (108822078/239810321)
[2026-02-18 19:13:16.330] [info]  Download speed: 2940967 - Downloaded: 46.89524267806639% (112459632/239810321)
[2026-02-18 19:13:17.329] [info]  Download speed: 2958287 - Downloaded: 48.40502048283402% (116080235/239810321)
[2026-02-18 19:13:18.333] [info]  Download speed: 2974465 - Downloaded: 49.91503847743067% (119701414/239810321)
[2026-02-18 19:13:19.336] [info]  Download speed: 2989915 - Downloaded: 51.42481628219829% (123322017/239810321)
[2026-02-18 19:13:20.339] [info]  Download speed: 3004256 - Downloaded: 52.92800596351314% (126926821/239810321)
[2026-02-18 19:13:21.341] [info]  Download speed: 3017611 - Downloaded: 54.424127141717136% (130514674/239810321)
[2026-02-18 19:13:22.344] [info]  Download speed: 3030292 - Downloaded: 55.92024831992114% (134102527/239810321)
[2026-02-18 19:13:23.346] [info]  Download speed: 3042129 - Downloaded: 57.40978137467236% (137674581/239810321)
[2026-02-18 19:13:24.349] [info]  Download speed: 3022212 - Downloaded: 58.29794248096603% (139804483/239810321)
[2026-02-18 19:13:25.352] [info]  Download speed: 3009376 - Downloaded: 59.30901322633232% (142229135/239810321)
[2026-02-18 19:13:26.353] [info]  Download speed: 2999585 - Downloaded: 60.36812235450033% (144768988/239810321)
[2026-02-18 19:13:27.357] [info]  Download speed: 2992325 - Downloaded: 61.474789485811996% (147422890/239810321)
[2026-02-18 19:13:28.357] [info]  Download speed: 2988862 - Downloaded: 62.649979939770816% (150241118/239810321)
[2026-02-18 19:13:29.361] [info]  Download speed: 2988814 - Downloaded: 63.900281839829574% (153239471/239810321)
[2026-02-18 19:13:30.362] [info]  Download speed: 2991132 - Downloaded: 65.19838193286101% (156352449/239810321)
[2026-02-18 19:13:31.366] [info]  Download speed: 2997498 - Downloaded: 66.59207841183783% (159694677/239810321)
[2026-02-18 19:13:32.369] [info]  Download speed: 3007001 - Downloaded: 68.06088633691458% (163217030/239810321)
[2026-02-18 19:13:33.372] [info]  Download speed: 3017948 - Downloaded: 69.57090433151124% (166838209/239810321)
[2026-02-18 19:13:34.375] [info]  Download speed: 3028494 - Downloaded: 71.08068213627887% (170458812/239810321)
[2026-02-18 19:13:35.379] [info]  Download speed: 3038629 - Downloaded: 72.59070013087552% (174079991/239810321)
[2026-02-18 19:13:36.383] [info]  Download speed: 3048404 - Downloaded: 74.10047793564316% (177700594/239810321)
[2026-02-18 19:13:37.383] [info]  Download speed: 3057778 - Downloaded: 75.60342742712895% (181304822/239810321)
[2026-02-18 19:13:38.386] [info]  Download speed: 3056912 - Downloaded: 76.86055764046952% (184319550/239810321)
[2026-02-18 19:13:39.390] [info]  Download speed: 3072061 - Downloaded: 78.52762684054787% (188317354/239810321)
[2026-02-18 19:13:40.392] [info]  Download speed: 3073934 - Downloaded: 79.85986849998838% (191512207/239810321)
[2026-02-18 19:13:41.392] [info]  Download speed: 3079724 - Downloaded: 81.29453485865606% (194952685/239810321)
[2026-02-18 19:13:42.511] [info]  Download speed: 3079644 - Downloaded: 82.72944140715278% (198393739/239810321)
[2026-02-18 19:13:43.514] [info]  Download speed: 3094538 - Downloaded: 84.42382386035837% (202457043/239810321)
[2026-02-18 19:13:44.515] [info]  Download speed: 3102657 - Downloaded: 85.9404299784078% (206094021/239810321)
[2026-02-18 19:13:45.515] [info]  Download speed: 3110591 - Downloaded: 87.45727628628627% (209731575/239810321)
[2026-02-18 19:13:46.518] [info]  Download speed: 3118147 - Downloaded: 88.97388240433571% (213368553/239810321)
[2026-02-18 19:13:47.522] [info]  Download speed: 3125440 - Downloaded: 90.49048852238516% (217005531/239810321)
[2026-02-18 19:13:48.522] [info]  Download speed: 3132478 - Downloaded: 92.0005065169818% (220626710/239810321)
[2026-02-18 19:13:49.526] [info]  Download speed: 3138677 - Downloaded: 93.49662769518581% (224214563/239810321)
[2026-02-18 19:13:50.529] [info]  Download speed: 3145208 - Downloaded: 95.00664568978246% (227835742/239810321)
[2026-02-18 19:13:51.529] [info]  Download speed: 3151459 - Downloaded: 96.50959518126828% (231439970/239810321)
[2026-02-18 19:13:52.604] [info]  Download speed: 3154371 - Downloaded: 98.01278486258312% (235044774/239810321)
[2026-02-18 19:13:53.606] [info]  Download speed: 3163497 - Downloaded: 99.61815905329613% (238894627/239810321)
[2026-02-18 19:13:53.861] [info]  Download speed: 3164935 - Downloaded: 100% (239810321/239810321)
[2026-02-18 19:13:53.909] [info]  New version 0.54.2 has been downloaded to /home/a7r/.cache/anytype-updater/pending/Anytype-0.54.2.AppImage
[2026-02-18 19:13:54.384] [info]  Update downloaded: {
   "version": "0.54.2",
   "files": [
      {
         "url": "Anytype-0.54.2.AppImage",
         "sha512": "fOmcfFsUFT9Xel9Y8QO13KN1kiQnvJLjMw0djoQjMM4JXoiygR3sbDcR1nudXsM/DeVJAZIAnCWQkxUmmXvqfA==",
         "size": 239810321,
         "blockMapSize": 251685
      },
      {
         "url": "anytype_0.54.2_amd64.deb",
         "sha512": "H6XzSq3gyTGfMuSa+A0hYRt0bbVoCbfIhj6BWp25SyouneIrZo0o59wNEjclTa/IuLZS+WUX0qG2CIGt1OIfVw==",
         "size": 200476728
      },
      {
         "url": "anytype_0.54.2_amd64.deb",
         "sha512": "H6XzSq3gyTGfMuSa+A0hYRt0bbVoCbfIhj6BWp25SyouneIrZo0o59wNEjclTa/IuLZS+WUX0qG2CIGt1OIfVw==",
         "size": 200476728
      },
      {
         "url": "anytype_0.54.2_amd64.deb",
         "sha512": "H6XzSq3gyTGfMuSa+A0hYRt0bbVoCbfIhj6BWp25SyouneIrZo0o59wNEjclTa/IuLZS+WUX0qG2CIGt1OIfVw==",
         "size": 200476728
      },
      {
         "url": "anytype-0.54.2.x86_64.rpm",
         "sha512": "rN0TphisvZ+Bf4vDVKvogL1aj0KX/gWOnSAJfcQgcTL6O1vAeqEFyPPdlZjLU3phmwvr7P0dlpxk85HUAMi5DQ==",
         "size": 177620797
      },
      {
         "url": "anytype-0.54.2.x86_64.rpm",
         "sha512": "rN0TphisvZ+Bf4vDVKvogL1aj0KX/gWOnSAJfcQgcTL6O1vAeqEFyPPdlZjLU3phmwvr7P0dlpxk85HUAMi5DQ==",
         "size": 177620797
      },
      {
         "url": "anytype-0.54.2.x86_64.rpm",
         "sha512": "rN0TphisvZ+Bf4vDVKvogL1aj0KX/gWOnSAJfcQgcTL6O1vAeqEFyPPdlZjLU3phmwvr7P0dlpxk85HUAMi5DQ==",
         "size": 177620797
      }
   ],
   "path": "Anytype-0.54.2.AppImage",
   "sha512": "fOmcfFsUFT9Xel9Y8QO13KN1kiQnvJLjMw0djoQjMM4JXoiygR3sbDcR1nudXsM/DeVJAZIAnCWQkxUmmXvqfA==",
   "releaseDate": "2026-02-18T15:43:11.738Z",
   "downloadedFile": "/home/a7r/.cache/anytype-updater/pending/Anytype-0.54.2.AppImage"
}
[2026-02-18 19:14:23.216] [info]  [Api].exit, relaunch: true
[2026-02-18 19:14:23.493] [info]  [Api].shutdown, relaunch: true
[2026-02-18 19:14:23.494] [info]  Relaunch
[2026-02-18 19:14:23.496] [info]  Install on explicit quitAndInstall
[2026-02-18 19:14:23.497] [info]  Install: isSilent: false, isForceRunAfter: true
[2026-02-18 19:14:23.500] [error] Error: Error: EACCES: permission denied, unlink '/usr/bin/anytype'
    at unlinkSync (node:fs:1952:11)
    at AppImageUpdater.doInstall (/tmp/.mount_anytypkPGIFo/resources/app.asar/node_modules/electron-updater/out/AppImageUpdater.js:78:29)
    at AppImageUpdater.install (/tmp/.mount_anytypkPGIFo/resources/app.asar/node_modules/electron-updater/out/BaseUpdater.js:57:25)
    at AppImageUpdater.quitAndInstall (/tmp/.mount_anytypkPGIFo/resources/app.asar/node_modules/electron-updater/out/BaseUpdater.js:15:34)
    at UpdateManager.relaunch (/tmp/.mount_anytypkPGIFo/resources/app.asar/electron/js/update.js:134:15)
    at Api.shutdown (/tmp/.mount_anytypkPGIFo/resources/app.asar/electron/js/api.js:202:18)
    at /tmp/.mount_anytypkPGIFo/resources/app.asar/electron/js/api.js:220:39
    at process.processTicksAndRejections (node:internal/process/task_queues:105:5)
[2026-02-18 19:14:23.501] [info]  undefined
[2026-02-18 19:17:44.174] [info]  second-instance
[2026-02-18 19:17:44.184] [info]  [Api].exit, relaunch: false
[2026-02-18 19:17:44.192] [info]  [Api].shutdown, relaunch: false
[2026-02-18 19:24:14.596] [info]  before-quit
[2026-02-18 19:34:23.502] [info]  Checking for update
[2026-02-18 19:34:23.514] [info]  Checking for update
[2026-02-18 19:34:23.870] [info]  Found version 0.54.2 (url: Anytype-0.54.2.AppImage, anytype_0.54.2_amd64.deb, anytype_0.54.2_amd64.deb, anytype_0.54.2_amd64.deb, anytype-0.54.2.x86_64.rpm, anytype-0.54.2.x86_64.rpm, anytype-0.54.2.x86_64.rpm)
[2026-02-18 19:34:23.871] [info]  Update available: {
   "version": "0.54.2",
   "files": [
      {
         "url": "Anytype-0.54.2.AppImage",
         "sha512": "fOmcfFsUFT9Xel9Y8QO13KN1kiQnvJLjMw0djoQjMM4JXoiygR3sbDcR1nudXsM/DeVJAZIAnCWQkxUmmXvqfA==",
         "size": 239810321,
         "blockMapSize": 251685
      },
      {
         "url": "anytype_0.54.2_amd64.deb",
         "sha512": "H6XzSq3gyTGfMuSa+A0hYRt0bbVoCbfIhj6BWp25SyouneIrZo0o59wNEjclTa/IuLZS+WUX0qG2CIGt1OIfVw==",
         "size": 200476728
      },
      {
         "url": "anytype_0.54.2_amd64.deb",
         "sha512": "H6XzSq3gyTGfMuSa+A0hYRt0bbVoCbfIhj6BWp25SyouneIrZo0o59wNEjclTa/IuLZS+WUX0qG2CIGt1OIfVw==",
         "size": 200476728
      },
      {
         "url": "anytype_0.54.2_amd64.deb",
         "sha512": "H6XzSq3gyTGfMuSa+A0hYRt0bbVoCbfIhj6BWp25SyouneIrZo0o59wNEjclTa/IuLZS+WUX0qG2CIGt1OIfVw==",
         "size": 200476728
      },
      {
         "url": "anytype-0.54.2.x86_64.rpm",
         "sha512": "rN0TphisvZ+Bf4vDVKvogL1aj0KX/gWOnSAJfcQgcTL6O1vAeqEFyPPdlZjLU3phmwvr7P0dlpxk85HUAMi5DQ==",
         "size": 177620797
      },
      {
         "url": "anytype-0.54.2.x86_64.rpm",
         "sha512": "rN0TphisvZ+Bf4vDVKvogL1aj0KX/gWOnSAJfcQgcTL6O1vAeqEFyPPdlZjLU3phmwvr7P0dlpxk85HUAMi5DQ==",
         "size": 177620797
      },
      {
         "url": "anytype-0.54.2.x86_64.rpm",
         "sha512": "rN0TphisvZ+Bf4vDVKvogL1aj0KX/gWOnSAJfcQgcTL6O1vAeqEFyPPdlZjLU3phmwvr7P0dlpxk85HUAMi5DQ==",
         "size": 177620797
      }
   ],
   "path": "Anytype-0.54.2.AppImage",
   "sha512": "fOmcfFsUFT9Xel9Y8QO13KN1kiQnvJLjMw0djoQjMM4JXoiygR3sbDcR1nudXsM/DeVJAZIAnCWQkxUmmXvqfA==",
   "releaseDate": "2026-02-18T15:43:11.738Z"
}
[2026-02-18 19:34:23.873] [info]  Downloading update from Anytype-0.54.2.AppImage, anytype_0.54.2_amd64.deb, anytype_0.54.2_amd64.deb, anytype_0.54.2_amd64.deb, anytype-0.54.2.x86_64.rpm, anytype-0.54.2.x86_64.rpm, anytype-0.54.2.x86_64.rpm
[2026-02-18 19:34:23.876] [debug] updater cache dir: /home/a7r/.cache/anytype-updater
[2026-02-18 19:34:23.877] [debug] checkForUpdatesAndNotify called, downloadPromise is null
[2026-02-18 19:34:24.652] [info]  Update has already been downloaded to /home/a7r/.cache/anytype-updater/pending/Anytype-0.54.2.AppImage).
[2026-02-18 19:34:24.653] [info]  Update downloaded: {
   "version": "0.54.2",
   "files": [
      {
         "url": "Anytype-0.54.2.AppImage",
         "sha512": "fOmcfFsUFT9Xel9Y8QO13KN1kiQnvJLjMw0djoQjMM4JXoiygR3sbDcR1nudXsM/DeVJAZIAnCWQkxUmmXvqfA==",
         "size": 239810321,
         "blockMapSize": 251685
      },
      {
         "url": "anytype_0.54.2_amd64.deb",
         "sha512": "H6XzSq3gyTGfMuSa+A0hYRt0bbVoCbfIhj6BWp25SyouneIrZo0o59wNEjclTa/IuLZS+WUX0qG2CIGt1OIfVw==",
         "size": 200476728
      },
      {
         "url": "anytype_0.54.2_amd64.deb",
         "sha512": "H6XzSq3gyTGfMuSa+A0hYRt0bbVoCbfIhj6BWp25SyouneIrZo0o59wNEjclTa/IuLZS+WUX0qG2CIGt1OIfVw==",
         "size": 200476728
      },
      {
         "url": "anytype_0.54.2_amd64.deb",
         "sha512": "H6XzSq3gyTGfMuSa+A0hYRt0bbVoCbfIhj6BWp25SyouneIrZo0o59wNEjclTa/IuLZS+WUX0qG2CIGt1OIfVw==",
         "size": 200476728
      },
      {
         "url": "anytype-0.54.2.x86_64.rpm",
         "sha512": "rN0TphisvZ+Bf4vDVKvogL1aj0KX/gWOnSAJfcQgcTL6O1vAeqEFyPPdlZjLU3phmwvr7P0dlpxk85HUAMi5DQ==",
         "size": 177620797
      },
      {
         "url": "anytype-0.54.2.x86_64.rpm",
         "sha512": "rN0TphisvZ+Bf4vDVKvogL1aj0KX/gWOnSAJfcQgcTL6O1vAeqEFyPPdlZjLU3phmwvr7P0dlpxk85HUAMi5DQ==",
         "size": 177620797
      },
      {
         "url": "anytype-0.54.2.x86_64.rpm",
         "sha512": "rN0TphisvZ+Bf4vDVKvogL1aj0KX/gWOnSAJfcQgcTL6O1vAeqEFyPPdlZjLU3phmwvr7P0dlpxk85HUAMi5DQ==",
         "size": 177620797
      }
   ],
   "path": "Anytype-0.54.2.AppImage",
   "sha512": "fOmcfFsUFT9Xel9Y8QO13KN1kiQnvJLjMw0djoQjMM4JXoiygR3sbDcR1nudXsM/DeVJAZIAnCWQkxUmmXvqfA==",
   "releaseDate": "2026-02-18T15:43:11.738Z",
   "downloadedFile": "/home/a7r/.cache/anytype-updater/pending/Anytype-0.54.2.AppImage"
}
[2026-02-18 23:09:42.680] [info]  closeMain: undefined
[2026-02-18 23:16:06.595] [info]  second-instance
[2026-02-18 23:16:06.605] [info]  [Api].exit, relaunch: false
[2026-02-18 23:16:06.615] [info]  [Api].shutdown, relaunch: false
[2026-02-18 23:16:19.940] [info]  closeMain: undefined
[2026-02-18 23:24:31.810] [info]  second-instance
[2026-02-18 23:24:31.812] [info]  [Api].exit, relaunch: false
[2026-02-18 23:24:31.820] [info]  [Api].shutdown, relaunch: false
[2026-02-19 00:08:37.841] [info]  closeMain: undefined
[2026-02-19 19:30:13.555] [info]  [PowerMonitor] resume
[2026-02-19 19:55:19.903] [info]  second-instance
[2026-02-19 19:55:19.907] [info]  [Api].exit, relaunch: false
[2026-02-19 19:55:19.919] [info]  [Api].shutdown, relaunch: false
[2026-02-19 19:55:50.405] [info]  closeMain: undefined
[2026-02-19 20:02:34.702] [info]  second-instance
[2026-02-19 20:02:34.704] [info]  [Api].exit, relaunch: false
[2026-02-19 20:02:34.710] [info]  [Api].shutdown, relaunch: false
[2026-02-19 20:25:37.920] [info]  closeMain: undefined
[2026-02-20 12:10:08.282] [info]  closeMain: undefined
[2026-02-20 12:11:46.516] [info]  before-quit
[2026-02-20 12:11:46.517] [info]  [Api].exit, relaunch: false
[2026-02-21 23:05:37.826] [error] [Api].linuxDistro: pify(...).then is not a function
[2026-02-21 23:06:16.964] [info]  closeMain: undefined
[2026-02-21 23:06:35.189] [info]  second-instance
[2026-02-21 23:06:35.191] [info]  [Api].exit, relaunch: false
[2026-02-21 23:06:35.201] [info]  [Api].shutdown, relaunch: false
[2026-02-21 23:15:34.126] [info]  Checking for update
[2026-02-21 23:15:34.128] [info]  Checking for update
[2026-02-21 23:15:34.451] [info]  Found version 0.54.2 (url: Anytype-0.54.2.AppImage, anytype_0.54.2_amd64.deb, anytype_0.54.2_amd64.deb, anytype_0.54.2_amd64.deb, anytype-0.54.2.x86_64.rpm, anytype-0.54.2.x86_64.rpm, anytype-0.54.2.x86_64.rpm)
[2026-02-21 23:15:34.452] [info]  Update available: {
   "version": "0.54.2",
   "files": [
      {
         "url": "Anytype-0.54.2.AppImage",
         "sha512": "fOmcfFsUFT9Xel9Y8QO13KN1kiQnvJLjMw0djoQjMM4JXoiygR3sbDcR1nudXsM/DeVJAZIAnCWQkxUmmXvqfA==",
         "size": 239810321,
         "blockMapSize": 251685
      },
      {
         "url": "anytype_0.54.2_amd64.deb",
         "sha512": "H6XzSq3gyTGfMuSa+A0hYRt0bbVoCbfIhj6BWp25SyouneIrZo0o59wNEjclTa/IuLZS+WUX0qG2CIGt1OIfVw==",
         "size": 200476728
      },
      {
         "url": "anytype_0.54.2_amd64.deb",
         "sha512": "H6XzSq3gyTGfMuSa+A0hYRt0bbVoCbfIhj6BWp25SyouneIrZo0o59wNEjclTa/IuLZS+WUX0qG2CIGt1OIfVw==",
         "size": 200476728
      },
      {
         "url": "anytype_0.54.2_amd64.deb",
         "sha512": "H6XzSq3gyTGfMuSa+A0hYRt0bbVoCbfIhj6BWp25SyouneIrZo0o59wNEjclTa/IuLZS+WUX0qG2CIGt1OIfVw==",
         "size": 200476728
      },
      {
         "url": "anytype-0.54.2.x86_64.rpm",
         "sha512": "rN0TphisvZ+Bf4vDVKvogL1aj0KX/gWOnSAJfcQgcTL6O1vAeqEFyPPdlZjLU3phmwvr7P0dlpxk85HUAMi5DQ==",
         "size": 177620797
      },
      {
         "url": "anytype-0.54.2.x86_64.rpm",
         "sha512": "rN0TphisvZ+Bf4vDVKvogL1aj0KX/gWOnSAJfcQgcTL6O1vAeqEFyPPdlZjLU3phmwvr7P0dlpxk85HUAMi5DQ==",
         "size": 177620797
      },
      {
         "url": "anytype-0.54.2.x86_64.rpm",
         "sha512": "rN0TphisvZ+Bf4vDVKvogL1aj0KX/gWOnSAJfcQgcTL6O1vAeqEFyPPdlZjLU3phmwvr7P0dlpxk85HUAMi5DQ==",
         "size": 177620797
      }
   ],
   "path": "Anytype-0.54.2.AppImage",
   "sha512": "fOmcfFsUFT9Xel9Y8QO13KN1kiQnvJLjMw0djoQjMM4JXoiygR3sbDcR1nudXsM/DeVJAZIAnCWQkxUmmXvqfA==",
   "releaseDate": "2026-02-18T15:43:11.738Z"
}
[2026-02-21 23:15:34.453] [info]  Downloading update from Anytype-0.54.2.AppImage, anytype_0.54.2_amd64.deb, anytype_0.54.2_amd64.deb, anytype_0.54.2_amd64.deb, anytype-0.54.2.x86_64.rpm, anytype-0.54.2.x86_64.rpm, anytype-0.54.2.x86_64.rpm
[2026-02-21 23:15:34.457] [debug] updater cache dir: /home/a7r/.cache/anytype-updater
[2026-02-21 23:15:34.458] [debug] checkForUpdatesAndNotify called, downloadPromise is null
[2026-02-21 23:15:34.838] [debug] DAnyYX4ihDz4J1v9IJUn505Y duplicated in blockmap (same size), it doesn't lead to broken differential downloader, just corresponding block will be skipped)
[2026-02-21 23:15:34.839] [debug] KX9GTXhe3x1c7mzeDrSJhKAA duplicated in blockmap (same size), it doesn't lead to broken differential downloader, just corresponding block will be skipped)
[2026-02-21 23:15:34.839] [debug] TUe01hrmQpaU9e89sr3L8HDs duplicated in blockmap (same size), it doesn't lead to broken differential downloader, just corresponding block will be skipped)
[2026-02-21 23:15:34.839] [debug] k5KHulLCH2oITQpFr41EVXtC duplicated in blockmap (same size), it doesn't lead to broken differential downloader, just corresponding block will be skipped)
[2026-02-21 23:15:34.839] [debug] WObq4ezNKrR80zra/WoANSES duplicated in blockmap (same size), it doesn't lead to broken differential downloader, just corresponding block will be skipped)
[2026-02-21 23:15:34.839] [debug] KXEBdSmayN3ZGwAFa8mZCnld duplicated in blockmap (same size), it doesn't lead to broken differential downloader, just corresponding block will be skipped)
[2026-02-21 23:15:34.839] [debug] AGqEPIOCTGhe8aP6hWX6n6cv duplicated in blockmap (same size), it doesn't lead to broken differential downloader, just corresponding block will be skipped)
[2026-02-21 23:15:34.839] [debug] YEqiS1XztJRo1MAtb7ORGnmO duplicated in blockmap (same size), it doesn't lead to broken differential downloader, just corresponding block will be skipped)
[2026-02-21 23:15:34.839] [debug] jKt8MmLaLJ6H5QPSkkTuIdoq duplicated in blockmap (same size), it doesn't lead to broken differential downloader, just corresponding block will be skipped)
[2026-02-21 23:15:34.839] [debug] zDduqPimrlC7Y/am3WFM9JKv duplicated in blockmap (same size), it doesn't lead to broken differential downloader, just corresponding block will be skipped)
[2026-02-21 23:15:34.839] [debug] FM5cFP2XOQ6+4mnsnG3nS+4m duplicated in blockmap (same size), it doesn't lead to broken differential downloader, just corresponding block will be skipped)
[2026-02-21 23:15:34.839] [debug] Y1rkGKj/te8GnPl2ZnlAl6TJ duplicated in blockmap (same size), it doesn't lead to broken differential downloader, just corresponding block will be skipped)
[2026-02-21 23:15:34.845] [info]  File has 9208 changed blocks
[2026-02-21 23:15:34.845] [debug] [
  {
    "kind": 0,
    "start": 0,
    "end": 159006
  },
  {
    "kind": 1,
    "start": 159006,
    "end": 85950939
  },
  {
    "kind": 0,
    "start": 87050060,
    "end": 91637405
  },
  {
    "kind": 1,
    "start": 90538284,
    "end": 147627919
  },
  {
    "kind": 0,
    "start": 148083478,
    "end": 148095417
  },
  {
    "kind": 1,
    "start": 147639858,
    "end": 147939600
  },
  {
    "kind": 0,
    "start": 148395090,
    "end": 148699959
  },
  {
    "kind": 1,
    "start": 148244469,
    "end": 148978486
  },
  {
    "kind": 0,
    "start": 149407640,
    "end": 149926907
  },
  {
    "kind": 0,
    "start": 148069100,
    "end": 148123950
  },
  {
    "kind": 1,
    "start": 149552603,
    "end": 149732129
  },
  {
    "kind": 0,
    "start": 150161277,
    "end": 150268668
  },
  {
    "kind": 0,
    "start": 148395090,
    "end": 148554663
  },
  {
    "kind": 0,
    "start": 150428241,
    "end": 152186260
  },
  {
    "kind": 1,
    "start": 151757112,
    "end": 177735334
  },
  {
    "kind": 0,
    "start": 177962771,
    "end": 178806356
  },
  {
    "kind": 1,
    "start": 178578919,
    "end": 178629967
  },
  {
    "kind": 0,
    "start": 178855345,
    "end": 212108146
  },
  {
    "kind": 1,
    "start": 211882768,
    "end": 211916656
  },
  {
    "kind": 0,
    "start": 212149779,
    "end": 212620124
  },
  {
    "kind": 1,
    "start": 212387001,
    "end": 225905796
  },
  {
    "kind": 0,
    "start": 225407973,
    "end": 229738778
  },
  {
    "kind": 1,
    "start": 230236601,
    "end": 231116938
  },
  {
    "kind": 0,
    "start": 230197423,
    "end": 231494046
  },
  {
    "kind": 1,
    "start": 232413561,
    "end": 232488170
  },
  {
    "kind": 0,
    "start": 231538615,
    "end": 231579626
  },
  {
    "kind": 1,
    "start": 232529181,
    "end": 233571110
  },
  {
    "kind": 0,
    "start": 232560202,
    "end": 232569320
  },
  {
    "kind": 1,
    "start": 233580228,
    "end": 233624604
  },
  {
    "kind": 0,
    "start": 232613682,
    "end": 232702194
  },
  {
    "kind": 1,
    "start": 233713116,
    "end": 235319743
  },
  {
    "kind": 0,
    "start": 234249055,
    "end": 234327133
  },
  {
    "kind": 1,
    "start": 235397821,
    "end": 239155441
  },
  {
    "kind": 0,
    "start": 237959355,
    "end": 238041420
  },
  {
    "kind": 1,
    "start": 239237506,
    "end": 239558632
  }
]
[2026-02-21 23:15:34.872] [info]  Full: 234,189.77 KB, To download: 186,917.41 KB (80%)
[2026-02-21 23:15:34.963] [error] Cannot download differentially, fallback to full download: Error: Content-Type "multipart/byteranges" is expected, but got "binary/octet-stream"
    at ClientRequest.<anonymous> (/tmp/.mount_anytyp8B9ecc/resources/app.asar/node_modules/electron-updater/out/differentialDownloader/multipleRangeDownloader.js:81:20)
    at ClientRequest.emit (node:events:519:28)
    at SimpleURLLoaderWrapper.<anonymous> (node:electron/js2c/browser_init:2:123892)
    at SimpleURLLoaderWrapper.emit (node:events:519:28)
[2026-02-21 23:15:36.391] [info]  Download speed: 1732860 - Downloaded: 0.724041397701144% (1736326/239810321)
[2026-02-21 23:15:37.430] [info]  Download speed: 1550050 - Downloaded: 1.3185850328768793% (3162103/239810321)
[2026-02-21 23:15:38.430] [info]  Download speed: 2095801 - Downloaded: 2.6576550055991963% (6373331/239810321)
[2026-02-21 23:15:39.434] [info]  Download speed: 2503074 - Downloaded: 4.222059316621323% (10124934/239810321)
[2026-02-21 23:15:40.435] [info]  Download speed: 2743631 - Downloaded: 5.773047190908851% (13844363/239810321)
[2026-02-21 23:15:41.435] [info]  Download speed: 2902223 - Downloaded: 7.316966562085541% (17546841/239810321)
[2026-02-21 23:15:42.439] [info]  Download speed: 3014170 - Downloaded: 8.861126123091259% (21249895/239810321)
[2026-02-21 23:15:43.441] [info]  Download speed: 3096870 - Downloaded: 10.398217180986133% (24935998/239810321)
[2026-02-21 23:15:44.441] [info]  Download speed: 3160219 - Downloaded: 11.928720115428227% (28606302/239810321)
[2026-02-21 23:15:45.444] [info]  Download speed: 3209948 - Downloaded: 13.45898286004129% (32276030/239810321)
[2026-02-21 23:15:46.445] [info]  Download speed: 3249815 - Downloaded: 14.982657481201569% (35929959/239810321)
[2026-02-21 23:15:47.446] [info]  Download speed: 3234122 - Downloaded: 16.260272634387572% (38993812/239810321)
[2026-02-21 23:15:48.454] [info]  Download speed: 3178958 - Downloaded: 17.319141572726554% (41533089/239810321)
[2026-02-21 23:15:49.457] [info]  Download speed: 3156130 - Downloaded: 18.514816966530812% (44400442/239810321)
[2026-02-21 23:15:50.458] [info]  Download speed: 3179137 - Downloaded: 19.97679657832575% (47906420/239810321)
[2026-02-21 23:15:51.461] [info]  Download speed: 3201972 - Downloaded: 21.45950131979516% (51462099/239810321)
[2026-02-21 23:15:52.462] [info]  Download speed: 3225346 - Downloaded: 22.96245081128097% (55066327/239810321)
[2026-02-21 23:15:53.465] [info]  Download speed: 3245771 - Downloaded: 24.465400302766785% (58670555/239810321)
[2026-02-21 23:15:54.469] [info]  Download speed: 3263908 - Downloaded: 25.968589984081632% (62275359/239810321)
[2026-02-21 23:15:55.471] [info]  Download speed: 3279714 - Downloaded: 27.46471116228563% (65863212/239810321)
[2026-02-21 23:15:56.473] [info]  Download speed: 3294045 - Downloaded: 28.96107253031866% (69451641/239810321)
[2026-02-21 23:15:57.473] [info]  Download speed: 3306607 - Downloaded: 30.450365395240848% (73023119/239810321)
[2026-02-21 23:15:58.474] [info]  Download speed: 3317963 - Downloaded: 31.939898449992064% (76595173/239810321)
[2026-02-21 23:15:59.474] [info]  Download speed: 3327809 - Downloaded: 33.42236300163244% (80150276/239810321)
[2026-02-21 23:16:00.477] [info]  Download speed: 3336471 - Downloaded: 34.904827553272824% (83705379/239810321)
[2026-02-21 23:16:01.478] [info]  Download speed: 3344118 - Downloaded: 36.380703981460414% (87244683/239810321)
[2026-02-21 23:16:02.481] [info]  Download speed: 3350326 - Downloaded: 37.84951190653717% (90767036/239810321)
[2026-02-21 23:16:03.482] [info]  Download speed: 3334764 - Downloaded: 39.06567224018686% (93683514/239810321)
[2026-02-21 23:16:04.484] [info]  Download speed: 3337605 - Downloaded: 40.49351028557274% (97107617/239810321)
[2026-02-21 23:16:05.486] [info]  Download speed: 3344740 - Downloaded: 41.976215027042144% (100663296/239810321)
[2026-02-21 23:16:06.486] [info]  Download speed: 3351397 - Downloaded: 43.45867957868252% (104218399/239810321)
[2026-02-21 23:16:07.487] [info]  Download speed: 3358149 - Downloaded: 44.94797244360471% (107789877/239810321)
[2026-02-21 23:16:08.489] [info]  Download speed: 3364409 - Downloaded: 46.43750549835593% (111361931/239810321)
[2026-02-21 23:16:09.492] [info]  Download speed: 3352419 - Downloaded: 47.67415077185106% (114327534/239810321)
[2026-02-21 23:16:10.496] [info]  Download speed: 3331673 - Downloaded: 48.77398958988091% (116965061/239810321)
[2026-02-21 23:16:11.496] [info]  Download speed: 3317000 - Downloaded: 49.942351730557924% (119766914/239810321)
[2026-02-21 23:16:12.499] [info]  Download speed: 3287391 - Downloaded: 50.87148271654246% (121995066/239810321)
[2026-02-21 23:16:13.504] [info]  Download speed: 3259169 - Downloaded: 51.80061370252701% (124223218/239810321)
[2026-02-21 23:16:14.509] [info]  Download speed: 3235327 - Downloaded: 52.77754288148424% (126565995/239810321)
[2026-02-21 23:16:15.509] [info]  Download speed: 3216768 - Downloaded: 53.81616706980681% (129056723/239810321)
[2026-02-21 23:16:16.509] [info]  Download speed: 3203876 - Downloaded: 54.93649082768211% (131743375/239810321)
[2026-02-21 23:16:17.513] [info]  Download speed: 3195971 - Downloaded: 56.13899453476817% (134627103/239810321)
[2026-02-21 23:16:18.514] [info]  Download speed: 3192834 - Downloaded: 57.416609687954164% (137690956/239810321)
[2026-02-21 23:16:19.516] [info]  Download speed: 3193477 - Downloaded: 58.7625079739583% (140918559/239810321)
[2026-02-21 23:16:20.516] [info]  Download speed: 3175714 - Downloaded: 59.759922092760974% (143310461/239810321)
[2026-02-21 23:16:21.517] [info]  Download speed: 3151622 - Downloaded: 60.620769945927385% (145374863/239810321)
[2026-02-21 23:16:22.517] [info]  Download speed: 3134392 - Downloaded: 61.59769912488462% (147717640/239810321)
[2026-02-21 23:16:23.521] [info]  Download speed: 3123886 - Downloaded: 62.6977781327435% (150355743/239810321)
[2026-02-21 23:16:24.524] [info]  Download speed: 3116411 - Downloaded: 63.85248364685688% (153124846/239810321)
[2026-02-21 23:16:25.525] [info]  Download speed: 3113003 - Downloaded: 65.08206041724117% (156073498/239810321)
[2026-02-21 23:16:26.531] [info]  Download speed: 3098228 - Downloaded: 66.07288641259106% (158449601/239810321)
[2026-02-21 23:16:27.532] [info]  Download speed: 3088078 - Downloaded: 67.14541197749367% (161021628/239810321)
[2026-02-21 23:16:28.535] [info]  Download speed: 3081035 - Downloaded: 68.27963255176161% (163741606/239810321)
[2026-02-21 23:16:29.538] [info]  Download speed: 3076548 - Downloaded: 69.46823944245503% (166592008/239810321)
[2026-02-21 23:16:30.541] [info]  Download speed: 3075557 - Downloaded: 70.7321979690774% (169623111/239810321)
[2026-02-21 23:16:31.544] [info]  Download speed: 3076934 - Downloaded: 72.05078300195427% (172785214/239810321)
[2026-02-21 23:16:32.546] [info]  Download speed: 3061117 - Downloaded: 72.9594290480934% (174964241/239810321)
[2026-02-21 23:16:33.549] [info]  Download speed: 3049462 - Downloaded: 73.95708335672508% (177356719/239810321)
[2026-02-21 23:16:34.551] [info]  Download speed: 3045441 - Downloaded: 75.13203362085488% (180174371/239810321)
[2026-02-21 23:16:35.554] [info]  Download speed: 3053225 - Downloaded: 76.60108173576066% (183697300/239810321)
[2026-02-21 23:16:36.554] [info]  Download speed: 3063037 - Downloaded: 78.12451616709191% (187350653/239810321)
[2026-02-21 23:16:37.557] [info]  Download speed: 3072394 - Downloaded: 79.64819078825218% (191004582/239810321)
[2026-02-21 23:16:38.561] [info]  Download speed: 3081396 - Downloaded: 81.17162521958345% (194657935/239810321)
[2026-02-21 23:16:39.561] [info]  Download speed: 3089807 - Downloaded: 82.68164321418008% (198279114/239810321)
[2026-02-21 23:16:40.693] [info]  Download speed: 3084920 - Downloaded: 84.00705656033878% (201457592/239810321)
[2026-02-21 23:16:41.698] [info]  Download speed: 3101418 - Downloaded: 85.75606551979888% (205651896/239810321)
[2026-02-21 23:16:42.702] [info]  Download speed: 3106073 - Downloaded: 87.18390356518475% (209075999/239810321)
[2026-02-21 23:16:43.703] [info]  Download speed: 3112795 - Downloaded: 88.67319643010694% (212647477/239810321)
[2026-02-21 23:16:44.705] [info]  Download speed: 3119803 - Downloaded: 90.17638611142178% (216252281/239810321)
[2026-02-21 23:16:45.708] [info]  Download speed: 3126559 - Downloaded: 91.6793356029076% (219856509/239810321)
[2026-02-21 23:16:46.711] [info]  Download speed: 3133133 - Downloaded: 93.18252528422244% (223461313/239810321)
[2026-02-21 23:16:47.711] [info]  Download speed: 3139420 - Downloaded: 94.67864646242644% (227049166/239810321)
[2026-02-21 23:16:48.712] [info]  Download speed: 3145493 - Downloaded: 96.17476764063045% (230637019/239810321)
[2026-02-21 23:16:49.715] [info]  Download speed: 3151546 - Downloaded: 97.67795732194529% (234241823/239810321)
[2026-02-21 23:16:50.718] [info]  Download speed: 3157430 - Downloaded: 99.18090681343111% (237846051/239810321)
[2026-02-21 23:16:51.263] [info]  Download speed: 3160639 - Downloaded: 100% (239810321/239810321)
[2026-02-21 23:16:51.303] [info]  New version 0.54.2 has been downloaded to /home/a7r/.cache/anytype-updater/pending/Anytype-0.54.2.AppImage
[2026-02-21 23:16:51.304] [info]  Update downloaded: {
   "version": "0.54.2",
   "files": [
      {
         "url": "Anytype-0.54.2.AppImage",
         "sha512": "fOmcfFsUFT9Xel9Y8QO13KN1kiQnvJLjMw0djoQjMM4JXoiygR3sbDcR1nudXsM/DeVJAZIAnCWQkxUmmXvqfA==",
         "size": 239810321,
         "blockMapSize": 251685
      },
      {
         "url": "anytype_0.54.2_amd64.deb",
         "sha512": "H6XzSq3gyTGfMuSa+A0hYRt0bbVoCbfIhj6BWp25SyouneIrZo0o59wNEjclTa/IuLZS+WUX0qG2CIGt1OIfVw==",
         "size": 200476728
      },
      {
         "url": "anytype_0.54.2_amd64.deb",
         "sha512": "H6XzSq3gyTGfMuSa+A0hYRt0bbVoCbfIhj6BWp25SyouneIrZo0o59wNEjclTa/IuLZS+WUX0qG2CIGt1OIfVw==",
         "size": 200476728
      },
      {
         "url": "anytype_0.54.2_amd64.deb",
         "sha512": "H6XzSq3gyTGfMuSa+A0hYRt0bbVoCbfIhj6BWp25SyouneIrZo0o59wNEjclTa/IuLZS+WUX0qG2CIGt1OIfVw==",
         "size": 200476728
      },
      {
         "url": "anytype-0.54.2.x86_64.rpm",
         "sha512": "rN0TphisvZ+Bf4vDVKvogL1aj0KX/gWOnSAJfcQgcTL6O1vAeqEFyPPdlZjLU3phmwvr7P0dlpxk85HUAMi5DQ==",
         "size": 177620797
      },
      {
         "url": "anytype-0.54.2.x86_64.rpm",
         "sha512": "rN0TphisvZ+Bf4vDVKvogL1aj0KX/gWOnSAJfcQgcTL6O1vAeqEFyPPdlZjLU3phmwvr7P0dlpxk85HUAMi5DQ==",
         "size": 177620797
      },
      {
         "url": "anytype-0.54.2.x86_64.rpm",
         "sha512": "rN0TphisvZ+Bf4vDVKvogL1aj0KX/gWOnSAJfcQgcTL6O1vAeqEFyPPdlZjLU3phmwvr7P0dlpxk85HUAMi5DQ==",
         "size": 177620797
      }
   ],
   "path": "Anytype-0.54.2.AppImage",
   "sha512": "fOmcfFsUFT9Xel9Y8QO13KN1kiQnvJLjMw0djoQjMM4JXoiygR3sbDcR1nudXsM/DeVJAZIAnCWQkxUmmXvqfA==",
   "releaseDate": "2026-02-18T15:43:11.738Z",
   "downloadedFile": "/home/a7r/.cache/anytype-updater/pending/Anytype-0.54.2.AppImage"
}
[2026-02-21 23:45:18.477] [info]  closeMain: undefined
[2026-02-23 21:30:26.643] [info]  second-instance
[2026-02-23 21:30:26.649] [info]  [Api].exit, relaunch: false
[2026-02-23 21:30:26.656] [info]  [Api].shutdown, relaunch: false
[2026-02-23 21:31:07.328] [info]  closeMain: undefined
[2026-02-23 21:32:37.790] [info]  second-instance
[2026-02-23 21:32:37.804] [info]  [Api].exit, relaunch: false
[2026-02-23 21:32:37.826] [info]  [Api].shutdown, relaunch: false
[2026-02-23 21:40:23.171] [info]  Checking for update
[2026-02-23 21:40:23.172] [info]  Checking for update
[2026-02-23 21:40:23.502] [info]  Found version 0.54.2 (url: Anytype-0.54.2.AppImage, anytype_0.54.2_amd64.deb, anytype_0.54.2_amd64.deb, anytype_0.54.2_amd64.deb, anytype-0.54.2.x86_64.rpm, anytype-0.54.2.x86_64.rpm, anytype-0.54.2.x86_64.rpm)
[2026-02-23 21:40:23.502] [info]  Update available: {
   "version": "0.54.2",
   "files": [
      {
         "url": "Anytype-0.54.2.AppImage",
         "sha512": "fOmcfFsUFT9Xel9Y8QO13KN1kiQnvJLjMw0djoQjMM4JXoiygR3sbDcR1nudXsM/DeVJAZIAnCWQkxUmmXvqfA==",
         "size": 239810321,
         "blockMapSize": 251685
      },
      {
         "url": "anytype_0.54.2_amd64.deb",
         "sha512": "H6XzSq3gyTGfMuSa+A0hYRt0bbVoCbfIhj6BWp25SyouneIrZo0o59wNEjclTa/IuLZS+WUX0qG2CIGt1OIfVw==",
         "size": 200476728
      },
      {
         "url": "anytype_0.54.2_amd64.deb",
         "sha512": "H6XzSq3gyTGfMuSa+A0hYRt0bbVoCbfIhj6BWp25SyouneIrZo0o59wNEjclTa/IuLZS+WUX0qG2CIGt1OIfVw==",
         "size": 200476728
      },
      {
         "url": "anytype_0.54.2_amd64.deb",
         "sha512": "H6XzSq3gyTGfMuSa+A0hYRt0bbVoCbfIhj6BWp25SyouneIrZo0o59wNEjclTa/IuLZS+WUX0qG2CIGt1OIfVw==",
         "size": 200476728
      },
      {
         "url": "anytype-0.54.2.x86_64.rpm",
         "sha512": "rN0TphisvZ+Bf4vDVKvogL1aj0KX/gWOnSAJfcQgcTL6O1vAeqEFyPPdlZjLU3phmwvr7P0dlpxk85HUAMi5DQ==",
         "size": 177620797
      },
      {
         "url": "anytype-0.54.2.x86_64.rpm",
         "sha512": "rN0TphisvZ+Bf4vDVKvogL1aj0KX/gWOnSAJfcQgcTL6O1vAeqEFyPPdlZjLU3phmwvr7P0dlpxk85HUAMi5DQ==",
         "size": 177620797
      },
      {
         "url": "anytype-0.54.2.x86_64.rpm",
         "sha512": "rN0TphisvZ+Bf4vDVKvogL1aj0KX/gWOnSAJfcQgcTL6O1vAeqEFyPPdlZjLU3phmwvr7P0dlpxk85HUAMi5DQ==",
         "size": 177620797
      }
   ],
   "path": "Anytype-0.54.2.AppImage",
   "sha512": "fOmcfFsUFT9Xel9Y8QO13KN1kiQnvJLjMw0djoQjMM4JXoiygR3sbDcR1nudXsM/DeVJAZIAnCWQkxUmmXvqfA==",
   "releaseDate": "2026-02-18T15:43:11.738Z"
}
[2026-02-23 21:40:23.503] [info]  Downloading update from Anytype-0.54.2.AppImage, anytype_0.54.2_amd64.deb, anytype_0.54.2_amd64.deb, anytype_0.54.2_amd64.deb, anytype-0.54.2.x86_64.rpm, anytype-0.54.2.x86_64.rpm, anytype-0.54.2.x86_64.rpm
[2026-02-23 21:40:23.504] [debug] updater cache dir: /home/a7r/.cache/anytype-updater
[2026-02-23 21:40:23.505] [debug] checkForUpdatesAndNotify called, downloadPromise is null
[2026-02-23 21:40:24.655] [info]  Update has already been downloaded to /home/a7r/.cache/anytype-updater/pending/Anytype-0.54.2.AppImage).
[2026-02-23 21:40:24.656] [info]  Update downloaded: {
   "version": "0.54.2",
   "files": [
      {
         "url": "Anytype-0.54.2.AppImage",
         "sha512": "fOmcfFsUFT9Xel9Y8QO13KN1kiQnvJLjMw0djoQjMM4JXoiygR3sbDcR1nudXsM/DeVJAZIAnCWQkxUmmXvqfA==",
         "size": 239810321,
         "blockMapSize": 251685
      },
      {
         "url": "anytype_0.54.2_amd64.deb",
         "sha512": "H6XzSq3gyTGfMuSa+A0hYRt0bbVoCbfIhj6BWp25SyouneIrZo0o59wNEjclTa/IuLZS+WUX0qG2CIGt1OIfVw==",
         "size": 200476728
      },
      {
         "url": "anytype_0.54.2_amd64.deb",
         "sha512": "H6XzSq3gyTGfMuSa+A0hYRt0bbVoCbfIhj6BWp25SyouneIrZo0o59wNEjclTa/IuLZS+WUX0qG2CIGt1OIfVw==",
         "size": 200476728
      },
      {
         "url": "anytype_0.54.2_amd64.deb",
         "sha512": "H6XzSq3gyTGfMuSa+A0hYRt0bbVoCbfIhj6BWp25SyouneIrZo0o59wNEjclTa/IuLZS+WUX0qG2CIGt1OIfVw==",
         "size": 200476728
      },
      {
         "url": "anytype-0.54.2.x86_64.rpm",
         "sha512": "rN0TphisvZ+Bf4vDVKvogL1aj0KX/gWOnSAJfcQgcTL6O1vAeqEFyPPdlZjLU3phmwvr7P0dlpxk85HUAMi5DQ==",
         "size": 177620797
      },
      {
         "url": "anytype-0.54.2.x86_64.rpm",
         "sha512": "rN0TphisvZ+Bf4vDVKvogL1aj0KX/gWOnSAJfcQgcTL6O1vAeqEFyPPdlZjLU3phmwvr7P0dlpxk85HUAMi5DQ==",
         "size": 177620797
      },
      {
         "url": "anytype-0.54.2.x86_64.rpm",
         "sha512": "rN0TphisvZ+Bf4vDVKvogL1aj0KX/gWOnSAJfcQgcTL6O1vAeqEFyPPdlZjLU3phmwvr7P0dlpxk85HUAMi5DQ==",
         "size": 177620797
      }
   ],
   "path": "Anytype-0.54.2.AppImage",
   "sha512": "fOmcfFsUFT9Xel9Y8QO13KN1kiQnvJLjMw0djoQjMM4JXoiygR3sbDcR1nudXsM/DeVJAZIAnCWQkxUmmXvqfA==",
   "releaseDate": "2026-02-18T15:43:11.738Z",
   "downloadedFile": "/home/a7r/.cache/anytype-updater/pending/Anytype-0.54.2.AppImage"
}
[2026-02-23 21:41:00.988] [info]  closeMain: undefined
[2026-02-24 20:25:41.369] [info]  [PowerMonitor] resume
[2026-02-24 21:13:03.036] [info]  Checking for update
[2026-02-24 21:13:03.047] [info]  Checking for update
[2026-02-24 21:13:03.392] [info]  Found version 0.54.2 (url: Anytype-0.54.2.AppImage, anytype_0.54.2_amd64.deb, anytype_0.54.2_amd64.deb, anytype_0.54.2_amd64.deb, anytype-0.54.2.x86_64.rpm, anytype-0.54.2.x86_64.rpm, anytype-0.54.2.x86_64.rpm)
[2026-02-24 21:13:03.393] [info]  Update available: {
   "version": "0.54.2",
   "files": [
      {
         "url": "Anytype-0.54.2.AppImage",
         "sha512": "fOmcfFsUFT9Xel9Y8QO13KN1kiQnvJLjMw0djoQjMM4JXoiygR3sbDcR1nudXsM/DeVJAZIAnCWQkxUmmXvqfA==",
         "size": 239810321,
         "blockMapSize": 251685
      },
      {
         "url": "anytype_0.54.2_amd64.deb",
         "sha512": "H6XzSq3gyTGfMuSa+A0hYRt0bbVoCbfIhj6BWp25SyouneIrZo0o59wNEjclTa/IuLZS+WUX0qG2CIGt1OIfVw==",
         "size": 200476728
      },
      {
         "url": "anytype_0.54.2_amd64.deb",
         "sha512": "H6XzSq3gyTGfMuSa+A0hYRt0bbVoCbfIhj6BWp25SyouneIrZo0o59wNEjclTa/IuLZS+WUX0qG2CIGt1OIfVw==",
         "size": 200476728
      },
      {
         "url": "anytype_0.54.2_amd64.deb",
         "sha512": "H6XzSq3gyTGfMuSa+A0hYRt0bbVoCbfIhj6BWp25SyouneIrZo0o59wNEjclTa/IuLZS+WUX0qG2CIGt1OIfVw==",
         "size": 200476728
      },
      {
         "url": "anytype-0.54.2.x86_64.rpm",
         "sha512": "rN0TphisvZ+Bf4vDVKvogL1aj0KX/gWOnSAJfcQgcTL6O1vAeqEFyPPdlZjLU3phmwvr7P0dlpxk85HUAMi5DQ==",
         "size": 177620797
      },
      {
         "url": "anytype-0.54.2.x86_64.rpm",
         "sha512": "rN0TphisvZ+Bf4vDVKvogL1aj0KX/gWOnSAJfcQgcTL6O1vAeqEFyPPdlZjLU3phmwvr7P0dlpxk85HUAMi5DQ==",
         "size": 177620797
      },
      {
         "url": "anytype-0.54.2.x86_64.rpm",
         "sha512": "rN0TphisvZ+Bf4vDVKvogL1aj0KX/gWOnSAJfcQgcTL6O1vAeqEFyPPdlZjLU3phmwvr7P0dlpxk85HUAMi5DQ==",
         "size": 177620797
      }
   ],
   "path": "Anytype-0.54.2.AppImage",
   "sha512": "fOmcfFsUFT9Xel9Y8QO13KN1kiQnvJLjMw0djoQjMM4JXoiygR3sbDcR1nudXsM/DeVJAZIAnCWQkxUmmXvqfA==",
   "releaseDate": "2026-02-18T15:43:11.738Z"
}
[2026-02-24 21:13:03.395] [info]  Downloading update from Anytype-0.54.2.AppImage, anytype_0.54.2_amd64.deb, anytype_0.54.2_amd64.deb, anytype_0.54.2_amd64.deb, anytype-0.54.2.x86_64.rpm, anytype-0.54.2.x86_64.rpm, anytype-0.54.2.x86_64.rpm
[2026-02-24 21:13:03.401] [debug] updater cache dir: /home/a7r/.cache/anytype-updater
[2026-02-24 21:13:03.402] [debug] checkForUpdatesAndNotify called, downloadPromise is null
[2026-02-24 21:13:04.640] [info]  Update has already been downloaded to /home/a7r/.cache/anytype-updater/pending/Anytype-0.54.2.AppImage).
[2026-02-24 21:13:04.641] [info]  Update downloaded: {
   "version": "0.54.2",
   "files": [
      {
         "url": "Anytype-0.54.2.AppImage",
         "sha512": "fOmcfFsUFT9Xel9Y8QO13KN1kiQnvJLjMw0djoQjMM4JXoiygR3sbDcR1nudXsM/DeVJAZIAnCWQkxUmmXvqfA==",
         "size": 239810321,
         "blockMapSize": 251685
      },
      {
         "url": "anytype_0.54.2_amd64.deb",
         "sha512": "H6XzSq3gyTGfMuSa+A0hYRt0bbVoCbfIhj6BWp25SyouneIrZo0o59wNEjclTa/IuLZS+WUX0qG2CIGt1OIfVw==",
         "size": 200476728
      },
      {
         "url": "anytype_0.54.2_amd64.deb",
         "sha512": "H6XzSq3gyTGfMuSa+A0hYRt0bbVoCbfIhj6BWp25SyouneIrZo0o59wNEjclTa/IuLZS+WUX0qG2CIGt1OIfVw==",
         "size": 200476728
      },
      {
         "url": "anytype_0.54.2_amd64.deb",
         "sha512": "H6XzSq3gyTGfMuSa+A0hYRt0bbVoCbfIhj6BWp25SyouneIrZo0o59wNEjclTa/IuLZS+WUX0qG2CIGt1OIfVw==",
         "size": 200476728
      },
      {
         "url": "anytype-0.54.2.x86_64.rpm",
         "sha512": "rN0TphisvZ+Bf4vDVKvogL1aj0KX/gWOnSAJfcQgcTL6O1vAeqEFyPPdlZjLU3phmwvr7P0dlpxk85HUAMi5DQ==",
         "size": 177620797
      },
      {
         "url": "anytype-0.54.2.x86_64.rpm",
         "sha512": "rN0TphisvZ+Bf4vDVKvogL1aj0KX/gWOnSAJfcQgcTL6O1vAeqEFyPPdlZjLU3phmwvr7P0dlpxk85HUAMi5DQ==",
         "size": 177620797
      },
      {
         "url": "anytype-0.54.2.x86_64.rpm",
         "sha512": "rN0TphisvZ+Bf4vDVKvogL1aj0KX/gWOnSAJfcQgcTL6O1vAeqEFyPPdlZjLU3phmwvr7P0dlpxk85HUAMi5DQ==",
         "size": 177620797
      }
   ],
   "path": "Anytype-0.54.2.AppImage",
   "sha512": "fOmcfFsUFT9Xel9Y8QO13KN1kiQnvJLjMw0djoQjMM4JXoiygR3sbDcR1nudXsM/DeVJAZIAnCWQkxUmmXvqfA==",
   "releaseDate": "2026-02-18T15:43:11.738Z",
   "downloadedFile": "/home/a7r/.cache/anytype-updater/pending/Anytype-0.54.2.AppImage"
}
[2026-02-24 21:33:59.114] [info]  closeMain: undefined
[2026-02-24 21:34:01.413] [info]  [Api].exit, relaunch: false
[2026-02-24 21:34:01.715] [info]  [Api].shutdown, relaunch: false
[2026-02-24 21:44:13.963] [info]  Checking for update
[2026-02-24 21:44:13.972] [info]  Checking for update
[2026-02-24 21:44:14.420] [info]  Found version 0.54.2 (url: Anytype-0.54.2.AppImage, anytype_0.54.2_amd64.deb, anytype_0.54.2_amd64.deb, anytype_0.54.2_amd64.deb, anytype-0.54.2.x86_64.rpm, anytype-0.54.2.x86_64.rpm, anytype-0.54.2.x86_64.rpm)
[2026-02-24 21:44:14.422] [info]  Update available: {
   "version": "0.54.2",
   "files": [
      {
         "url": "Anytype-0.54.2.AppImage",
         "sha512": "fOmcfFsUFT9Xel9Y8QO13KN1kiQnvJLjMw0djoQjMM4JXoiygR3sbDcR1nudXsM/DeVJAZIAnCWQkxUmmXvqfA==",
         "size": 239810321,
         "blockMapSize": 251685
      },
      {
         "url": "anytype_0.54.2_amd64.deb",
         "sha512": "H6XzSq3gyTGfMuSa+A0hYRt0bbVoCbfIhj6BWp25SyouneIrZo0o59wNEjclTa/IuLZS+WUX0qG2CIGt1OIfVw==",
         "size": 200476728
      },
      {
         "url": "anytype_0.54.2_amd64.deb",
         "sha512": "H6XzSq3gyTGfMuSa+A0hYRt0bbVoCbfIhj6BWp25SyouneIrZo0o59wNEjclTa/IuLZS+WUX0qG2CIGt1OIfVw==",
         "size": 200476728
      },
      {
         "url": "anytype_0.54.2_amd64.deb",
         "sha512": "H6XzSq3gyTGfMuSa+A0hYRt0bbVoCbfIhj6BWp25SyouneIrZo0o59wNEjclTa/IuLZS+WUX0qG2CIGt1OIfVw==",
         "size": 200476728
      },
      {
         "url": "anytype-0.54.2.x86_64.rpm",
         "sha512": "rN0TphisvZ+Bf4vDVKvogL1aj0KX/gWOnSAJfcQgcTL6O1vAeqEFyPPdlZjLU3phmwvr7P0dlpxk85HUAMi5DQ==",
         "size": 177620797
      },
      {
         "url": "anytype-0.54.2.x86_64.rpm",
         "sha512": "rN0TphisvZ+Bf4vDVKvogL1aj0KX/gWOnSAJfcQgcTL6O1vAeqEFyPPdlZjLU3phmwvr7P0dlpxk85HUAMi5DQ==",
         "size": 177620797
      },
      {
         "url": "anytype-0.54.2.x86_64.rpm",
         "sha512": "rN0TphisvZ+Bf4vDVKvogL1aj0KX/gWOnSAJfcQgcTL6O1vAeqEFyPPdlZjLU3phmwvr7P0dlpxk85HUAMi5DQ==",
         "size": 177620797
      }
   ],
   "path": "Anytype-0.54.2.AppImage",
   "sha512": "fOmcfFsUFT9Xel9Y8QO13KN1kiQnvJLjMw0djoQjMM4JXoiygR3sbDcR1nudXsM/DeVJAZIAnCWQkxUmmXvqfA==",
   "releaseDate": "2026-02-18T15:43:11.738Z"
}
[2026-02-24 21:44:14.424] [info]  Downloading update from Anytype-0.54.2.AppImage, anytype_0.54.2_amd64.deb, anytype_0.54.2_amd64.deb, anytype_0.54.2_amd64.deb, anytype-0.54.2.x86_64.rpm, anytype-0.54.2.x86_64.rpm, anytype-0.54.2.x86_64.rpm
[2026-02-24 21:44:14.428] [debug] updater cache dir: /home/a7r/.cache/anytype-updater
[2026-02-24 21:44:14.430] [debug] checkForUpdatesAndNotify called, downloadPromise is null
[2026-02-24 21:44:15.489] [info]  Update has already been downloaded to /home/a7r/.cache/anytype-updater/pending/Anytype-0.54.2.AppImage).
[2026-02-24 21:44:15.491] [info]  Update downloaded: {
   "version": "0.54.2",
   "files": [
      {
         "url": "Anytype-0.54.2.AppImage",
         "sha512": "fOmcfFsUFT9Xel9Y8QO13KN1kiQnvJLjMw0djoQjMM4JXoiygR3sbDcR1nudXsM/DeVJAZIAnCWQkxUmmXvqfA==",
         "size": 239810321,
         "blockMapSize": 251685
      },
      {
         "url": "anytype_0.54.2_amd64.deb",
         "sha512": "H6XzSq3gyTGfMuSa+A0hYRt0bbVoCbfIhj6BWp25SyouneIrZo0o59wNEjclTa/IuLZS+WUX0qG2CIGt1OIfVw==",
         "size": 200476728
      },
      {
         "url": "anytype_0.54.2_amd64.deb",
         "sha512": "H6XzSq3gyTGfMuSa+A0hYRt0bbVoCbfIhj6BWp25SyouneIrZo0o59wNEjclTa/IuLZS+WUX0qG2CIGt1OIfVw==",
         "size": 200476728
      },
      {
         "url": "anytype_0.54.2_amd64.deb",
         "sha512": "H6XzSq3gyTGfMuSa+A0hYRt0bbVoCbfIhj6BWp25SyouneIrZo0o59wNEjclTa/IuLZS+WUX0qG2CIGt1OIfVw==",
         "size": 200476728
      },
      {
         "url": "anytype-0.54.2.x86_64.rpm",
         "sha512": "rN0TphisvZ+Bf4vDVKvogL1aj0KX/gWOnSAJfcQgcTL6O1vAeqEFyPPdlZjLU3phmwvr7P0dlpxk85HUAMi5DQ==",
         "size": 177620797
      },
      {
         "url": "anytype-0.54.2.x86_64.rpm",
         "sha512": "rN0TphisvZ+Bf4vDVKvogL1aj0KX/gWOnSAJfcQgcTL6O1vAeqEFyPPdlZjLU3phmwvr7P0dlpxk85HUAMi5DQ==",
         "size": 177620797
      },
      {
         "url": "anytype-0.54.2.x86_64.rpm",
         "sha512": "rN0TphisvZ+Bf4vDVKvogL1aj0KX/gWOnSAJfcQgcTL6O1vAeqEFyPPdlZjLU3phmwvr7P0dlpxk85HUAMi5DQ==",
         "size": 177620797
      }
   ],
   "path": "Anytype-0.54.2.AppImage",
   "sha512": "fOmcfFsUFT9Xel9Y8QO13KN1kiQnvJLjMw0djoQjMM4JXoiygR3sbDcR1nudXsM/DeVJAZIAnCWQkxUmmXvqfA==",
   "releaseDate": "2026-02-18T15:43:11.738Z",
   "downloadedFile": "/home/a7r/.cache/anytype-updater/pending/Anytype-0.54.2.AppImage"
}
[2026-02-26 20:15:53.327] [info]  [PowerMonitor] resume
[2026-02-27 09:19:52.491] [info]  [PowerMonitor] resume
[2026-03-02 19:26:03.758] [info]  [PowerMonitor] resume
[2026-03-02 21:04:44.029] [info]  before-quit
[2026-03-02 21:04:44.034] [info]  [Api].exit, relaunch: false
[2026-03-05 21:11:06.676] [info]  Checking for update
[2026-03-05 21:11:06.689] [info]  Checking for update
[2026-03-05 21:11:07.025] [info]  Found version 0.54.2 (url: Anytype-0.54.2.AppImage, anytype_0.54.2_amd64.deb, anytype_0.54.2_amd64.deb, anytype_0.54.2_amd64.deb, anytype-0.54.2.x86_64.rpm, anytype-0.54.2.x86_64.rpm, anytype-0.54.2.x86_64.rpm)
[2026-03-05 21:11:07.026] [info]  Update available: {
   "version": "0.54.2",
   "files": [
      {
         "url": "Anytype-0.54.2.AppImage",
         "sha512": "fOmcfFsUFT9Xel9Y8QO13KN1kiQnvJLjMw0djoQjMM4JXoiygR3sbDcR1nudXsM/DeVJAZIAnCWQkxUmmXvqfA==",
         "size": 239810321,
         "blockMapSize": 251685
      },
      {
         "url": "anytype_0.54.2_amd64.deb",
         "sha512": "H6XzSq3gyTGfMuSa+A0hYRt0bbVoCbfIhj6BWp25SyouneIrZo0o59wNEjclTa/IuLZS+WUX0qG2CIGt1OIfVw==",
         "size": 200476728
      },
      {
         "url": "anytype_0.54.2_amd64.deb",
         "sha512": "H6XzSq3gyTGfMuSa+A0hYRt0bbVoCbfIhj6BWp25SyouneIrZo0o59wNEjclTa/IuLZS+WUX0qG2CIGt1OIfVw==",
         "size": 200476728
      },
      {
         "url": "anytype_0.54.2_amd64.deb",
         "sha512": "H6XzSq3gyTGfMuSa+A0hYRt0bbVoCbfIhj6BWp25SyouneIrZo0o59wNEjclTa/IuLZS+WUX0qG2CIGt1OIfVw==",
         "size": 200476728
      },
      {
         "url": "anytype-0.54.2.x86_64.rpm",
         "sha512": "rN0TphisvZ+Bf4vDVKvogL1aj0KX/gWOnSAJfcQgcTL6O1vAeqEFyPPdlZjLU3phmwvr7P0dlpxk85HUAMi5DQ==",
         "size": 177620797
      },
      {
         "url": "anytype-0.54.2.x86_64.rpm",
         "sha512": "rN0TphisvZ+Bf4vDVKvogL1aj0KX/gWOnSAJfcQgcTL6O1vAeqEFyPPdlZjLU3phmwvr7P0dlpxk85HUAMi5DQ==",
         "size": 177620797
      },
      {
         "url": "anytype-0.54.2.x86_64.rpm",
         "sha512": "rN0TphisvZ+Bf4vDVKvogL1aj0KX/gWOnSAJfcQgcTL6O1vAeqEFyPPdlZjLU3phmwvr7P0dlpxk85HUAMi5DQ==",
         "size": 177620797
      }
   ],
   "path": "Anytype-0.54.2.AppImage",
   "sha512": "fOmcfFsUFT9Xel9Y8QO13KN1kiQnvJLjMw0djoQjMM4JXoiygR3sbDcR1nudXsM/DeVJAZIAnCWQkxUmmXvqfA==",
   "releaseDate": "2026-02-18T15:43:11.738Z"
}
[2026-03-05 21:11:07.028] [info]  Downloading update from Anytype-0.54.2.AppImage, anytype_0.54.2_amd64.deb, anytype_0.54.2_amd64.deb, anytype_0.54.2_amd64.deb, anytype-0.54.2.x86_64.rpm, anytype-0.54.2.x86_64.rpm, anytype-0.54.2.x86_64.rpm
[2026-03-05 21:11:07.032] [debug] updater cache dir: /home/a7r/.cache/anytype-updater
[2026-03-05 21:11:07.034] [debug] checkForUpdatesAndNotify called, downloadPromise is null
[2026-03-05 21:11:07.977] [info]  Update has already been downloaded to /home/a7r/.cache/anytype-updater/pending/Anytype-0.54.2.AppImage).
[2026-03-05 21:11:07.978] [info]  Update downloaded: {
   "version": "0.54.2",
   "files": [
      {
         "url": "Anytype-0.54.2.AppImage",
         "sha512": "fOmcfFsUFT9Xel9Y8QO13KN1kiQnvJLjMw0djoQjMM4JXoiygR3sbDcR1nudXsM/DeVJAZIAnCWQkxUmmXvqfA==",
         "size": 239810321,
         "blockMapSize": 251685
      },
      {
         "url": "anytype_0.54.2_amd64.deb",
         "sha512": "H6XzSq3gyTGfMuSa+A0hYRt0bbVoCbfIhj6BWp25SyouneIrZo0o59wNEjclTa/IuLZS+WUX0qG2CIGt1OIfVw==",
         "size": 200476728
      },
      {
         "url": "anytype_0.54.2_amd64.deb",
         "sha512": "H6XzSq3gyTGfMuSa+A0hYRt0bbVoCbfIhj6BWp25SyouneIrZo0o59wNEjclTa/IuLZS+WUX0qG2CIGt1OIfVw==",
         "size": 200476728
      },
      {
         "url": "anytype_0.54.2_amd64.deb",
         "sha512": "H6XzSq3gyTGfMuSa+A0hYRt0bbVoCbfIhj6BWp25SyouneIrZo0o59wNEjclTa/IuLZS+WUX0qG2CIGt1OIfVw==",
         "size": 200476728
      },
      {
         "url": "anytype-0.54.2.x86_64.rpm",
         "sha512": "rN0TphisvZ+Bf4vDVKvogL1aj0KX/gWOnSAJfcQgcTL6O1vAeqEFyPPdlZjLU3phmwvr7P0dlpxk85HUAMi5DQ==",
         "size": 177620797
      },
      {
         "url": "anytype-0.54.2.x86_64.rpm",
         "sha512": "rN0TphisvZ+Bf4vDVKvogL1aj0KX/gWOnSAJfcQgcTL6O1vAeqEFyPPdlZjLU3phmwvr7P0dlpxk85HUAMi5DQ==",
         "size": 177620797
      },
      {
         "url": "anytype-0.54.2.x86_64.rpm",
         "sha512": "rN0TphisvZ+Bf4vDVKvogL1aj0KX/gWOnSAJfcQgcTL6O1vAeqEFyPPdlZjLU3phmwvr7P0dlpxk85HUAMi5DQ==",
         "size": 177620797
      }
   ],
   "path": "Anytype-0.54.2.AppImage",
   "sha512": "fOmcfFsUFT9Xel9Y8QO13KN1kiQnvJLjMw0djoQjMM4JXoiygR3sbDcR1nudXsM/DeVJAZIAnCWQkxUmmXvqfA==",
   "releaseDate": "2026-02-18T15:43:11.738Z",
   "downloadedFile": "/home/a7r/.cache/anytype-updater/pending/Anytype-0.54.2.AppImage"
}
[2026-03-06 07:38:53.303] [info]  [PowerMonitor] resume
[2026-03-06 17:07:55.745] [info]  [Api].exit, relaunch: false
[2026-03-06 17:07:56.173] [info]  [Api].shutdown, relaunch: false
[2026-03-07 20:18:40.722] [info]  Checking for update
[2026-03-07 20:18:40.727] [info]  Checking for update
[2026-03-07 20:18:41.014] [info]  Found version 0.54.2 (url: Anytype-0.54.2.AppImage, anytype_0.54.2_amd64.deb, anytype_0.54.2_amd64.deb, anytype_0.54.2_amd64.deb, anytype-0.54.2.x86_64.rpm, anytype-0.54.2.x86_64.rpm, anytype-0.54.2.x86_64.rpm)
[2026-03-07 20:18:41.014] [info]  Update available: {
   "version": "0.54.2",
   "files": [
      {
         "url": "Anytype-0.54.2.AppImage",
         "sha512": "fOmcfFsUFT9Xel9Y8QO13KN1kiQnvJLjMw0djoQjMM4JXoiygR3sbDcR1nudXsM/DeVJAZIAnCWQkxUmmXvqfA==",
         "size": 239810321,
         "blockMapSize": 251685
      },
      {
         "url": "anytype_0.54.2_amd64.deb",
         "sha512": "H6XzSq3gyTGfMuSa+A0hYRt0bbVoCbfIhj6BWp25SyouneIrZo0o59wNEjclTa/IuLZS+WUX0qG2CIGt1OIfVw==",
         "size": 200476728
      },
      {
         "url": "anytype_0.54.2_amd64.deb",
         "sha512": "H6XzSq3gyTGfMuSa+A0hYRt0bbVoCbfIhj6BWp25SyouneIrZo0o59wNEjclTa/IuLZS+WUX0qG2CIGt1OIfVw==",
         "size": 200476728
      },
      {
         "url": "anytype_0.54.2_amd64.deb",
         "sha512": "H6XzSq3gyTGfMuSa+A0hYRt0bbVoCbfIhj6BWp25SyouneIrZo0o59wNEjclTa/IuLZS+WUX0qG2CIGt1OIfVw==",
         "size": 200476728
      },
      {
         "url": "anytype-0.54.2.x86_64.rpm",
         "sha512": "rN0TphisvZ+Bf4vDVKvogL1aj0KX/gWOnSAJfcQgcTL6O1vAeqEFyPPdlZjLU3phmwvr7P0dlpxk85HUAMi5DQ==",
         "size": 177620797
      },
      {
         "url": "anytype-0.54.2.x86_64.rpm",
         "sha512": "rN0TphisvZ+Bf4vDVKvogL1aj0KX/gWOnSAJfcQgcTL6O1vAeqEFyPPdlZjLU3phmwvr7P0dlpxk85HUAMi5DQ==",
         "size": 177620797
      },
      {
         "url": "anytype-0.54.2.x86_64.rpm",
         "sha512": "rN0TphisvZ+Bf4vDVKvogL1aj0KX/gWOnSAJfcQgcTL6O1vAeqEFyPPdlZjLU3phmwvr7P0dlpxk85HUAMi5DQ==",
         "size": 177620797
      }
   ],
   "path": "Anytype-0.54.2.AppImage",
   "sha512": "fOmcfFsUFT9Xel9Y8QO13KN1kiQnvJLjMw0djoQjMM4JXoiygR3sbDcR1nudXsM/DeVJAZIAnCWQkxUmmXvqfA==",
   "releaseDate": "2026-02-18T15:43:11.738Z"
}
[2026-03-07 20:18:41.015] [info]  Downloading update from Anytype-0.54.2.AppImage, anytype_0.54.2_amd64.deb, anytype_0.54.2_amd64.deb, anytype_0.54.2_amd64.deb, anytype-0.54.2.x86_64.rpm, anytype-0.54.2.x86_64.rpm, anytype-0.54.2.x86_64.rpm
[2026-03-07 20:18:41.016] [debug] updater cache dir: /home/a7r/.cache/anytype-updater
[2026-03-07 20:18:41.016] [debug] checkForUpdatesAndNotify called, downloadPromise is null
[2026-03-07 20:18:42.089] [info]  Update has already been downloaded to /home/a7r/.cache/anytype-updater/pending/Anytype-0.54.2.AppImage).
[2026-03-07 20:18:42.090] [info]  Update downloaded: {
   "version": "0.54.2",
   "files": [
      {
         "url": "Anytype-0.54.2.AppImage",
         "sha512": "fOmcfFsUFT9Xel9Y8QO13KN1kiQnvJLjMw0djoQjMM4JXoiygR3sbDcR1nudXsM/DeVJAZIAnCWQkxUmmXvqfA==",
         "size": 239810321,
         "blockMapSize": 251685
      },
      {
         "url": "anytype_0.54.2_amd64.deb",
         "sha512": "H6XzSq3gyTGfMuSa+A0hYRt0bbVoCbfIhj6BWp25SyouneIrZo0o59wNEjclTa/IuLZS+WUX0qG2CIGt1OIfVw==",
         "size": 200476728
      },
      {
         "url": "anytype_0.54.2_amd64.deb",
         "sha512": "H6XzSq3gyTGfMuSa+A0hYRt0bbVoCbfIhj6BWp25SyouneIrZo0o59wNEjclTa/IuLZS+WUX0qG2CIGt1OIfVw==",
         "size": 200476728
      },
      {
         "url": "anytype_0.54.2_amd64.deb",
         "sha512": "H6XzSq3gyTGfMuSa+A0hYRt0bbVoCbfIhj6BWp25SyouneIrZo0o59wNEjclTa/IuLZS+WUX0qG2CIGt1OIfVw==",
         "size": 200476728
      },
      {
         "url": "anytype-0.54.2.x86_64.rpm",
         "sha512": "rN0TphisvZ+Bf4vDVKvogL1aj0KX/gWOnSAJfcQgcTL6O1vAeqEFyPPdlZjLU3phmwvr7P0dlpxk85HUAMi5DQ==",
         "size": 177620797
      },
      {
         "url": "anytype-0.54.2.x86_64.rpm",
         "sha512": "rN0TphisvZ+Bf4vDVKvogL1aj0KX/gWOnSAJfcQgcTL6O1vAeqEFyPPdlZjLU3phmwvr7P0dlpxk85HUAMi5DQ==",
         "size": 177620797
      },
      {
         "url": "anytype-0.54.2.x86_64.rpm",
         "sha512": "rN0TphisvZ+Bf4vDVKvogL1aj0KX/gWOnSAJfcQgcTL6O1vAeqEFyPPdlZjLU3phmwvr7P0dlpxk85HUAMi5DQ==",
         "size": 177620797
      }
   ],
   "path": "Anytype-0.54.2.AppImage",
   "sha512": "fOmcfFsUFT9Xel9Y8QO13KN1kiQnvJLjMw0djoQjMM4JXoiygR3sbDcR1nudXsM/DeVJAZIAnCWQkxUmmXvqfA==",
   "releaseDate": "2026-02-18T15:43:11.738Z",
   "downloadedFile": "/home/a7r/.cache/anytype-updater/pending/Anytype-0.54.2.AppImage"
}
[2026-03-08 19:02:58.636] [info]  [PowerMonitor] resume
[2026-03-09 19:57:51.254] [info]  [PowerMonitor] resume
[2026-03-11 19:16:58.278] [info]  [PowerMonitor] resume
[2026-03-12 21:27:55.275] [info]  [PowerMonitor] resume
[2026-03-13 08:39:00.216] [info]  [PowerMonitor] resume
[2026-03-13 09:24:52.200] [info]  closeMain: undefined
[2026-03-13 09:24:56.697] [info]  before-quit
[2026-03-13 09:24:56.698] [info]  [Api].exit, relaunch: false
[2026-03-13 14:46:12.800] [info]  Checking for update
[2026-03-13 14:46:12.812] [info]  Checking for update
[2026-03-13 14:46:13.135] [info]  Found version 0.54.5 (url: Anytype-0.54.5.AppImage, anytype_0.54.5_amd64.deb, anytype_0.54.5_amd64.deb, anytype_0.54.5_amd64.deb, anytype-0.54.5.x86_64.rpm, anytype-0.54.5.x86_64.rpm, anytype-0.54.5.x86_64.rpm)
[2026-03-13 14:46:13.137] [info]  Update available: {
   "version": "0.54.5",
   "files": [
      {
         "url": "Anytype-0.54.5.AppImage",
         "sha512": "4wfe6mm+92gDCFwoW5SBbYuuZqE55/2zBmkV/Qjo2MrMOztKn6s5VzDrHhaYuTyIMi0UBpbfaledMzZGScj6wg==",
         "size": 239829969,
         "blockMapSize": 250853
      },
      {
         "url": "anytype_0.54.5_amd64.deb",
         "sha512": "wgXCjASZKYM50syTV6Vo0pMNQe6cg/aw2tk1pBOMGq7U1X+dXryCAnHbLRfyDVCIWs54gmRAOmpj3u6hJzvEbw==",
         "size": 200484780
      },
      {
         "url": "anytype_0.54.5_amd64.deb",
         "sha512": "wgXCjASZKYM50syTV6Vo0pMNQe6cg/aw2tk1pBOMGq7U1X+dXryCAnHbLRfyDVCIWs54gmRAOmpj3u6hJzvEbw==",
         "size": 200484780
      },
      {
         "url": "anytype_0.54.5_amd64.deb",
         "sha512": "wgXCjASZKYM50syTV6Vo0pMNQe6cg/aw2tk1pBOMGq7U1X+dXryCAnHbLRfyDVCIWs54gmRAOmpj3u6hJzvEbw==",
         "size": 200484780
      },
      {
         "url": "anytype-0.54.5.x86_64.rpm",
         "sha512": "owLIGe37IgHjOfCR+kEncGxJSuHDi5mP2KQUiDKYpAn/Q2q7sa0hFAIIcBGqQByuNBFYPCPAbFUlg7nVAOZe6Q==",
         "size": 177600645
      },
      {
         "url": "anytype-0.54.5.x86_64.rpm",
         "sha512": "owLIGe37IgHjOfCR+kEncGxJSuHDi5mP2KQUiDKYpAn/Q2q7sa0hFAIIcBGqQByuNBFYPCPAbFUlg7nVAOZe6Q==",
         "size": 177600645
      },
      {
         "url": "anytype-0.54.5.x86_64.rpm",
         "sha512": "owLIGe37IgHjOfCR+kEncGxJSuHDi5mP2KQUiDKYpAn/Q2q7sa0hFAIIcBGqQByuNBFYPCPAbFUlg7nVAOZe6Q==",
         "size": 177600645
      }
   ],
   "path": "Anytype-0.54.5.AppImage",
   "sha512": "4wfe6mm+92gDCFwoW5SBbYuuZqE55/2zBmkV/Qjo2MrMOztKn6s5VzDrHhaYuTyIMi0UBpbfaledMzZGScj6wg==",
   "releaseDate": "2026-03-10T18:45:19.244Z"
}
[2026-03-13 14:46:13.138] [info]  Downloading update from Anytype-0.54.5.AppImage, anytype_0.54.5_amd64.deb, anytype_0.54.5_amd64.deb, anytype_0.54.5_amd64.deb, anytype-0.54.5.x86_64.rpm, anytype-0.54.5.x86_64.rpm, anytype-0.54.5.x86_64.rpm
[2026-03-13 14:46:13.142] [debug] updater cache dir: /home/a7r/.cache/anytype-updater
[2026-03-13 14:46:13.143] [debug] checkForUpdatesAndNotify called, downloadPromise is null
[2026-03-13 14:46:13.148] [info]  Cached update sha512 checksum doesn't match the latest available update. New update must be downloaded. Cached: fOmcfFsUFT9Xel9Y8QO13KN1kiQnvJLjMw0djoQjMM4JXoiygR3sbDcR1nudXsM/DeVJAZIAnCWQkxUmmXvqfA==, expected: 4wfe6mm+92gDCFwoW5SBbYuuZqE55/2zBmkV/Qjo2MrMOztKn6s5VzDrHhaYuTyIMi0UBpbfaledMzZGScj6wg==. Directory for cached update will be cleaned
[2026-03-13 14:46:13.556] [debug] DAnyYX4ihDz4J1v9IJUn505Y duplicated in blockmap (same size), it doesn't lead to broken differential downloader, just corresponding block will be skipped)
[2026-03-13 14:46:13.557] [debug] KX9GTXhe3x1c7mzeDrSJhKAA duplicated in blockmap (same size), it doesn't lead to broken differential downloader, just corresponding block will be skipped)
[2026-03-13 14:46:13.558] [debug] TUe01hrmQpaU9e89sr3L8HDs duplicated in blockmap (same size), it doesn't lead to broken differential downloader, just corresponding block will be skipped)
[2026-03-13 14:46:13.558] [debug] k5KHulLCH2oITQpFr41EVXtC duplicated in blockmap (same size), it doesn't lead to broken differential downloader, just corresponding block will be skipped)
[2026-03-13 14:46:13.558] [debug] WObq4ezNKrR80zra/WoANSES duplicated in blockmap (same size), it doesn't lead to broken differential downloader, just corresponding block will be skipped)
[2026-03-13 14:46:13.558] [debug] KXEBdSmayN3ZGwAFa8mZCnld duplicated in blockmap (same size), it doesn't lead to broken differential downloader, just corresponding block will be skipped)
[2026-03-13 14:46:13.558] [debug] AGqEPIOCTGhe8aP6hWX6n6cv duplicated in blockmap (same size), it doesn't lead to broken differential downloader, just corresponding block will be skipped)
[2026-03-13 14:46:13.558] [debug] YEqiS1XztJRo1MAtb7ORGnmO duplicated in blockmap (same size), it doesn't lead to broken differential downloader, just corresponding block will be skipped)
[2026-03-13 14:46:13.559] [debug] jKt8MmLaLJ6H5QPSkkTuIdoq duplicated in blockmap (same size), it doesn't lead to broken differential downloader, just corresponding block will be skipped)
[2026-03-13 14:46:13.559] [debug] zDduqPimrlC7Y/am3WFM9JKv duplicated in blockmap (same size), it doesn't lead to broken differential downloader, just corresponding block will be skipped)
[2026-03-13 14:46:13.559] [debug] FM5cFP2XOQ6+4mnsnG3nS+4m duplicated in blockmap (same size), it doesn't lead to broken differential downloader, just corresponding block will be skipped)
[2026-03-13 14:46:13.559] [debug] Y1rkGKj/te8GnPl2ZnlAl6TJ duplicated in blockmap (same size), it doesn't lead to broken differential downloader, just corresponding block will be skipped)
[2026-03-13 14:46:13.570] [info]  File has 9168 changed blocks
[2026-03-13 14:46:13.570] [debug] [
  {
    "kind": 0,
    "start": 0,
    "end": 159006
  },
  {
    "kind": 1,
    "start": 159006,
    "end": 85950938
  },
  {
    "kind": 0,
    "start": 87050060,
    "end": 91637405
  },
  {
    "kind": 1,
    "start": 90538283,
    "end": 147628676
  },
  {
    "kind": 0,
    "start": 148083478,
    "end": 148095417
  },
  {
    "kind": 1,
    "start": 147640615,
    "end": 147940357
  },
  {
    "kind": 0,
    "start": 148395090,
    "end": 148699959
  },
  {
    "kind": 1,
    "start": 148245226,
    "end": 148979243
  },
  {
    "kind": 0,
    "start": 149407640,
    "end": 149926907
  },
  {
    "kind": 0,
    "start": 148069100,
    "end": 148123950
  },
  {
    "kind": 1,
    "start": 149553360,
    "end": 149732886
  },
  {
    "kind": 0,
    "start": 150161277,
    "end": 150268668
  },
  {
    "kind": 0,
    "start": 148395090,
    "end": 148554663
  },
  {
    "kind": 0,
    "start": 150428241,
    "end": 152186260
  },
  {
    "kind": 1,
    "start": 151757869,
    "end": 177658307
  },
  {
    "kind": 0,
    "start": 177885626,
    "end": 178806356
  },
  {
    "kind": 1,
    "start": 178579037,
    "end": 178630085
  },
  {
    "kind": 0,
    "start": 178855345,
    "end": 212108146
  },
  {
    "kind": 1,
    "start": 211882886,
    "end": 211916774
  },
  {
    "kind": 0,
    "start": 212149779,
    "end": 212620124
  },
  {
    "kind": 1,
    "start": 212387119,
    "end": 225928503
  },
  {
    "kind": 0,
    "start": 225407973,
    "end": 229738778
  },
  {
    "kind": 1,
    "start": 230259308,
    "end": 231139645
  },
  {
    "kind": 0,
    "start": 230197423,
    "end": 231494046
  },
  {
    "kind": 1,
    "start": 232436268,
    "end": 232527346
  },
  {
    "kind": 0,
    "start": 231555083,
    "end": 231579626
  },
  {
    "kind": 1,
    "start": 232551889,
    "end": 233593818
  },
  {
    "kind": 0,
    "start": 232560202,
    "end": 232569320
  },
  {
    "kind": 1,
    "start": 233602936,
    "end": 233647312
  },
  {
    "kind": 0,
    "start": 232613682,
    "end": 232702194
  },
  {
    "kind": 1,
    "start": 233735824,
    "end": 235342451
  },
  {
    "kind": 0,
    "start": 234249055,
    "end": 234327133
  },
  {
    "kind": 1,
    "start": 235420529,
    "end": 239178149
  },
  {
    "kind": 0,
    "start": 237959355,
    "end": 238041420
  },
  {
    "kind": 1,
    "start": 239260214,
    "end": 239579112
  }
]
[2026-03-13 14:46:13.599] [info]  Full: 234,208.95 KB, To download: 186,878.16 KB (80%)
[2026-03-13 14:46:13.699] [error] Cannot download differentially, fallback to full download: Error: Content-Type "multipart/byteranges" is expected, but got "binary/octet-stream"
    at ClientRequest.<anonymous> (/tmp/.mount_anytyp7dHdv0/resources/app.asar/node_modules/electron-updater/out/differentialDownloader/multipleRangeDownloader.js:81:20)
    at ClientRequest.emit (node:events:519:28)
    at SimpleURLLoaderWrapper.<anonymous> (node:electron/js2c/browser_init:2:123892)
    at SimpleURLLoaderWrapper.emit (node:events:519:28)
[2026-03-13 14:46:15.220] [info]  Download speed: 1294201 - Downloaded: 0.5396327262169641% (1294201/239829969)
[2026-03-13 14:46:16.464] [info]  Download speed: 1409137 - Downloaded: 1.3184770081840773% (3162103/239829969)
[2026-03-13 14:46:17.467] [info]  Download speed: 1931806 - Downloaded: 2.6162305845938714% (6274505/239829969)
[2026-03-13 14:46:18.467] [info]  Download speed: 2279381 - Downloaded: 4.037364071043181% (9682809/239829969)
[2026-03-13 14:46:19.469] [info]  Download speed: 2518388 - Downloaded: 5.512879418334912% (13221537/239829969)
[2026-03-13 14:46:20.471] [info]  Download speed: 2704449 - Downloaded: 7.0500847206464% (16908216/239829969)
[2026-03-13 14:46:21.473] [info]  Download speed: 2845801 - Downloaded: 8.607533114429081% (20643444/239829969)
[2026-03-13 14:46:22.476] [info]  Download speed: 2950929 - Downloaded: 10.158393924489062% (24362873/239829969)
[2026-03-13 14:46:23.475] [info]  Download speed: 3032125 - Downloaded: 11.70218681052325% (28065351/239829969)
[2026-03-13 14:46:24.476] [info]  Download speed: 3095645 - Downloaded: 13.23939211283474% (31752030/239829969)
[2026-03-13 14:46:25.480] [info]  Download speed: 3146979 - Downloaded: 14.776357244994681% (35438133/239829969)
[2026-03-13 14:46:26.482] [info]  Download speed: 3189141 - Downloaded: 16.306734793431925% (39108437/239829969)
[2026-03-13 14:46:27.483] [info]  Download speed: 3225133 - Downloaded: 17.836872171717623% (42778165/239829969)
[2026-03-13 14:46:28.483] [info]  Download speed: 3252898 - Downloaded: 19.346766458532127% (46399344/239829969)
[2026-03-13 14:46:29.483] [info]  Download speed: 3278061 - Downloaded: 20.863248329069332% (50036322/239829969)
[2026-03-13 14:46:30.487] [info]  Download speed: 3299353 - Downloaded: 22.379970369758084% (53673876/239829969)
[2026-03-13 14:46:31.490] [info]  Download speed: 3318329 - Downloaded: 23.89645224029529% (57310854/239829969)
[2026-03-13 14:46:32.491] [info]  Download speed: 3334722 - Downloaded: 25.406346527109797% (60932033/239829969)
[2026-03-13 14:46:33.494] [info]  Download speed: 3349034 - Downloaded: 26.916000643772755% (64552636/239829969)
[2026-03-13 14:46:34.497] [info]  Download speed: 3361152 - Downloaded: 28.419067176713014% (68157440/239829969)
[2026-03-13 14:46:35.497] [info]  Download speed: 3371806 - Downloaded: 29.915065785627483% (71745293/239829969)
[2026-03-13 14:46:36.500] [info]  Download speed: 3381049 - Downloaded: 31.41106439454195% (75333146/239829969)
[2026-03-13 14:46:37.503] [info]  Download speed: 3388816 - Downloaded: 32.90047541973372% (78905200/239829969)
[2026-03-13 14:46:38.505] [info]  Download speed: 3396198 - Downloaded: 34.389646274773945% (82476678/239829969)
[2026-03-13 14:46:39.506] [info]  Download speed: 3402884 - Downloaded: 35.87905729996571% (86048732/239829969)
[2026-03-13 14:46:40.597] [info]  Download speed: 3399399 - Downloaded: 37.388711416628674% (89669335/239829969)
[2026-03-13 14:46:41.599] [info]  Download speed: 3413829 - Downloaded: 38.97371099605988% (93470639/239829969)
[2026-03-13 14:46:42.600] [info]  Download speed: 3418110 - Downloaded: 40.449226343351604% (97009367/239829969)
[2026-03-13 14:46:43.600] [info]  Download speed: 3422215 - Downloaded: 41.924741690643344% (100548095/239829969)
[2026-03-13 14:46:44.600] [info]  Download speed: 3426069 - Downloaded: 43.40049720808662% (104087399/239829969)
[2026-03-13 14:46:45.600] [info]  Download speed: 3429659 - Downloaded: 44.876012555378345% (107626127/239829969)
[2026-03-13 14:46:46.600] [info]  Download speed: 3433045 - Downloaded: 46.35176807282163% (111165431/239829969)
[2026-03-13 14:46:47.601] [info]  Download speed: 3436599 - Downloaded: 47.8341111739876% (114720534/239829969)
[2026-03-13 14:46:48.602] [info]  Download speed: 3439945 - Downloaded: 49.316454275153575% (118275637/239829969)
[2026-03-13 14:46:49.603] [info]  Download speed: 3443119 - Downloaded: 50.799037546471105% (121831316/239829969)
[2026-03-13 14:46:50.603] [info]  Download speed: 3446197 - Downloaded: 52.28138064763708% (125386419/239829969)
[2026-03-13 14:46:51.606] [info]  Download speed: 3449271 - Downloaded: 53.7705515026773% (128957897/239829969)
[2026-03-13 14:46:52.609] [info]  Download speed: 3452200 - Downloaded: 55.259962527869064% (132529951/239829969)
[2026-03-13 14:46:53.610] [info]  Download speed: 3454309 - Downloaded: 56.7354778751608% (136068679/239829969)
[2026-03-13 14:46:54.612] [info]  Download speed: 3457053 - Downloaded: 58.22488890035257% (139640733/239829969)
[2026-03-13 14:46:55.627] [info]  Download speed: 3441941 - Downloaded: 59.42705392252292% (142523885/239829969)
[2026-03-13 14:46:56.633] [info]  Download speed: 3408589 - Downloaded: 60.28100349710673% (144571912/239829969)
[2026-03-13 14:46:57.633] [info]  Download speed: 3386693 - Downloaded: 61.30588708869824% (147029890/239829969)
[2026-03-13 14:46:58.635] [info]  Download speed: 3367461 - Downloaded: 62.364669279509435% (149569167/239829969)
[2026-03-13 14:46:59.640] [info]  Download speed: 3352475 - Downloaded: 63.49196917921462% (152272770/239829969)
[2026-03-13 14:47:00.643] [info]  Download speed: 3342149 - Downloaded: 64.69413420138498% (155155922/239829969)
[2026-03-13 14:47:01.646] [info]  Download speed: 3336070 - Downloaded: 65.97164468632359% (158219775/239829969)
[2026-03-13 14:47:02.647] [info]  Download speed: 3334099 - Downloaded: 67.32426046387889% (161463753/239829969)
[2026-03-13 14:47:03.647] [info]  Download speed: 3329626 - Downloaded: 68.62225421044023% (164576731/239829969)
[2026-03-13 14:47:04.648] [info]  Download speed: 3334367 - Downloaded: 70.111665235632% (168148785/239829969)
[2026-03-13 14:47:05.649] [info]  Download speed: 3340504 - Downloaded: 71.63497486004346% (171802138/239829969)
[2026-03-13 14:47:06.652] [info]  Download speed: 3346291 - Downloaded: 73.15852465460645% (175456067/239829969)
[2026-03-13 14:47:07.652] [info]  Download speed: 3351425 - Downloaded: 74.66817877126941% (179076670/239829969)
[2026-03-13 14:47:08.655] [info]  Download speed: 3356496 - Downloaded: 76.18490081195816% (182714224/239829969)
[2026-03-13 14:47:09.656] [info]  Download speed: 3361200 - Downloaded: 77.69455492862112% (186334827/239829969)
[2026-03-13 14:47:10.658] [info]  Download speed: 3362195 - Downloaded: 79.12227599879313% (189758930/239829969)
[2026-03-13 14:47:11.658] [info]  Download speed: 3361572 - Downloaded: 80.50927071587121% (193085359/239829969)
[2026-03-13 14:47:12.659] [info]  Download speed: 3361464 - Downloaded: 81.90968077054623% (196443962/239829969)
[2026-03-13 14:47:13.664] [info]  Download speed: 3358711 - Downloaded: 83.24864104035305% (199655190/239829969)
[2026-03-13 14:47:14.665] [info]  Download speed: 3348303 - Downloaded: 84.38959644780674% (202391543/239829969)
[2026-03-13 14:47:15.666] [info]  Download speed: 3346018 - Downloaded: 85.72855671761356% (205602771/239829969)
[2026-03-13 14:47:16.670] [info]  Download speed: 3347841 - Downloaded: 87.1767610494083% (209075999/239829969)
[2026-03-13 14:47:17.670] [info]  Download speed: 3350849 - Downloaded: 88.65227639670003% (212614727/239829969)
[2026-03-13 14:47:18.674] [info]  Download speed: 3353871 - Downloaded: 90.13485966801755% (216170406/239829969)
[2026-03-13 14:47:19.676] [info]  Download speed: 3357292 - Downloaded: 91.63085827693203% (219758259/239829969)
[2026-03-13 14:47:20.678] [info]  Download speed: 3361162 - Downloaded: 93.14075256374653% (223379438/239829969)
[2026-03-13 14:47:21.678] [info]  Download speed: 3365008 - Downloaded: 94.65040668040949% (227000041/239829969)
[2026-03-13 14:47:22.678] [info]  Download speed: 3368502 - Downloaded: 96.1532330431982% (230604269/239829969)
[2026-03-13 14:47:23.678] [info]  Download speed: 3371904 - Downloaded: 97.65629957613847% (234209073/239829969)
[2026-03-13 14:47:24.681] [info]  Download speed: 3375057 - Downloaded: 99.15912593892718% (237813301/239829969)
[2026-03-13 14:47:25.244] [info]  Download speed: 3376698 - Downloaded: 100% (239829969/239829969)
[2026-03-13 14:47:25.278] [info]  New version 0.54.5 has been downloaded to /home/a7r/.cache/anytype-updater/pending/Anytype-0.54.5.AppImage
[2026-03-13 14:47:25.281] [info]  Update downloaded: {
   "version": "0.54.5",
   "files": [
      {
         "url": "Anytype-0.54.5.AppImage",
         "sha512": "4wfe6mm+92gDCFwoW5SBbYuuZqE55/2zBmkV/Qjo2MrMOztKn6s5VzDrHhaYuTyIMi0UBpbfaledMzZGScj6wg==",
         "size": 239829969,
         "blockMapSize": 250853
      },
      {
         "url": "anytype_0.54.5_amd64.deb",
         "sha512": "wgXCjASZKYM50syTV6Vo0pMNQe6cg/aw2tk1pBOMGq7U1X+dXryCAnHbLRfyDVCIWs54gmRAOmpj3u6hJzvEbw==",
         "size": 200484780
      },
      {
         "url": "anytype_0.54.5_amd64.deb",
         "sha512": "wgXCjASZKYM50syTV6Vo0pMNQe6cg/aw2tk1pBOMGq7U1X+dXryCAnHbLRfyDVCIWs54gmRAOmpj3u6hJzvEbw==",
         "size": 200484780
      },
      {
         "url": "anytype_0.54.5_amd64.deb",
         "sha512": "wgXCjASZKYM50syTV6Vo0pMNQe6cg/aw2tk1pBOMGq7U1X+dXryCAnHbLRfyDVCIWs54gmRAOmpj3u6hJzvEbw==",
         "size": 200484780
      },
      {
         "url": "anytype-0.54.5.x86_64.rpm",
         "sha512": "owLIGe37IgHjOfCR+kEncGxJSuHDi5mP2KQUiDKYpAn/Q2q7sa0hFAIIcBGqQByuNBFYPCPAbFUlg7nVAOZe6Q==",
         "size": 177600645
      },
      {
         "url": "anytype-0.54.5.x86_64.rpm",
         "sha512": "owLIGe37IgHjOfCR+kEncGxJSuHDi5mP2KQUiDKYpAn/Q2q7sa0hFAIIcBGqQByuNBFYPCPAbFUlg7nVAOZe6Q==",
         "size": 177600645
      },
      {
         "url": "anytype-0.54.5.x86_64.rpm",
         "sha512": "owLIGe37IgHjOfCR+kEncGxJSuHDi5mP2KQUiDKYpAn/Q2q7sa0hFAIIcBGqQByuNBFYPCPAbFUlg7nVAOZe6Q==",
         "size": 177600645
      }
   ],
   "path": "Anytype-0.54.5.AppImage",
   "sha512": "4wfe6mm+92gDCFwoW5SBbYuuZqE55/2zBmkV/Qjo2MrMOztKn6s5VzDrHhaYuTyIMi0UBpbfaledMzZGScj6wg==",
   "releaseDate": "2026-03-10T18:45:19.244Z",
   "downloadedFile": "/home/a7r/.cache/anytype-updater/pending/Anytype-0.54.5.AppImage"
}
[2026-03-14 07:19:34.471] [info]  [PowerMonitor] resume
[2026-03-18 08:01:41.859] [info]  closeMain: undefined
[2026-03-18 08:06:38.182] [info]  Checking for update
[2026-03-18 08:06:38.183] [info]  Checking for update
[2026-03-18 08:06:38.521] [info]  Found version 0.54.9 (url: Anytype-0.54.9.AppImage, anytype_0.54.9_amd64.deb, anytype_0.54.9_amd64.deb, anytype_0.54.9_amd64.deb, anytype-0.54.9.x86_64.rpm, anytype-0.54.9.x86_64.rpm, anytype-0.54.9.x86_64.rpm)
[2026-03-18 08:06:38.522] [info]  Update available: {
   "version": "0.54.9",
   "files": [
      {
         "url": "Anytype-0.54.9.AppImage",
         "sha512": "7v3at9LgQs9mMQuKS6wlGJWlvUaj230s/OuVVegX5WSy4M9q/0luQTrHgQvT3nKM+o2yrkrXcunbtszG3EXDTA==",
         "size": 239845466,
         "blockMapSize": 249966
      },
      {
         "url": "anytype_0.54.9_amd64.deb",
         "sha512": "Zes5fcz3vsIA0wlhtW7/A0Gr6yw0cTIr3+Nql+y5OTCdDpigA1naEmpbTk1ZgXLN4tRIEDLD77uHuwAI0ikh/g==",
         "size": 200492488
      },
      {
         "url": "anytype_0.54.9_amd64.deb",
         "sha512": "Zes5fcz3vsIA0wlhtW7/A0Gr6yw0cTIr3+Nql+y5OTCdDpigA1naEmpbTk1ZgXLN4tRIEDLD77uHuwAI0ikh/g==",
         "size": 200492488
      },
      {
         "url": "anytype_0.54.9_amd64.deb",
         "sha512": "Zes5fcz3vsIA0wlhtW7/A0Gr6yw0cTIr3+Nql+y5OTCdDpigA1naEmpbTk1ZgXLN4tRIEDLD77uHuwAI0ikh/g==",
         "size": 200492488
      },
      {
         "url": "anytype-0.54.9.x86_64.rpm",
         "sha512": "Pbu8MZDA/TY+vl0XCV2U9OgRcOvl9GjpPZoEcY2s0NNI4kpxhst2SUdmfaydMN+jO3lg0CiE9c3hO/MvRZbaDA==",
         "size": 177624225
      },
      {
         "url": "anytype-0.54.9.x86_64.rpm",
         "sha512": "Pbu8MZDA/TY+vl0XCV2U9OgRcOvl9GjpPZoEcY2s0NNI4kpxhst2SUdmfaydMN+jO3lg0CiE9c3hO/MvRZbaDA==",
         "size": 177624225
      },
      {
         "url": "anytype-0.54.9.x86_64.rpm",
         "sha512": "Pbu8MZDA/TY+vl0XCV2U9OgRcOvl9GjpPZoEcY2s0NNI4kpxhst2SUdmfaydMN+jO3lg0CiE9c3hO/MvRZbaDA==",
         "size": 177624225
      }
   ],
   "path": "Anytype-0.54.9.AppImage",
   "sha512": "7v3at9LgQs9mMQuKS6wlGJWlvUaj230s/OuVVegX5WSy4M9q/0luQTrHgQvT3nKM+o2yrkrXcunbtszG3EXDTA==",
   "releaseDate": "2026-03-17T10:37:40.950Z"
}
[2026-03-18 08:06:38.524] [info]  Downloading update from Anytype-0.54.9.AppImage, anytype_0.54.9_amd64.deb, anytype_0.54.9_amd64.deb, anytype_0.54.9_amd64.deb, anytype-0.54.9.x86_64.rpm, anytype-0.54.9.x86_64.rpm, anytype-0.54.9.x86_64.rpm
[2026-03-18 08:06:38.528] [debug] updater cache dir: /home/a7r/.cache/anytype-updater
[2026-03-18 08:06:38.528] [debug] checkForUpdatesAndNotify called, downloadPromise is null
[2026-03-18 08:06:38.534] [info]  Cached update sha512 checksum doesn't match the latest available update. New update must be downloaded. Cached: 4wfe6mm+92gDCFwoW5SBbYuuZqE55/2zBmkV/Qjo2MrMOztKn6s5VzDrHhaYuTyIMi0UBpbfaledMzZGScj6wg==, expected: 7v3at9LgQs9mMQuKS6wlGJWlvUaj230s/OuVVegX5WSy4M9q/0luQTrHgQvT3nKM+o2yrkrXcunbtszG3EXDTA==. Directory for cached update will be cleaned
[2026-03-18 08:06:38.982] [debug] DAnyYX4ihDz4J1v9IJUn505Y duplicated in blockmap (same size), it doesn't lead to broken differential downloader, just corresponding block will be skipped)
[2026-03-18 08:06:38.983] [debug] KX9GTXhe3x1c7mzeDrSJhKAA duplicated in blockmap (same size), it doesn't lead to broken differential downloader, just corresponding block will be skipped)
[2026-03-18 08:06:38.983] [debug] TUe01hrmQpaU9e89sr3L8HDs duplicated in blockmap (same size), it doesn't lead to broken differential downloader, just corresponding block will be skipped)
[2026-03-18 08:06:38.983] [debug] k5KHulLCH2oITQpFr41EVXtC duplicated in blockmap (same size), it doesn't lead to broken differential downloader, just corresponding block will be skipped)
[2026-03-18 08:06:38.983] [debug] WObq4ezNKrR80zra/WoANSES duplicated in blockmap (same size), it doesn't lead to broken differential downloader, just corresponding block will be skipped)
[2026-03-18 08:06:38.983] [debug] KXEBdSmayN3ZGwAFa8mZCnld duplicated in blockmap (same size), it doesn't lead to broken differential downloader, just corresponding block will be skipped)
[2026-03-18 08:06:38.983] [debug] AGqEPIOCTGhe8aP6hWX6n6cv duplicated in blockmap (same size), it doesn't lead to broken differential downloader, just corresponding block will be skipped)
[2026-03-18 08:06:38.983] [debug] YEqiS1XztJRo1MAtb7ORGnmO duplicated in blockmap (same size), it doesn't lead to broken differential downloader, just corresponding block will be skipped)
[2026-03-18 08:06:38.984] [debug] jKt8MmLaLJ6H5QPSkkTuIdoq duplicated in blockmap (same size), it doesn't lead to broken differential downloader, just corresponding block will be skipped)
[2026-03-18 08:06:38.984] [debug] zDduqPimrlC7Y/am3WFM9JKv duplicated in blockmap (same size), it doesn't lead to broken differential downloader, just corresponding block will be skipped)
[2026-03-18 08:06:38.984] [debug] FM5cFP2XOQ6+4mnsnG3nS+4m duplicated in blockmap (same size), it doesn't lead to broken differential downloader, just corresponding block will be skipped)
[2026-03-18 08:06:38.984] [debug] Y1rkGKj/te8GnPl2ZnlAl6TJ duplicated in blockmap (same size), it doesn't lead to broken differential downloader, just corresponding block will be skipped)
[2026-03-18 08:06:38.993] [info]  File has 9132 changed blocks
[2026-03-18 08:06:38.993] [debug] [
  {
    "kind": 0,
    "start": 0,
    "end": 159006
  },
  {
    "kind": 1,
    "start": 159006,
    "end": 85950940
  },
  {
    "kind": 0,
    "start": 87050060,
    "end": 91637405
  },
  {
    "kind": 1,
    "start": 90538285,
    "end": 147947215
  },
  {
    "kind": 0,
    "start": 148395090,
    "end": 148672656
  },
  {
    "kind": 1,
    "start": 148224781,
    "end": 148268071
  },
  {
    "kind": 0,
    "start": 148715941,
    "end": 148725092
  },
  {
    "kind": 1,
    "start": 148277222,
    "end": 148985536
  },
  {
    "kind": 0,
    "start": 149407640,
    "end": 149926907
  },
  {
    "kind": 0,
    "start": 148069100,
    "end": 148108990
  },
  {
    "kind": 1,
    "start": 149544693,
    "end": 149739179
  },
  {
    "kind": 0,
    "start": 150161277,
    "end": 150268668
  },
  {
    "kind": 0,
    "start": 148395090,
    "end": 148554663
  },
  {
    "kind": 0,
    "start": 150428241,
    "end": 152186260
  },
  {
    "kind": 1,
    "start": 151764162,
    "end": 177674486
  },
  {
    "kind": 0,
    "start": 177885626,
    "end": 178806356
  },
  {
    "kind": 1,
    "start": 178595216,
    "end": 178646264
  },
  {
    "kind": 0,
    "start": 178855345,
    "end": 212108146
  },
  {
    "kind": 1,
    "start": 211899065,
    "end": 211932953
  },
  {
    "kind": 0,
    "start": 212149779,
    "end": 212620124
  },
  {
    "kind": 1,
    "start": 212403298,
    "end": 225945000
  },
  {
    "kind": 0,
    "start": 225407973,
    "end": 229738778
  },
  {
    "kind": 1,
    "start": 230275805,
    "end": 231154295
  },
  {
    "kind": 0,
    "start": 230197423,
    "end": 231494046
  },
  {
    "kind": 1,
    "start": 232450918,
    "end": 232541996
  },
  {
    "kind": 0,
    "start": 231555083,
    "end": 231579626
  },
  {
    "kind": 1,
    "start": 232566539,
    "end": 233608468
  },
  {
    "kind": 0,
    "start": 232560202,
    "end": 232569320
  },
  {
    "kind": 1,
    "start": 233617586,
    "end": 233661962
  },
  {
    "kind": 0,
    "start": 232613682,
    "end": 232702194
  },
  {
    "kind": 1,
    "start": 233750474,
    "end": 235357101
  },
  {
    "kind": 0,
    "start": 234249055,
    "end": 234327133
  },
  {
    "kind": 1,
    "start": 235435179,
    "end": 239192799
  },
  {
    "kind": 0,
    "start": 237959355,
    "end": 238041420
  },
  {
    "kind": 1,
    "start": 239274864,
    "end": 239595496
  }
]
[2026-03-18 08:06:39.041] [info]  Full: 234,224.09 KB, To download: 186,938.15 KB (80%)
[2026-03-18 08:06:39.132] [error] Cannot download differentially, fallback to full download: Error: Content-Type "multipart/byteranges" is expected, but got "binary/octet-stream"
    at ClientRequest.<anonymous> (/tmp/.mount_anytypzRWY5S/resources/app.asar/node_modules/electron-updater/out/differentialDownloader/multipleRangeDownloader.js:81:20)
    at ClientRequest.emit (node:events:519:28)
    at SimpleURLLoaderWrapper.<anonymous> (node:electron/js2c/browser_init:2:123892)
    at SimpleURLLoaderWrapper.emit (node:events:519:28)
[2026-03-18 08:06:40.503] [info]  Download speed: 1763785 - Downloaded: 0.7375899280080617% (1769076/239845466)
[2026-03-18 08:06:41.518] [info]  Download speed: 1599121 - Downloaded: 1.3454609144039438% (3227027/239845466)
[2026-03-18 08:06:42.522] [info]  Download speed: 2076276 - Downloaded: 2.6160615435607193% (6274505/239845466)
[2026-03-18 08:06:43.524] [info]  Download speed: 2459166 - Downloaded: 4.12585827242613% (9895684/239845466)
[2026-03-18 08:06:44.524] [info]  Download speed: 2709900 - Downloaded: 5.676378722956556% (13614537/239845466)
[2026-03-18 08:06:45.529] [info]  Download speed: 2771793 - Downloaded: 6.967461290262622% (16711140/239845466)
[2026-03-18 08:06:46.530] [info]  Download speed: 2831578 - Downloaded: 8.299507733867273% (19905993/239845466)
[2026-03-18 08:06:47.533] [info]  Download speed: 2928815 - Downloaded: 9.809304462732683% (23527172/239845466)
[2026-03-18 08:06:48.613] [info]  Download speed: 2973626 - Downloaded: 11.298379098815236% (27098650/239845466)
[2026-03-18 08:06:49.619] [info]  Download speed: 2925759 - Downloaded: 12.343678408329803% (29605753/239845466)
[2026-03-18 08:06:50.626] [info]  Download speed: 2871520 - Downloaded: 13.3204644360465% (31948530/239845466)
[2026-03-18 08:06:51.628] [info]  Download speed: 2843652 - Downloaded: 14.379178216360364% (34487807/239845466)
[2026-03-18 08:06:52.629] [info]  Download speed: 2881454 - Downloaded: 15.772910629046455% (37830611/239845466)
[2026-03-18 08:06:53.630] [info]  Download speed: 2921972 - Downloaded: 17.21419407611399% (41287464/239845466)
[2026-03-18 08:06:54.632] [info]  Download speed: 2966673 - Downloaded: 18.716923337629403% (44891692/239845466)
[2026-03-18 08:06:55.633] [info]  Download speed: 3008073 - Downloaded: 20.233547379211245% (48529246/239845466)
[2026-03-18 08:06:56.633] [info]  Download speed: 3043825 - Downloaded: 21.74310395344309% (52149849/239845466)
[2026-03-18 08:06:57.637] [info]  Download speed: 3046966 - Downloaded: 23.041013833465588% (55262827/239845466)
[2026-03-18 08:06:58.637] [info]  Download speed: 3064962 - Downloaded: 24.4549880296674% (58654180/239845466)
[2026-03-18 08:06:59.640] [info]  Download speed: 3091310 - Downloaded: 25.957957445816383% (62258984/239845466)
[2026-03-18 08:07:00.646] [info]  Download speed: 3099201 - Downloaded: 27.32414045300319% (65535712/239845466)
[2026-03-18 08:07:01.654] [info]  Download speed: 3039547 - Downloaded: 28.075625161077678% (67338114/239845466)
[2026-03-18 08:07:02.658] [info]  Download speed: 3011055 - Downloaded: 29.07289312694366% (69730016/239845466)
[2026-03-18 08:07:03.661] [info]  Download speed: 2989122 - Downloaded: 30.111124969108232% (72220168/239845466)
[2026-03-18 08:07:04.661] [info]  Download speed: 2975822 - Downloaded: 31.217870093070676% (74874646/239845466)
[2026-03-18 08:07:05.661] [info]  Download speed: 2971049 - Downloaded: 32.40654296963029% (77725624/239845466)
[2026-03-18 08:07:06.665] [info]  Download speed: 2974028 - Downloaded: 33.68397091150349% (80789477/239845466)
[2026-03-18 08:07:07.665] [info]  Download speed: 2983613 - Downloaded: 35.036499293257435% (84033455/239845466)
[2026-03-18 08:07:08.666] [info]  Download speed: 2992999 - Downloaded: 36.3958549877278% (87293808/239845466)
[2026-03-18 08:07:09.667] [info]  Download speed: 3006105 - Downloaded: 37.80982918392962% (90685161/239845466)
[2026-03-18 08:07:10.668] [info]  Download speed: 3026249 - Downloaded: 39.3262130708779% (94322139/239845466)
[2026-03-18 08:07:11.669] [info]  Download speed: 3043122 - Downloaded: 40.81552786159401% (97894193/239845466)
[2026-03-18 08:07:12.669] [info]  Download speed: 3054608 - Downloaded: 42.2431566832287% (101318296/239845466)
[2026-03-18 08:07:13.671] [info]  Download speed: 3058534 - Downloaded: 43.57520312683334% (104513149/239845466)
[2026-03-18 08:07:14.692] [info]  Download speed: 3034043 - Downloaded: 44.51785259096789% (106774051/239845466)
[2026-03-18 08:07:15.692] [info]  Download speed: 3002727 - Downloaded: 45.31030117534096% (108674703/239845466)
[2026-03-18 08:07:16.696] [info]  Download speed: 2958232 - Downloaded: 45.87720828543826% (110034404/239845466)
[2026-03-18 08:07:17.699] [info]  Download speed: 2916167 - Downloaded: 46.44435555016913% (111394681/239845466)
[2026-03-18 08:07:18.703] [info]  Download speed: 2883686 - Downloaded: 47.134154289162176% (113049132/239845466)
[2026-03-18 08:07:19.705] [info]  Download speed: 2857870 - Downloaded: 47.90612093538596% (114900659/239845466)
[2026-03-18 08:07:20.710] [info]  Download speed: 2838666 - Downloaded: 48.77366995963976% (116981436/239845466)
[2026-03-18 08:07:21.711] [info]  Download speed: 2824911 - Downloaded: 49.71631942377431% (119242338/239845466)
[2026-03-18 08:07:22.715] [info]  Download speed: 2811599 - Downloaded: 50.65896888790885% (121503240/239845466)
[2026-03-18 08:07:23.716] [info]  Download speed: 2808045 - Downloaded: 51.76571401187129% (124157718/239845466)
[2026-03-18 08:07:24.720] [info]  Download speed: 2808684 - Downloaded: 52.9543868884309% (127008696/239845466)
[2026-03-18 08:07:25.723] [info]  Download speed: 2820399 - Downloaded: 54.35470645919985% (130367299/239845466)
[2026-03-18 08:07:26.726] [info]  Download speed: 2838551 - Downloaded: 55.89157228429742% (134053402/239845466)
[2026-03-18 08:07:27.728] [info]  Download speed: 2855679 - Downloaded: 57.42185095131212% (137723706/239845466)
[2026-03-18 08:07:28.731] [info]  Download speed: 2866719 - Downloaded: 58.84265246023037% (141131434/239845466)
[2026-03-18 08:07:29.731] [info]  Download speed: 2881413 - Downloaded: 60.345621876379354% (144736238/239845466)
[2026-03-18 08:07:30.784] [info]  Download speed: 2880065 - Downloaded: 61.58184578732041% (147701265/239845466)
[2026-03-18 08:07:31.786] [info]  Download speed: 2904777 - Downloaded: 63.32377114854445% (151879194/239845466)
[2026-03-18 08:07:32.856] [info]  Download speed: 2905537 - Downloaded: 64.63533565399982% (155024922/239845466)
[2026-03-18 08:07:33.859] [info]  Download speed: 2903114 - Downloaded: 65.7966992796937% (157810400/239845466)
[2026-03-18 08:07:34.863] [info]  Download speed: 2903146 - Downloaded: 67.01268140711903% (160726878/239845466)
[2026-03-18 08:07:35.863] [info]  Download speed: 2905126 - Downloaded: 68.26962741084294% (163741606/239845466)
[2026-03-18 08:07:36.864] [info]  Download speed: 2909555 - Downloaded: 69.58801922901473% (166903709/239845466)
[2026-03-18 08:07:37.864] [info]  Download speed: 2917249 - Downloaded: 70.98833879978369% (170262312/239845466)
[2026-03-18 08:07:38.866] [info]  Download speed: 2927619 - Downloaded: 72.46375881043338% (173801040/239845466)
[2026-03-18 08:07:39.866] [info]  Download speed: 2939651 - Downloaded: 73.98721016473165% (177454969/239845466)
[2026-03-18 08:07:40.868] [info]  Download speed: 2951719 - Downloaded: 75.52407598982921% (181141072/239845466)
[2026-03-18 08:07:41.869] [info]  Download speed: 2962930 - Downloaded: 77.04752734412749% (184795001/239845466)
[2026-03-18 08:07:42.869] [info]  Download speed: 2973567 - Downloaded: 78.56391123107576% (188431979/239845466)
[2026-03-18 08:07:43.871] [info]  Download speed: 2983790 - Downloaded: 80.0805352726576% (192069533/239845466)
[2026-03-18 08:07:44.871] [info]  Download speed: 2993531 - Downloaded: 81.59009184688945% (195690136/239845466)
[2026-03-18 08:07:45.872] [info]  Download speed: 3002696 - Downloaded: 83.09306126303842% (199294940/239845466)
[2026-03-18 08:07:46.874] [info]  Download speed: 3011292 - Downloaded: 84.58896321183741% (202882793/239845466)
[2026-03-18 08:07:47.879] [info]  Download speed: 3009685 - Downloaded: 85.80494533926274% (205799271/239845466)
[2026-03-18 08:07:48.879] [info]  Download speed: 3011646 - Downloaded: 87.11650984471811% (208944999/239845466)
[2026-03-18 08:07:49.880] [info]  Download speed: 3011414 - Downloaded: 88.36662853572558% (211943352/239845466)
[2026-03-18 08:07:50.885] [info]  Download speed: 3006195 - Downloaded: 89.47313350505446% (214597254/239845466)
[2026-03-18 08:07:51.890] [info]  Download speed: 3003617 - Downloaded: 90.65497906889763% (217431857/239845466)
[2026-03-18 08:07:52.891] [info]  Download speed: 3002612 - Downloaded: 91.8777885090394% (220364710/239845466)
[2026-03-18 08:07:53.893] [info]  Download speed: 3003575 - Downloaded: 93.16204376362903% (223444938/239845466)
[2026-03-18 08:07:54.896] [info]  Download speed: 3007078 - Downloaded: 94.52822677081583% (226721666/239845466)
[2026-03-18 08:07:55.898] [info]  Download speed: 3013101 - Downloaded: 95.9763375305998% (230194894/239845466)
[2026-03-18 08:07:56.900] [info]  Download speed: 3020872 - Downloaded: 97.48589410483164% (233815497/239845466)
[2026-03-18 08:07:57.900] [info]  Download speed: 3028738 - Downloaded: 99.0025181464135% (237453051/239845466)
[2026-03-18 08:07:58.560] [info]  Download speed: 3033714 - Downloaded: 100% (239845466/239845466)
[2026-03-18 08:07:58.598] [info]  New version 0.54.9 has been downloaded to /home/a7r/.cache/anytype-updater/pending/Anytype-0.54.9.AppImage
[2026-03-18 08:07:58.602] [info]  Update downloaded: {
   "version": "0.54.9",
   "files": [
      {
         "url": "Anytype-0.54.9.AppImage",
         "sha512": "7v3at9LgQs9mMQuKS6wlGJWlvUaj230s/OuVVegX5WSy4M9q/0luQTrHgQvT3nKM+o2yrkrXcunbtszG3EXDTA==",
         "size": 239845466,
         "blockMapSize": 249966
      },
      {
         "url": "anytype_0.54.9_amd64.deb",
         "sha512": "Zes5fcz3vsIA0wlhtW7/A0Gr6yw0cTIr3+Nql+y5OTCdDpigA1naEmpbTk1ZgXLN4tRIEDLD77uHuwAI0ikh/g==",
         "size": 200492488
      },
      {
         "url": "anytype_0.54.9_amd64.deb",
         "sha512": "Zes5fcz3vsIA0wlhtW7/A0Gr6yw0cTIr3+Nql+y5OTCdDpigA1naEmpbTk1ZgXLN4tRIEDLD77uHuwAI0ikh/g==",
         "size": 200492488
      },
      {
         "url": "anytype_0.54.9_amd64.deb",
         "sha512": "Zes5fcz3vsIA0wlhtW7/A0Gr6yw0cTIr3+Nql+y5OTCdDpigA1naEmpbTk1ZgXLN4tRIEDLD77uHuwAI0ikh/g==",
         "size": 200492488
      },
      {
         "url": "anytype-0.54.9.x86_64.rpm",
         "sha512": "Pbu8MZDA/TY+vl0XCV2U9OgRcOvl9GjpPZoEcY2s0NNI4kpxhst2SUdmfaydMN+jO3lg0CiE9c3hO/MvRZbaDA==",
         "size": 177624225
      },
      {
         "url": "anytype-0.54.9.x86_64.rpm",
         "sha512": "Pbu8MZDA/TY+vl0XCV2U9OgRcOvl9GjpPZoEcY2s0NNI4kpxhst2SUdmfaydMN+jO3lg0CiE9c3hO/MvRZbaDA==",
         "size": 177624225
      },
      {
         "url": "anytype-0.54.9.x86_64.rpm",
         "sha512": "Pbu8MZDA/TY+vl0XCV2U9OgRcOvl9GjpPZoEcY2s0NNI4kpxhst2SUdmfaydMN+jO3lg0CiE9c3hO/MvRZbaDA==",
         "size": 177624225
      }
   ],
   "path": "Anytype-0.54.9.AppImage",
   "sha512": "7v3at9LgQs9mMQuKS6wlGJWlvUaj230s/OuVVegX5WSy4M9q/0luQTrHgQvT3nKM+o2yrkrXcunbtszG3EXDTA==",
   "releaseDate": "2026-03-17T10:37:40.950Z",
   "downloadedFile": "/home/a7r/.cache/anytype-updater/pending/Anytype-0.54.9.AppImage"
}
[2026-03-20 20:26:38.938] [info]  [PowerMonitor] resume
[2026-03-20 20:29:33.058] [info]  second-instance
[2026-03-20 20:29:33.060] [info]  [Api].exit, relaunch: false
[2026-03-20 20:29:33.069] [info]  [Api].shutdown, relaunch: false
[2026-03-20 20:29:51.403] [info]  closeMain: undefined
[2026-03-20 21:37:44.761] [info]  closeMain: undefined
[2026-03-21 08:02:04.282] [info]  [PowerMonitor] resume
[2026-03-21 08:08:54.285] [info]  second-instance
[2026-03-21 08:08:54.297] [info]  [Api].exit, relaunch: false
[2026-03-21 08:08:54.309] [info]  [Api].shutdown, relaunch: false
[2026-03-21 08:10:15.162] [info]  Checking for update
[2026-03-21 08:10:15.163] [info]  Checking for update
[2026-03-21 08:10:15.454] [info]  Found version 0.54.9 (url: Anytype-0.54.9.AppImage, anytype_0.54.9_amd64.deb, anytype_0.54.9_amd64.deb, anytype_0.54.9_amd64.deb, anytype-0.54.9.x86_64.rpm, anytype-0.54.9.x86_64.rpm, anytype-0.54.9.x86_64.rpm)
[2026-03-21 08:10:15.455] [info]  Update available: {
   "version": "0.54.9",
   "files": [
      {
         "url": "Anytype-0.54.9.AppImage",
         "sha512": "7v3at9LgQs9mMQuKS6wlGJWlvUaj230s/OuVVegX5WSy4M9q/0luQTrHgQvT3nKM+o2yrkrXcunbtszG3EXDTA==",
         "size": 239845466,
         "blockMapSize": 249966
      },
      {
         "url": "anytype_0.54.9_amd64.deb",
         "sha512": "Zes5fcz3vsIA0wlhtW7/A0Gr6yw0cTIr3+Nql+y5OTCdDpigA1naEmpbTk1ZgXLN4tRIEDLD77uHuwAI0ikh/g==",
         "size": 200492488
      },
      {
         "url": "anytype_0.54.9_amd64.deb",
         "sha512": "Zes5fcz3vsIA0wlhtW7/A0Gr6yw0cTIr3+Nql+y5OTCdDpigA1naEmpbTk1ZgXLN4tRIEDLD77uHuwAI0ikh/g==",
         "size": 200492488
      },
      {
         "url": "anytype_0.54.9_amd64.deb",
         "sha512": "Zes5fcz3vsIA0wlhtW7/A0Gr6yw0cTIr3+Nql+y5OTCdDpigA1naEmpbTk1ZgXLN4tRIEDLD77uHuwAI0ikh/g==",
         "size": 200492488
      },
      {
         "url": "anytype-0.54.9.x86_64.rpm",
         "sha512": "Pbu8MZDA/TY+vl0XCV2U9OgRcOvl9GjpPZoEcY2s0NNI4kpxhst2SUdmfaydMN+jO3lg0CiE9c3hO/MvRZbaDA==",
         "size": 177624225
      },
      {
         "url": "anytype-0.54.9.x86_64.rpm",
         "sha512": "Pbu8MZDA/TY+vl0XCV2U9OgRcOvl9GjpPZoEcY2s0NNI4kpxhst2SUdmfaydMN+jO3lg0CiE9c3hO/MvRZbaDA==",
         "size": 177624225
      },
      {
         "url": "anytype-0.54.9.x86_64.rpm",
         "sha512": "Pbu8MZDA/TY+vl0XCV2U9OgRcOvl9GjpPZoEcY2s0NNI4kpxhst2SUdmfaydMN+jO3lg0CiE9c3hO/MvRZbaDA==",
         "size": 177624225
      }
   ],
   "path": "Anytype-0.54.9.AppImage",
   "sha512": "7v3at9LgQs9mMQuKS6wlGJWlvUaj230s/OuVVegX5WSy4M9q/0luQTrHgQvT3nKM+o2yrkrXcunbtszG3EXDTA==",
   "releaseDate": "2026-03-17T10:37:40.950Z"
}
[2026-03-21 08:10:15.457] [info]  Downloading update from Anytype-0.54.9.AppImage, anytype_0.54.9_amd64.deb, anytype_0.54.9_amd64.deb, anytype_0.54.9_amd64.deb, anytype-0.54.9.x86_64.rpm, anytype-0.54.9.x86_64.rpm, anytype-0.54.9.x86_64.rpm
[2026-03-21 08:10:15.460] [debug] updater cache dir: /home/a7r/.cache/anytype-updater
[2026-03-21 08:10:15.461] [debug] checkForUpdatesAndNotify called, downloadPromise is null
[2026-03-21 08:10:16.442] [info]  Update has already been downloaded to /home/a7r/.cache/anytype-updater/pending/Anytype-0.54.9.AppImage).
[2026-03-21 08:10:16.442] [info]  Update downloaded: {
   "version": "0.54.9",
   "files": [
      {
         "url": "Anytype-0.54.9.AppImage",
         "sha512": "7v3at9LgQs9mMQuKS6wlGJWlvUaj230s/OuVVegX5WSy4M9q/0luQTrHgQvT3nKM+o2yrkrXcunbtszG3EXDTA==",
         "size": 239845466,
         "blockMapSize": 249966
      },
      {
         "url": "anytype_0.54.9_amd64.deb",
         "sha512": "Zes5fcz3vsIA0wlhtW7/A0Gr6yw0cTIr3+Nql+y5OTCdDpigA1naEmpbTk1ZgXLN4tRIEDLD77uHuwAI0ikh/g==",
         "size": 200492488
      },
      {
         "url": "anytype_0.54.9_amd64.deb",
         "sha512": "Zes5fcz3vsIA0wlhtW7/A0Gr6yw0cTIr3+Nql+y5OTCdDpigA1naEmpbTk1ZgXLN4tRIEDLD77uHuwAI0ikh/g==",
         "size": 200492488
      },
      {
         "url": "anytype_0.54.9_amd64.deb",
         "sha512": "Zes5fcz3vsIA0wlhtW7/A0Gr6yw0cTIr3+Nql+y5OTCdDpigA1naEmpbTk1ZgXLN4tRIEDLD77uHuwAI0ikh/g==",
         "size": 200492488
      },
      {
         "url": "anytype-0.54.9.x86_64.rpm",
         "sha512": "Pbu8MZDA/TY+vl0XCV2U9OgRcOvl9GjpPZoEcY2s0NNI4kpxhst2SUdmfaydMN+jO3lg0CiE9c3hO/MvRZbaDA==",
         "size": 177624225
      },
      {
         "url": "anytype-0.54.9.x86_64.rpm",
         "sha512": "Pbu8MZDA/TY+vl0XCV2U9OgRcOvl9GjpPZoEcY2s0NNI4kpxhst2SUdmfaydMN+jO3lg0CiE9c3hO/MvRZbaDA==",
         "size": 177624225
      },
      {
         "url": "anytype-0.54.9.x86_64.rpm",
         "sha512": "Pbu8MZDA/TY+vl0XCV2U9OgRcOvl9GjpPZoEcY2s0NNI4kpxhst2SUdmfaydMN+jO3lg0CiE9c3hO/MvRZbaDA==",
         "size": 177624225
      }
   ],
   "path": "Anytype-0.54.9.AppImage",
   "sha512": "7v3at9LgQs9mMQuKS6wlGJWlvUaj230s/OuVVegX5WSy4M9q/0luQTrHgQvT3nKM+o2yrkrXcunbtszG3EXDTA==",
   "releaseDate": "2026-03-17T10:37:40.950Z",
   "downloadedFile": "/home/a7r/.cache/anytype-updater/pending/Anytype-0.54.9.AppImage"
}
[2026-03-21 08:46:12.321] [info]  closeMain: undefined
[2026-03-21 08:55:48.939] [info]  second-instance
[2026-03-21 08:55:48.942] [info]  [Api].exit, relaunch: false
[2026-03-21 08:55:48.951] [info]  [Api].shutdown, relaunch: false
[2026-03-21 08:55:54.653] [info]  closeMain: undefined
[2026-03-21 09:05:21.757] [info]  second-instance
[2026-03-21 09:05:21.768] [info]  [Api].exit, relaunch: false
[2026-03-21 09:05:21.781] [info]  [Api].shutdown, relaunch: false
[2026-03-21 09:06:32.775] [info]  closeMain: undefined
[2026-03-21 09:20:54.924] [info]  second-instance
[2026-03-21 09:20:54.939] [info]  [Api].exit, relaunch: false
[2026-03-21 09:20:54.953] [info]  [Api].shutdown, relaunch: false
[2026-03-21 10:55:22.225] [info]  closeMain: undefined
[2026-03-21 11:01:15.393] [info]  second-instance
[2026-03-21 11:01:15.396] [info]  [Api].exit, relaunch: false
[2026-03-21 11:01:15.405] [info]  [Api].shutdown, relaunch: false
[2026-03-22 00:07:39.771] [info]  closeMain: undefined
[2026-03-23 18:28:16.993] [info]  Checking for update
[2026-03-23 18:28:17.007] [info]  Checking for update
[2026-03-23 18:28:17.319] [info]  Found version 0.54.9 (url: Anytype-0.54.9.AppImage, anytype_0.54.9_amd64.deb, anytype_0.54.9_amd64.deb, anytype_0.54.9_amd64.deb, anytype-0.54.9.x86_64.rpm, anytype-0.54.9.x86_64.rpm, anytype-0.54.9.x86_64.rpm)
[2026-03-23 18:28:17.321] [info]  Update available: {
   "version": "0.54.9",
   "files": [
      {
         "url": "Anytype-0.54.9.AppImage",
         "sha512": "7v3at9LgQs9mMQuKS6wlGJWlvUaj230s/OuVVegX5WSy4M9q/0luQTrHgQvT3nKM+o2yrkrXcunbtszG3EXDTA==",
         "size": 239845466,
         "blockMapSize": 249966
      },
      {
         "url": "anytype_0.54.9_amd64.deb",
         "sha512": "Zes5fcz3vsIA0wlhtW7/A0Gr6yw0cTIr3+Nql+y5OTCdDpigA1naEmpbTk1ZgXLN4tRIEDLD77uHuwAI0ikh/g==",
         "size": 200492488
      },
      {
         "url": "anytype_0.54.9_amd64.deb",
         "sha512": "Zes5fcz3vsIA0wlhtW7/A0Gr6yw0cTIr3+Nql+y5OTCdDpigA1naEmpbTk1ZgXLN4tRIEDLD77uHuwAI0ikh/g==",
         "size": 200492488
      },
      {
         "url": "anytype_0.54.9_amd64.deb",
         "sha512": "Zes5fcz3vsIA0wlhtW7/A0Gr6yw0cTIr3+Nql+y5OTCdDpigA1naEmpbTk1ZgXLN4tRIEDLD77uHuwAI0ikh/g==",
         "size": 200492488
      },
      {
         "url": "anytype-0.54.9.x86_64.rpm",
         "sha512": "Pbu8MZDA/TY+vl0XCV2U9OgRcOvl9GjpPZoEcY2s0NNI4kpxhst2SUdmfaydMN+jO3lg0CiE9c3hO/MvRZbaDA==",
         "size": 177624225
      },
      {
         "url": "anytype-0.54.9.x86_64.rpm",
         "sha512": "Pbu8MZDA/TY+vl0XCV2U9OgRcOvl9GjpPZoEcY2s0NNI4kpxhst2SUdmfaydMN+jO3lg0CiE9c3hO/MvRZbaDA==",
         "size": 177624225
      },
      {
         "url": "anytype-0.54.9.x86_64.rpm",
         "sha512": "Pbu8MZDA/TY+vl0XCV2U9OgRcOvl9GjpPZoEcY2s0NNI4kpxhst2SUdmfaydMN+jO3lg0CiE9c3hO/MvRZbaDA==",
         "size": 177624225
      }
   ],
   "path": "Anytype-0.54.9.AppImage",
   "sha512": "7v3at9LgQs9mMQuKS6wlGJWlvUaj230s/OuVVegX5WSy4M9q/0luQTrHgQvT3nKM+o2yrkrXcunbtszG3EXDTA==",
   "releaseDate": "2026-03-17T10:37:40.950Z"
}
[2026-03-23 18:28:17.322] [info]  Downloading update from Anytype-0.54.9.AppImage, anytype_0.54.9_amd64.deb, anytype_0.54.9_amd64.deb, anytype_0.54.9_amd64.deb, anytype-0.54.9.x86_64.rpm, anytype-0.54.9.x86_64.rpm, anytype-0.54.9.x86_64.rpm
[2026-03-23 18:28:17.326] [debug] updater cache dir: /home/a7r/.cache/anytype-updater
[2026-03-23 18:28:17.327] [debug] checkForUpdatesAndNotify called, downloadPromise is null
[2026-03-23 18:28:18.014] [info]  Update has already been downloaded to /home/a7r/.cache/anytype-updater/pending/Anytype-0.54.9.AppImage).
[2026-03-23 18:28:18.015] [info]  Update downloaded: {
   "version": "0.54.9",
   "files": [
      {
         "url": "Anytype-0.54.9.AppImage",
         "sha512": "7v3at9LgQs9mMQuKS6wlGJWlvUaj230s/OuVVegX5WSy4M9q/0luQTrHgQvT3nKM+o2yrkrXcunbtszG3EXDTA==",
         "size": 239845466,
         "blockMapSize": 249966
      },
      {
         "url": "anytype_0.54.9_amd64.deb",
         "sha512": "Zes5fcz3vsIA0wlhtW7/A0Gr6yw0cTIr3+Nql+y5OTCdDpigA1naEmpbTk1ZgXLN4tRIEDLD77uHuwAI0ikh/g==",
         "size": 200492488
      },
      {
         "url": "anytype_0.54.9_amd64.deb",
         "sha512": "Zes5fcz3vsIA0wlhtW7/A0Gr6yw0cTIr3+Nql+y5OTCdDpigA1naEmpbTk1ZgXLN4tRIEDLD77uHuwAI0ikh/g==",
         "size": 200492488
      },
      {
         "url": "anytype_0.54.9_amd64.deb",
         "sha512": "Zes5fcz3vsIA0wlhtW7/A0Gr6yw0cTIr3+Nql+y5OTCdDpigA1naEmpbTk1ZgXLN4tRIEDLD77uHuwAI0ikh/g==",
         "size": 200492488
      },
      {
         "url": "anytype-0.54.9.x86_64.rpm",
         "sha512": "Pbu8MZDA/TY+vl0XCV2U9OgRcOvl9GjpPZoEcY2s0NNI4kpxhst2SUdmfaydMN+jO3lg0CiE9c3hO/MvRZbaDA==",
         "size": 177624225
      },
      {
         "url": "anytype-0.54.9.x86_64.rpm",
         "sha512": "Pbu8MZDA/TY+vl0XCV2U9OgRcOvl9GjpPZoEcY2s0NNI4kpxhst2SUdmfaydMN+jO3lg0CiE9c3hO/MvRZbaDA==",
         "size": 177624225
      },
      {
         "url": "anytype-0.54.9.x86_64.rpm",
         "sha512": "Pbu8MZDA/TY+vl0XCV2U9OgRcOvl9GjpPZoEcY2s0NNI4kpxhst2SUdmfaydMN+jO3lg0CiE9c3hO/MvRZbaDA==",
         "size": 177624225
      }
   ],
   "path": "Anytype-0.54.9.AppImage",
   "sha512": "7v3at9LgQs9mMQuKS6wlGJWlvUaj230s/OuVVegX5WSy4M9q/0luQTrHgQvT3nKM+o2yrkrXcunbtszG3EXDTA==",
   "releaseDate": "2026-03-17T10:37:40.950Z",
   "downloadedFile": "/home/a7r/.cache/anytype-updater/pending/Anytype-0.54.9.AppImage"
}
[2026-03-25 22:25:59.265] [info]  [PowerMonitor] resume
[2026-03-26 19:12:02.217] [info]  [PowerMonitor] resume
[2026-03-27 00:09:34.895] [info]  closeMain: undefined
[2026-03-27 00:31:31.852] [info]  second-instance
[2026-03-27 00:31:31.861] [info]  [Api].exit, relaunch: false
[2026-03-27 00:31:31.869] [info]  [Api].shutdown, relaunch: false
[2026-03-27 00:35:02.499] [info]  closeMain: undefined
[2026-03-27 11:43:25.246] [info]  [PowerMonitor] resume
[2026-03-27 13:24:51.050] [info]  second-instance
[2026-03-27 13:24:51.081] [info]  [Api].exit, relaunch: false
[2026-03-27 13:24:51.096] [info]  [Api].shutdown, relaunch: false
[2026-03-27 16:01:15.533] [info]  second-instance
[2026-03-27 16:01:15.534] [info]  [Api].exit, relaunch: false
[2026-03-27 16:01:15.539] [info]  [Api].shutdown, relaunch: false
[2026-03-27 16:10:22.798] [info]  closeMain: undefined
[2026-03-27 17:34:00.880] [info]  second-instance
[2026-03-27 17:34:00.881] [info]  [Api].exit, relaunch: false
[2026-03-27 17:34:00.887] [info]  [Api].shutdown, relaunch: false
[2026-03-27 19:26:48.198] [info]  closeMain: undefined
[2026-03-27 19:26:59.442] [info]  before-quit
[2026-03-27 19:26:59.442] [info]  [Api].exit, relaunch: false
[2026-04-03 15:39:51.565] [info]  Checking for update
[2026-04-03 15:39:51.571] [info]  Checking for update
[2026-04-03 15:39:51.868] [info]  Found version 0.54.11 (url: Anytype-0.54.11.AppImage, anytype_0.54.11_amd64.deb, anytype_0.54.11_amd64.deb, anytype_0.54.11_amd64.deb, anytype-0.54.11.x86_64.rpm, anytype-0.54.11.x86_64.rpm, anytype-0.54.11.x86_64.rpm)
[2026-04-03 15:39:51.869] [info]  Update available: {
   "version": "0.54.11",
   "files": [
      {
         "url": "Anytype-0.54.11.AppImage",
         "sha512": "oDBTxNFGPsZmUodaJYp6gb6n72Skg3MHwuLLZla4Pr/d19Q2TlRAOaEJr3n9/M4GXCvZ4topxMYu0eUfxZlQIg==",
         "size": 239115764,
         "blockMapSize": 249352
      },
      {
         "url": "anytype_0.54.11_amd64.deb",
         "sha512": "cvnefwLh6fkH6P+oa8lHlcDtqxckT8TclH6NDYPbt/9d+sVifk5FobHW7qwN0Mhrm6j86chEEgESa6jr0mQneg==",
         "size": 199964200
      },
      {
         "url": "anytype_0.54.11_amd64.deb",
         "sha512": "cvnefwLh6fkH6P+oa8lHlcDtqxckT8TclH6NDYPbt/9d+sVifk5FobHW7qwN0Mhrm6j86chEEgESa6jr0mQneg==",
         "size": 199964200
      },
      {
         "url": "anytype_0.54.11_amd64.deb",
         "sha512": "cvnefwLh6fkH6P+oa8lHlcDtqxckT8TclH6NDYPbt/9d+sVifk5FobHW7qwN0Mhrm6j86chEEgESa6jr0mQneg==",
         "size": 199964200
      },
      {
         "url": "anytype-0.54.11.x86_64.rpm",
         "sha512": "TWYg4n01iWEgM4Yrr2fLblmp6fWO2IkaoLd0+rWKmFGsFvkbwcQvS8+GEkRER0n4XJTMyZSX4YfnIY5WmTr63g==",
         "size": 177422909
      },
      {
         "url": "anytype-0.54.11.x86_64.rpm",
         "sha512": "TWYg4n01iWEgM4Yrr2fLblmp6fWO2IkaoLd0+rWKmFGsFvkbwcQvS8+GEkRER0n4XJTMyZSX4YfnIY5WmTr63g==",
         "size": 177422909
      },
      {
         "url": "anytype-0.54.11.x86_64.rpm",
         "sha512": "TWYg4n01iWEgM4Yrr2fLblmp6fWO2IkaoLd0+rWKmFGsFvkbwcQvS8+GEkRER0n4XJTMyZSX4YfnIY5WmTr63g==",
         "size": 177422909
      }
   ],
   "path": "Anytype-0.54.11.AppImage",
   "sha512": "oDBTxNFGPsZmUodaJYp6gb6n72Skg3MHwuLLZla4Pr/d19Q2TlRAOaEJr3n9/M4GXCvZ4topxMYu0eUfxZlQIg==",
   "releaseDate": "2026-03-26T14:17:41.826Z"
}
[2026-04-03 15:39:51.870] [info]  Downloading update from Anytype-0.54.11.AppImage, anytype_0.54.11_amd64.deb, anytype_0.54.11_amd64.deb, anytype_0.54.11_amd64.deb, anytype-0.54.11.x86_64.rpm, anytype-0.54.11.x86_64.rpm, anytype-0.54.11.x86_64.rpm
[2026-04-03 15:39:51.872] [debug] updater cache dir: /home/a7r/.cache/anytype-updater
[2026-04-03 15:39:51.873] [debug] checkForUpdatesAndNotify called, downloadPromise is null
[2026-04-03 15:39:51.878] [info]  Cached update sha512 checksum doesn't match the latest available update. New update must be downloaded. Cached: 7v3at9LgQs9mMQuKS6wlGJWlvUaj230s/OuVVegX5WSy4M9q/0luQTrHgQvT3nKM+o2yrkrXcunbtszG3EXDTA==, expected: oDBTxNFGPsZmUodaJYp6gb6n72Skg3MHwuLLZla4Pr/d19Q2TlRAOaEJr3n9/M4GXCvZ4topxMYu0eUfxZlQIg==. Directory for cached update will be cleaned
[2026-04-03 15:39:52.266] [debug] DAnyYX4ihDz4J1v9IJUn505Y duplicated in blockmap (same size), it doesn't lead to broken differential downloader, just corresponding block will be skipped)
[2026-04-03 15:39:52.266] [debug] KX9GTXhe3x1c7mzeDrSJhKAA duplicated in blockmap (same size), it doesn't lead to broken differential downloader, just corresponding block will be skipped)
[2026-04-03 15:39:52.266] [debug] TUe01hrmQpaU9e89sr3L8HDs duplicated in blockmap (same size), it doesn't lead to broken differential downloader, just corresponding block will be skipped)
[2026-04-03 15:39:52.267] [debug] k5KHulLCH2oITQpFr41EVXtC duplicated in blockmap (same size), it doesn't lead to broken differential downloader, just corresponding block will be skipped)
[2026-04-03 15:39:52.267] [debug] WObq4ezNKrR80zra/WoANSES duplicated in blockmap (same size), it doesn't lead to broken differential downloader, just corresponding block will be skipped)
[2026-04-03 15:39:52.267] [debug] KXEBdSmayN3ZGwAFa8mZCnld duplicated in blockmap (same size), it doesn't lead to broken differential downloader, just corresponding block will be skipped)
[2026-04-03 15:39:52.267] [debug] AGqEPIOCTGhe8aP6hWX6n6cv duplicated in blockmap (same size), it doesn't lead to broken differential downloader, just corresponding block will be skipped)
[2026-04-03 15:39:52.267] [debug] YEqiS1XztJRo1MAtb7ORGnmO duplicated in blockmap (same size), it doesn't lead to broken differential downloader, just corresponding block will be skipped)
[2026-04-03 15:39:52.267] [debug] jKt8MmLaLJ6H5QPSkkTuIdoq duplicated in blockmap (same size), it doesn't lead to broken differential downloader, just corresponding block will be skipped)
[2026-04-03 15:39:52.267] [debug] zDduqPimrlC7Y/am3WFM9JKv duplicated in blockmap (same size), it doesn't lead to broken differential downloader, just corresponding block will be skipped)
[2026-04-03 15:39:52.267] [debug] FM5cFP2XOQ6+4mnsnG3nS+4m duplicated in blockmap (same size), it doesn't lead to broken differential downloader, just corresponding block will be skipped)
[2026-04-03 15:39:52.267] [debug] Y1rkGKj/te8GnPl2ZnlAl6TJ duplicated in blockmap (same size), it doesn't lead to broken differential downloader, just corresponding block will be skipped)
[2026-04-03 15:39:52.278] [info]  File has 9099 changed blocks
[2026-04-03 15:39:52.278] [debug] [
  {
    "kind": 0,
    "start": 0,
    "end": 159006
  },
  {
    "kind": 1,
    "start": 159006,
    "end": 85950940
  },
  {
    "kind": 0,
    "start": 87050060,
    "end": 91637405
  },
  {
    "kind": 1,
    "start": 90538285,
    "end": 147900466
  },
  {
    "kind": 0,
    "start": 148083478,
    "end": 148189486
  },
  {
    "kind": 1,
    "start": 148006474,
    "end": 148170212
  },
  {
    "kind": 0,
    "start": 148353221,
    "end": 148699959
  },
  {
    "kind": 1,
    "start": 148516950,
    "end": 149254229
  },
  {
    "kind": 0,
    "start": 149407640,
    "end": 149926907
  },
  {
    "kind": 0,
    "start": 148069100,
    "end": 148123950
  },
  {
    "kind": 1,
    "start": 149828346,
    "end": 150007870
  },
  {
    "kind": 0,
    "start": 150161277,
    "end": 150268668
  },
  {
    "kind": 0,
    "start": 148395090,
    "end": 148554663
  },
  {
    "kind": 0,
    "start": 150428241,
    "end": 152227428
  },
  {
    "kind": 1,
    "start": 152074021,
    "end": 176884367
  },
  {
    "kind": 0,
    "start": 177885626,
    "end": 178806356
  },
  {
    "kind": 1,
    "start": 177805097,
    "end": 177856145
  },
  {
    "kind": 0,
    "start": 178855345,
    "end": 212108146
  },
  {
    "kind": 1,
    "start": 211108946,
    "end": 211142834
  },
  {
    "kind": 0,
    "start": 212149779,
    "end": 212620124
  },
  {
    "kind": 1,
    "start": 211613179,
    "end": 225193588
  },
  {
    "kind": 0,
    "start": 225386965,
    "end": 229738778
  },
  {
    "kind": 1,
    "start": 229545401,
    "end": 230425738
  },
  {
    "kind": 0,
    "start": 230197423,
    "end": 231494046
  },
  {
    "kind": 1,
    "start": 231722361,
    "end": 231813439
  },
  {
    "kind": 0,
    "start": 231555083,
    "end": 231579626
  },
  {
    "kind": 1,
    "start": 231837982,
    "end": 232879911
  },
  {
    "kind": 0,
    "start": 232560202,
    "end": 232569320
  },
  {
    "kind": 1,
    "start": 232889029,
    "end": 232933405
  },
  {
    "kind": 0,
    "start": 232613682,
    "end": 232702194
  },
  {
    "kind": 1,
    "start": 233021917,
    "end": 234628544
  },
  {
    "kind": 0,
    "start": 234249055,
    "end": 234327133
  },
  {
    "kind": 1,
    "start": 234706622,
    "end": 238464242
  },
  {
    "kind": 0,
    "start": 237959355,
    "end": 238041420
  },
  {
    "kind": 1,
    "start": 238546307,
    "end": 238866408
  }
]
[2026-04-03 15:39:52.352] [info]  Full: 233,511.49 KB, To download: 185,988.69 KB (80%)
[2026-04-03 15:39:52.457] [error] Cannot download differentially, fallback to full download: Error: Content-Type "multipart/byteranges" is expected, but got "binary/octet-stream"
    at ClientRequest.<anonymous> (/tmp/.mount_anytyp93s9TV/resources/app.asar/node_modules/electron-updater/out/differentialDownloader/multipleRangeDownloader.js:81:20)
    at ClientRequest.emit (node:events:519:28)
    at SimpleURLLoaderWrapper.<anonymous> (node:electron/js2c/browser_init:2:123892)
    at SimpleURLLoaderWrapper.emit (node:events:519:28)
[2026-04-03 15:39:54.215] [info]  Download speed: 2070056 - Downloaded: 0.8838927909412111% (2113527/239115764)
[2026-04-03 15:39:55.217] [info]  Download speed: 2145098 - Downloaded: 1.8157226137545661% (4341679/239115764)
[2026-04-03 15:39:56.224] [info]  Download speed: 2670169 - Downloaded: 3.3846710332322547% (8093282/239115764)
[2026-04-03 15:39:57.238] [info]  Download speed: 2920326 - Downloaded: 4.940167809262463% (11812720/239115764)
[2026-04-03 15:39:58.247] [info]  Download speed: 3073733 - Downloaded: 6.495419933919538% (15531573/239115764)
[2026-04-03 15:39:59.335] [info]  Download speed: 2838200 - Downloaded: 7.290286808526769% (17432225/239115764)
[2026-04-03 15:40:00.418] [info]  Download speed: 2483104 - Downloaded: 7.502820265752115% (17940426/239115764)
[2026-04-03 15:40:01.439] [info]  Download speed: 2207425 - Downloaded: 7.612390624317015% (18202426/239115764)
[2026-04-03 15:40:02.464] [info]  Download speed: 1982801 - Downloaded: 7.687720245830383% (18382551/239115764)
[2026-04-03 15:40:03.489] [info]  Download speed: 1802902 - Downloaded: 7.763049867343752% (18562676/239115764)
[2026-04-03 15:40:04.514] [info]  Download speed: 1657025 - Downloaded: 7.845227636267427% (18759176/239115764)
[2026-04-03 15:40:05.538] [info]  Download speed: 1537530 - Downloaded: 7.937916631878775% (18980810/239115764)
[2026-04-03 15:40:06.561] [info]  Download speed: 1470092 - Downloaded: 8.21869067570133% (19652185/239115764)
[2026-04-03 15:40:07.583] [info]  Download speed: 1415753 - Downloaded: 8.520009161754807% (20372685/239115764)
[2026-04-03 15:40:08.583] [info]  Download speed: 1361001 - Downloaded: 8.759694321115525% (20945810/239115764)
[2026-04-03 15:40:09.584] [info]  Download speed: 1321842 - Downloaded: 9.061012807169% (21666310/239115764)
[2026-04-03 15:40:10.590] [info]  Download speed: 1298685 - Downloaded: 9.448653916435221% (22593221/239115764)
[2026-04-03 15:40:11.597] [info]  Download speed: 1288160 - Downloaded: 9.914568827841897% (23707297/239115764)
[2026-04-03 15:40:12.601] [info]  Download speed: 1288206 - Downloaded: 10.455813360761946% (25001498/239115764)
[2026-04-03 15:40:13.606] [info]  Download speed: 1297036 - Downloaded: 11.072628402701213% (26476400/239115764)
[2026-04-03 15:40:14.606] [info]  Download speed: 1311434 - Downloaded: 11.743987736417077% (28081726/239115764)
[2026-04-03 15:40:15.606] [info]  Download speed: 1339184 - Downloaded: 12.55255090584492% (30015128/239115764)
[2026-04-03 15:40:16.614] [info]  Download speed: 1399779 - Downloaded: 13.710610480704233% (32784231/239115764)
[2026-04-03 15:40:17.617] [info]  Download speed: 1489865 - Downloaded: 15.217925573489167% (36388459/239115764)
[2026-04-03 15:40:18.621] [info]  Download speed: 1577956 - Downloaded: 16.7802667330624% (40124263/239115764)
[2026-04-03 15:40:19.632] [info]  Download speed: 1658274 - Downloaded: 18.335518857719478% (43843116/239115764)
[2026-04-03 15:40:20.636] [info]  Download speed: 1731946 - Downloaded: 19.877315575061793% (47529795/239115764)
[2026-04-03 15:40:21.640] [info]  Download speed: 1787796 - Downloaded: 21.26821216187152% (50855648/239115764)
[2026-04-03 15:40:22.642] [info]  Download speed: 1850407 - Downloaded: 22.789223549477065% (54492626/239115764)
[2026-04-03 15:40:23.642] [info]  Download speed: 1899957 - Downloaded: 24.194057318613254% (57851805/239115764)
[2026-04-03 15:40:24.645] [info]  Download speed: 1952401 - Downloaded: 25.680827969167268% (61406908/239115764)
[2026-04-03 15:40:25.646] [info]  Download speed: 2001726 - Downloaded: 27.167598619721282% (64962011/239115764)
[2026-04-03 15:40:26.647] [info]  Download speed: 2037348 - Downloaded: 28.503950914754412% (68157440/239115764)
[2026-04-03 15:40:27.648] [info]  Download speed: 2083716 - Downloaded: 30.024966066227236% (71794427/239115764)
[2026-04-03 15:40:28.652] [info]  Download speed: 2128209 - Downloaded: 31.559673748653395% (75464155/239115764)
[2026-04-03 15:40:29.653] [info]  Download speed: 2168409 - Downloaded: 33.06356288579953% (79060191/239115764)
[2026-04-03 15:40:30.653] [info]  Download speed: 2185553 - Downloaded: 34.23898183475683% (81870803/239115764)
[2026-04-03 15:40:31.653] [info]  Download speed: 2175150 - Downloaded: 34.98567078998606% (83656254/239115764)
[2026-04-03 15:40:32.655] [info]  Download speed: 2156297 - Downloaded: 35.58512645782735% (85089647/239115764)
[2026-04-03 15:40:33.664] [info]  Download speed: 2140113 - Downloaded: 36.222004166985826% (86612522/239115764)
[2026-04-03 15:40:34.672] [info]  Download speed: 2130994 - Downloaded: 36.96598982909383% (88391509/239115764)
[2026-04-03 15:40:35.674] [info]  Download speed: 2125664 - Downloaded: 37.76428265933985% (90300353/239115764)
[2026-04-03 15:40:36.677] [info]  Download speed: 2124835 - Downloaded: 38.64084176399177% (92396344/239115764)
[2026-04-03 15:40:37.683] [info]  Download speed: 2118603 - Downloaded: 39.418831039512725% (94256639/239115764)
[2026-04-03 15:40:38.683] [info]  Download speed: 2122823 - Downloaded: 40.38513872301619% (96567233/239115764)
[2026-04-03 15:40:39.684] [info]  Download speed: 2133144 - Downloaded: 41.47447970013386% (99172019/239115764)
[2026-04-03 15:40:40.697] [info]  Download speed: 2151854 - Downloaded: 42.74895778096838% (102219497/239115764)
[2026-04-03 15:40:41.697] [info]  Download speed: 2182573 - Downloaded: 44.272909585333736% (105863506/239115764)
[2026-04-03 15:40:42.699] [info]  Download speed: 2212890 - Downloaded: 45.81518807768776% (109551337/239115764)
[2026-04-03 15:40:43.702] [info]  Download speed: 2241764 - Downloaded: 47.35332171575271% (113229257/239115764)
[2026-04-03 15:40:44.853] [info]  Download speed: 2255087 - Downloaded: 48.72024790469273% (116497793/239115764)
[2026-04-03 15:40:45.854] [info]  Download speed: 2268381 - Downloaded: 49.9570630567042% (119455213/239115764)
[2026-04-03 15:40:46.854] [info]  Download speed: 2293591 - Downloaded: 51.4714671844053% (123076392/239115764)
[2026-04-03 15:40:47.854] [info]  Download speed: 2318767 - Downloaded: 53.006174866831444% (126746120/239115764)
[2026-04-03 15:40:48.941] [info]  Download speed: 2330855 - Downloaded: 54.342079261658384% (129940478/239115764)
[2026-04-03 15:40:49.942] [info]  Download speed: 2336525 - Downloaded: 55.4524088173459% (132595451/239115764)
[2026-04-03 15:40:50.947] [info]  Download speed: 2336290 - Downloaded: 56.428783591198105% (134930117/239115764)
[2026-04-03 15:40:51.951] [info]  Download speed: 2340291 - Downloaded: 57.508057477967036% (137510831/239115764)
[2026-04-03 15:40:52.952] [info]  Download speed: 2345774 - Downloaded: 58.62478728085866% (140181108/239115764)
[2026-04-03 15:40:53.958] [info]  Download speed: 2353626 - Downloaded: 59.810239445359194% (143015711/239115764)
[2026-04-03 15:40:54.959] [info]  Download speed: 2362397 - Downloaded: 61.02308419950096% (145915814/239115764)
[2026-04-03 15:40:55.960] [info]  Download speed: 2371960 - Downloaded: 62.26308065577809% (148880841/239115764)
[2026-04-03 15:40:56.964] [info]  Download speed: 2387551 - Downloaded: 63.67480397486466% (152256494/239115764)
[2026-04-03 15:40:57.964] [info]  Download speed: 2404060 - Downloaded: 65.12048574095684% (155713347/239115764)
[2026-04-03 15:40:58.971] [info]  Download speed: 2400995 - Downloaded: 66.04860731808547% (157932632/239115764)
[2026-04-03 15:40:59.982] [info]  Download speed: 2380483 - Downloaded: 66.49084164940292% (158990084/239115764)
[2026-04-03 15:41:00.991] [info]  Download speed: 2362454 - Downloaded: 66.98414915045082% (160169660/239115764)
[2026-04-03 15:41:01.995] [info]  Download speed: 2347980 - Downloaded: 67.5596344204224% (161545736/239115764)
[2026-04-03 15:41:02.996] [info]  Download speed: 2336846 - Downloaded: 68.2175383468235% (163118888/239115764)
[2026-04-03 15:41:04.001] [info]  Download speed: 2327044 - Downloaded: 68.90944212277029% (164773339/239115764)
[2026-04-03 15:41:05.003] [info]  Download speed: 2321498 - Downloaded: 69.71800529219814% (166706741/239115764)
[2026-04-03 15:41:06.004] [info]  Download speed: 2318616 - Downloaded: 70.60209380423785% (168820736/239115764)
[2026-04-03 15:41:07.007] [info]  Download speed: 2318058 - Downloaded: 71.557449888582% (171105143/239115764)
[2026-04-03 15:41:08.027] [info]  Download speed: 2321528 - Downloaded: 72.65387990061583% (173726880/239115764)
[2026-04-03 15:41:09.026] [info]  Download speed: 2338774 - Downloaded: 74.17171374782299% (177356260/239115764)
[2026-04-03 15:41:10.029] [info]  Download speed: 2357078 - Downloaded: 75.74090681867382% (181108448/239115764)
[2026-04-03 15:41:11.029] [info]  Download speed: 2374370 - Downloaded: 77.28955168342644% (184811502/239115764)
[2026-04-03 15:41:12.058] [info]  Download speed: 2362708 - Downloaded: 77.92667028009078% (186334953/239115764)
[2026-04-03 15:41:13.060] [info]  Download speed: 2377879 - Downloaded: 79.42347038232076% (189914038/239115764)
[2026-04-03 15:41:14.062] [info]  Download speed: 2389251 - Downloaded: 80.80452571081847% (193216359/239115764)
[2026-04-03 15:41:15.065] [info]  Download speed: 2400204 - Downloaded: 82.18172600280758% (196509462/239115764)
[2026-04-03 15:41:16.067] [info]  Download speed: 2411317 - Downloaded: 83.57268281149376% (199835459/239115764)
[2026-04-03 15:41:17.067] [info]  Download speed: 2424368 - Downloaded: 85.03890901981687% (203341437/239115764)
[2026-04-03 15:41:18.069] [info]  Download speed: 2438412 - Downloaded: 86.55331691138524% (206962625/239115764)
[2026-04-03 15:41:19.076] [info]  Download speed: 2441294 - Downloaded: 87.68374300909747% (209665652/239115764)
[2026-04-03 15:41:20.076] [info]  Download speed: 2437521 - Downloaded: 88.56763580003869% (211779179/239115764)
[2026-04-03 15:41:21.081] [info]  Download speed: 2435187 - Downloaded: 89.50631377026234% (214023706/239115764)
[2026-04-03 15:41:22.082] [info]  Download speed: 2434587 - Downloaded: 90.50343999904582% (216407992/239115764)
[2026-04-03 15:41:23.085] [info]  Download speed: 2435944 - Downloaded: 91.57566248957137% (218971845/239115764)
[2026-04-03 15:41:24.085] [info]  Download speed: 2439789 - Downloaded: 92.74057021184099% (221757323/239115764)
[2026-04-03 15:41:25.092] [info]  Download speed: 2440151 - Downloaded: 93.78197039321925% (224247475/239115764)
[2026-04-03 15:41:26.102] [info]  Download speed: 2432672 - Downloaded: 94.52204832467675% (226017118/239115764)
[2026-04-03 15:41:27.112] [info]  Download speed: 2426051 - Downloaded: 95.28953013737731% (227852288/239115764)
[2026-04-03 15:41:28.114] [info]  Download speed: 2420631 - Downloaded: 96.09100427188899% (229768739/239115764)
[2026-04-03 15:41:29.119] [info]  Download speed: 2417133 - Downloaded: 96.9680489154199% (231865891/239115764)
[2026-04-03 15:41:30.126] [info]  Download speed: 2415372 - Downloaded: 97.91357503305387% (234126793/239115764)
[2026-04-03 15:41:31.128] [info]  Download speed: 2415810 - Downloaded: 98.94470111138301% (236592378/239115764)
[2026-04-03 15:41:32.219] [info]  Download speed: 2413436 - Downloaded: 99.94860773796577% (238992877/239115764)
[2026-04-03 15:41:32.424] [info]  Download speed: 2409688 - Downloaded: 100% (239115764/239115764)
[2026-04-03 15:41:32.439] [info]  New version 0.54.11 has been downloaded to /home/a7r/.cache/anytype-updater/pending/Anytype-0.54.11.AppImage
[2026-04-03 15:41:32.441] [info]  Update downloaded: {
   "version": "0.54.11",
   "files": [
      {
         "url": "Anytype-0.54.11.AppImage",
         "sha512": "oDBTxNFGPsZmUodaJYp6gb6n72Skg3MHwuLLZla4Pr/d19Q2TlRAOaEJr3n9/M4GXCvZ4topxMYu0eUfxZlQIg==",
         "size": 239115764,
         "blockMapSize": 249352
      },
      {
         "url": "anytype_0.54.11_amd64.deb",
         "sha512": "cvnefwLh6fkH6P+oa8lHlcDtqxckT8TclH6NDYPbt/9d+sVifk5FobHW7qwN0Mhrm6j86chEEgESa6jr0mQneg==",
         "size": 199964200
      },
      {
         "url": "anytype_0.54.11_amd64.deb",
         "sha512": "cvnefwLh6fkH6P+oa8lHlcDtqxckT8TclH6NDYPbt/9d+sVifk5FobHW7qwN0Mhrm6j86chEEgESa6jr0mQneg==",
         "size": 199964200
      },
      {
         "url": "anytype_0.54.11_amd64.deb",
         "sha512": "cvnefwLh6fkH6P+oa8lHlcDtqxckT8TclH6NDYPbt/9d+sVifk5FobHW7qwN0Mhrm6j86chEEgESa6jr0mQneg==",
         "size": 199964200
      },
      {
         "url": "anytype-0.54.11.x86_64.rpm",
         "sha512": "TWYg4n01iWEgM4Yrr2fLblmp6fWO2IkaoLd0+rWKmFGsFvkbwcQvS8+GEkRER0n4XJTMyZSX4YfnIY5WmTr63g==",
         "size": 177422909
      },
      {
         "url": "anytype-0.54.11.x86_64.rpm",
         "sha512": "TWYg4n01iWEgM4Yrr2fLblmp6fWO2IkaoLd0+rWKmFGsFvkbwcQvS8+GEkRER0n4XJTMyZSX4YfnIY5WmTr63g==",
         "size": 177422909
      },
      {
         "url": "anytype-0.54.11.x86_64.rpm",
         "sha512": "TWYg4n01iWEgM4Yrr2fLblmp6fWO2IkaoLd0+rWKmFGsFvkbwcQvS8+GEkRER0n4XJTMyZSX4YfnIY5WmTr63g==",
         "size": 177422909
      }
   ],
   "path": "Anytype-0.54.11.AppImage",
   "sha512": "oDBTxNFGPsZmUodaJYp6gb6n72Skg3MHwuLLZla4Pr/d19Q2TlRAOaEJr3n9/M4GXCvZ4topxMYu0eUfxZlQIg==",
   "releaseDate": "2026-03-26T14:17:41.826Z",
   "downloadedFile": "/home/a7r/.cache/anytype-updater/pending/Anytype-0.54.11.AppImage"
}
[2026-04-06 19:10:40.227] [info]  Checking for update
[2026-04-06 19:10:40.234] [info]  Checking for update
[2026-04-06 19:10:40.539] [info]  Found version 0.54.11 (url: Anytype-0.54.11.AppImage, anytype_0.54.11_amd64.deb, anytype_0.54.11_amd64.deb, anytype_0.54.11_amd64.deb, anytype-0.54.11.x86_64.rpm, anytype-0.54.11.x86_64.rpm, anytype-0.54.11.x86_64.rpm)
[2026-04-06 19:10:40.541] [info]  Update available: {
   "version": "0.54.11",
   "files": [
      {
         "url": "Anytype-0.54.11.AppImage",
         "sha512": "oDBTxNFGPsZmUodaJYp6gb6n72Skg3MHwuLLZla4Pr/d19Q2TlRAOaEJr3n9/M4GXCvZ4topxMYu0eUfxZlQIg==",
         "size": 239115764,
         "blockMapSize": 249352
      },
      {
         "url": "anytype_0.54.11_amd64.deb",
         "sha512": "cvnefwLh6fkH6P+oa8lHlcDtqxckT8TclH6NDYPbt/9d+sVifk5FobHW7qwN0Mhrm6j86chEEgESa6jr0mQneg==",
         "size": 199964200
      },
      {
         "url": "anytype_0.54.11_amd64.deb",
         "sha512": "cvnefwLh6fkH6P+oa8lHlcDtqxckT8TclH6NDYPbt/9d+sVifk5FobHW7qwN0Mhrm6j86chEEgESa6jr0mQneg==",
         "size": 199964200
      },
      {
         "url": "anytype_0.54.11_amd64.deb",
         "sha512": "cvnefwLh6fkH6P+oa8lHlcDtqxckT8TclH6NDYPbt/9d+sVifk5FobHW7qwN0Mhrm6j86chEEgESa6jr0mQneg==",
         "size": 199964200
      },
      {
         "url": "anytype-0.54.11.x86_64.rpm",
         "sha512": "TWYg4n01iWEgM4Yrr2fLblmp6fWO2IkaoLd0+rWKmFGsFvkbwcQvS8+GEkRER0n4XJTMyZSX4YfnIY5WmTr63g==",
         "size": 177422909
      },
      {
         "url": "anytype-0.54.11.x86_64.rpm",
         "sha512": "TWYg4n01iWEgM4Yrr2fLblmp6fWO2IkaoLd0+rWKmFGsFvkbwcQvS8+GEkRER0n4XJTMyZSX4YfnIY5WmTr63g==",
         "size": 177422909
      },
      {
         "url": "anytype-0.54.11.x86_64.rpm",
         "sha512": "TWYg4n01iWEgM4Yrr2fLblmp6fWO2IkaoLd0+rWKmFGsFvkbwcQvS8+GEkRER0n4XJTMyZSX4YfnIY5WmTr63g==",
         "size": 177422909
      }
   ],
   "path": "Anytype-0.54.11.AppImage",
   "sha512": "oDBTxNFGPsZmUodaJYp6gb6n72Skg3MHwuLLZla4Pr/d19Q2TlRAOaEJr3n9/M4GXCvZ4topxMYu0eUfxZlQIg==",
   "releaseDate": "2026-03-26T14:17:41.826Z"
}
[2026-04-06 19:10:40.543] [info]  Downloading update from Anytype-0.54.11.AppImage, anytype_0.54.11_amd64.deb, anytype_0.54.11_amd64.deb, anytype_0.54.11_amd64.deb, anytype-0.54.11.x86_64.rpm, anytype-0.54.11.x86_64.rpm, anytype-0.54.11.x86_64.rpm
[2026-04-06 19:10:40.549] [debug] updater cache dir: /home/a7r/.cache/anytype-updater
[2026-04-06 19:10:40.550] [debug] checkForUpdatesAndNotify called, downloadPromise is null
[2026-04-06 19:10:41.487] [info]  Update has already been downloaded to /home/a7r/.cache/anytype-updater/pending/Anytype-0.54.11.AppImage).
[2026-04-06 19:10:41.487] [info]  Update downloaded: {
   "version": "0.54.11",
   "files": [
      {
         "url": "Anytype-0.54.11.AppImage",
         "sha512": "oDBTxNFGPsZmUodaJYp6gb6n72Skg3MHwuLLZla4Pr/d19Q2TlRAOaEJr3n9/M4GXCvZ4topxMYu0eUfxZlQIg==",
         "size": 239115764,
         "blockMapSize": 249352
      },
      {
         "url": "anytype_0.54.11_amd64.deb",
         "sha512": "cvnefwLh6fkH6P+oa8lHlcDtqxckT8TclH6NDYPbt/9d+sVifk5FobHW7qwN0Mhrm6j86chEEgESa6jr0mQneg==",
         "size": 199964200
      },
      {
         "url": "anytype_0.54.11_amd64.deb",
         "sha512": "cvnefwLh6fkH6P+oa8lHlcDtqxckT8TclH6NDYPbt/9d+sVifk5FobHW7qwN0Mhrm6j86chEEgESa6jr0mQneg==",
         "size": 199964200
      },
      {
         "url": "anytype_0.54.11_amd64.deb",
         "sha512": "cvnefwLh6fkH6P+oa8lHlcDtqxckT8TclH6NDYPbt/9d+sVifk5FobHW7qwN0Mhrm6j86chEEgESa6jr0mQneg==",
         "size": 199964200
      },
      {
         "url": "anytype-0.54.11.x86_64.rpm",
         "sha512": "TWYg4n01iWEgM4Yrr2fLblmp6fWO2IkaoLd0+rWKmFGsFvkbwcQvS8+GEkRER0n4XJTMyZSX4YfnIY5WmTr63g==",
         "size": 177422909
      },
      {
         "url": "anytype-0.54.11.x86_64.rpm",
         "sha512": "TWYg4n01iWEgM4Yrr2fLblmp6fWO2IkaoLd0+rWKmFGsFvkbwcQvS8+GEkRER0n4XJTMyZSX4YfnIY5WmTr63g==",
         "size": 177422909
      },
      {
         "url": "anytype-0.54.11.x86_64.rpm",
         "sha512": "TWYg4n01iWEgM4Yrr2fLblmp6fWO2IkaoLd0+rWKmFGsFvkbwcQvS8+GEkRER0n4XJTMyZSX4YfnIY5WmTr63g==",
         "size": 177422909
      }
   ],
   "path": "Anytype-0.54.11.AppImage",
   "sha512": "oDBTxNFGPsZmUodaJYp6gb6n72Skg3MHwuLLZla4Pr/d19Q2TlRAOaEJr3n9/M4GXCvZ4topxMYu0eUfxZlQIg==",
   "releaseDate": "2026-03-26T14:17:41.826Z",
   "downloadedFile": "/home/a7r/.cache/anytype-updater/pending/Anytype-0.54.11.AppImage"
}
[2026-04-07 17:57:14.234] [info]  [PowerMonitor] resume
[2026-04-07 18:17:41.806] [info]  closeMain: undefined
[2026-04-07 22:18:53.878] [info]  second-instance
[2026-04-07 22:18:53.881] [info]  [Api].exit, relaunch: false
[2026-04-07 22:18:53.890] [info]  [Api].shutdown, relaunch: false
[2026-04-07 22:41:09.378] [info]  closeMain: undefined
[2026-04-08 22:27:03.153] [info]  [PowerMonitor] resume
[2026-04-09 18:55:36.188] [info]  [PowerMonitor] resume
[2026-04-10 08:54:37.202] [info]  [PowerMonitor] resume
[2026-04-10 11:00:23.370] [info]  [PowerMonitor] resume
[2026-04-10 19:07:02.182] [info]  [PowerMonitor] resume
[2026-04-15 23:29:55.391] [info]  closeMain: undefined
[2026-04-15 23:30:01.554] [info]  second-instance
[2026-04-15 23:30:01.556] [info]  [Api].exit, relaunch: false
[2026-04-15 23:30:01.563] [info]  [Api].shutdown, relaunch: false
[2026-04-15 23:31:27.552] [info]  closeMain: undefined
[2026-04-16 08:42:10.218] [info]  [PowerMonitor] resume
[2026-04-16 08:48:29.876] [info]  Checking for update
[2026-04-16 08:48:29.877] [info]  Checking for update
[2026-04-16 08:48:30.177] [info]  Found version 0.54.11 (url: Anytype-0.54.11.AppImage, anytype_0.54.11_amd64.deb, anytype_0.54.11_amd64.deb, anytype_0.54.11_amd64.deb, anytype-0.54.11.x86_64.rpm, anytype-0.54.11.x86_64.rpm, anytype-0.54.11.x86_64.rpm)
[2026-04-16 08:48:30.178] [info]  Update available: {
   "version": "0.54.11",
   "files": [
      {
         "url": "Anytype-0.54.11.AppImage",
         "sha512": "oDBTxNFGPsZmUodaJYp6gb6n72Skg3MHwuLLZla4Pr/d19Q2TlRAOaEJr3n9/M4GXCvZ4topxMYu0eUfxZlQIg==",
         "size": 239115764,
         "blockMapSize": 249352
      },
      {
         "url": "anytype_0.54.11_amd64.deb",
         "sha512": "cvnefwLh6fkH6P+oa8lHlcDtqxckT8TclH6NDYPbt/9d+sVifk5FobHW7qwN0Mhrm6j86chEEgESa6jr0mQneg==",
         "size": 199964200
      },
      {
         "url": "anytype_0.54.11_amd64.deb",
         "sha512": "cvnefwLh6fkH6P+oa8lHlcDtqxckT8TclH6NDYPbt/9d+sVifk5FobHW7qwN0Mhrm6j86chEEgESa6jr0mQneg==",
         "size": 199964200
      },
      {
         "url": "anytype_0.54.11_amd64.deb",
         "sha512": "cvnefwLh6fkH6P+oa8lHlcDtqxckT8TclH6NDYPbt/9d+sVifk5FobHW7qwN0Mhrm6j86chEEgESa6jr0mQneg==",
         "size": 199964200
      },
      {
         "url": "anytype-0.54.11.x86_64.rpm",
         "sha512": "TWYg4n01iWEgM4Yrr2fLblmp6fWO2IkaoLd0+rWKmFGsFvkbwcQvS8+GEkRER0n4XJTMyZSX4YfnIY5WmTr63g==",
         "size": 177422909
      },
      {
         "url": "anytype-0.54.11.x86_64.rpm",
         "sha512": "TWYg4n01iWEgM4Yrr2fLblmp6fWO2IkaoLd0+rWKmFGsFvkbwcQvS8+GEkRER0n4XJTMyZSX4YfnIY5WmTr63g==",
         "size": 177422909
      },
      {
         "url": "anytype-0.54.11.x86_64.rpm",
         "sha512": "TWYg4n01iWEgM4Yrr2fLblmp6fWO2IkaoLd0+rWKmFGsFvkbwcQvS8+GEkRER0n4XJTMyZSX4YfnIY5WmTr63g==",
         "size": 177422909
      }
   ],
   "path": "Anytype-0.54.11.AppImage",
   "sha512": "oDBTxNFGPsZmUodaJYp6gb6n72Skg3MHwuLLZla4Pr/d19Q2TlRAOaEJr3n9/M4GXCvZ4topxMYu0eUfxZlQIg==",
   "releaseDate": "2026-03-26T14:17:41.826Z"
}
[2026-04-16 08:48:30.178] [info]  Downloading update from Anytype-0.54.11.AppImage, anytype_0.54.11_amd64.deb, anytype_0.54.11_amd64.deb, anytype_0.54.11_amd64.deb, anytype-0.54.11.x86_64.rpm, anytype-0.54.11.x86_64.rpm, anytype-0.54.11.x86_64.rpm
[2026-04-16 08:48:30.180] [debug] updater cache dir: /home/a7r/.cache/anytype-updater
[2026-04-16 08:48:30.180] [debug] checkForUpdatesAndNotify called, downloadPromise is null
[2026-04-16 08:48:31.026] [info]  Update has already been downloaded to /home/a7r/.cache/anytype-updater/pending/Anytype-0.54.11.AppImage).
[2026-04-16 08:48:31.027] [info]  Update downloaded: {
   "version": "0.54.11",
   "files": [
      {
         "url": "Anytype-0.54.11.AppImage",
         "sha512": "oDBTxNFGPsZmUodaJYp6gb6n72Skg3MHwuLLZla4Pr/d19Q2TlRAOaEJr3n9/M4GXCvZ4topxMYu0eUfxZlQIg==",
         "size": 239115764,
         "blockMapSize": 249352
      },
      {
         "url": "anytype_0.54.11_amd64.deb",
         "sha512": "cvnefwLh6fkH6P+oa8lHlcDtqxckT8TclH6NDYPbt/9d+sVifk5FobHW7qwN0Mhrm6j86chEEgESa6jr0mQneg==",
         "size": 199964200
      },
      {
         "url": "anytype_0.54.11_amd64.deb",
         "sha512": "cvnefwLh6fkH6P+oa8lHlcDtqxckT8TclH6NDYPbt/9d+sVifk5FobHW7qwN0Mhrm6j86chEEgESa6jr0mQneg==",
         "size": 199964200
      },
      {
         "url": "anytype_0.54.11_amd64.deb",
         "sha512": "cvnefwLh6fkH6P+oa8lHlcDtqxckT8TclH6NDYPbt/9d+sVifk5FobHW7qwN0Mhrm6j86chEEgESa6jr0mQneg==",
         "size": 199964200
      },
      {
         "url": "anytype-0.54.11.x86_64.rpm",
         "sha512": "TWYg4n01iWEgM4Yrr2fLblmp6fWO2IkaoLd0+rWKmFGsFvkbwcQvS8+GEkRER0n4XJTMyZSX4YfnIY5WmTr63g==",
         "size": 177422909
      },
      {
         "url": "anytype-0.54.11.x86_64.rpm",
         "sha512": "TWYg4n01iWEgM4Yrr2fLblmp6fWO2IkaoLd0+rWKmFGsFvkbwcQvS8+GEkRER0n4XJTMyZSX4YfnIY5WmTr63g==",
         "size": 177422909
      },
      {
         "url": "anytype-0.54.11.x86_64.rpm",
         "sha512": "TWYg4n01iWEgM4Yrr2fLblmp6fWO2IkaoLd0+rWKmFGsFvkbwcQvS8+GEkRER0n4XJTMyZSX4YfnIY5WmTr63g==",
         "size": 177422909
      }
   ],
   "path": "Anytype-0.54.11.AppImage",
   "sha512": "oDBTxNFGPsZmUodaJYp6gb6n72Skg3MHwuLLZla4Pr/d19Q2TlRAOaEJr3n9/M4GXCvZ4topxMYu0eUfxZlQIg==",
   "releaseDate": "2026-03-26T14:17:41.826Z",
   "downloadedFile": "/home/a7r/.cache/anytype-updater/pending/Anytype-0.54.11.AppImage"
}
[2026-04-16 20:04:38.208] [info]  [PowerMonitor] resume
[2026-04-16 21:42:10.404] [info]  [Api].exit, relaunch: false
[2026-04-16 21:42:10.434] [info]  [Api].shutdown, relaunch: false
[2026-05-04 22:36:52.283] [info]  closeMain: undefined
[2026-05-04 22:36:54.526] [info]  [Api].exit, relaunch: false
[2026-05-04 22:36:54.590] [info]  [Api].shutdown, relaunch: false
[2026-05-06 19:38:44.575] [info]  closeMain: undefined
[2026-05-06 19:38:47.987] [info]  [Api].exit, relaunch: false
[2026-05-06 19:38:48.012] [info]  [Api].shutdown, relaunch: false
[2026-05-10 22:21:07.249] [info]  closeMain: undefined
[2026-05-10 22:30:51.400] [info]  Checking for update
[2026-05-10 22:30:51.404] [info]  Checking for update
[2026-05-10 22:30:51.777] [info]  Found version 0.55.4 (url: Anytype-0.55.4.AppImage, anytype_0.55.4_amd64.deb, anytype_0.55.4_amd64.deb, anytype_0.55.4_amd64.deb, anytype-0.55.4.x86_64.rpm, anytype-0.55.4.x86_64.rpm, anytype-0.55.4.x86_64.rpm)
[2026-05-10 22:30:51.778] [info]  Update available: {
   "version": "0.55.4",
   "files": [
      {
         "url": "Anytype-0.55.4.AppImage",
         "sha512": "iVhg7x/IcehgFgoqn8NKBJ5Zlh1Ba0LCCfUSUA0vCgLClePi/Wa1B3K+g7FaPJ4caVLEApN+opsMXekenVAZBg==",
         "size": 255921020,
         "blockMapSize": 265104
      },
      {
         "url": "anytype_0.55.4_amd64.deb",
         "sha512": "h9AOC2BuEny0TIDmwtH3X2Z2If/U59v0urgHxEd1ttKDQnVHP3HbdrlSd6gRefM41tEvLs77AlGzVmnDQ2Lv2Q==",
         "size": 213511672
      },
      {
         "url": "anytype_0.55.4_amd64.deb",
         "sha512": "h9AOC2BuEny0TIDmwtH3X2Z2If/U59v0urgHxEd1ttKDQnVHP3HbdrlSd6gRefM41tEvLs77AlGzVmnDQ2Lv2Q==",
         "size": 213511672
      },
      {
         "url": "anytype_0.55.4_amd64.deb",
         "sha512": "h9AOC2BuEny0TIDmwtH3X2Z2If/U59v0urgHxEd1ttKDQnVHP3HbdrlSd6gRefM41tEvLs77AlGzVmnDQ2Lv2Q==",
         "size": 213511672
      },
      {
         "url": "anytype-0.55.4.x86_64.rpm",
         "sha512": "SmrdfZeSInIiRl2uzMLCDYYqz2N3gvzb4AlfD9RZnkGjKHg+N6VkdOD9p2rMGcT3cFISEvpoiFguKBKmkymYWg==",
         "size": 189025877
      },
      {
         "url": "anytype-0.55.4.x86_64.rpm",
         "sha512": "SmrdfZeSInIiRl2uzMLCDYYqz2N3gvzb4AlfD9RZnkGjKHg+N6VkdOD9p2rMGcT3cFISEvpoiFguKBKmkymYWg==",
         "size": 189025877
      },
      {
         "url": "anytype-0.55.4.x86_64.rpm",
         "sha512": "SmrdfZeSInIiRl2uzMLCDYYqz2N3gvzb4AlfD9RZnkGjKHg+N6VkdOD9p2rMGcT3cFISEvpoiFguKBKmkymYWg==",
         "size": 189025877
      }
   ],
   "path": "Anytype-0.55.4.AppImage",
   "sha512": "iVhg7x/IcehgFgoqn8NKBJ5Zlh1Ba0LCCfUSUA0vCgLClePi/Wa1B3K+g7FaPJ4caVLEApN+opsMXekenVAZBg==",
   "releaseDate": "2026-05-05T13:39:49.369Z"
}
[2026-05-10 22:30:51.782] [info]  Downloading update from Anytype-0.55.4.AppImage, anytype_0.55.4_amd64.deb, anytype_0.55.4_amd64.deb, anytype_0.55.4_amd64.deb, anytype-0.55.4.x86_64.rpm, anytype-0.55.4.x86_64.rpm, anytype-0.55.4.x86_64.rpm
[2026-05-10 22:30:51.787] [debug] updater cache dir: /home/a7r/.cache/anytype-updater
[2026-05-10 22:30:51.789] [debug] checkForUpdatesAndNotify called, downloadPromise is null
[2026-05-10 22:30:51.798] [info]  Cached update sha512 checksum doesn't match the latest available update. New update must be downloaded. Cached: oDBTxNFGPsZmUodaJYp6gb6n72Skg3MHwuLLZla4Pr/d19Q2TlRAOaEJr3n9/M4GXCvZ4topxMYu0eUfxZlQIg==, expected: iVhg7x/IcehgFgoqn8NKBJ5Zlh1Ba0LCCfUSUA0vCgLClePi/Wa1B3K+g7FaPJ4caVLEApN+opsMXekenVAZBg==. Directory for cached update will be cleaned
[2026-05-10 22:30:52.199] [debug] DAnyYX4ihDz4J1v9IJUn505Y duplicated in blockmap (same size), it doesn't lead to broken differential downloader, just corresponding block will be skipped)
[2026-05-10 22:30:52.199] [debug] KX9GTXhe3x1c7mzeDrSJhKAA duplicated in blockmap (same size), it doesn't lead to broken differential downloader, just corresponding block will be skipped)
[2026-05-10 22:30:52.200] [debug] TUe01hrmQpaU9e89sr3L8HDs duplicated in blockmap (same size), it doesn't lead to broken differential downloader, just corresponding block will be skipped)
[2026-05-10 22:30:52.200] [debug] k5KHulLCH2oITQpFr41EVXtC duplicated in blockmap (same size), it doesn't lead to broken differential downloader, just corresponding block will be skipped)
[2026-05-10 22:30:52.200] [debug] WObq4ezNKrR80zra/WoANSES duplicated in blockmap (same size), it doesn't lead to broken differential downloader, just corresponding block will be skipped)
[2026-05-10 22:30:52.200] [debug] KXEBdSmayN3ZGwAFa8mZCnld duplicated in blockmap (same size), it doesn't lead to broken differential downloader, just corresponding block will be skipped)
[2026-05-10 22:30:52.200] [debug] AGqEPIOCTGhe8aP6hWX6n6cv duplicated in blockmap (same size), it doesn't lead to broken differential downloader, just corresponding block will be skipped)
[2026-05-10 22:30:52.200] [debug] YEqiS1XztJRo1MAtb7ORGnmO duplicated in blockmap (same size), it doesn't lead to broken differential downloader, just corresponding block will be skipped)
[2026-05-10 22:30:52.201] [debug] jKt8MmLaLJ6H5QPSkkTuIdoq duplicated in blockmap (same size), it doesn't lead to broken differential downloader, just corresponding block will be skipped)
[2026-05-10 22:30:52.201] [debug] zDduqPimrlC7Y/am3WFM9JKv duplicated in blockmap (same size), it doesn't lead to broken differential downloader, just corresponding block will be skipped)
[2026-05-10 22:30:52.201] [debug] FM5cFP2XOQ6+4mnsnG3nS+4m duplicated in blockmap (same size), it doesn't lead to broken differential downloader, just corresponding block will be skipped)
[2026-05-10 22:30:52.201] [debug] Y1rkGKj/te8GnPl2ZnlAl6TJ duplicated in blockmap (same size), it doesn't lead to broken differential downloader, just corresponding block will be skipped)
[2026-05-10 22:30:52.211] [info]  File has 10230 changed blocks
[2026-05-10 22:30:52.212] [debug] [
  {
    "kind": 0,
    "start": 0,
    "end": 159006
  },
  {
    "kind": 1,
    "start": 159006,
    "end": 157108145
  },
  {
    "kind": 0,
    "start": 148069100,
    "end": 148189486
  },
  {
    "kind": 1,
    "start": 157228531,
    "end": 159450237
  },
  {
    "kind": 0,
    "start": 150480671,
    "end": 150496839
  },
  {
    "kind": 1,
    "start": 159466405,
    "end": 159526921
  },
  {
    "kind": 0,
    "start": 150557357,
    "end": 150599477
  },
  {
    "kind": 1,
    "start": 159569041,
    "end": 159578358
  },
  {
    "kind": 0,
    "start": 150608794,
    "end": 150699256
  },
  {
    "kind": 1,
    "start": 159668820,
    "end": 159687812
  },
  {
    "kind": 0,
    "start": 150718250,
    "end": 150786396
  },
  {
    "kind": 1,
    "start": 159755958,
    "end": 159953622
  },
  {
    "kind": 0,
    "start": 150870376,
    "end": 150889770
  },
  {
    "kind": 1,
    "start": 159973016,
    "end": 160217274
  },
  {
    "kind": 0,
    "start": 150940904,
    "end": 151068706
  },
  {
    "kind": 1,
    "start": 160345076,
    "end": 160377844
  },
  {
    "kind": 0,
    "start": 151101474,
    "end": 151117801
  },
  {
    "kind": 1,
    "start": 160394171,
    "end": 160446629
  },
  {
    "kind": 0,
    "start": 151170257,
    "end": 151196080
  },
  {
    "kind": 1,
    "start": 160472452,
    "end": 160572389
  },
  {
    "kind": 0,
    "start": 151314171,
    "end": 151385080
  },
  {
    "kind": 1,
    "start": 160643298,
    "end": 160739402
  },
  {
    "kind": 0,
    "start": 151758347,
    "end": 151784738
  },
  {
    "kind": 1,
    "start": 160765793,
    "end": 160785488
  },
  {
    "kind": 0,
    "start": 151804435,
    "end": 151829044
  },
  {
    "kind": 1,
    "start": 160810097,
    "end": 160928540
  },
  {
    "kind": 0,
    "start": 151913002,
    "end": 151954122
  },
  {
    "kind": 1,
    "start": 160969660,
    "end": 160984089
  },
  {
    "kind": 0,
    "start": 151968551,
    "end": 151996053
  },
  {
    "kind": 1,
    "start": 161011591,
    "end": 161053582
  },
  {
    "kind": 0,
    "start": 152038046,
    "end": 152134146
  },
  {
    "kind": 1,
    "start": 161149682,
    "end": 161172721
  },
  {
    "kind": 0,
    "start": 152157187,
    "end": 152170405
  },
  {
    "kind": 1,
    "start": 161185939,
    "end": 186487765
  },
  {
    "kind": 0,
    "start": 177885626,
    "end": 178806356
  },
  {
    "kind": 1,
    "start": 187408495,
    "end": 187817384
  },
  {
    "kind": 0,
    "start": 178855345,
    "end": 181465474
  },
  {
    "kind": 1,
    "start": 190427513,
    "end": 190464774
  },
  {
    "kind": 0,
    "start": 181483987,
    "end": 183572016
  },
  {
    "kind": 1,
    "start": 192552803,
    "end": 192624670
  },
  {
    "kind": 0,
    "start": 183613603,
    "end": 183642519
  },
  {
    "kind": 1,
    "start": 192653586,
    "end": 192701395
  },
  {
    "kind": 0,
    "start": 183662458,
    "end": 184802188
  },
  {
    "kind": 1,
    "start": 193841125,
    "end": 193970888
  },
  {
    "kind": 0,
    "start": 184865070,
    "end": 186262883
  },
  {
    "kind": 1,
    "start": 195368701,
    "end": 195452456
  },
  {
    "kind": 0,
    "start": 186291899,
    "end": 189057056
  },
  {
    "kind": 1,
    "start": 198217613,
    "end": 198268901
  },
  {
    "kind": 0,
    "start": 189085767,
    "end": 189104684
  },
  {
    "kind": 1,
    "start": 198287818,
    "end": 198354482
  },
  {
    "kind": 0,
    "start": 189123101,
    "end": 191040648
  },
  {
    "kind": 1,
    "start": 200272029,
    "end": 200401831
  },
  {
    "kind": 0,
    "start": 191098535,
    "end": 196588231
  },
  {
    "kind": 1,
    "start": 205891527,
    "end": 206064502
  },
  {
    "kind": 0,
    "start": 196700613,
    "end": 198843090
  },
  {
    "kind": 1,
    "start": 208206979,
    "end": 208282996
  },
  {
    "kind": 0,
    "start": 198866203,
    "end": 199072483
  },
  {
    "kind": 1,
    "start": 208489276,
    "end": 208525635
  },
  {
    "kind": 0,
    "start": 199088444,
    "end": 203533145
  },
  {
    "kind": 1,
    "start": 212970336,
    "end": 213035588
  },
  {
    "kind": 0,
    "start": 203559122,
    "end": 205137162
  },
  {
    "kind": 1,
    "start": 214613628,
    "end": 214662466
  },
  {
    "kind": 0,
    "start": 205164306,
    "end": 205180829
  },
  {
    "kind": 1,
    "start": 214678989,
    "end": 214853697
  },
  {
    "kind": 0,
    "start": 205215368,
    "end": 207388362
  },
  {
    "kind": 1,
    "start": 217026691,
    "end": 217298664
  },
  {
    "kind": 0,
    "start": 207501712,
    "end": 207693859
  },
  {
    "kind": 1,
    "start": 217490811,
    "end": 217669622
  },
  {
    "kind": 0,
    "start": 207777366,
    "end": 207807778
  },
  {
    "kind": 1,
    "start": 217700034,
    "end": 217852574
  },
  {
    "kind": 0,
    "start": 207830171,
    "end": 207941073
  },
  {
    "kind": 1,
    "start": 217963476,
    "end": 218114240
  },
  {
    "kind": 0,
    "start": 208000308,
    "end": 208048696
  },
  {
    "kind": 1,
    "start": 218162628,
    "end": 218420260
  },
  {
    "kind": 0,
    "start": 208119450,
    "end": 208409987
  },
  {
    "kind": 1,
    "start": 218710797,
    "end": 218781002
  },
  {
    "kind": 0,
    "start": 208447731,
    "end": 209569865
  },
  {
    "kind": 1,
    "start": 219903136,
    "end": 219962966
  },
  {
    "kind": 0,
    "start": 209600297,
    "end": 212108146
  },
  {
    "kind": 1,
    "start": 222470815,
    "end": 222504703
  },
  {
    "kind": 0,
    "start": 212149779,
    "end": 212620124
  },
  {
    "kind": 1,
    "start": 222975048,
    "end": 240600726
  },
  {
    "kind": 0,
    "start": 225386965,
    "end": 229738778
  },
  {
    "kind": 1,
    "start": 244952539,
    "end": 245175656
  },
  {
    "kind": 0,
    "start": 229783906,
    "end": 230172433
  },
  {
    "kind": 1,
    "start": 245564183,
    "end": 246802304
  },
  {
    "kind": 0,
    "start": 230261923,
    "end": 231494046
  },
  {
    "kind": 1,
    "start": 248034427,
    "end": 248130904
  },
  {
    "kind": 0,
    "start": 231555083,
    "end": 231579626
  },
  {
    "kind": 1,
    "start": 248155447,
    "end": 249264237
  },
  {
    "kind": 0,
    "start": 232560202,
    "end": 232702194
  },
  {
    "kind": 1,
    "start": 249406229,
    "end": 251092937
  },
  {
    "kind": 0,
    "start": 234269548,
    "end": 234327133
  },
  {
    "kind": 1,
    "start": 251150522,
    "end": 255210848
  },
  {
    "kind": 0,
    "start": 237932913,
    "end": 238041420
  },
  {
    "kind": 1,
    "start": 255319355,
    "end": 255655912
  }
]
[2026-05-10 22:30:52.251] [info]  Full: 249,922.87 KB, To download: 209,623.97 KB (84%)
[2026-05-10 22:30:52.336] [error] Cannot download differentially, fallback to full download: Error: Content-Type "multipart/byteranges" is expected, but got "binary/octet-stream"
    at ClientRequest.<anonymous> (/tmp/.mount_anytyp0EoDER/resources/app.asar/node_modules/electron-updater/out/differentialDownloader/multipleRangeDownloader.js:81:20)
    at ClientRequest.emit (node:events:519:28)
    at SimpleURLLoaderWrapper.<anonymous> (node:electron/js2c/browser_init:2:123892)
    at SimpleURLLoaderWrapper.emit (node:events:519:28)
[2026-05-10 22:30:53.644] [info]  Download speed: 1829089 - Downloaded: 0.7168524101693562% (1834576/255921020)
[2026-05-10 22:30:54.644] [info]  Download speed: 1799415 - Downloaded: 1.4083360561785818% (3604228/255921020)
[2026-05-10 22:30:55.648] [info]  Download speed: 2081187 - Downloaded: 2.4453364557549824% (6258130/255921020)
[2026-05-10 22:30:56.652] [info]  Download speed: 2483466 - Downloaded: 3.892288331767355% (9961184/255921020)
[2026-05-10 22:30:57.655] [info]  Download speed: 2663051 - Downloaded: 5.21744442875384% (13352537/255921020)
[2026-05-10 22:30:58.656] [info]  Download speed: 2751021 - Downloaded: 6.465819024947618% (16547390/255921020)
[2026-05-10 22:30:59.664] [info]  Download speed: 2822742 - Downloaded: 7.7461859131383575% (19824118/255921020)
[2026-05-10 22:31:00.669] [info]  Download speed: 2771468 - Downloaded: 8.693832964560707% (22249346/255921020)
[2026-05-10 22:31:01.681] [info]  Download speed: 2771393 - Downloaded: 9.788419489731638% (25050623/255921020)
[2026-05-10 22:31:02.682] [info]  Download speed: 2783660 - Downloaded: 10.921621834736357% (27950726/255921020)
[2026-05-10 22:31:03.687] [info]  Download speed: 2809248 - Downloaded: 12.125207222134392% (31030954/255921020)
[2026-05-10 22:31:04.687] [info]  Download speed: 2843978 - Downloaded: 13.386378735126955% (34258557/255921020)
[2026-05-10 22:31:05.690] [info]  Download speed: 2889258 - Downloaded: 14.730730207311616% (37699035/255921020)
[2026-05-10 22:31:06.691] [info]  Download speed: 2940940 - Downloaded: 16.14568979132703% (41320214/255921020)
[2026-05-10 22:31:07.693] [info]  Download speed: 2977001 - Downloaded: 17.509236638709865% (44809817/255921020)
[2026-05-10 22:31:08.693] [info]  Download speed: 3021212 - Downloaded: 18.949790056322847% (48496496/255921020)
[2026-05-10 22:31:09.693] [info]  Download speed: 3059244 - Downloaded: 20.383719946098996% (52166224/255921020)
[2026-05-10 22:31:10.696] [info]  Download speed: 3092580 - Downloaded: 21.817874905312586% (55836528/255921020)
[2026-05-10 22:31:11.697] [info]  Download speed: 3121845 - Downloaded: 23.245406336689342% (59489881/255921020)
[2026-05-10 22:31:12.700] [info]  Download speed: 3147904 - Downloaded: 24.67316283750354% (63143810/255921020)
[2026-05-10 22:31:13.701] [info]  Download speed: 3170978 - Downloaded: 26.094295810480904% (66780788/255921020)
[2026-05-10 22:31:14.706] [info]  Download speed: 3179504 - Downloaded: 27.413053449068% (70155766/255921020)
[2026-05-10 22:31:15.786] [info]  Download speed: 3172033 - Downloaded: 28.687246948296785% (73416695/255921020)
[2026-05-10 22:31:16.789] [info]  Download speed: 3158319 - Downloaded: 29.80102884866589% (76267097/255921020)
[2026-05-10 22:31:17.789] [info]  Download speed: 3142842 - Downloaded: 30.883043526475472% (79036200/255921020)
[2026-05-10 22:31:18.790] [info]  Download speed: 3132187 - Downloaded: 32.00344895468141% (81903553/255921020)
[2026-05-10 22:31:19.792] [info]  Download speed: 3129439 - Downloaded: 33.20063588368005% (84967406/255921020)
[2026-05-10 22:31:20.792] [info]  Download speed: 3132926 - Downloaded: 34.46180739667262% (88195009/255921020)
[2026-05-10 22:31:21.794] [info]  Download speed: 3142699 - Downloaded: 35.79976041045788% (91619112/255921020)
[2026-05-10 22:31:22.794] [info]  Download speed: 3157462 - Downloaded: 37.201698008237074% (95206965/255921020)
[2026-05-10 22:31:23.799] [info]  Download speed: 3164481 - Downloaded: 38.527079174661% (98598894/255921020)
[2026-05-10 22:31:24.799] [info]  Download speed: 3175609 - Downloaded: 39.90342293884262% (102121247/255921020)
[2026-05-10 22:31:25.800] [info]  Download speed: 3189921 - Downloaded: 41.330954370219374% (105774600/255921020)
[2026-05-10 22:31:26.801] [info]  Download speed: 3203411 - Downloaded: 42.75871087103357% (109428529/255921020)
[2026-05-10 22:31:27.801] [info]  Download speed: 3215277 - Downloaded: 44.173445385611544% (113049132/255921020)
[2026-05-10 22:31:28.803] [info]  Download speed: 3226324 - Downloaded: 45.58840496962696% (116670311/255921020)
[2026-05-10 22:31:30.032] [info]  Download speed: 3207474 - Downloaded: 46.8623733994183% (119930664/255921020)
[2026-05-10 22:31:31.035] [info]  Download speed: 3222774 - Downloaded: 48.34771602582703% (123731968/255921020)
[2026-05-10 22:31:32.037] [info]  Download speed: 3219393 - Downloaded: 49.557474802187016% (126827995/255921020)
[2026-05-10 22:31:33.037] [info]  Download speed: 3217490 - Downloaded: 50.78665402318262% (129973723/255921020)
[2026-05-10 22:31:34.038] [info]  Download speed: 3220044 - Downloaded: 52.086441356008976% (133300152/255921020)
[2026-05-10 22:31:35.039] [info]  Download speed: 3226326 - Downloaded: 53.449988203391804% (136789755/255921020)
[2026-05-10 22:31:36.041] [info]  Download speed: 3234130 - Downloaded: 54.845527342771604% (140361233/255921020)
[2026-05-10 22:31:37.042] [info]  Download speed: 3242774 - Downloaded: 56.260486926787024% (143982412/255921020)
[2026-05-10 22:31:38.045] [info]  Download speed: 3250881 - Downloaded: 57.675221441365% (147603015/255921020)
[2026-05-10 22:31:39.047] [info]  Download speed: 3258721 - Downloaded: 59.0901810253804% (151224194/255921020)
[2026-05-10 22:31:40.049] [info]  Download speed: 3266217 - Downloaded: 60.50491553995838% (154844797/255921020)
[2026-05-10 22:31:41.051] [info]  Download speed: 3271723 - Downloaded: 61.88788283197684% (158384101/255921020)
[2026-05-10 22:31:42.051] [info]  Download speed: 3278784 - Downloaded: 63.30261734655481% (162004704/255921020)
[2026-05-10 22:31:43.059] [info]  Download speed: 3285433 - Downloaded: 64.72375031953217% (165641682/255921020)
[2026-05-10 22:31:44.061] [info]  Download speed: 3291771 - Downloaded: 66.13870990354759% (169262861/255921020)
[2026-05-10 22:31:45.063] [info]  Download speed: 3297293 - Downloaded: 67.54064750132677% (172850714/255921020)
[2026-05-10 22:31:46.065] [info]  Download speed: 3302926 - Downloaded: 68.94920862694279% (176455518/255921020)
[2026-05-10 22:31:47.068] [info]  Download speed: 3307979 - Downloaded: 70.35114622472199% (180043371/255921020)
[2026-05-10 22:31:48.072] [info]  Download speed: 3312800 - Downloaded: 71.75330889193862% (183631800/255921020)
[2026-05-10 22:31:49.072] [info]  Download speed: 3317384 - Downloaded: 73.14884803131841% (187203278/255921020)
[2026-05-10 22:31:50.072] [info]  Download speed: 3321808 - Downloaded: 74.54438717069822% (190774756/255921020)
[2026-05-10 22:31:51.074] [info]  Download speed: 3326257 - Downloaded: 75.94654983791483% (194363185/255921020)
[2026-05-10 22:31:52.075] [info]  Download speed: 3330327 - Downloaded: 77.34208897729464% (197934663/255921020)
[2026-05-10 22:31:53.079] [info]  Download speed: 3333564 - Downloaded: 78.72505626931309% (201473967/255921020)
[2026-05-10 22:31:54.080] [info]  Download speed: 3337383 - Downloaded: 80.12059540869288% (205045445/255921020)
[2026-05-10 22:31:55.082] [info]  Download speed: 3341025 - Downloaded: 81.51613454807269% (208616923/255921020)
[2026-05-10 22:31:56.088] [info]  Download speed: 3330920 - Downloaded: 82.57895385068409% (211336901/255921020)
[2026-05-10 22:31:57.091] [info]  Download speed: 3322556 - Downloaded: 83.67376544529246% (214138754/255921020)
[2026-05-10 22:31:58.095] [info]  Download speed: 3316149 - Downloaded: 84.81336624869658% (217055232/255921020)
[2026-05-10 22:31:59.096] [info]  Download speed: 3311555 - Downloaded: 85.9911327330596% (220069384/255921020)
[2026-05-10 22:32:00.097] [info]  Download speed: 3310747 - Downloaded: 87.26510116285094% (223329737/255921020)
[2026-05-10 22:32:01.098] [info]  Download speed: 3311645 - Downloaded: 88.58408387087547% (226705291/255921020)
[2026-05-10 22:32:02.102] [info]  Download speed: 3315195 - Downloaded: 89.97962301025527% (230276769/255921020)
[2026-05-10 22:32:03.102] [info]  Download speed: 3319305 - Downloaded: 91.3881841358713% (233881573/255921020)
[2026-05-10 22:32:04.104] [info]  Download speed: 3323199 - Downloaded: 92.79652019204988% (237485801/255921020)
[2026-05-10 22:32:05.109] [info]  Download speed: 3326396 - Downloaded: 94.19205933142968% (241057279/255921020)
[2026-05-10 22:32:06.111] [info]  Download speed: 3330318 - Downloaded: 95.60701891544508% (244678458/255921020)
[2026-05-10 22:32:07.115] [info]  Download speed: 3333817 - Downloaded: 97.01535497162367% (248282686/255921020)
[2026-05-10 22:32:08.117] [info]  Download speed: 3337319 - Downloaded: 98.42391609723968% (251887490/255921020)
[2026-05-10 22:32:09.121] [info]  Download speed: 3340420 - Downloaded: 99.82585369501888% (255475343/255921020)
[2026-05-10 22:32:09.248] [info]  Download speed: 3340700 - Downloaded: 100% (255921020/255921020)
[2026-05-10 22:32:09.416] [info]  New version 0.55.4 has been downloaded to /home/a7r/.cache/anytype-updater/pending/Anytype-0.55.4.AppImage
[2026-05-10 22:32:09.419] [info]  Update downloaded: {
   "version": "0.55.4",
   "files": [
      {
         "url": "Anytype-0.55.4.AppImage",
         "sha512": "iVhg7x/IcehgFgoqn8NKBJ5Zlh1Ba0LCCfUSUA0vCgLClePi/Wa1B3K+g7FaPJ4caVLEApN+opsMXekenVAZBg==",
         "size": 255921020,
         "blockMapSize": 265104
      },
      {
         "url": "anytype_0.55.4_amd64.deb",
         "sha512": "h9AOC2BuEny0TIDmwtH3X2Z2If/U59v0urgHxEd1ttKDQnVHP3HbdrlSd6gRefM41tEvLs77AlGzVmnDQ2Lv2Q==",
         "size": 213511672
      },
      {
         "url": "anytype_0.55.4_amd64.deb",
         "sha512": "h9AOC2BuEny0TIDmwtH3X2Z2If/U59v0urgHxEd1ttKDQnVHP3HbdrlSd6gRefM41tEvLs77AlGzVmnDQ2Lv2Q==",
         "size": 213511672
      },
      {
         "url": "anytype_0.55.4_amd64.deb",
         "sha512": "h9AOC2BuEny0TIDmwtH3X2Z2If/U59v0urgHxEd1ttKDQnVHP3HbdrlSd6gRefM41tEvLs77AlGzVmnDQ2Lv2Q==",
         "size": 213511672
      },
      {
         "url": "anytype-0.55.4.x86_64.rpm",
         "sha512": "SmrdfZeSInIiRl2uzMLCDYYqz2N3gvzb4AlfD9RZnkGjKHg+N6VkdOD9p2rMGcT3cFISEvpoiFguKBKmkymYWg==",
         "size": 189025877
      },
      {
         "url": "anytype-0.55.4.x86_64.rpm",
         "sha512": "SmrdfZeSInIiRl2uzMLCDYYqz2N3gvzb4AlfD9RZnkGjKHg+N6VkdOD9p2rMGcT3cFISEvpoiFguKBKmkymYWg==",
         "size": 189025877
      },
      {
         "url": "anytype-0.55.4.x86_64.rpm",
         "sha512": "SmrdfZeSInIiRl2uzMLCDYYqz2N3gvzb4AlfD9RZnkGjKHg+N6VkdOD9p2rMGcT3cFISEvpoiFguKBKmkymYWg==",
         "size": 189025877
      }
   ],
   "path": "Anytype-0.55.4.AppImage",
   "sha512": "iVhg7x/IcehgFgoqn8NKBJ5Zlh1Ba0LCCfUSUA0vCgLClePi/Wa1B3K+g7FaPJ4caVLEApN+opsMXekenVAZBg==",
   "releaseDate": "2026-05-05T13:39:49.369Z",
   "downloadedFile": "/home/a7r/.cache/anytype-updater/pending/Anytype-0.55.4.AppImage"
}
[2026-05-11 18:21:35.282] [info]  [PowerMonitor] resume
[2026-05-11 18:54:06.843] [info]  [Api].exit, relaunch: false
[2026-05-13 18:35:04.065] [info]  closeMain: undefined
[2026-05-13 18:45:02.436] [info]  Checking for update
[2026-05-13 18:45:02.437] [info]  Checking for update
[2026-05-13 18:45:02.786] [info]  Found version 0.55.4 (url: Anytype-0.55.4.AppImage, anytype_0.55.4_amd64.deb, anytype_0.55.4_amd64.deb, anytype_0.55.4_amd64.deb, anytype-0.55.4.x86_64.rpm, anytype-0.55.4.x86_64.rpm, anytype-0.55.4.x86_64.rpm)
[2026-05-13 18:45:02.787] [info]  Update available: {
   "version": "0.55.4",
   "files": [
      {
         "url": "Anytype-0.55.4.AppImage",
         "sha512": "iVhg7x/IcehgFgoqn8NKBJ5Zlh1Ba0LCCfUSUA0vCgLClePi/Wa1B3K+g7FaPJ4caVLEApN+opsMXekenVAZBg==",
         "size": 255921020,
         "blockMapSize": 265104
      },
      {
         "url": "anytype_0.55.4_amd64.deb",
         "sha512": "h9AOC2BuEny0TIDmwtH3X2Z2If/U59v0urgHxEd1ttKDQnVHP3HbdrlSd6gRefM41tEvLs77AlGzVmnDQ2Lv2Q==",
         "size": 213511672
      },
      {
         "url": "anytype_0.55.4_amd64.deb",
         "sha512": "h9AOC2BuEny0TIDmwtH3X2Z2If/U59v0urgHxEd1ttKDQnVHP3HbdrlSd6gRefM41tEvLs77AlGzVmnDQ2Lv2Q==",
         "size": 213511672
      },
      {
         "url": "anytype_0.55.4_amd64.deb",
         "sha512": "h9AOC2BuEny0TIDmwtH3X2Z2If/U59v0urgHxEd1ttKDQnVHP3HbdrlSd6gRefM41tEvLs77AlGzVmnDQ2Lv2Q==",
         "size": 213511672
      },
      {
         "url": "anytype-0.55.4.x86_64.rpm",
         "sha512": "SmrdfZeSInIiRl2uzMLCDYYqz2N3gvzb4AlfD9RZnkGjKHg+N6VkdOD9p2rMGcT3cFISEvpoiFguKBKmkymYWg==",
         "size": 189025877
      },
      {
         "url": "anytype-0.55.4.x86_64.rpm",
         "sha512": "SmrdfZeSInIiRl2uzMLCDYYqz2N3gvzb4AlfD9RZnkGjKHg+N6VkdOD9p2rMGcT3cFISEvpoiFguKBKmkymYWg==",
         "size": 189025877
      },
      {
         "url": "anytype-0.55.4.x86_64.rpm",
         "sha512": "SmrdfZeSInIiRl2uzMLCDYYqz2N3gvzb4AlfD9RZnkGjKHg+N6VkdOD9p2rMGcT3cFISEvpoiFguKBKmkymYWg==",
         "size": 189025877
      }
   ],
   "path": "Anytype-0.55.4.AppImage",
   "sha512": "iVhg7x/IcehgFgoqn8NKBJ5Zlh1Ba0LCCfUSUA0vCgLClePi/Wa1B3K+g7FaPJ4caVLEApN+opsMXekenVAZBg==",
   "releaseDate": "2026-05-05T13:39:49.369Z"
}
[2026-05-13 18:45:02.788] [info]  Downloading update from Anytype-0.55.4.AppImage, anytype_0.55.4_amd64.deb, anytype_0.55.4_amd64.deb, anytype_0.55.4_amd64.deb, anytype-0.55.4.x86_64.rpm, anytype-0.55.4.x86_64.rpm, anytype-0.55.4.x86_64.rpm
[2026-05-13 18:45:02.793] [debug] updater cache dir: /home/a7r/.cache/anytype-updater
[2026-05-13 18:45:02.794] [debug] checkForUpdatesAndNotify called, downloadPromise is null
[2026-05-13 18:45:03.895] [info]  Update has already been downloaded to /home/a7r/.cache/anytype-updater/pending/Anytype-0.55.4.AppImage).
[2026-05-13 18:45:03.897] [info]  Update downloaded: {
   "version": "0.55.4",
   "files": [
      {
         "url": "Anytype-0.55.4.AppImage",
         "sha512": "iVhg7x/IcehgFgoqn8NKBJ5Zlh1Ba0LCCfUSUA0vCgLClePi/Wa1B3K+g7FaPJ4caVLEApN+opsMXekenVAZBg==",
         "size": 255921020,
         "blockMapSize": 265104
      },
      {
         "url": "anytype_0.55.4_amd64.deb",
         "sha512": "h9AOC2BuEny0TIDmwtH3X2Z2If/U59v0urgHxEd1ttKDQnVHP3HbdrlSd6gRefM41tEvLs77AlGzVmnDQ2Lv2Q==",
         "size": 213511672
      },
      {
         "url": "anytype_0.55.4_amd64.deb",
         "sha512": "h9AOC2BuEny0TIDmwtH3X2Z2If/U59v0urgHxEd1ttKDQnVHP3HbdrlSd6gRefM41tEvLs77AlGzVmnDQ2Lv2Q==",
         "size": 213511672
      },
      {
         "url": "anytype_0.55.4_amd64.deb",
         "sha512": "h9AOC2BuEny0TIDmwtH3X2Z2If/U59v0urgHxEd1ttKDQnVHP3HbdrlSd6gRefM41tEvLs77AlGzVmnDQ2Lv2Q==",
         "size": 213511672
      },
      {
         "url": "anytype-0.55.4.x86_64.rpm",
         "sha512": "SmrdfZeSInIiRl2uzMLCDYYqz2N3gvzb4AlfD9RZnkGjKHg+N6VkdOD9p2rMGcT3cFISEvpoiFguKBKmkymYWg==",
         "size": 189025877
      },
      {
         "url": "anytype-0.55.4.x86_64.rpm",
         "sha512": "SmrdfZeSInIiRl2uzMLCDYYqz2N3gvzb4AlfD9RZnkGjKHg+N6VkdOD9p2rMGcT3cFISEvpoiFguKBKmkymYWg==",
         "size": 189025877
      },
      {
         "url": "anytype-0.55.4.x86_64.rpm",
         "sha512": "SmrdfZeSInIiRl2uzMLCDYYqz2N3gvzb4AlfD9RZnkGjKHg+N6VkdOD9p2rMGcT3cFISEvpoiFguKBKmkymYWg==",
         "size": 189025877
      }
   ],
   "path": "Anytype-0.55.4.AppImage",
   "sha512": "iVhg7x/IcehgFgoqn8NKBJ5Zlh1Ba0LCCfUSUA0vCgLClePi/Wa1B3K+g7FaPJ4caVLEApN+opsMXekenVAZBg==",
   "releaseDate": "2026-05-05T13:39:49.369Z",
   "downloadedFile": "/home/a7r/.cache/anytype-updater/pending/Anytype-0.55.4.AppImage"
}
[2026-05-13 19:07:01.657] [info]  second-instance
[2026-05-13 19:07:01.658] [info]  [Api].exit, relaunch: false
[2026-05-13 19:07:01.667] [info]  [Api].shutdown, relaunch: false
[2026-05-13 19:07:07.832] [info]  closeMain: undefined
[2026-05-13 19:07:10.009] [info]  [Api].exit, relaunch: false
[2026-05-13 19:07:16.378] [info]  [Api].exit, relaunch: false
[2026-05-13 19:07:27.724] [info]  before-quit
[2026-05-13 19:07:27.725] [info]  [Api].exit, relaunch: false
[2026-05-13 19:08:00.984] [info]  closeMain: undefined
[2026-05-13 19:10:33.782] [info]  second-instance
[2026-05-13 19:10:33.783] [info]  [Api].exit, relaunch: false
[2026-05-13 19:10:33.789] [info]  [Api].shutdown, relaunch: false
[2026-05-13 19:10:37.190] [info]  closeMain: undefined
[2026-05-13 19:10:41.775] [info]  second-instance
[2026-05-13 19:10:41.776] [info]  [Api].exit, relaunch: false
[2026-05-13 19:10:41.782] [info]  [Api].shutdown, relaunch: false
[2026-05-13 19:10:56.344] [info]  closeMain: undefined
[2026-05-13 19:20:48.667] [info]  Checking for update
[2026-05-13 19:20:48.670] [info]  Checking for update
[2026-05-13 19:20:49.012] [info]  Found version 0.55.4 (url: Anytype-0.55.4.AppImage, anytype_0.55.4_amd64.deb, anytype_0.55.4_amd64.deb, anytype_0.55.4_amd64.deb, anytype-0.55.4.x86_64.rpm, anytype-0.55.4.x86_64.rpm, anytype-0.55.4.x86_64.rpm)
[2026-05-13 19:20:49.012] [info]  Update available: {
   "version": "0.55.4",
   "files": [
      {
         "url": "Anytype-0.55.4.AppImage",
         "sha512": "iVhg7x/IcehgFgoqn8NKBJ5Zlh1Ba0LCCfUSUA0vCgLClePi/Wa1B3K+g7FaPJ4caVLEApN+opsMXekenVAZBg==",
         "size": 255921020,
         "blockMapSize": 265104
      },
      {
         "url": "anytype_0.55.4_amd64.deb",
         "sha512": "h9AOC2BuEny0TIDmwtH3X2Z2If/U59v0urgHxEd1ttKDQnVHP3HbdrlSd6gRefM41tEvLs77AlGzVmnDQ2Lv2Q==",
         "size": 213511672
      },
      {
         "url": "anytype_0.55.4_amd64.deb",
         "sha512": "h9AOC2BuEny0TIDmwtH3X2Z2If/U59v0urgHxEd1ttKDQnVHP3HbdrlSd6gRefM41tEvLs77AlGzVmnDQ2Lv2Q==",
         "size": 213511672
      },
      {
         "url": "anytype_0.55.4_amd64.deb",
         "sha512": "h9AOC2BuEny0TIDmwtH3X2Z2If/U59v0urgHxEd1ttKDQnVHP3HbdrlSd6gRefM41tEvLs77AlGzVmnDQ2Lv2Q==",
         "size": 213511672
      },
      {
         "url": "anytype-0.55.4.x86_64.rpm",
         "sha512": "SmrdfZeSInIiRl2uzMLCDYYqz2N3gvzb4AlfD9RZnkGjKHg+N6VkdOD9p2rMGcT3cFISEvpoiFguKBKmkymYWg==",
         "size": 189025877
      },
      {
         "url": "anytype-0.55.4.x86_64.rpm",
         "sha512": "SmrdfZeSInIiRl2uzMLCDYYqz2N3gvzb4AlfD9RZnkGjKHg+N6VkdOD9p2rMGcT3cFISEvpoiFguKBKmkymYWg==",
         "size": 189025877
      },
      {
         "url": "anytype-0.55.4.x86_64.rpm",
         "sha512": "SmrdfZeSInIiRl2uzMLCDYYqz2N3gvzb4AlfD9RZnkGjKHg+N6VkdOD9p2rMGcT3cFISEvpoiFguKBKmkymYWg==",
         "size": 189025877
      }
   ],
   "path": "Anytype-0.55.4.AppImage",
   "sha512": "iVhg7x/IcehgFgoqn8NKBJ5Zlh1Ba0LCCfUSUA0vCgLClePi/Wa1B3K+g7FaPJ4caVLEApN+opsMXekenVAZBg==",
   "releaseDate": "2026-05-05T13:39:49.369Z"
}
[2026-05-13 19:20:49.015] [info]  Downloading update from Anytype-0.55.4.AppImage, anytype_0.55.4_amd64.deb, anytype_0.55.4_amd64.deb, anytype_0.55.4_amd64.deb, anytype-0.55.4.x86_64.rpm, anytype-0.55.4.x86_64.rpm, anytype-0.55.4.x86_64.rpm
[2026-05-13 19:20:49.018] [debug] updater cache dir: /home/a7r/.cache/anytype-updater
[2026-05-13 19:20:49.018] [debug] checkForUpdatesAndNotify called, downloadPromise is null
[2026-05-13 19:20:49.828] [info]  Update has already been downloaded to /home/a7r/.cache/anytype-updater/pending/Anytype-0.55.4.AppImage).
[2026-05-13 19:20:49.830] [info]  Update downloaded: {
   "version": "0.55.4",
   "files": [
      {
         "url": "Anytype-0.55.4.AppImage",
         "sha512": "iVhg7x/IcehgFgoqn8NKBJ5Zlh1Ba0LCCfUSUA0vCgLClePi/Wa1B3K+g7FaPJ4caVLEApN+opsMXekenVAZBg==",
         "size": 255921020,
         "blockMapSize": 265104
      },
      {
         "url": "anytype_0.55.4_amd64.deb",
         "sha512": "h9AOC2BuEny0TIDmwtH3X2Z2If/U59v0urgHxEd1ttKDQnVHP3HbdrlSd6gRefM41tEvLs77AlGzVmnDQ2Lv2Q==",
         "size": 213511672
      },
      {
         "url": "anytype_0.55.4_amd64.deb",
         "sha512": "h9AOC2BuEny0TIDmwtH3X2Z2If/U59v0urgHxEd1ttKDQnVHP3HbdrlSd6gRefM41tEvLs77AlGzVmnDQ2Lv2Q==",
         "size": 213511672
      },
      {
         "url": "anytype_0.55.4_amd64.deb",
         "sha512": "h9AOC2BuEny0TIDmwtH3X2Z2If/U59v0urgHxEd1ttKDQnVHP3HbdrlSd6gRefM41tEvLs77AlGzVmnDQ2Lv2Q==",
         "size": 213511672
      },
      {
         "url": "anytype-0.55.4.x86_64.rpm",
         "sha512": "SmrdfZeSInIiRl2uzMLCDYYqz2N3gvzb4AlfD9RZnkGjKHg+N6VkdOD9p2rMGcT3cFISEvpoiFguKBKmkymYWg==",
         "size": 189025877
      },
      {
         "url": "anytype-0.55.4.x86_64.rpm",
         "sha512": "SmrdfZeSInIiRl2uzMLCDYYqz2N3gvzb4AlfD9RZnkGjKHg+N6VkdOD9p2rMGcT3cFISEvpoiFguKBKmkymYWg==",
         "size": 189025877
      },
      {
         "url": "anytype-0.55.4.x86_64.rpm",
         "sha512": "SmrdfZeSInIiRl2uzMLCDYYqz2N3gvzb4AlfD9RZnkGjKHg+N6VkdOD9p2rMGcT3cFISEvpoiFguKBKmkymYWg==",
         "size": 189025877
      }
   ],
   "path": "Anytype-0.55.4.AppImage",
   "sha512": "iVhg7x/IcehgFgoqn8NKBJ5Zlh1Ba0LCCfUSUA0vCgLClePi/Wa1B3K+g7FaPJ4caVLEApN+opsMXekenVAZBg==",
   "releaseDate": "2026-05-05T13:39:49.369Z",
   "downloadedFile": "/home/a7r/.cache/anytype-updater/pending/Anytype-0.55.4.AppImage"
}
[2026-05-14 18:05:48.187] [info]  [PowerMonitor] resume
[2026-05-14 18:06:11.978] [info]  [Api].exit, relaunch: false
[2026-05-14 18:06:18.718] [info]  second-instance
[2026-05-14 18:06:18.719] [info]  [Api].exit, relaunch: false
[2026-05-14 18:06:18.725] [info]  [Api].shutdown, relaunch: false
[2026-05-15 09:55:33.920] [info]  closeMain: undefined
[2026-05-15 10:05:05.798] [info]  Checking for update
[2026-05-15 10:05:05.801] [info]  Checking for update
[2026-05-15 10:05:59.775] [error] Error: Error: net::ERR_NAME_NOT_RESOLVED
    at SimpleURLLoaderWrapper.<anonymous> (node:electron/js2c/browser_init:2:124150)
    at SimpleURLLoaderWrapper.emit (node:events:519:28)
[2026-05-15 10:05:59.779] [info]  undefined
[2026-05-15 10:05:59.786] [info]  checkForUpdatesAndNotify error: Error: net::ERR_NAME_NOT_RESOLVED
[2026-05-15 10:06:38.707] [info]  [Api].exit, relaunch: false
[2026-05-15 10:06:45.624] [info]  second-instance
[2026-05-15 10:06:45.626] [info]  [Api].exit, relaunch: false
[2026-05-15 10:06:45.636] [info]  [Api].shutdown, relaunch: false
[2026-05-15 15:06:12.419] [info]  Checking for update
[2026-05-15 15:06:12.431] [info]  Checking for update
[2026-05-15 15:06:12.740] [info]  Found version 0.55.4 (url: Anytype-0.55.4.AppImage, anytype_0.55.4_amd64.deb, anytype_0.55.4_amd64.deb, anytype_0.55.4_amd64.deb, anytype-0.55.4.x86_64.rpm, anytype-0.55.4.x86_64.rpm, anytype-0.55.4.x86_64.rpm)
[2026-05-15 15:06:12.740] [info]  Update available: {
   "version": "0.55.4",
   "files": [
      {
         "url": "Anytype-0.55.4.AppImage",
         "sha512": "iVhg7x/IcehgFgoqn8NKBJ5Zlh1Ba0LCCfUSUA0vCgLClePi/Wa1B3K+g7FaPJ4caVLEApN+opsMXekenVAZBg==",
         "size": 255921020,
         "blockMapSize": 265104
      },
      {
         "url": "anytype_0.55.4_amd64.deb",
         "sha512": "h9AOC2BuEny0TIDmwtH3X2Z2If/U59v0urgHxEd1ttKDQnVHP3HbdrlSd6gRefM41tEvLs77AlGzVmnDQ2Lv2Q==",
         "size": 213511672
      },
      {
         "url": "anytype_0.55.4_amd64.deb",
         "sha512": "h9AOC2BuEny0TIDmwtH3X2Z2If/U59v0urgHxEd1ttKDQnVHP3HbdrlSd6gRefM41tEvLs77AlGzVmnDQ2Lv2Q==",
         "size": 213511672
      },
      {
         "url": "anytype_0.55.4_amd64.deb",
         "sha512": "h9AOC2BuEny0TIDmwtH3X2Z2If/U59v0urgHxEd1ttKDQnVHP3HbdrlSd6gRefM41tEvLs77AlGzVmnDQ2Lv2Q==",
         "size": 213511672
      },
      {
         "url": "anytype-0.55.4.x86_64.rpm",
         "sha512": "SmrdfZeSInIiRl2uzMLCDYYqz2N3gvzb4AlfD9RZnkGjKHg+N6VkdOD9p2rMGcT3cFISEvpoiFguKBKmkymYWg==",
         "size": 189025877
      },
      {
         "url": "anytype-0.55.4.x86_64.rpm",
         "sha512": "SmrdfZeSInIiRl2uzMLCDYYqz2N3gvzb4AlfD9RZnkGjKHg+N6VkdOD9p2rMGcT3cFISEvpoiFguKBKmkymYWg==",
         "size": 189025877
      },
      {
         "url": "anytype-0.55.4.x86_64.rpm",
         "sha512": "SmrdfZeSInIiRl2uzMLCDYYqz2N3gvzb4AlfD9RZnkGjKHg+N6VkdOD9p2rMGcT3cFISEvpoiFguKBKmkymYWg==",
         "size": 189025877
      }
   ],
   "path": "Anytype-0.55.4.AppImage",
   "sha512": "iVhg7x/IcehgFgoqn8NKBJ5Zlh1Ba0LCCfUSUA0vCgLClePi/Wa1B3K+g7FaPJ4caVLEApN+opsMXekenVAZBg==",
   "releaseDate": "2026-05-05T13:39:49.369Z"
}
[2026-05-15 15:06:12.742] [info]  Downloading update from Anytype-0.55.4.AppImage, anytype_0.55.4_amd64.deb, anytype_0.55.4_amd64.deb, anytype_0.55.4_amd64.deb, anytype-0.55.4.x86_64.rpm, anytype-0.55.4.x86_64.rpm, anytype-0.55.4.x86_64.rpm
[2026-05-15 15:06:12.746] [debug] updater cache dir: /home/a7r/.cache/anytype-updater
[2026-05-15 15:06:12.747] [debug] checkForUpdatesAndNotify called, downloadPromise is null
[2026-05-15 15:06:14.195] [info]  Update has already been downloaded to /home/a7r/.cache/anytype-updater/pending/Anytype-0.55.4.AppImage).
[2026-05-15 15:06:14.196] [info]  Update downloaded: {
   "version": "0.55.4",
   "files": [
      {
         "url": "Anytype-0.55.4.AppImage",
         "sha512": "iVhg7x/IcehgFgoqn8NKBJ5Zlh1Ba0LCCfUSUA0vCgLClePi/Wa1B3K+g7FaPJ4caVLEApN+opsMXekenVAZBg==",
         "size": 255921020,
         "blockMapSize": 265104
      },
      {
         "url": "anytype_0.55.4_amd64.deb",
         "sha512": "h9AOC2BuEny0TIDmwtH3X2Z2If/U59v0urgHxEd1ttKDQnVHP3HbdrlSd6gRefM41tEvLs77AlGzVmnDQ2Lv2Q==",
         "size": 213511672
      },
      {
         "url": "anytype_0.55.4_amd64.deb",
         "sha512": "h9AOC2BuEny0TIDmwtH3X2Z2If/U59v0urgHxEd1ttKDQnVHP3HbdrlSd6gRefM41tEvLs77AlGzVmnDQ2Lv2Q==",
         "size": 213511672
      },
      {
         "url": "anytype_0.55.4_amd64.deb",
         "sha512": "h9AOC2BuEny0TIDmwtH3X2Z2If/U59v0urgHxEd1ttKDQnVHP3HbdrlSd6gRefM41tEvLs77AlGzVmnDQ2Lv2Q==",
         "size": 213511672
      },
      {
         "url": "anytype-0.55.4.x86_64.rpm",
         "sha512": "SmrdfZeSInIiRl2uzMLCDYYqz2N3gvzb4AlfD9RZnkGjKHg+N6VkdOD9p2rMGcT3cFISEvpoiFguKBKmkymYWg==",
         "size": 189025877
      },
      {
         "url": "anytype-0.55.4.x86_64.rpm",
         "sha512": "SmrdfZeSInIiRl2uzMLCDYYqz2N3gvzb4AlfD9RZnkGjKHg+N6VkdOD9p2rMGcT3cFISEvpoiFguKBKmkymYWg==",
         "size": 189025877
      },
      {
         "url": "anytype-0.55.4.x86_64.rpm",
         "sha512": "SmrdfZeSInIiRl2uzMLCDYYqz2N3gvzb4AlfD9RZnkGjKHg+N6VkdOD9p2rMGcT3cFISEvpoiFguKBKmkymYWg==",
         "size": 189025877
      }
   ],
   "path": "Anytype-0.55.4.AppImage",
   "sha512": "iVhg7x/IcehgFgoqn8NKBJ5Zlh1Ba0LCCfUSUA0vCgLClePi/Wa1B3K+g7FaPJ4caVLEApN+opsMXekenVAZBg==",
   "releaseDate": "2026-05-05T13:39:49.369Z",
   "downloadedFile": "/home/a7r/.cache/anytype-updater/pending/Anytype-0.55.4.AppImage"
}
[2026-05-15 18:51:06.885] [info]  closeMain: undefined
[2026-05-15 20:18:04.434] [info]  second-instance
[2026-05-15 20:18:04.437] [info]  [Api].exit, relaunch: false
[2026-05-15 20:18:04.442] [info]  [Api].shutdown, relaunch: false
[2026-05-15 22:35:30.907] [info]  closeMain: undefined
[2026-05-17 21:01:59.631] [info]  closeMain: undefined
[2026-05-17 21:03:16.394] [info]  second-instance
[2026-05-17 21:03:16.395] [info]  [Api].exit, relaunch: false
[2026-05-17 21:03:16.403] [info]  [Api].shutdown, relaunch: false
[2026-05-17 21:03:52.683] [info]  closeMain: undefined
[2026-05-17 21:11:21.072] [info]  Checking for update
[2026-05-17 21:11:21.072] [info]  Checking for update
[2026-05-17 21:11:21.388] [info]  Found version 0.55.4 (url: Anytype-0.55.4.AppImage, anytype_0.55.4_amd64.deb, anytype_0.55.4_amd64.deb, anytype_0.55.4_amd64.deb, anytype-0.55.4.x86_64.rpm, anytype-0.55.4.x86_64.rpm, anytype-0.55.4.x86_64.rpm)
[2026-05-17 21:11:21.389] [info]  Update available: {
   "version": "0.55.4",
   "files": [
      {
         "url": "Anytype-0.55.4.AppImage",
         "sha512": "iVhg7x/IcehgFgoqn8NKBJ5Zlh1Ba0LCCfUSUA0vCgLClePi/Wa1B3K+g7FaPJ4caVLEApN+opsMXekenVAZBg==",
         "size": 255921020,
         "blockMapSize": 265104
      },
      {
         "url": "anytype_0.55.4_amd64.deb",
         "sha512": "h9AOC2BuEny0TIDmwtH3X2Z2If/U59v0urgHxEd1ttKDQnVHP3HbdrlSd6gRefM41tEvLs77AlGzVmnDQ2Lv2Q==",
         "size": 213511672
      },
      {
         "url": "anytype_0.55.4_amd64.deb",
         "sha512": "h9AOC2BuEny0TIDmwtH3X2Z2If/U59v0urgHxEd1ttKDQnVHP3HbdrlSd6gRefM41tEvLs77AlGzVmnDQ2Lv2Q==",
         "size": 213511672
      },
      {
         "url": "anytype_0.55.4_amd64.deb",
         "sha512": "h9AOC2BuEny0TIDmwtH3X2Z2If/U59v0urgHxEd1ttKDQnVHP3HbdrlSd6gRefM41tEvLs77AlGzVmnDQ2Lv2Q==",
         "size": 213511672
      },
      {
         "url": "anytype-0.55.4.x86_64.rpm",
         "sha512": "SmrdfZeSInIiRl2uzMLCDYYqz2N3gvzb4AlfD9RZnkGjKHg+N6VkdOD9p2rMGcT3cFISEvpoiFguKBKmkymYWg==",
         "size": 189025877
      },
      {
         "url": "anytype-0.55.4.x86_64.rpm",
         "sha512": "SmrdfZeSInIiRl2uzMLCDYYqz2N3gvzb4AlfD9RZnkGjKHg+N6VkdOD9p2rMGcT3cFISEvpoiFguKBKmkymYWg==",
         "size": 189025877
      },
      {
         "url": "anytype-0.55.4.x86_64.rpm",
         "sha512": "SmrdfZeSInIiRl2uzMLCDYYqz2N3gvzb4AlfD9RZnkGjKHg+N6VkdOD9p2rMGcT3cFISEvpoiFguKBKmkymYWg==",
         "size": 189025877
      }
   ],
   "path": "Anytype-0.55.4.AppImage",
   "sha512": "iVhg7x/IcehgFgoqn8NKBJ5Zlh1Ba0LCCfUSUA0vCgLClePi/Wa1B3K+g7FaPJ4caVLEApN+opsMXekenVAZBg==",
   "releaseDate": "2026-05-05T13:39:49.369Z"
}
[2026-05-17 21:11:21.390] [info]  Downloading update from Anytype-0.55.4.AppImage, anytype_0.55.4_amd64.deb, anytype_0.55.4_amd64.deb, anytype_0.55.4_amd64.deb, anytype-0.55.4.x86_64.rpm, anytype-0.55.4.x86_64.rpm, anytype-0.55.4.x86_64.rpm
[2026-05-17 21:11:21.393] [debug] updater cache dir: /home/a7r/.cache/anytype-updater
[2026-05-17 21:11:21.395] [debug] checkForUpdatesAndNotify called, downloadPromise is null
[2026-05-17 21:11:22.328] [info]  Update has already been downloaded to /home/a7r/.cache/anytype-updater/pending/Anytype-0.55.4.AppImage).
[2026-05-17 21:11:22.328] [info]  Update downloaded: {
   "version": "0.55.4",
   "files": [
      {
         "url": "Anytype-0.55.4.AppImage",
         "sha512": "iVhg7x/IcehgFgoqn8NKBJ5Zlh1Ba0LCCfUSUA0vCgLClePi/Wa1B3K+g7FaPJ4caVLEApN+opsMXekenVAZBg==",
         "size": 255921020,
         "blockMapSize": 265104
      },
      {
         "url": "anytype_0.55.4_amd64.deb",
         "sha512": "h9AOC2BuEny0TIDmwtH3X2Z2If/U59v0urgHxEd1ttKDQnVHP3HbdrlSd6gRefM41tEvLs77AlGzVmnDQ2Lv2Q==",
         "size": 213511672
      },
      {
         "url": "anytype_0.55.4_amd64.deb",
         "sha512": "h9AOC2BuEny0TIDmwtH3X2Z2If/U59v0urgHxEd1ttKDQnVHP3HbdrlSd6gRefM41tEvLs77AlGzVmnDQ2Lv2Q==",
         "size": 213511672
      },
      {
         "url": "anytype_0.55.4_amd64.deb",
         "sha512": "h9AOC2BuEny0TIDmwtH3X2Z2If/U59v0urgHxEd1ttKDQnVHP3HbdrlSd6gRefM41tEvLs77AlGzVmnDQ2Lv2Q==",
         "size": 213511672
      },
      {
         "url": "anytype-0.55.4.x86_64.rpm",
         "sha512": "SmrdfZeSInIiRl2uzMLCDYYqz2N3gvzb4AlfD9RZnkGjKHg+N6VkdOD9p2rMGcT3cFISEvpoiFguKBKmkymYWg==",
         "size": 189025877
      },
      {
         "url": "anytype-0.55.4.x86_64.rpm",
         "sha512": "SmrdfZeSInIiRl2uzMLCDYYqz2N3gvzb4AlfD9RZnkGjKHg+N6VkdOD9p2rMGcT3cFISEvpoiFguKBKmkymYWg==",
         "size": 189025877
      },
      {
         "url": "anytype-0.55.4.x86_64.rpm",
         "sha512": "SmrdfZeSInIiRl2uzMLCDYYqz2N3gvzb4AlfD9RZnkGjKHg+N6VkdOD9p2rMGcT3cFISEvpoiFguKBKmkymYWg==",
         "size": 189025877
      }
   ],
   "path": "Anytype-0.55.4.AppImage",
   "sha512": "iVhg7x/IcehgFgoqn8NKBJ5Zlh1Ba0LCCfUSUA0vCgLClePi/Wa1B3K+g7FaPJ4caVLEApN+opsMXekenVAZBg==",
   "releaseDate": "2026-05-05T13:39:49.369Z",
   "downloadedFile": "/home/a7r/.cache/anytype-updater/pending/Anytype-0.55.4.AppImage"
}
[2026-05-18 13:16:14.172] [info]  [PowerMonitor] resume
[2026-05-18 20:37:50.294] [info]  [PowerMonitor] resume
[2026-05-18 20:38:02.357] [info]  [Api].exit, relaunch: false
[2026-05-18 20:38:05.684] [info]  second-instance
[2026-05-18 20:38:05.685] [info]  [Api].exit, relaunch: false
[2026-05-18 20:38:05.694] [info]  [Api].shutdown, relaunch: false
[2026-05-18 22:28:21.077] [info]  [WindowManager].clearSavedTabs: Cleared saved tabs
[2026-05-18 22:34:28.273] [info]  [WindowManager].clearSavedTabs: Cleared saved tabs
[2026-05-18 22:38:02.908] [info]  [WindowManager].clearSavedTabs: Cleared saved tabs
[2026-05-18 22:39:05.654] [info]  closeMain: undefined
[2026-05-18 22:39:08.719] [info]  second-instance
[2026-05-18 22:39:08.728] [info]  [WindowManager].saveTabs: Saved 0 window(s)
[2026-05-18 22:39:08.732] [info]  [Api].exit, relaunch: false, isUpdate: false
[2026-05-18 22:39:15.512] [info]  [WindowManager].clearSavedTabs: Cleared saved tabs
[2026-05-18 22:39:21.335] [info]  closeMain: undefined
[2026-05-18 22:39:23.395] [info]  before-quit, isRelaunching: false
[2026-05-18 22:39:23.406] [info]  [WindowManager].saveTabs: Saved 1 window(s)
[2026-05-18 22:39:23.407] [info]  [Api].exit, relaunch: false, isUpdate: false
[2026-05-18 22:39:23.457] [info]  [Api].shutdown, relaunch: false, isUpdate: false
[2026-05-18 22:39:54.574] [info]  [WindowManager].loadAllWindows: Found 1 saved window(s)
[2026-05-18 22:39:54.747] [info]  [WindowManager].clearSavedTabs: Cleared saved tabs
[2026-05-18 22:40:34.466] [info]  before-quit, isRelaunching: false
[2026-05-18 22:40:34.474] [info]  [WindowManager].saveTabs: Saved 1 window(s)
[2026-05-18 22:40:34.475] [info]  [Api].exit, relaunch: false, isUpdate: false
[2026-05-18 22:40:46.697] [info]  [WindowManager].loadAllWindows: Found 1 saved window(s)
[2026-05-18 22:40:46.869] [info]  [WindowManager].clearSavedTabs: Cleared saved tabs
[2026-05-18 22:41:56.464] [info]  [WindowManager].clearSavedTabs: Cleared saved tabs
[2026-05-18 22:42:00.321] [info]  closeMain: undefined
[2026-05-18 22:42:02.011] [info]  before-quit, isRelaunching: false
[2026-05-18 22:42:02.022] [info]  [WindowManager].saveTabs: Saved 1 window(s)
[2026-05-18 22:42:02.023] [info]  [Api].exit, relaunch: false, isUpdate: false
[2026-05-18 22:42:02.065] [info]  [Api].shutdown, relaunch: false, isUpdate: false
[2026-05-18 22:43:12.758] [info]  [WindowManager].loadAllWindows: Found 1 saved window(s)
[2026-05-18 22:43:12.937] [info]  [WindowManager].clearSavedTabs: Cleared saved tabs
[2026-05-18 22:43:37.043] [info]  [WindowManager].clearSavedTabs: Cleared saved tabs
[2026-05-18 22:46:45.597] [info]  [WindowManager].clearSavedTabs: Cleared saved tabs
[2026-05-18 22:49:23.313] [warn]  [Api].keytarGet: Got null for key "A9ZRRckqJ7r1kcrHbPSzDRE82HRhtjtn9cc6TWZrwhh7yDKV-pin", attempt 1/1
[2026-05-18 22:52:59.471] [info]  closeMain: undefined
[2026-05-18 22:57:43.538] [info]  second-instance
[2026-05-18 22:57:43.539] [info]  [Api].exit, relaunch: false
[2026-05-18 22:57:43.545] [info]  [Api].shutdown, relaunch: false
[2026-05-18 22:59:02.123] [info]  closeMain: undefined
[2026-05-19 08:47:23.397] [info]  [PowerMonitor] resume
[2026-05-19 08:48:09.247] [info]  second-instance
[2026-05-19 08:48:09.248] [info]  [Api].exit, relaunch: false
[2026-05-19 08:48:09.258] [info]  [Api].shutdown, relaunch: false
[2026-05-19 08:49:09.301] [info]  closeMain: undefined
[2026-05-19 08:49:14.440] [info]  Checking for update
[2026-05-19 08:49:14.440] [info]  Checking for update
[2026-05-19 08:49:14.787] [info]  Found version 0.55.4 (url: Anytype-0.55.4.AppImage, anytype_0.55.4_amd64.deb, anytype_0.55.4_amd64.deb, anytype_0.55.4_amd64.deb, anytype-0.55.4.x86_64.rpm, anytype-0.55.4.x86_64.rpm, anytype-0.55.4.x86_64.rpm)
[2026-05-19 08:49:14.788] [info]  Update available: {
   "version": "0.55.4",
   "files": [
      {
         "url": "Anytype-0.55.4.AppImage",
         "sha512": "iVhg7x/IcehgFgoqn8NKBJ5Zlh1Ba0LCCfUSUA0vCgLClePi/Wa1B3K+g7FaPJ4caVLEApN+opsMXekenVAZBg==",
         "size": 255921020,
         "blockMapSize": 265104
      },
      {
         "url": "anytype_0.55.4_amd64.deb",
         "sha512": "h9AOC2BuEny0TIDmwtH3X2Z2If/U59v0urgHxEd1ttKDQnVHP3HbdrlSd6gRefM41tEvLs77AlGzVmnDQ2Lv2Q==",
         "size": 213511672
      },
      {
         "url": "anytype_0.55.4_amd64.deb",
         "sha512": "h9AOC2BuEny0TIDmwtH3X2Z2If/U59v0urgHxEd1ttKDQnVHP3HbdrlSd6gRefM41tEvLs77AlGzVmnDQ2Lv2Q==",
         "size": 213511672
      },
      {
         "url": "anytype_0.55.4_amd64.deb",
         "sha512": "h9AOC2BuEny0TIDmwtH3X2Z2If/U59v0urgHxEd1ttKDQnVHP3HbdrlSd6gRefM41tEvLs77AlGzVmnDQ2Lv2Q==",
         "size": 213511672
      },
      {
         "url": "anytype-0.55.4.x86_64.rpm",
         "sha512": "SmrdfZeSInIiRl2uzMLCDYYqz2N3gvzb4AlfD9RZnkGjKHg+N6VkdOD9p2rMGcT3cFISEvpoiFguKBKmkymYWg==",
         "size": 189025877
      },
      {
         "url": "anytype-0.55.4.x86_64.rpm",
         "sha512": "SmrdfZeSInIiRl2uzMLCDYYqz2N3gvzb4AlfD9RZnkGjKHg+N6VkdOD9p2rMGcT3cFISEvpoiFguKBKmkymYWg==",
         "size": 189025877
      },
      {
         "url": "anytype-0.55.4.x86_64.rpm",
         "sha512": "SmrdfZeSInIiRl2uzMLCDYYqz2N3gvzb4AlfD9RZnkGjKHg+N6VkdOD9p2rMGcT3cFISEvpoiFguKBKmkymYWg==",
         "size": 189025877
      }
   ],
   "path": "Anytype-0.55.4.AppImage",
   "sha512": "iVhg7x/IcehgFgoqn8NKBJ5Zlh1Ba0LCCfUSUA0vCgLClePi/Wa1B3K+g7FaPJ4caVLEApN+opsMXekenVAZBg==",
   "releaseDate": "2026-05-05T13:39:49.369Z"
}
[2026-05-19 08:49:14.790] [info]  Downloading update from Anytype-0.55.4.AppImage, anytype_0.55.4_amd64.deb, anytype_0.55.4_amd64.deb, anytype_0.55.4_amd64.deb, anytype-0.55.4.x86_64.rpm, anytype-0.55.4.x86_64.rpm, anytype-0.55.4.x86_64.rpm
[2026-05-19 08:49:14.793] [debug] updater cache dir: /home/a7r/.cache/anytype-updater
[2026-05-19 08:49:14.794] [debug] checkForUpdatesAndNotify called, downloadPromise is null
[2026-05-19 08:49:15.722] [info]  Update has already been downloaded to /home/a7r/.cache/anytype-updater/pending/Anytype-0.55.4.AppImage).
[2026-05-19 08:49:15.722] [info]  Update downloaded: {
   "version": "0.55.4",
   "files": [
      {
         "url": "Anytype-0.55.4.AppImage",
         "sha512": "iVhg7x/IcehgFgoqn8NKBJ5Zlh1Ba0LCCfUSUA0vCgLClePi/Wa1B3K+g7FaPJ4caVLEApN+opsMXekenVAZBg==",
         "size": 255921020,
         "blockMapSize": 265104
      },
      {
         "url": "anytype_0.55.4_amd64.deb",
         "sha512": "h9AOC2BuEny0TIDmwtH3X2Z2If/U59v0urgHxEd1ttKDQnVHP3HbdrlSd6gRefM41tEvLs77AlGzVmnDQ2Lv2Q==",
         "size": 213511672
      },
      {
         "url": "anytype_0.55.4_amd64.deb",
         "sha512": "h9AOC2BuEny0TIDmwtH3X2Z2If/U59v0urgHxEd1ttKDQnVHP3HbdrlSd6gRefM41tEvLs77AlGzVmnDQ2Lv2Q==",
         "size": 213511672
      },
      {
         "url": "anytype_0.55.4_amd64.deb",
         "sha512": "h9AOC2BuEny0TIDmwtH3X2Z2If/U59v0urgHxEd1ttKDQnVHP3HbdrlSd6gRefM41tEvLs77AlGzVmnDQ2Lv2Q==",
         "size": 213511672
      },
      {
         "url": "anytype-0.55.4.x86_64.rpm",
         "sha512": "SmrdfZeSInIiRl2uzMLCDYYqz2N3gvzb4AlfD9RZnkGjKHg+N6VkdOD9p2rMGcT3cFISEvpoiFguKBKmkymYWg==",
         "size": 189025877
      },
      {
         "url": "anytype-0.55.4.x86_64.rpm",
         "sha512": "SmrdfZeSInIiRl2uzMLCDYYqz2N3gvzb4AlfD9RZnkGjKHg+N6VkdOD9p2rMGcT3cFISEvpoiFguKBKmkymYWg==",
         "size": 189025877
      },
      {
         "url": "anytype-0.55.4.x86_64.rpm",
         "sha512": "SmrdfZeSInIiRl2uzMLCDYYqz2N3gvzb4AlfD9RZnkGjKHg+N6VkdOD9p2rMGcT3cFISEvpoiFguKBKmkymYWg==",
         "size": 189025877
      }
   ],
   "path": "Anytype-0.55.4.AppImage",
   "sha512": "iVhg7x/IcehgFgoqn8NKBJ5Zlh1Ba0LCCfUSUA0vCgLClePi/Wa1B3K+g7FaPJ4caVLEApN+opsMXekenVAZBg==",
   "releaseDate": "2026-05-05T13:39:49.369Z",
   "downloadedFile": "/home/a7r/.cache/anytype-updater/pending/Anytype-0.55.4.AppImage"
}
[2026-05-19 18:38:35.217] [info]  [PowerMonitor] resume
[2026-05-22 09:22:03.237] [info]  [PowerMonitor] resume
[2026-05-22 09:24:24.896] [info]  second-instance
[2026-05-22 09:24:24.897] [info]  [Api].exit, relaunch: false
[2026-05-22 09:24:24.904] [info]  [Api].shutdown, relaunch: false
[2026-05-22 09:39:50.031] [info]  closeMain: undefined
[2026-05-22 09:39:52.849] [info]  second-instance
[2026-05-22 09:39:52.859] [info]  [WindowManager].saveTabs: Saved 0 window(s)
[2026-05-22 09:39:52.863] [info]  [Api].exit, relaunch: false, isUpdate: false
[2026-05-22 09:39:58.614] [info]  [WindowManager].clearSavedTabs: Cleared saved tabs
[2026-05-22 09:40:06.837] [info]  closeMain: undefined
[2026-05-22 09:40:09.650] [info]  second-instance
[2026-05-22 09:40:09.663] [info]  [WindowManager].saveTabs: Saved 0 window(s)
[2026-05-22 09:40:09.670] [info]  [Api].exit, relaunch: false, isUpdate: false
[2026-05-22 09:40:43.857] [info]  [WindowManager].clearSavedTabs: Cleared saved tabs
[2026-05-22 09:41:02.431] [info]  before-quit, isRelaunching: false
[2026-05-22 09:41:02.452] [info]  [WindowManager].saveTabs: Saved 1 window(s)
[2026-05-22 09:41:02.459] [info]  [Api].exit, relaunch: false, isUpdate: false
[2026-05-22 09:41:02.515] [info]  [Api].shutdown, relaunch: false, isUpdate: false
[2026-05-22 09:42:18.683] [info]  [WindowManager].loadAllWindows: Found 1 saved window(s)
[2026-05-22 09:42:18.866] [info]  [WindowManager].clearSavedTabs: Cleared saved tabs
[2026-05-22 09:42:38.031] [info]  before-quit, isRelaunching: false
[2026-05-22 09:42:38.045] [info]  [WindowManager].saveTabs: Saved 1 window(s)
[2026-05-22 09:42:38.048] [info]  [Api].exit, relaunch: false, isUpdate: false
[2026-05-22 09:42:38.197] [info]  [Api].shutdown, relaunch: false, isUpdate: false
[2026-05-22 09:50:44.433] [info]  [WindowManager].loadAllWindows: Found 1 saved window(s)
[2026-05-22 09:50:44.601] [info]  [WindowManager].clearSavedTabs: Cleared saved tabs
[2026-05-22 10:00:44.611] [info]  Checking for update
[2026-05-22 10:00:44.612] [info]  Checking for update
[2026-05-22 10:00:44.963] [info]  Update for version 0.55.4 is not available (latest version: 0.55.4, downgrade is allowed).
[2026-05-22 10:00:44.965] [info]  Update not available: {
   "version": "0.55.4",
   "files": [
      {
         "url": "Anytype-0.55.4.AppImage",
         "sha512": "iVhg7x/IcehgFgoqn8NKBJ5Zlh1Ba0LCCfUSUA0vCgLClePi/Wa1B3K+g7FaPJ4caVLEApN+opsMXekenVAZBg==",
         "size": 255921020,
         "blockMapSize": 265104
      },
      {
         "url": "anytype_0.55.4_amd64.deb",
         "sha512": "h9AOC2BuEny0TIDmwtH3X2Z2If/U59v0urgHxEd1ttKDQnVHP3HbdrlSd6gRefM41tEvLs77AlGzVmnDQ2Lv2Q==",
         "size": 213511672
      },
      {
         "url": "anytype_0.55.4_amd64.deb",
         "sha512": "h9AOC2BuEny0TIDmwtH3X2Z2If/U59v0urgHxEd1ttKDQnVHP3HbdrlSd6gRefM41tEvLs77AlGzVmnDQ2Lv2Q==",
         "size": 213511672
      },
      {
         "url": "anytype_0.55.4_amd64.deb",
         "sha512": "h9AOC2BuEny0TIDmwtH3X2Z2If/U59v0urgHxEd1ttKDQnVHP3HbdrlSd6gRefM41tEvLs77AlGzVmnDQ2Lv2Q==",
         "size": 213511672
      },
      {
         "url": "anytype-0.55.4.x86_64.rpm",
         "sha512": "SmrdfZeSInIiRl2uzMLCDYYqz2N3gvzb4AlfD9RZnkGjKHg+N6VkdOD9p2rMGcT3cFISEvpoiFguKBKmkymYWg==",
         "size": 189025877
      },
      {
         "url": "anytype-0.55.4.x86_64.rpm",
         "sha512": "SmrdfZeSInIiRl2uzMLCDYYqz2N3gvzb4AlfD9RZnkGjKHg+N6VkdOD9p2rMGcT3cFISEvpoiFguKBKmkymYWg==",
         "size": 189025877
      },
      {
         "url": "anytype-0.55.4.x86_64.rpm",
         "sha512": "SmrdfZeSInIiRl2uzMLCDYYqz2N3gvzb4AlfD9RZnkGjKHg+N6VkdOD9p2rMGcT3cFISEvpoiFguKBKmkymYWg==",
         "size": 189025877
      }
   ],
   "path": "Anytype-0.55.4.AppImage",
   "sha512": "iVhg7x/IcehgFgoqn8NKBJ5Zlh1Ba0LCCfUSUA0vCgLClePi/Wa1B3K+g7FaPJ4caVLEApN+opsMXekenVAZBg==",
   "releaseDate": "2026-05-05T13:39:49.369Z"
}
[2026-05-22 10:00:44.966] [debug] checkForUpdatesAndNotify called, downloadPromise is null
[2026-05-22 10:10:44.628] [info]  Checking for update
[2026-05-22 10:10:44.629] [info]  Checking for update
[2026-05-22 10:10:44.917] [info]  Update for version 0.55.4 is not available (latest version: 0.55.4, downgrade is allowed).
[2026-05-22 10:10:44.918] [info]  Update not available: {
   "version": "0.55.4",
   "files": [
      {
         "url": "Anytype-0.55.4.AppImage",
         "sha512": "iVhg7x/IcehgFgoqn8NKBJ5Zlh1Ba0LCCfUSUA0vCgLClePi/Wa1B3K+g7FaPJ4caVLEApN+opsMXekenVAZBg==",
         "size": 255921020,
         "blockMapSize": 265104
      },
      {
         "url": "anytype_0.55.4_amd64.deb",
         "sha512": "h9AOC2BuEny0TIDmwtH3X2Z2If/U59v0urgHxEd1ttKDQnVHP3HbdrlSd6gRefM41tEvLs77AlGzVmnDQ2Lv2Q==",
         "size": 213511672
      },
      {
         "url": "anytype_0.55.4_amd64.deb",
         "sha512": "h9AOC2BuEny0TIDmwtH3X2Z2If/U59v0urgHxEd1ttKDQnVHP3HbdrlSd6gRefM41tEvLs77AlGzVmnDQ2Lv2Q==",
         "size": 213511672
      },
      {
         "url": "anytype_0.55.4_amd64.deb",
         "sha512": "h9AOC2BuEny0TIDmwtH3X2Z2If/U59v0urgHxEd1ttKDQnVHP3HbdrlSd6gRefM41tEvLs77AlGzVmnDQ2Lv2Q==",
         "size": 213511672
      },
      {
         "url": "anytype-0.55.4.x86_64.rpm",
         "sha512": "SmrdfZeSInIiRl2uzMLCDYYqz2N3gvzb4AlfD9RZnkGjKHg+N6VkdOD9p2rMGcT3cFISEvpoiFguKBKmkymYWg==",
         "size": 189025877
      },
      {
         "url": "anytype-0.55.4.x86_64.rpm",
         "sha512": "SmrdfZeSInIiRl2uzMLCDYYqz2N3gvzb4AlfD9RZnkGjKHg+N6VkdOD9p2rMGcT3cFISEvpoiFguKBKmkymYWg==",
         "size": 189025877
      },
      {
         "url": "anytype-0.55.4.x86_64.rpm",
         "sha512": "SmrdfZeSInIiRl2uzMLCDYYqz2N3gvzb4AlfD9RZnkGjKHg+N6VkdOD9p2rMGcT3cFISEvpoiFguKBKmkymYWg==",
         "size": 189025877
      }
   ],
   "path": "Anytype-0.55.4.AppImage",
   "sha512": "iVhg7x/IcehgFgoqn8NKBJ5Zlh1Ba0LCCfUSUA0vCgLClePi/Wa1B3K+g7FaPJ4caVLEApN+opsMXekenVAZBg==",
   "releaseDate": "2026-05-05T13:39:49.369Z"
}
[2026-05-22 10:10:44.920] [debug] checkForUpdatesAndNotify called, downloadPromise is null
[2026-05-22 10:20:44.632] [info]  Checking for update
[2026-05-22 10:20:44.632] [info]  Checking for update
[2026-05-22 10:20:44.915] [info]  Update for version 0.55.4 is not available (latest version: 0.55.4, downgrade is allowed).
[2026-05-22 10:20:44.916] [info]  Update not available: {
   "version": "0.55.4",
   "files": [
      {
         "url": "Anytype-0.55.4.AppImage",
         "sha512": "iVhg7x/IcehgFgoqn8NKBJ5Zlh1Ba0LCCfUSUA0vCgLClePi/Wa1B3K+g7FaPJ4caVLEApN+opsMXekenVAZBg==",
         "size": 255921020,
         "blockMapSize": 265104
      },
      {
         "url": "anytype_0.55.4_amd64.deb",
         "sha512": "h9AOC2BuEny0TIDmwtH3X2Z2If/U59v0urgHxEd1ttKDQnVHP3HbdrlSd6gRefM41tEvLs77AlGzVmnDQ2Lv2Q==",
         "size": 213511672
      },
      {
         "url": "anytype_0.55.4_amd64.deb",
         "sha512": "h9AOC2BuEny0TIDmwtH3X2Z2If/U59v0urgHxEd1ttKDQnVHP3HbdrlSd6gRefM41tEvLs77AlGzVmnDQ2Lv2Q==",
         "size": 213511672
      },
      {
         "url": "anytype_0.55.4_amd64.deb",
         "sha512": "h9AOC2BuEny0TIDmwtH3X2Z2If/U59v0urgHxEd1ttKDQnVHP3HbdrlSd6gRefM41tEvLs77AlGzVmnDQ2Lv2Q==",
         "size": 213511672
      },
      {
         "url": "anytype-0.55.4.x86_64.rpm",
         "sha512": "SmrdfZeSInIiRl2uzMLCDYYqz2N3gvzb4AlfD9RZnkGjKHg+N6VkdOD9p2rMGcT3cFISEvpoiFguKBKmkymYWg==",
         "size": 189025877
      },
      {
         "url": "anytype-0.55.4.x86_64.rpm",
         "sha512": "SmrdfZeSInIiRl2uzMLCDYYqz2N3gvzb4AlfD9RZnkGjKHg+N6VkdOD9p2rMGcT3cFISEvpoiFguKBKmkymYWg==",
         "size": 189025877
      },
      {
         "url": "anytype-0.55.4.x86_64.rpm",
         "sha512": "SmrdfZeSInIiRl2uzMLCDYYqz2N3gvzb4AlfD9RZnkGjKHg+N6VkdOD9p2rMGcT3cFISEvpoiFguKBKmkymYWg==",
         "size": 189025877
      }
   ],
   "path": "Anytype-0.55.4.AppImage",
   "sha512": "iVhg7x/IcehgFgoqn8NKBJ5Zlh1Ba0LCCfUSUA0vCgLClePi/Wa1B3K+g7FaPJ4caVLEApN+opsMXekenVAZBg==",
   "releaseDate": "2026-05-05T13:39:49.369Z"
}
[2026-05-22 10:20:44.918] [debug] checkForUpdatesAndNotify called, downloadPromise is null
[2026-05-22 10:30:44.636] [info]  Checking for update
[2026-05-22 10:30:44.637] [info]  Checking for update
[2026-05-22 10:30:44.938] [info]  Update for version 0.55.4 is not available (latest version: 0.55.4, downgrade is allowed).
[2026-05-22 10:30:44.939] [info]  Update not available: {
   "version": "0.55.4",
   "files": [
      {
         "url": "Anytype-0.55.4.AppImage",
         "sha512": "iVhg7x/IcehgFgoqn8NKBJ5Zlh1Ba0LCCfUSUA0vCgLClePi/Wa1B3K+g7FaPJ4caVLEApN+opsMXekenVAZBg==",
         "size": 255921020,
         "blockMapSize": 265104
      },
      {
         "url": "anytype_0.55.4_amd64.deb",
         "sha512": "h9AOC2BuEny0TIDmwtH3X2Z2If/U59v0urgHxEd1ttKDQnVHP3HbdrlSd6gRefM41tEvLs77AlGzVmnDQ2Lv2Q==",
         "size": 213511672
      },
      {
         "url": "anytype_0.55.4_amd64.deb",
         "sha512": "h9AOC2BuEny0TIDmwtH3X2Z2If/U59v0urgHxEd1ttKDQnVHP3HbdrlSd6gRefM41tEvLs77AlGzVmnDQ2Lv2Q==",
         "size": 213511672
      },
      {
         "url": "anytype_0.55.4_amd64.deb",
         "sha512": "h9AOC2BuEny0TIDmwtH3X2Z2If/U59v0urgHxEd1ttKDQnVHP3HbdrlSd6gRefM41tEvLs77AlGzVmnDQ2Lv2Q==",
         "size": 213511672
      },
      {
         "url": "anytype-0.55.4.x86_64.rpm",
         "sha512": "SmrdfZeSInIiRl2uzMLCDYYqz2N3gvzb4AlfD9RZnkGjKHg+N6VkdOD9p2rMGcT3cFISEvpoiFguKBKmkymYWg==",
         "size": 189025877
      },
      {
         "url": "anytype-0.55.4.x86_64.rpm",
         "sha512": "SmrdfZeSInIiRl2uzMLCDYYqz2N3gvzb4AlfD9RZnkGjKHg+N6VkdOD9p2rMGcT3cFISEvpoiFguKBKmkymYWg==",
         "size": 189025877
      },
      {
         "url": "anytype-0.55.4.x86_64.rpm",
         "sha512": "SmrdfZeSInIiRl2uzMLCDYYqz2N3gvzb4AlfD9RZnkGjKHg+N6VkdOD9p2rMGcT3cFISEvpoiFguKBKmkymYWg==",
         "size": 189025877
      }
   ],
   "path": "Anytype-0.55.4.AppImage",
   "sha512": "iVhg7x/IcehgFgoqn8NKBJ5Zlh1Ba0LCCfUSUA0vCgLClePi/Wa1B3K+g7FaPJ4caVLEApN+opsMXekenVAZBg==",
   "releaseDate": "2026-05-05T13:39:49.369Z"
}
[2026-05-22 10:30:44.940] [debug] checkForUpdatesAndNotify called, downloadPromise is null
[2026-05-22 10:40:44.637] [info]  Checking for update
[2026-05-22 10:40:44.638] [info]  Checking for update
[2026-05-22 10:40:44.895] [info]  Update for version 0.55.4 is not available (latest version: 0.55.4, downgrade is allowed).
[2026-05-22 10:40:44.896] [info]  Update not available: {
   "version": "0.55.4",
   "files": [
      {
         "url": "Anytype-0.55.4.AppImage",
         "sha512": "iVhg7x/IcehgFgoqn8NKBJ5Zlh1Ba0LCCfUSUA0vCgLClePi/Wa1B3K+g7FaPJ4caVLEApN+opsMXekenVAZBg==",
         "size": 255921020,
         "blockMapSize": 265104
      },
      {
         "url": "anytype_0.55.4_amd64.deb",
         "sha512": "h9AOC2BuEny0TIDmwtH3X2Z2If/U59v0urgHxEd1ttKDQnVHP3HbdrlSd6gRefM41tEvLs77AlGzVmnDQ2Lv2Q==",
         "size": 213511672
      },
      {
         "url": "anytype_0.55.4_amd64.deb",
         "sha512": "h9AOC2BuEny0TIDmwtH3X2Z2If/U59v0urgHxEd1ttKDQnVHP3HbdrlSd6gRefM41tEvLs77AlGzVmnDQ2Lv2Q==",
         "size": 213511672
      },
      {
         "url": "anytype_0.55.4_amd64.deb",
         "sha512": "h9AOC2BuEny0TIDmwtH3X2Z2If/U59v0urgHxEd1ttKDQnVHP3HbdrlSd6gRefM41tEvLs77AlGzVmnDQ2Lv2Q==",
         "size": 213511672
      },
      {
         "url": "anytype-0.55.4.x86_64.rpm",
         "sha512": "SmrdfZeSInIiRl2uzMLCDYYqz2N3gvzb4AlfD9RZnkGjKHg+N6VkdOD9p2rMGcT3cFISEvpoiFguKBKmkymYWg==",
         "size": 189025877
      },
      {
         "url": "anytype-0.55.4.x86_64.rpm",
         "sha512": "SmrdfZeSInIiRl2uzMLCDYYqz2N3gvzb4AlfD9RZnkGjKHg+N6VkdOD9p2rMGcT3cFISEvpoiFguKBKmkymYWg==",
         "size": 189025877
      },
      {
         "url": "anytype-0.55.4.x86_64.rpm",
         "sha512": "SmrdfZeSInIiRl2uzMLCDYYqz2N3gvzb4AlfD9RZnkGjKHg+N6VkdOD9p2rMGcT3cFISEvpoiFguKBKmkymYWg==",
         "size": 189025877
      }
   ],
   "path": "Anytype-0.55.4.AppImage",
   "sha512": "iVhg7x/IcehgFgoqn8NKBJ5Zlh1Ba0LCCfUSUA0vCgLClePi/Wa1B3K+g7FaPJ4caVLEApN+opsMXekenVAZBg==",
   "releaseDate": "2026-05-05T13:39:49.369Z"
}
[2026-05-22 10:40:44.896] [debug] checkForUpdatesAndNotify called, downloadPromise is null
[2026-05-22 10:46:42.895] [info]  [WindowManager].clearSavedTabs: Cleared saved tabs
[2026-05-22 10:56:42.999] [info]  Checking for update
[2026-05-22 10:56:43.000] [info]  Checking for update
[2026-05-22 10:56:43.371] [info]  Update for version 0.55.4 is not available (latest version: 0.55.4, downgrade is allowed).
[2026-05-22 10:56:43.371] [info]  Update not available: {
   "version": "0.55.4",
   "files": [
      {
         "url": "Anytype-0.55.4.AppImage",
         "sha512": "iVhg7x/IcehgFgoqn8NKBJ5Zlh1Ba0LCCfUSUA0vCgLClePi/Wa1B3K+g7FaPJ4caVLEApN+opsMXekenVAZBg==",
         "size": 255921020,
         "blockMapSize": 265104
      },
      {
         "url": "anytype_0.55.4_amd64.deb",
         "sha512": "h9AOC2BuEny0TIDmwtH3X2Z2If/U59v0urgHxEd1ttKDQnVHP3HbdrlSd6gRefM41tEvLs77AlGzVmnDQ2Lv2Q==",
         "size": 213511672
      },
      {
         "url": "anytype_0.55.4_amd64.deb",
         "sha512": "h9AOC2BuEny0TIDmwtH3X2Z2If/U59v0urgHxEd1ttKDQnVHP3HbdrlSd6gRefM41tEvLs77AlGzVmnDQ2Lv2Q==",
         "size": 213511672
      },
      {
         "url": "anytype_0.55.4_amd64.deb",
         "sha512": "h9AOC2BuEny0TIDmwtH3X2Z2If/U59v0urgHxEd1ttKDQnVHP3HbdrlSd6gRefM41tEvLs77AlGzVmnDQ2Lv2Q==",
         "size": 213511672
      },
      {
         "url": "anytype-0.55.4.x86_64.rpm",
         "sha512": "SmrdfZeSInIiRl2uzMLCDYYqz2N3gvzb4AlfD9RZnkGjKHg+N6VkdOD9p2rMGcT3cFISEvpoiFguKBKmkymYWg==",
         "size": 189025877
      },
      {
         "url": "anytype-0.55.4.x86_64.rpm",
         "sha512": "SmrdfZeSInIiRl2uzMLCDYYqz2N3gvzb4AlfD9RZnkGjKHg+N6VkdOD9p2rMGcT3cFISEvpoiFguKBKmkymYWg==",
         "size": 189025877
      },
      {
         "url": "anytype-0.55.4.x86_64.rpm",
         "sha512": "SmrdfZeSInIiRl2uzMLCDYYqz2N3gvzb4AlfD9RZnkGjKHg+N6VkdOD9p2rMGcT3cFISEvpoiFguKBKmkymYWg==",
         "size": 189025877
      }
   ],
   "path": "Anytype-0.55.4.AppImage",
   "sha512": "iVhg7x/IcehgFgoqn8NKBJ5Zlh1Ba0LCCfUSUA0vCgLClePi/Wa1B3K+g7FaPJ4caVLEApN+opsMXekenVAZBg==",
   "releaseDate": "2026-05-05T13:39:49.369Z"
}
[2026-05-22 10:56:43.372] [debug] checkForUpdatesAndNotify called, downloadPromise is null
[2026-05-22 11:06:43.102] [info]  Checking for update
[2026-05-22 11:06:43.103] [info]  Checking for update
[2026-05-22 11:06:43.382] [info]  Update for version 0.55.4 is not available (latest version: 0.55.4, downgrade is allowed).
[2026-05-22 11:06:43.382] [info]  Update not available: {
   "version": "0.55.4",
   "files": [
      {
         "url": "Anytype-0.55.4.AppImage",
         "sha512": "iVhg7x/IcehgFgoqn8NKBJ5Zlh1Ba0LCCfUSUA0vCgLClePi/Wa1B3K+g7FaPJ4caVLEApN+opsMXekenVAZBg==",
         "size": 255921020,
         "blockMapSize": 265104
      },
      {
         "url": "anytype_0.55.4_amd64.deb",
         "sha512": "h9AOC2BuEny0TIDmwtH3X2Z2If/U59v0urgHxEd1ttKDQnVHP3HbdrlSd6gRefM41tEvLs77AlGzVmnDQ2Lv2Q==",
         "size": 213511672
      },
      {
         "url": "anytype_0.55.4_amd64.deb",
         "sha512": "h9AOC2BuEny0TIDmwtH3X2Z2If/U59v0urgHxEd1ttKDQnVHP3HbdrlSd6gRefM41tEvLs77AlGzVmnDQ2Lv2Q==",
         "size": 213511672
      },
      {
         "url": "anytype_0.55.4_amd64.deb",
         "sha512": "h9AOC2BuEny0TIDmwtH3X2Z2If/U59v0urgHxEd1ttKDQnVHP3HbdrlSd6gRefM41tEvLs77AlGzVmnDQ2Lv2Q==",
         "size": 213511672
      },
      {
         "url": "anytype-0.55.4.x86_64.rpm",
         "sha512": "SmrdfZeSInIiRl2uzMLCDYYqz2N3gvzb4AlfD9RZnkGjKHg+N6VkdOD9p2rMGcT3cFISEvpoiFguKBKmkymYWg==",
         "size": 189025877
      },
      {
         "url": "anytype-0.55.4.x86_64.rpm",
         "sha512": "SmrdfZeSInIiRl2uzMLCDYYqz2N3gvzb4AlfD9RZnkGjKHg+N6VkdOD9p2rMGcT3cFISEvpoiFguKBKmkymYWg==",
         "size": 189025877
      },
      {
         "url": "anytype-0.55.4.x86_64.rpm",
         "sha512": "SmrdfZeSInIiRl2uzMLCDYYqz2N3gvzb4AlfD9RZnkGjKHg+N6VkdOD9p2rMGcT3cFISEvpoiFguKBKmkymYWg==",
         "size": 189025877
      }
   ],
   "path": "Anytype-0.55.4.AppImage",
   "sha512": "iVhg7x/IcehgFgoqn8NKBJ5Zlh1Ba0LCCfUSUA0vCgLClePi/Wa1B3K+g7FaPJ4caVLEApN+opsMXekenVAZBg==",
   "releaseDate": "2026-05-05T13:39:49.369Z"
}
[2026-05-22 11:06:43.383] [debug] checkForUpdatesAndNotify called, downloadPromise is null
[2026-05-22 11:16:43.205] [info]  Checking for update
[2026-05-22 11:16:43.205] [info]  Checking for update
[2026-05-22 11:16:43.490] [info]  Update for version 0.55.4 is not available (latest version: 0.55.4, downgrade is allowed).
[2026-05-22 11:16:43.491] [info]  Update not available: {
   "version": "0.55.4",
   "files": [
      {
         "url": "Anytype-0.55.4.AppImage",
         "sha512": "iVhg7x/IcehgFgoqn8NKBJ5Zlh1Ba0LCCfUSUA0vCgLClePi/Wa1B3K+g7FaPJ4caVLEApN+opsMXekenVAZBg==",
         "size": 255921020,
         "blockMapSize": 265104
      },
      {
         "url": "anytype_0.55.4_amd64.deb",
         "sha512": "h9AOC2BuEny0TIDmwtH3X2Z2If/U59v0urgHxEd1ttKDQnVHP3HbdrlSd6gRefM41tEvLs77AlGzVmnDQ2Lv2Q==",
         "size": 213511672
      },
      {
         "url": "anytype_0.55.4_amd64.deb",
         "sha512": "h9AOC2BuEny0TIDmwtH3X2Z2If/U59v0urgHxEd1ttKDQnVHP3HbdrlSd6gRefM41tEvLs77AlGzVmnDQ2Lv2Q==",
         "size": 213511672
      },
      {
         "url": "anytype_0.55.4_amd64.deb",
         "sha512": "h9AOC2BuEny0TIDmwtH3X2Z2If/U59v0urgHxEd1ttKDQnVHP3HbdrlSd6gRefM41tEvLs77AlGzVmnDQ2Lv2Q==",
         "size": 213511672
      },
      {
         "url": "anytype-0.55.4.x86_64.rpm",
         "sha512": "SmrdfZeSInIiRl2uzMLCDYYqz2N3gvzb4AlfD9RZnkGjKHg+N6VkdOD9p2rMGcT3cFISEvpoiFguKBKmkymYWg==",
         "size": 189025877
      },
      {
         "url": "anytype-0.55.4.x86_64.rpm",
         "sha512": "SmrdfZeSInIiRl2uzMLCDYYqz2N3gvzb4AlfD9RZnkGjKHg+N6VkdOD9p2rMGcT3cFISEvpoiFguKBKmkymYWg==",
         "size": 189025877
      },
      {
         "url": "anytype-0.55.4.x86_64.rpm",
         "sha512": "SmrdfZeSInIiRl2uzMLCDYYqz2N3gvzb4AlfD9RZnkGjKHg+N6VkdOD9p2rMGcT3cFISEvpoiFguKBKmkymYWg==",
         "size": 189025877
      }
   ],
   "path": "Anytype-0.55.4.AppImage",
   "sha512": "iVhg7x/IcehgFgoqn8NKBJ5Zlh1Ba0LCCfUSUA0vCgLClePi/Wa1B3K+g7FaPJ4caVLEApN+opsMXekenVAZBg==",
   "releaseDate": "2026-05-05T13:39:49.369Z"
}
[2026-05-22 11:16:43.491] [debug] checkForUpdatesAndNotify called, downloadPromise is null
[2026-05-22 11:26:43.283] [info]  Checking for update
[2026-05-22 11:26:43.283] [info]  Checking for update
[2026-05-22 11:26:43.565] [info]  Update for version 0.55.4 is not available (latest version: 0.55.4, downgrade is allowed).
[2026-05-22 11:26:43.565] [info]  Update not available: {
   "version": "0.55.4",
   "files": [
      {
         "url": "Anytype-0.55.4.AppImage",
         "sha512": "iVhg7x/IcehgFgoqn8NKBJ5Zlh1Ba0LCCfUSUA0vCgLClePi/Wa1B3K+g7FaPJ4caVLEApN+opsMXekenVAZBg==",
         "size": 255921020,
         "blockMapSize": 265104
      },
      {
         "url": "anytype_0.55.4_amd64.deb",
         "sha512": "h9AOC2BuEny0TIDmwtH3X2Z2If/U59v0urgHxEd1ttKDQnVHP3HbdrlSd6gRefM41tEvLs77AlGzVmnDQ2Lv2Q==",
         "size": 213511672
      },
      {
         "url": "anytype_0.55.4_amd64.deb",
         "sha512": "h9AOC2BuEny0TIDmwtH3X2Z2If/U59v0urgHxEd1ttKDQnVHP3HbdrlSd6gRefM41tEvLs77AlGzVmnDQ2Lv2Q==",
         "size": 213511672
      },
      {
         "url": "anytype_0.55.4_amd64.deb",
         "sha512": "h9AOC2BuEny0TIDmwtH3X2Z2If/U59v0urgHxEd1ttKDQnVHP3HbdrlSd6gRefM41tEvLs77AlGzVmnDQ2Lv2Q==",
         "size": 213511672
      },
      {
         "url": "anytype-0.55.4.x86_64.rpm",
         "sha512": "SmrdfZeSInIiRl2uzMLCDYYqz2N3gvzb4AlfD9RZnkGjKHg+N6VkdOD9p2rMGcT3cFISEvpoiFguKBKmkymYWg==",
         "size": 189025877
      },
      {
         "url": "anytype-0.55.4.x86_64.rpm",
         "sha512": "SmrdfZeSInIiRl2uzMLCDYYqz2N3gvzb4AlfD9RZnkGjKHg+N6VkdOD9p2rMGcT3cFISEvpoiFguKBKmkymYWg==",
         "size": 189025877
      },
      {
         "url": "anytype-0.55.4.x86_64.rpm",
         "sha512": "SmrdfZeSInIiRl2uzMLCDYYqz2N3gvzb4AlfD9RZnkGjKHg+N6VkdOD9p2rMGcT3cFISEvpoiFguKBKmkymYWg==",
         "size": 189025877
      }
   ],
   "path": "Anytype-0.55.4.AppImage",
   "sha512": "iVhg7x/IcehgFgoqn8NKBJ5Zlh1Ba0LCCfUSUA0vCgLClePi/Wa1B3K+g7FaPJ4caVLEApN+opsMXekenVAZBg==",
   "releaseDate": "2026-05-05T13:39:49.369Z"
}
[2026-05-22 11:26:43.567] [debug] checkForUpdatesAndNotify called, downloadPromise is null
[2026-05-22 11:36:43.348] [info]  Checking for update
[2026-05-22 11:36:43.350] [info]  Checking for update
[2026-05-22 11:36:43.646] [info]  Update for version 0.55.4 is not available (latest version: 0.55.4, downgrade is allowed).
[2026-05-22 11:36:43.647] [info]  Update not available: {
   "version": "0.55.4",
   "files": [
      {
         "url": "Anytype-0.55.4.AppImage",
         "sha512": "iVhg7x/IcehgFgoqn8NKBJ5Zlh1Ba0LCCfUSUA0vCgLClePi/Wa1B3K+g7FaPJ4caVLEApN+opsMXekenVAZBg==",
         "size": 255921020,
         "blockMapSize": 265104
      },
      {
         "url": "anytype_0.55.4_amd64.deb",
         "sha512": "h9AOC2BuEny0TIDmwtH3X2Z2If/U59v0urgHxEd1ttKDQnVHP3HbdrlSd6gRefM41tEvLs77AlGzVmnDQ2Lv2Q==",
         "size": 213511672
      },
      {
         "url": "anytype_0.55.4_amd64.deb",
         "sha512": "h9AOC2BuEny0TIDmwtH3X2Z2If/U59v0urgHxEd1ttKDQnVHP3HbdrlSd6gRefM41tEvLs77AlGzVmnDQ2Lv2Q==",
         "size": 213511672
      },
      {
         "url": "anytype_0.55.4_amd64.deb",
         "sha512": "h9AOC2BuEny0TIDmwtH3X2Z2If/U59v0urgHxEd1ttKDQnVHP3HbdrlSd6gRefM41tEvLs77AlGzVmnDQ2Lv2Q==",
         "size": 213511672
      },
      {
         "url": "anytype-0.55.4.x86_64.rpm",
         "sha512": "SmrdfZeSInIiRl2uzMLCDYYqz2N3gvzb4AlfD9RZnkGjKHg+N6VkdOD9p2rMGcT3cFISEvpoiFguKBKmkymYWg==",
         "size": 189025877
      },
      {
         "url": "anytype-0.55.4.x86_64.rpm",
         "sha512": "SmrdfZeSInIiRl2uzMLCDYYqz2N3gvzb4AlfD9RZnkGjKHg+N6VkdOD9p2rMGcT3cFISEvpoiFguKBKmkymYWg==",
         "size": 189025877
      },
      {
         "url": "anytype-0.55.4.x86_64.rpm",
         "sha512": "SmrdfZeSInIiRl2uzMLCDYYqz2N3gvzb4AlfD9RZnkGjKHg+N6VkdOD9p2rMGcT3cFISEvpoiFguKBKmkymYWg==",
         "size": 189025877
      }
   ],
   "path": "Anytype-0.55.4.AppImage",
   "sha512": "iVhg7x/IcehgFgoqn8NKBJ5Zlh1Ba0LCCfUSUA0vCgLClePi/Wa1B3K+g7FaPJ4caVLEApN+opsMXekenVAZBg==",
   "releaseDate": "2026-05-05T13:39:49.369Z"
}
[2026-05-22 11:36:43.648] [debug] checkForUpdatesAndNotify called, downloadPromise is null
[2026-05-22 11:46:43.388] [info]  Checking for update
[2026-05-22 11:46:43.388] [info]  Checking for update
[2026-05-22 11:46:43.652] [info]  Update for version 0.55.4 is not available (latest version: 0.55.4, downgrade is allowed).
[2026-05-22 11:46:43.653] [info]  Update not available: {
   "version": "0.55.4",
   "files": [
      {
         "url": "Anytype-0.55.4.AppImage",
         "sha512": "iVhg7x/IcehgFgoqn8NKBJ5Zlh1Ba0LCCfUSUA0vCgLClePi/Wa1B3K+g7FaPJ4caVLEApN+opsMXekenVAZBg==",
         "size": 255921020,
         "blockMapSize": 265104
      },
      {
         "url": "anytype_0.55.4_amd64.deb",
         "sha512": "h9AOC2BuEny0TIDmwtH3X2Z2If/U59v0urgHxEd1ttKDQnVHP3HbdrlSd6gRefM41tEvLs77AlGzVmnDQ2Lv2Q==",
         "size": 213511672
      },
      {
         "url": "anytype_0.55.4_amd64.deb",
         "sha512": "h9AOC2BuEny0TIDmwtH3X2Z2If/U59v0urgHxEd1ttKDQnVHP3HbdrlSd6gRefM41tEvLs77AlGzVmnDQ2Lv2Q==",
         "size": 213511672
      },
      {
         "url": "anytype_0.55.4_amd64.deb",
         "sha512": "h9AOC2BuEny0TIDmwtH3X2Z2If/U59v0urgHxEd1ttKDQnVHP3HbdrlSd6gRefM41tEvLs77AlGzVmnDQ2Lv2Q==",
         "size": 213511672
      },
      {
         "url": "anytype-0.55.4.x86_64.rpm",
         "sha512": "SmrdfZeSInIiRl2uzMLCDYYqz2N3gvzb4AlfD9RZnkGjKHg+N6VkdOD9p2rMGcT3cFISEvpoiFguKBKmkymYWg==",
         "size": 189025877
      },
      {
         "url": "anytype-0.55.4.x86_64.rpm",
         "sha512": "SmrdfZeSInIiRl2uzMLCDYYqz2N3gvzb4AlfD9RZnkGjKHg+N6VkdOD9p2rMGcT3cFISEvpoiFguKBKmkymYWg==",
         "size": 189025877
      },
      {
         "url": "anytype-0.55.4.x86_64.rpm",
         "sha512": "SmrdfZeSInIiRl2uzMLCDYYqz2N3gvzb4AlfD9RZnkGjKHg+N6VkdOD9p2rMGcT3cFISEvpoiFguKBKmkymYWg==",
         "size": 189025877
      }
   ],
   "path": "Anytype-0.55.4.AppImage",
   "sha512": "iVhg7x/IcehgFgoqn8NKBJ5Zlh1Ba0LCCfUSUA0vCgLClePi/Wa1B3K+g7FaPJ4caVLEApN+opsMXekenVAZBg==",
   "releaseDate": "2026-05-05T13:39:49.369Z"
}
[2026-05-22 11:46:43.654] [debug] checkForUpdatesAndNotify called, downloadPromise is null
[2026-05-22 11:56:43.427] [info]  Checking for update
[2026-05-22 11:56:43.427] [info]  Checking for update
[2026-05-22 11:56:43.733] [info]  Update for version 0.55.4 is not available (latest version: 0.55.4, downgrade is allowed).
[2026-05-22 11:56:43.734] [info]  Update not available: {
   "version": "0.55.4",
   "files": [
      {
         "url": "Anytype-0.55.4.AppImage",
         "sha512": "iVhg7x/IcehgFgoqn8NKBJ5Zlh1Ba0LCCfUSUA0vCgLClePi/Wa1B3K+g7FaPJ4caVLEApN+opsMXekenVAZBg==",
         "size": 255921020,
         "blockMapSize": 265104
      },
      {
         "url": "anytype_0.55.4_amd64.deb",
         "sha512": "h9AOC2BuEny0TIDmwtH3X2Z2If/U59v0urgHxEd1ttKDQnVHP3HbdrlSd6gRefM41tEvLs77AlGzVmnDQ2Lv2Q==",
         "size": 213511672
      },
      {
         "url": "anytype_0.55.4_amd64.deb",
         "sha512": "h9AOC2BuEny0TIDmwtH3X2Z2If/U59v0urgHxEd1ttKDQnVHP3HbdrlSd6gRefM41tEvLs77AlGzVmnDQ2Lv2Q==",
         "size": 213511672
      },
      {
         "url": "anytype_0.55.4_amd64.deb",
         "sha512": "h9AOC2BuEny0TIDmwtH3X2Z2If/U59v0urgHxEd1ttKDQnVHP3HbdrlSd6gRefM41tEvLs77AlGzVmnDQ2Lv2Q==",
         "size": 213511672
      },
      {
         "url": "anytype-0.55.4.x86_64.rpm",
         "sha512": "SmrdfZeSInIiRl2uzMLCDYYqz2N3gvzb4AlfD9RZnkGjKHg+N6VkdOD9p2rMGcT3cFISEvpoiFguKBKmkymYWg==",
         "size": 189025877
      },
      {
         "url": "anytype-0.55.4.x86_64.rpm",
         "sha512": "SmrdfZeSInIiRl2uzMLCDYYqz2N3gvzb4AlfD9RZnkGjKHg+N6VkdOD9p2rMGcT3cFISEvpoiFguKBKmkymYWg==",
         "size": 189025877
      },
      {
         "url": "anytype-0.55.4.x86_64.rpm",
         "sha512": "SmrdfZeSInIiRl2uzMLCDYYqz2N3gvzb4AlfD9RZnkGjKHg+N6VkdOD9p2rMGcT3cFISEvpoiFguKBKmkymYWg==",
         "size": 189025877
      }
   ],
   "path": "Anytype-0.55.4.AppImage",
   "sha512": "iVhg7x/IcehgFgoqn8NKBJ5Zlh1Ba0LCCfUSUA0vCgLClePi/Wa1B3K+g7FaPJ4caVLEApN+opsMXekenVAZBg==",
   "releaseDate": "2026-05-05T13:39:49.369Z"
}
[2026-05-22 11:56:43.735] [debug] checkForUpdatesAndNotify called, downloadPromise is null
[2026-05-22 12:06:43.528] [info]  Checking for update
[2026-05-22 12:06:43.529] [info]  Checking for update
[2026-05-22 12:06:43.806] [info]  Update for version 0.55.4 is not available (latest version: 0.55.4, downgrade is allowed).
[2026-05-22 12:06:43.807] [info]  Update not available: {
   "version": "0.55.4",
   "files": [
      {
         "url": "Anytype-0.55.4.AppImage",
         "sha512": "iVhg7x/IcehgFgoqn8NKBJ5Zlh1Ba0LCCfUSUA0vCgLClePi/Wa1B3K+g7FaPJ4caVLEApN+opsMXekenVAZBg==",
         "size": 255921020,
         "blockMapSize": 265104
      },
      {
         "url": "anytype_0.55.4_amd64.deb",
         "sha512": "h9AOC2BuEny0TIDmwtH3X2Z2If/U59v0urgHxEd1ttKDQnVHP3HbdrlSd6gRefM41tEvLs77AlGzVmnDQ2Lv2Q==",
         "size": 213511672
      },
      {
         "url": "anytype_0.55.4_amd64.deb",
         "sha512": "h9AOC2BuEny0TIDmwtH3X2Z2If/U59v0urgHxEd1ttKDQnVHP3HbdrlSd6gRefM41tEvLs77AlGzVmnDQ2Lv2Q==",
         "size": 213511672
      },
      {
         "url": "anytype_0.55.4_amd64.deb",
         "sha512": "h9AOC2BuEny0TIDmwtH3X2Z2If/U59v0urgHxEd1ttKDQnVHP3HbdrlSd6gRefM41tEvLs77AlGzVmnDQ2Lv2Q==",
         "size": 213511672
      },
      {
         "url": "anytype-0.55.4.x86_64.rpm",
         "sha512": "SmrdfZeSInIiRl2uzMLCDYYqz2N3gvzb4AlfD9RZnkGjKHg+N6VkdOD9p2rMGcT3cFISEvpoiFguKBKmkymYWg==",
         "size": 189025877
      },
      {
         "url": "anytype-0.55.4.x86_64.rpm",
         "sha512": "SmrdfZeSInIiRl2uzMLCDYYqz2N3gvzb4AlfD9RZnkGjKHg+N6VkdOD9p2rMGcT3cFISEvpoiFguKBKmkymYWg==",
         "size": 189025877
      },
      {
         "url": "anytype-0.55.4.x86_64.rpm",
         "sha512": "SmrdfZeSInIiRl2uzMLCDYYqz2N3gvzb4AlfD9RZnkGjKHg+N6VkdOD9p2rMGcT3cFISEvpoiFguKBKmkymYWg==",
         "size": 189025877
      }
   ],
   "path": "Anytype-0.55.4.AppImage",
   "sha512": "iVhg7x/IcehgFgoqn8NKBJ5Zlh1Ba0LCCfUSUA0vCgLClePi/Wa1B3K+g7FaPJ4caVLEApN+opsMXekenVAZBg==",
   "releaseDate": "2026-05-05T13:39:49.369Z"
}
[2026-05-22 12:06:43.808] [debug] checkForUpdatesAndNotify called, downloadPromise is null
[2026-05-22 12:16:43.630] [info]  Checking for update
[2026-05-22 12:16:43.630] [info]  Checking for update
[2026-05-22 12:16:43.899] [info]  Update for version 0.55.4 is not available (latest version: 0.55.4, downgrade is allowed).
[2026-05-22 12:16:43.900] [info]  Update not available: {
   "version": "0.55.4",
   "files": [
      {
         "url": "Anytype-0.55.4.AppImage",
         "sha512": "iVhg7x/IcehgFgoqn8NKBJ5Zlh1Ba0LCCfUSUA0vCgLClePi/Wa1B3K+g7FaPJ4caVLEApN+opsMXekenVAZBg==",
         "size": 255921020,
         "blockMapSize": 265104
      },
      {
         "url": "anytype_0.55.4_amd64.deb",
         "sha512": "h9AOC2BuEny0TIDmwtH3X2Z2If/U59v0urgHxEd1ttKDQnVHP3HbdrlSd6gRefM41tEvLs77AlGzVmnDQ2Lv2Q==",
         "size": 213511672
      },
      {
         "url": "anytype_0.55.4_amd64.deb",
         "sha512": "h9AOC2BuEny0TIDmwtH3X2Z2If/U59v0urgHxEd1ttKDQnVHP3HbdrlSd6gRefM41tEvLs77AlGzVmnDQ2Lv2Q==",
         "size": 213511672
      },
      {
         "url": "anytype_0.55.4_amd64.deb",
         "sha512": "h9AOC2BuEny0TIDmwtH3X2Z2If/U59v0urgHxEd1ttKDQnVHP3HbdrlSd6gRefM41tEvLs77AlGzVmnDQ2Lv2Q==",
         "size": 213511672
      },
      {
         "url": "anytype-0.55.4.x86_64.rpm",
         "sha512": "SmrdfZeSInIiRl2uzMLCDYYqz2N3gvzb4AlfD9RZnkGjKHg+N6VkdOD9p2rMGcT3cFISEvpoiFguKBKmkymYWg==",
         "size": 189025877
      },
      {
         "url": "anytype-0.55.4.x86_64.rpm",
         "sha512": "SmrdfZeSInIiRl2uzMLCDYYqz2N3gvzb4AlfD9RZnkGjKHg+N6VkdOD9p2rMGcT3cFISEvpoiFguKBKmkymYWg==",
         "size": 189025877
      },
      {
         "url": "anytype-0.55.4.x86_64.rpm",
         "sha512": "SmrdfZeSInIiRl2uzMLCDYYqz2N3gvzb4AlfD9RZnkGjKHg+N6VkdOD9p2rMGcT3cFISEvpoiFguKBKmkymYWg==",
         "size": 189025877
      }
   ],
   "path": "Anytype-0.55.4.AppImage",
   "sha512": "iVhg7x/IcehgFgoqn8NKBJ5Zlh1Ba0LCCfUSUA0vCgLClePi/Wa1B3K+g7FaPJ4caVLEApN+opsMXekenVAZBg==",
   "releaseDate": "2026-05-05T13:39:49.369Z"
}
[2026-05-22 12:16:43.901] [debug] checkForUpdatesAndNotify called, downloadPromise is null
[2026-05-22 12:26:43.730] [info]  Checking for update
[2026-05-22 12:26:43.730] [info]  Checking for update
[2026-05-22 12:26:44.028] [info]  Update for version 0.55.4 is not available (latest version: 0.55.4, downgrade is allowed).
[2026-05-22 12:26:44.028] [info]  Update not available: {
   "version": "0.55.4",
   "files": [
      {
         "url": "Anytype-0.55.4.AppImage",
         "sha512": "iVhg7x/IcehgFgoqn8NKBJ5Zlh1Ba0LCCfUSUA0vCgLClePi/Wa1B3K+g7FaPJ4caVLEApN+opsMXekenVAZBg==",
         "size": 255921020,
         "blockMapSize": 265104
      },
      {
         "url": "anytype_0.55.4_amd64.deb",
         "sha512": "h9AOC2BuEny0TIDmwtH3X2Z2If/U59v0urgHxEd1ttKDQnVHP3HbdrlSd6gRefM41tEvLs77AlGzVmnDQ2Lv2Q==",
         "size": 213511672
      },
      {
         "url": "anytype_0.55.4_amd64.deb",
         "sha512": "h9AOC2BuEny0TIDmwtH3X2Z2If/U59v0urgHxEd1ttKDQnVHP3HbdrlSd6gRefM41tEvLs77AlGzVmnDQ2Lv2Q==",
         "size": 213511672
      },
      {
         "url": "anytype_0.55.4_amd64.deb",
         "sha512": "h9AOC2BuEny0TIDmwtH3X2Z2If/U59v0urgHxEd1ttKDQnVHP3HbdrlSd6gRefM41tEvLs77AlGzVmnDQ2Lv2Q==",
         "size": 213511672
      },
      {
         "url": "anytype-0.55.4.x86_64.rpm",
         "sha512": "SmrdfZeSInIiRl2uzMLCDYYqz2N3gvzb4AlfD9RZnkGjKHg+N6VkdOD9p2rMGcT3cFISEvpoiFguKBKmkymYWg==",
         "size": 189025877
      },
      {
         "url": "anytype-0.55.4.x86_64.rpm",
         "sha512": "SmrdfZeSInIiRl2uzMLCDYYqz2N3gvzb4AlfD9RZnkGjKHg+N6VkdOD9p2rMGcT3cFISEvpoiFguKBKmkymYWg==",
         "size": 189025877
      },
      {
         "url": "anytype-0.55.4.x86_64.rpm",
         "sha512": "SmrdfZeSInIiRl2uzMLCDYYqz2N3gvzb4AlfD9RZnkGjKHg+N6VkdOD9p2rMGcT3cFISEvpoiFguKBKmkymYWg==",
         "size": 189025877
      }
   ],
   "path": "Anytype-0.55.4.AppImage",
   "sha512": "iVhg7x/IcehgFgoqn8NKBJ5Zlh1Ba0LCCfUSUA0vCgLClePi/Wa1B3K+g7FaPJ4caVLEApN+opsMXekenVAZBg==",
   "releaseDate": "2026-05-05T13:39:49.369Z"
}
[2026-05-22 12:26:44.029] [debug] checkForUpdatesAndNotify called, downloadPromise is null
[2026-05-22 12:36:43.807] [info]  Checking for update
[2026-05-22 12:36:43.807] [info]  Checking for update
[2026-05-22 12:36:44.079] [info]  Update for version 0.55.4 is not available (latest version: 0.55.4, downgrade is allowed).
[2026-05-22 12:36:44.079] [info]  Update not available: {
   "version": "0.55.4",
   "files": [
      {
         "url": "Anytype-0.55.4.AppImage",
         "sha512": "iVhg7x/IcehgFgoqn8NKBJ5Zlh1Ba0LCCfUSUA0vCgLClePi/Wa1B3K+g7FaPJ4caVLEApN+opsMXekenVAZBg==",
         "size": 255921020,
         "blockMapSize": 265104
      },
      {
         "url": "anytype_0.55.4_amd64.deb",
         "sha512": "h9AOC2BuEny0TIDmwtH3X2Z2If/U59v0urgHxEd1ttKDQnVHP3HbdrlSd6gRefM41tEvLs77AlGzVmnDQ2Lv2Q==",
         "size": 213511672
      },
      {
         "url": "anytype_0.55.4_amd64.deb",
         "sha512": "h9AOC2BuEny0TIDmwtH3X2Z2If/U59v0urgHxEd1ttKDQnVHP3HbdrlSd6gRefM41tEvLs77AlGzVmnDQ2Lv2Q==",
         "size": 213511672
      },
      {
         "url": "anytype_0.55.4_amd64.deb",
         "sha512": "h9AOC2BuEny0TIDmwtH3X2Z2If/U59v0urgHxEd1ttKDQnVHP3HbdrlSd6gRefM41tEvLs77AlGzVmnDQ2Lv2Q==",
         "size": 213511672
      },
      {
         "url": "anytype-0.55.4.x86_64.rpm",
         "sha512": "SmrdfZeSInIiRl2uzMLCDYYqz2N3gvzb4AlfD9RZnkGjKHg+N6VkdOD9p2rMGcT3cFISEvpoiFguKBKmkymYWg==",
         "size": 189025877
      },
      {
         "url": "anytype-0.55.4.x86_64.rpm",
         "sha512": "SmrdfZeSInIiRl2uzMLCDYYqz2N3gvzb4AlfD9RZnkGjKHg+N6VkdOD9p2rMGcT3cFISEvpoiFguKBKmkymYWg==",
         "size": 189025877
      },
      {
         "url": "anytype-0.55.4.x86_64.rpm",
         "sha512": "SmrdfZeSInIiRl2uzMLCDYYqz2N3gvzb4AlfD9RZnkGjKHg+N6VkdOD9p2rMGcT3cFISEvpoiFguKBKmkymYWg==",
         "size": 189025877
      }
   ],
   "path": "Anytype-0.55.4.AppImage",
   "sha512": "iVhg7x/IcehgFgoqn8NKBJ5Zlh1Ba0LCCfUSUA0vCgLClePi/Wa1B3K+g7FaPJ4caVLEApN+opsMXekenVAZBg==",
   "releaseDate": "2026-05-05T13:39:49.369Z"
}
[2026-05-22 12:36:44.080] [debug] checkForUpdatesAndNotify called, downloadPromise is null
[2026-05-22 12:46:43.865] [info]  Checking for update
[2026-05-22 12:46:43.865] [info]  Checking for update
[2026-05-22 12:46:44.674] [info]  Update for version 0.55.4 is not available (latest version: 0.55.4, downgrade is allowed).
[2026-05-22 12:46:44.675] [info]  Update not available: {
   "version": "0.55.4",
   "files": [
      {
         "url": "Anytype-0.55.4.AppImage",
         "sha512": "iVhg7x/IcehgFgoqn8NKBJ5Zlh1Ba0LCCfUSUA0vCgLClePi/Wa1B3K+g7FaPJ4caVLEApN+opsMXekenVAZBg==",
         "size": 255921020,
         "blockMapSize": 265104
      },
      {
         "url": "anytype_0.55.4_amd64.deb",
         "sha512": "h9AOC2BuEny0TIDmwtH3X2Z2If/U59v0urgHxEd1ttKDQnVHP3HbdrlSd6gRefM41tEvLs77AlGzVmnDQ2Lv2Q==",
         "size": 213511672
      },
      {
         "url": "anytype_0.55.4_amd64.deb",
         "sha512": "h9AOC2BuEny0TIDmwtH3X2Z2If/U59v0urgHxEd1ttKDQnVHP3HbdrlSd6gRefM41tEvLs77AlGzVmnDQ2Lv2Q==",
         "size": 213511672
      },
      {
         "url": "anytype_0.55.4_amd64.deb",
         "sha512": "h9AOC2BuEny0TIDmwtH3X2Z2If/U59v0urgHxEd1ttKDQnVHP3HbdrlSd6gRefM41tEvLs77AlGzVmnDQ2Lv2Q==",
         "size": 213511672
      },
      {
         "url": "anytype-0.55.4.x86_64.rpm",
         "sha512": "SmrdfZeSInIiRl2uzMLCDYYqz2N3gvzb4AlfD9RZnkGjKHg+N6VkdOD9p2rMGcT3cFISEvpoiFguKBKmkymYWg==",
         "size": 189025877
      },
      {
         "url": "anytype-0.55.4.x86_64.rpm",
         "sha512": "SmrdfZeSInIiRl2uzMLCDYYqz2N3gvzb4AlfD9RZnkGjKHg+N6VkdOD9p2rMGcT3cFISEvpoiFguKBKmkymYWg==",
         "size": 189025877
      },
      {
         "url": "anytype-0.55.4.x86_64.rpm",
         "sha512": "SmrdfZeSInIiRl2uzMLCDYYqz2N3gvzb4AlfD9RZnkGjKHg+N6VkdOD9p2rMGcT3cFISEvpoiFguKBKmkymYWg==",
         "size": 189025877
      }
   ],
   "path": "Anytype-0.55.4.AppImage",
   "sha512": "iVhg7x/IcehgFgoqn8NKBJ5Zlh1Ba0LCCfUSUA0vCgLClePi/Wa1B3K+g7FaPJ4caVLEApN+opsMXekenVAZBg==",
   "releaseDate": "2026-05-05T13:39:49.369Z"
}
[2026-05-22 12:46:44.675] [debug] checkForUpdatesAndNotify called, downloadPromise is null
[2026-05-22 12:56:43.884] [info]  Checking for update
[2026-05-22 12:56:43.884] [info]  Checking for update
[2026-05-22 12:56:44.170] [info]  Update for version 0.55.4 is not available (latest version: 0.55.4, downgrade is allowed).
[2026-05-22 12:56:44.171] [info]  Update not available: {
   "version": "0.55.4",
   "files": [
      {
         "url": "Anytype-0.55.4.AppImage",
         "sha512": "iVhg7x/IcehgFgoqn8NKBJ5Zlh1Ba0LCCfUSUA0vCgLClePi/Wa1B3K+g7FaPJ4caVLEApN+opsMXekenVAZBg==",
         "size": 255921020,
         "blockMapSize": 265104
      },
      {
         "url": "anytype_0.55.4_amd64.deb",
         "sha512": "h9AOC2BuEny0TIDmwtH3X2Z2If/U59v0urgHxEd1ttKDQnVHP3HbdrlSd6gRefM41tEvLs77AlGzVmnDQ2Lv2Q==",
         "size": 213511672
      },
      {
         "url": "anytype_0.55.4_amd64.deb",
         "sha512": "h9AOC2BuEny0TIDmwtH3X2Z2If/U59v0urgHxEd1ttKDQnVHP3HbdrlSd6gRefM41tEvLs77AlGzVmnDQ2Lv2Q==",
         "size": 213511672
      },
      {
         "url": "anytype_0.55.4_amd64.deb",
         "sha512": "h9AOC2BuEny0TIDmwtH3X2Z2If/U59v0urgHxEd1ttKDQnVHP3HbdrlSd6gRefM41tEvLs77AlGzVmnDQ2Lv2Q==",
         "size": 213511672
      },
      {
         "url": "anytype-0.55.4.x86_64.rpm",
         "sha512": "SmrdfZeSInIiRl2uzMLCDYYqz2N3gvzb4AlfD9RZnkGjKHg+N6VkdOD9p2rMGcT3cFISEvpoiFguKBKmkymYWg==",
         "size": 189025877
      },
      {
         "url": "anytype-0.55.4.x86_64.rpm",
         "sha512": "SmrdfZeSInIiRl2uzMLCDYYqz2N3gvzb4AlfD9RZnkGjKHg+N6VkdOD9p2rMGcT3cFISEvpoiFguKBKmkymYWg==",
         "size": 189025877
      },
      {
         "url": "anytype-0.55.4.x86_64.rpm",
         "sha512": "SmrdfZeSInIiRl2uzMLCDYYqz2N3gvzb4AlfD9RZnkGjKHg+N6VkdOD9p2rMGcT3cFISEvpoiFguKBKmkymYWg==",
         "size": 189025877
      }
   ],
   "path": "Anytype-0.55.4.AppImage",
   "sha512": "iVhg7x/IcehgFgoqn8NKBJ5Zlh1Ba0LCCfUSUA0vCgLClePi/Wa1B3K+g7FaPJ4caVLEApN+opsMXekenVAZBg==",
   "releaseDate": "2026-05-05T13:39:49.369Z"
}
[2026-05-22 12:56:44.171] [debug] checkForUpdatesAndNotify called, downloadPromise is null
[2026-05-22 13:06:43.904] [info]  Checking for update
[2026-05-22 13:06:43.904] [info]  Checking for update
[2026-05-22 13:06:44.179] [info]  Update for version 0.55.4 is not available (latest version: 0.55.4, downgrade is allowed).
[2026-05-22 13:06:44.179] [info]  Update not available: {
   "version": "0.55.4",
   "files": [
      {
         "url": "Anytype-0.55.4.AppImage",
         "sha512": "iVhg7x/IcehgFgoqn8NKBJ5Zlh1Ba0LCCfUSUA0vCgLClePi/Wa1B3K+g7FaPJ4caVLEApN+opsMXekenVAZBg==",
         "size": 255921020,
         "blockMapSize": 265104
      },
      {
         "url": "anytype_0.55.4_amd64.deb",
         "sha512": "h9AOC2BuEny0TIDmwtH3X2Z2If/U59v0urgHxEd1ttKDQnVHP3HbdrlSd6gRefM41tEvLs77AlGzVmnDQ2Lv2Q==",
         "size": 213511672
      },
      {
         "url": "anytype_0.55.4_amd64.deb",
         "sha512": "h9AOC2BuEny0TIDmwtH3X2Z2If/U59v0urgHxEd1ttKDQnVHP3HbdrlSd6gRefM41tEvLs77AlGzVmnDQ2Lv2Q==",
         "size": 213511672
      },
      {
         "url": "anytype_0.55.4_amd64.deb",
         "sha512": "h9AOC2BuEny0TIDmwtH3X2Z2If/U59v0urgHxEd1ttKDQnVHP3HbdrlSd6gRefM41tEvLs77AlGzVmnDQ2Lv2Q==",
         "size": 213511672
      },
      {
         "url": "anytype-0.55.4.x86_64.rpm",
         "sha512": "SmrdfZeSInIiRl2uzMLCDYYqz2N3gvzb4AlfD9RZnkGjKHg+N6VkdOD9p2rMGcT3cFISEvpoiFguKBKmkymYWg==",
         "size": 189025877
      },
      {
         "url": "anytype-0.55.4.x86_64.rpm",
         "sha512": "SmrdfZeSInIiRl2uzMLCDYYqz2N3gvzb4AlfD9RZnkGjKHg+N6VkdOD9p2rMGcT3cFISEvpoiFguKBKmkymYWg==",
         "size": 189025877
      },
      {
         "url": "anytype-0.55.4.x86_64.rpm",
         "sha512": "SmrdfZeSInIiRl2uzMLCDYYqz2N3gvzb4AlfD9RZnkGjKHg+N6VkdOD9p2rMGcT3cFISEvpoiFguKBKmkymYWg==",
         "size": 189025877
      }
   ],
   "path": "Anytype-0.55.4.AppImage",
   "sha512": "iVhg7x/IcehgFgoqn8NKBJ5Zlh1Ba0LCCfUSUA0vCgLClePi/Wa1B3K+g7FaPJ4caVLEApN+opsMXekenVAZBg==",
   "releaseDate": "2026-05-05T13:39:49.369Z"
}
[2026-05-22 13:06:44.180] [debug] checkForUpdatesAndNotify called, downloadPromise is null
[2026-05-22 13:16:43.910] [info]  Checking for update
[2026-05-22 13:16:43.910] [info]  Checking for update
[2026-05-22 13:16:44.230] [info]  Update for version 0.55.4 is not available (latest version: 0.55.4, downgrade is allowed).
[2026-05-22 13:16:44.230] [info]  Update not available: {
   "version": "0.55.4",
   "files": [
      {
         "url": "Anytype-0.55.4.AppImage",
         "sha512": "iVhg7x/IcehgFgoqn8NKBJ5Zlh1Ba0LCCfUSUA0vCgLClePi/Wa1B3K+g7FaPJ4caVLEApN+opsMXekenVAZBg==",
         "size": 255921020,
         "blockMapSize": 265104
      },
      {
         "url": "anytype_0.55.4_amd64.deb",
         "sha512": "h9AOC2BuEny0TIDmwtH3X2Z2If/U59v0urgHxEd1ttKDQnVHP3HbdrlSd6gRefM41tEvLs77AlGzVmnDQ2Lv2Q==",
         "size": 213511672
      },
      {
         "url": "anytype_0.55.4_amd64.deb",
         "sha512": "h9AOC2BuEny0TIDmwtH3X2Z2If/U59v0urgHxEd1ttKDQnVHP3HbdrlSd6gRefM41tEvLs77AlGzVmnDQ2Lv2Q==",
         "size": 213511672
      },
      {
         "url": "anytype_0.55.4_amd64.deb",
         "sha512": "h9AOC2BuEny0TIDmwtH3X2Z2If/U59v0urgHxEd1ttKDQnVHP3HbdrlSd6gRefM41tEvLs77AlGzVmnDQ2Lv2Q==",
         "size": 213511672
      },
      {
         "url": "anytype-0.55.4.x86_64.rpm",
         "sha512": "SmrdfZeSInIiRl2uzMLCDYYqz2N3gvzb4AlfD9RZnkGjKHg+N6VkdOD9p2rMGcT3cFISEvpoiFguKBKmkymYWg==",
         "size": 189025877
      },
      {
         "url": "anytype-0.55.4.x86_64.rpm",
         "sha512": "SmrdfZeSInIiRl2uzMLCDYYqz2N3gvzb4AlfD9RZnkGjKHg+N6VkdOD9p2rMGcT3cFISEvpoiFguKBKmkymYWg==",
         "size": 189025877
      },
      {
         "url": "anytype-0.55.4.x86_64.rpm",
         "sha512": "SmrdfZeSInIiRl2uzMLCDYYqz2N3gvzb4AlfD9RZnkGjKHg+N6VkdOD9p2rMGcT3cFISEvpoiFguKBKmkymYWg==",
         "size": 189025877
      }
   ],
   "path": "Anytype-0.55.4.AppImage",
   "sha512": "iVhg7x/IcehgFgoqn8NKBJ5Zlh1Ba0LCCfUSUA0vCgLClePi/Wa1B3K+g7FaPJ4caVLEApN+opsMXekenVAZBg==",
   "releaseDate": "2026-05-05T13:39:49.369Z"
}
[2026-05-22 13:16:44.231] [debug] checkForUpdatesAndNotify called, downloadPromise is null
[2026-05-22 13:26:44.006] [info]  Checking for update
[2026-05-22 13:26:44.007] [info]  Checking for update
[2026-05-22 13:26:44.287] [info]  Update for version 0.55.4 is not available (latest version: 0.55.4, downgrade is allowed).
[2026-05-22 13:26:44.287] [info]  Update not available: {
   "version": "0.55.4",
   "files": [
      {
         "url": "Anytype-0.55.4.AppImage",
         "sha512": "iVhg7x/IcehgFgoqn8NKBJ5Zlh1Ba0LCCfUSUA0vCgLClePi/Wa1B3K+g7FaPJ4caVLEApN+opsMXekenVAZBg==",
         "size": 255921020,
         "blockMapSize": 265104
      },
      {
         "url": "anytype_0.55.4_amd64.deb",
         "sha512": "h9AOC2BuEny0TIDmwtH3X2Z2If/U59v0urgHxEd1ttKDQnVHP3HbdrlSd6gRefM41tEvLs77AlGzVmnDQ2Lv2Q==",
         "size": 213511672
      },
      {
         "url": "anytype_0.55.4_amd64.deb",
         "sha512": "h9AOC2BuEny0TIDmwtH3X2Z2If/U59v0urgHxEd1ttKDQnVHP3HbdrlSd6gRefM41tEvLs77AlGzVmnDQ2Lv2Q==",
         "size": 213511672
      },
      {
         "url": "anytype_0.55.4_amd64.deb",
         "sha512": "h9AOC2BuEny0TIDmwtH3X2Z2If/U59v0urgHxEd1ttKDQnVHP3HbdrlSd6gRefM41tEvLs77AlGzVmnDQ2Lv2Q==",
         "size": 213511672
      },
      {
         "url": "anytype-0.55.4.x86_64.rpm",
         "sha512": "SmrdfZeSInIiRl2uzMLCDYYqz2N3gvzb4AlfD9RZnkGjKHg+N6VkdOD9p2rMGcT3cFISEvpoiFguKBKmkymYWg==",
         "size": 189025877
      },
      {
         "url": "anytype-0.55.4.x86_64.rpm",
         "sha512": "SmrdfZeSInIiRl2uzMLCDYYqz2N3gvzb4AlfD9RZnkGjKHg+N6VkdOD9p2rMGcT3cFISEvpoiFguKBKmkymYWg==",
         "size": 189025877
      },
      {
         "url": "anytype-0.55.4.x86_64.rpm",
         "sha512": "SmrdfZeSInIiRl2uzMLCDYYqz2N3gvzb4AlfD9RZnkGjKHg+N6VkdOD9p2rMGcT3cFISEvpoiFguKBKmkymYWg==",
         "size": 189025877
      }
   ],
   "path": "Anytype-0.55.4.AppImage",
   "sha512": "iVhg7x/IcehgFgoqn8NKBJ5Zlh1Ba0LCCfUSUA0vCgLClePi/Wa1B3K+g7FaPJ4caVLEApN+opsMXekenVAZBg==",
   "releaseDate": "2026-05-05T13:39:49.369Z"
}
[2026-05-22 13:26:44.288] [debug] checkForUpdatesAndNotify called, downloadPromise is null
[2026-05-22 13:36:44.096] [info]  Checking for update
[2026-05-22 13:36:44.097] [info]  Checking for update
[2026-05-22 13:36:44.385] [info]  Update for version 0.55.4 is not available (latest version: 0.55.4, downgrade is allowed).
[2026-05-22 13:36:44.386] [info]  Update not available: {
   "version": "0.55.4",
   "files": [
      {
         "url": "Anytype-0.55.4.AppImage",
         "sha512": "iVhg7x/IcehgFgoqn8NKBJ5Zlh1Ba0LCCfUSUA0vCgLClePi/Wa1B3K+g7FaPJ4caVLEApN+opsMXekenVAZBg==",
         "size": 255921020,
         "blockMapSize": 265104
      },
      {
         "url": "anytype_0.55.4_amd64.deb",
         "sha512": "h9AOC2BuEny0TIDmwtH3X2Z2If/U59v0urgHxEd1ttKDQnVHP3HbdrlSd6gRefM41tEvLs77AlGzVmnDQ2Lv2Q==",
         "size": 213511672
      },
      {
         "url": "anytype_0.55.4_amd64.deb",
         "sha512": "h9AOC2BuEny0TIDmwtH3X2Z2If/U59v0urgHxEd1ttKDQnVHP3HbdrlSd6gRefM41tEvLs77AlGzVmnDQ2Lv2Q==",
         "size": 213511672
      },
      {
         "url": "anytype_0.55.4_amd64.deb",
         "sha512": "h9AOC2BuEny0TIDmwtH3X2Z2If/U59v0urgHxEd1ttKDQnVHP3HbdrlSd6gRefM41tEvLs77AlGzVmnDQ2Lv2Q==",
         "size": 213511672
      },
      {
         "url": "anytype-0.55.4.x86_64.rpm",
         "sha512": "SmrdfZeSInIiRl2uzMLCDYYqz2N3gvzb4AlfD9RZnkGjKHg+N6VkdOD9p2rMGcT3cFISEvpoiFguKBKmkymYWg==",
         "size": 189025877
      },
      {
         "url": "anytype-0.55.4.x86_64.rpm",
         "sha512": "SmrdfZeSInIiRl2uzMLCDYYqz2N3gvzb4AlfD9RZnkGjKHg+N6VkdOD9p2rMGcT3cFISEvpoiFguKBKmkymYWg==",
         "size": 189025877
      },
      {
         "url": "anytype-0.55.4.x86_64.rpm",
         "sha512": "SmrdfZeSInIiRl2uzMLCDYYqz2N3gvzb4AlfD9RZnkGjKHg+N6VkdOD9p2rMGcT3cFISEvpoiFguKBKmkymYWg==",
         "size": 189025877
      }
   ],
   "path": "Anytype-0.55.4.AppImage",
   "sha512": "iVhg7x/IcehgFgoqn8NKBJ5Zlh1Ba0LCCfUSUA0vCgLClePi/Wa1B3K+g7FaPJ4caVLEApN+opsMXekenVAZBg==",
   "releaseDate": "2026-05-05T13:39:49.369Z"
}
[2026-05-22 13:36:44.386] [debug] checkForUpdatesAndNotify called, downloadPromise is null
[2026-05-22 13:46:44.196] [info]  Checking for update
[2026-05-22 13:46:44.197] [info]  Checking for update
[2026-05-22 13:46:44.466] [info]  Update for version 0.55.4 is not available (latest version: 0.55.4, downgrade is allowed).
[2026-05-22 13:46:44.467] [info]  Update not available: {
   "version": "0.55.4",
   "files": [
      {
         "url": "Anytype-0.55.4.AppImage",
         "sha512": "iVhg7x/IcehgFgoqn8NKBJ5Zlh1Ba0LCCfUSUA0vCgLClePi/Wa1B3K+g7FaPJ4caVLEApN+opsMXekenVAZBg==",
         "size": 255921020,
         "blockMapSize": 265104
      },
      {
         "url": "anytype_0.55.4_amd64.deb",
         "sha512": "h9AOC2BuEny0TIDmwtH3X2Z2If/U59v0urgHxEd1ttKDQnVHP3HbdrlSd6gRefM41tEvLs77AlGzVmnDQ2Lv2Q==",
         "size": 213511672
      },
      {
         "url": "anytype_0.55.4_amd64.deb",
         "sha512": "h9AOC2BuEny0TIDmwtH3X2Z2If/U59v0urgHxEd1ttKDQnVHP3HbdrlSd6gRefM41tEvLs77AlGzVmnDQ2Lv2Q==",
         "size": 213511672
      },
      {
         "url": "anytype_0.55.4_amd64.deb",
         "sha512": "h9AOC2BuEny0TIDmwtH3X2Z2If/U59v0urgHxEd1ttKDQnVHP3HbdrlSd6gRefM41tEvLs77AlGzVmnDQ2Lv2Q==",
         "size": 213511672
      },
      {
         "url": "anytype-0.55.4.x86_64.rpm",
         "sha512": "SmrdfZeSInIiRl2uzMLCDYYqz2N3gvzb4AlfD9RZnkGjKHg+N6VkdOD9p2rMGcT3cFISEvpoiFguKBKmkymYWg==",
         "size": 189025877
      },
      {
         "url": "anytype-0.55.4.x86_64.rpm",
         "sha512": "SmrdfZeSInIiRl2uzMLCDYYqz2N3gvzb4AlfD9RZnkGjKHg+N6VkdOD9p2rMGcT3cFISEvpoiFguKBKmkymYWg==",
         "size": 189025877
      },
      {
         "url": "anytype-0.55.4.x86_64.rpm",
         "sha512": "SmrdfZeSInIiRl2uzMLCDYYqz2N3gvzb4AlfD9RZnkGjKHg+N6VkdOD9p2rMGcT3cFISEvpoiFguKBKmkymYWg==",
         "size": 189025877
      }
   ],
   "path": "Anytype-0.55.4.AppImage",
   "sha512": "iVhg7x/IcehgFgoqn8NKBJ5Zlh1Ba0LCCfUSUA0vCgLClePi/Wa1B3K+g7FaPJ4caVLEApN+opsMXekenVAZBg==",
   "releaseDate": "2026-05-05T13:39:49.369Z"
}
[2026-05-22 13:46:44.467] [debug] checkForUpdatesAndNotify called, downloadPromise is null
[2026-05-22 13:56:44.253] [info]  Checking for update
[2026-05-22 13:56:44.254] [info]  Checking for update
[2026-05-22 13:56:44.539] [info]  Update for version 0.55.4 is not available (latest version: 0.55.4, downgrade is allowed).
[2026-05-22 13:56:44.539] [info]  Update not available: {
   "version": "0.55.4",
   "files": [
      {
         "url": "Anytype-0.55.4.AppImage",
         "sha512": "iVhg7x/IcehgFgoqn8NKBJ5Zlh1Ba0LCCfUSUA0vCgLClePi/Wa1B3K+g7FaPJ4caVLEApN+opsMXekenVAZBg==",
         "size": 255921020,
         "blockMapSize": 265104
      },
      {
         "url": "anytype_0.55.4_amd64.deb",
         "sha512": "h9AOC2BuEny0TIDmwtH3X2Z2If/U59v0urgHxEd1ttKDQnVHP3HbdrlSd6gRefM41tEvLs77AlGzVmnDQ2Lv2Q==",
         "size": 213511672
      },
      {
         "url": "anytype_0.55.4_amd64.deb",
         "sha512": "h9AOC2BuEny0TIDmwtH3X2Z2If/U59v0urgHxEd1ttKDQnVHP3HbdrlSd6gRefM41tEvLs77AlGzVmnDQ2Lv2Q==",
         "size": 213511672
      },
      {
         "url": "anytype_0.55.4_amd64.deb",
         "sha512": "h9AOC2BuEny0TIDmwtH3X2Z2If/U59v0urgHxEd1ttKDQnVHP3HbdrlSd6gRefM41tEvLs77AlGzVmnDQ2Lv2Q==",
         "size": 213511672
      },
      {
         "url": "anytype-0.55.4.x86_64.rpm",
         "sha512": "SmrdfZeSInIiRl2uzMLCDYYqz2N3gvzb4AlfD9RZnkGjKHg+N6VkdOD9p2rMGcT3cFISEvpoiFguKBKmkymYWg==",
         "size": 189025877
      },
      {
         "url": "anytype-0.55.4.x86_64.rpm",
         "sha512": "SmrdfZeSInIiRl2uzMLCDYYqz2N3gvzb4AlfD9RZnkGjKHg+N6VkdOD9p2rMGcT3cFISEvpoiFguKBKmkymYWg==",
         "size": 189025877
      },
      {
         "url": "anytype-0.55.4.x86_64.rpm",
         "sha512": "SmrdfZeSInIiRl2uzMLCDYYqz2N3gvzb4AlfD9RZnkGjKHg+N6VkdOD9p2rMGcT3cFISEvpoiFguKBKmkymYWg==",
         "size": 189025877
      }
   ],
   "path": "Anytype-0.55.4.AppImage",
   "sha512": "iVhg7x/IcehgFgoqn8NKBJ5Zlh1Ba0LCCfUSUA0vCgLClePi/Wa1B3K+g7FaPJ4caVLEApN+opsMXekenVAZBg==",
   "releaseDate": "2026-05-05T13:39:49.369Z"
}
[2026-05-22 13:56:44.540] [debug] checkForUpdatesAndNotify called, downloadPromise is null
[2026-05-22 14:06:44.293] [info]  Checking for update
[2026-05-22 14:06:44.293] [info]  Checking for update
[2026-05-22 14:06:44.571] [info]  Update for version 0.55.4 is not available (latest version: 0.55.4, downgrade is allowed).
[2026-05-22 14:06:44.572] [info]  Update not available: {
   "version": "0.55.4",
   "files": [
      {
         "url": "Anytype-0.55.4.AppImage",
         "sha512": "iVhg7x/IcehgFgoqn8NKBJ5Zlh1Ba0LCCfUSUA0vCgLClePi/Wa1B3K+g7FaPJ4caVLEApN+opsMXekenVAZBg==",
         "size": 255921020,
         "blockMapSize": 265104
      },
      {
         "url": "anytype_0.55.4_amd64.deb",
         "sha512": "h9AOC2BuEny0TIDmwtH3X2Z2If/U59v0urgHxEd1ttKDQnVHP3HbdrlSd6gRefM41tEvLs77AlGzVmnDQ2Lv2Q==",
         "size": 213511672
      },
      {
         "url": "anytype_0.55.4_amd64.deb",
         "sha512": "h9AOC2BuEny0TIDmwtH3X2Z2If/U59v0urgHxEd1ttKDQnVHP3HbdrlSd6gRefM41tEvLs77AlGzVmnDQ2Lv2Q==",
         "size": 213511672
      },
      {
         "url": "anytype_0.55.4_amd64.deb",
         "sha512": "h9AOC2BuEny0TIDmwtH3X2Z2If/U59v0urgHxEd1ttKDQnVHP3HbdrlSd6gRefM41tEvLs77AlGzVmnDQ2Lv2Q==",
         "size": 213511672
      },
      {
         "url": "anytype-0.55.4.x86_64.rpm",
         "sha512": "SmrdfZeSInIiRl2uzMLCDYYqz2N3gvzb4AlfD9RZnkGjKHg+N6VkdOD9p2rMGcT3cFISEvpoiFguKBKmkymYWg==",
         "size": 189025877
      },
      {
         "url": "anytype-0.55.4.x86_64.rpm",
         "sha512": "SmrdfZeSInIiRl2uzMLCDYYqz2N3gvzb4AlfD9RZnkGjKHg+N6VkdOD9p2rMGcT3cFISEvpoiFguKBKmkymYWg==",
         "size": 189025877
      },
      {
         "url": "anytype-0.55.4.x86_64.rpm",
         "sha512": "SmrdfZeSInIiRl2uzMLCDYYqz2N3gvzb4AlfD9RZnkGjKHg+N6VkdOD9p2rMGcT3cFISEvpoiFguKBKmkymYWg==",
         "size": 189025877
      }
   ],
   "path": "Anytype-0.55.4.AppImage",
   "sha512": "iVhg7x/IcehgFgoqn8NKBJ5Zlh1Ba0LCCfUSUA0vCgLClePi/Wa1B3K+g7FaPJ4caVLEApN+opsMXekenVAZBg==",
   "releaseDate": "2026-05-05T13:39:49.369Z"
}
[2026-05-22 14:06:44.572] [debug] checkForUpdatesAndNotify called, downloadPromise is null
[2026-05-22 14:16:44.300] [info]  Checking for update
[2026-05-22 14:16:44.300] [info]  Checking for update
[2026-05-22 14:16:44.576] [info]  Update for version 0.55.4 is not available (latest version: 0.55.4, downgrade is allowed).
[2026-05-22 14:16:44.577] [info]  Update not available: {
   "version": "0.55.4",
   "files": [
      {
         "url": "Anytype-0.55.4.AppImage",
         "sha512": "iVhg7x/IcehgFgoqn8NKBJ5Zlh1Ba0LCCfUSUA0vCgLClePi/Wa1B3K+g7FaPJ4caVLEApN+opsMXekenVAZBg==",
         "size": 255921020,
         "blockMapSize": 265104
      },
      {
         "url": "anytype_0.55.4_amd64.deb",
         "sha512": "h9AOC2BuEny0TIDmwtH3X2Z2If/U59v0urgHxEd1ttKDQnVHP3HbdrlSd6gRefM41tEvLs77AlGzVmnDQ2Lv2Q==",
         "size": 213511672
      },
      {
         "url": "anytype_0.55.4_amd64.deb",
         "sha512": "h9AOC2BuEny0TIDmwtH3X2Z2If/U59v0urgHxEd1ttKDQnVHP3HbdrlSd6gRefM41tEvLs77AlGzVmnDQ2Lv2Q==",
         "size": 213511672
      },
      {
         "url": "anytype_0.55.4_amd64.deb",
         "sha512": "h9AOC2BuEny0TIDmwtH3X2Z2If/U59v0urgHxEd1ttKDQnVHP3HbdrlSd6gRefM41tEvLs77AlGzVmnDQ2Lv2Q==",
         "size": 213511672
      },
      {
         "url": "anytype-0.55.4.x86_64.rpm",
         "sha512": "SmrdfZeSInIiRl2uzMLCDYYqz2N3gvzb4AlfD9RZnkGjKHg+N6VkdOD9p2rMGcT3cFISEvpoiFguKBKmkymYWg==",
         "size": 189025877
      },
      {
         "url": "anytype-0.55.4.x86_64.rpm",
         "sha512": "SmrdfZeSInIiRl2uzMLCDYYqz2N3gvzb4AlfD9RZnkGjKHg+N6VkdOD9p2rMGcT3cFISEvpoiFguKBKmkymYWg==",
         "size": 189025877
      },
      {
         "url": "anytype-0.55.4.x86_64.rpm",
         "sha512": "SmrdfZeSInIiRl2uzMLCDYYqz2N3gvzb4AlfD9RZnkGjKHg+N6VkdOD9p2rMGcT3cFISEvpoiFguKBKmkymYWg==",
         "size": 189025877
      }
   ],
   "path": "Anytype-0.55.4.AppImage",
   "sha512": "iVhg7x/IcehgFgoqn8NKBJ5Zlh1Ba0LCCfUSUA0vCgLClePi/Wa1B3K+g7FaPJ4caVLEApN+opsMXekenVAZBg==",
   "releaseDate": "2026-05-05T13:39:49.369Z"
}
[2026-05-22 14:16:44.577] [debug] checkForUpdatesAndNotify called, downloadPromise is null
[2026-05-22 14:26:44.302] [info]  Checking for update
[2026-05-22 14:26:44.302] [info]  Checking for update
[2026-05-22 14:26:44.585] [info]  Update for version 0.55.4 is not available (latest version: 0.55.4, downgrade is allowed).
[2026-05-22 14:26:44.585] [info]  Update not available: {
   "version": "0.55.4",
   "files": [
      {
         "url": "Anytype-0.55.4.AppImage",
         "sha512": "iVhg7x/IcehgFgoqn8NKBJ5Zlh1Ba0LCCfUSUA0vCgLClePi/Wa1B3K+g7FaPJ4caVLEApN+opsMXekenVAZBg==",
         "size": 255921020,
         "blockMapSize": 265104
      },
      {
         "url": "anytype_0.55.4_amd64.deb",
         "sha512": "h9AOC2BuEny0TIDmwtH3X2Z2If/U59v0urgHxEd1ttKDQnVHP3HbdrlSd6gRefM41tEvLs77AlGzVmnDQ2Lv2Q==",
         "size": 213511672
      },
      {
         "url": "anytype_0.55.4_amd64.deb",
         "sha512": "h9AOC2BuEny0TIDmwtH3X2Z2If/U59v0urgHxEd1ttKDQnVHP3HbdrlSd6gRefM41tEvLs77AlGzVmnDQ2Lv2Q==",
         "size": 213511672
      },
      {
         "url": "anytype_0.55.4_amd64.deb",
         "sha512": "h9AOC2BuEny0TIDmwtH3X2Z2If/U59v0urgHxEd1ttKDQnVHP3HbdrlSd6gRefM41tEvLs77AlGzVmnDQ2Lv2Q==",
         "size": 213511672
      },
      {
         "url": "anytype-0.55.4.x86_64.rpm",
         "sha512": "SmrdfZeSInIiRl2uzMLCDYYqz2N3gvzb4AlfD9RZnkGjKHg+N6VkdOD9p2rMGcT3cFISEvpoiFguKBKmkymYWg==",
         "size": 189025877
      },
      {
         "url": "anytype-0.55.4.x86_64.rpm",
         "sha512": "SmrdfZeSInIiRl2uzMLCDYYqz2N3gvzb4AlfD9RZnkGjKHg+N6VkdOD9p2rMGcT3cFISEvpoiFguKBKmkymYWg==",
         "size": 189025877
      },
      {
         "url": "anytype-0.55.4.x86_64.rpm",
         "sha512": "SmrdfZeSInIiRl2uzMLCDYYqz2N3gvzb4AlfD9RZnkGjKHg+N6VkdOD9p2rMGcT3cFISEvpoiFguKBKmkymYWg==",
         "size": 189025877
      }
   ],
   "path": "Anytype-0.55.4.AppImage",
   "sha512": "iVhg7x/IcehgFgoqn8NKBJ5Zlh1Ba0LCCfUSUA0vCgLClePi/Wa1B3K+g7FaPJ4caVLEApN+opsMXekenVAZBg==",
   "releaseDate": "2026-05-05T13:39:49.369Z"
}
[2026-05-22 14:26:44.586] [debug] checkForUpdatesAndNotify called, downloadPromise is null
[2026-05-22 14:36:44.403] [info]  Checking for update
[2026-05-22 14:36:44.403] [info]  Checking for update
[2026-05-22 14:36:44.678] [info]  Update for version 0.55.4 is not available (latest version: 0.55.4, downgrade is allowed).
[2026-05-22 14:36:44.679] [info]  Update not available: {
   "version": "0.55.4",
   "files": [
      {
         "url": "Anytype-0.55.4.AppImage",
         "sha512": "iVhg7x/IcehgFgoqn8NKBJ5Zlh1Ba0LCCfUSUA0vCgLClePi/Wa1B3K+g7FaPJ4caVLEApN+opsMXekenVAZBg==",
         "size": 255921020,
         "blockMapSize": 265104
      },
      {
         "url": "anytype_0.55.4_amd64.deb",
         "sha512": "h9AOC2BuEny0TIDmwtH3X2Z2If/U59v0urgHxEd1ttKDQnVHP3HbdrlSd6gRefM41tEvLs77AlGzVmnDQ2Lv2Q==",
         "size": 213511672
      },
      {
         "url": "anytype_0.55.4_amd64.deb",
         "sha512": "h9AOC2BuEny0TIDmwtH3X2Z2If/U59v0urgHxEd1ttKDQnVHP3HbdrlSd6gRefM41tEvLs77AlGzVmnDQ2Lv2Q==",
         "size": 213511672
      },
      {
         "url": "anytype_0.55.4_amd64.deb",
         "sha512": "h9AOC2BuEny0TIDmwtH3X2Z2If/U59v0urgHxEd1ttKDQnVHP3HbdrlSd6gRefM41tEvLs77AlGzVmnDQ2Lv2Q==",
         "size": 213511672
      },
      {
         "url": "anytype-0.55.4.x86_64.rpm",
         "sha512": "SmrdfZeSInIiRl2uzMLCDYYqz2N3gvzb4AlfD9RZnkGjKHg+N6VkdOD9p2rMGcT3cFISEvpoiFguKBKmkymYWg==",
         "size": 189025877
      },
      {
         "url": "anytype-0.55.4.x86_64.rpm",
         "sha512": "SmrdfZeSInIiRl2uzMLCDYYqz2N3gvzb4AlfD9RZnkGjKHg+N6VkdOD9p2rMGcT3cFISEvpoiFguKBKmkymYWg==",
         "size": 189025877
      },
      {
         "url": "anytype-0.55.4.x86_64.rpm",
         "sha512": "SmrdfZeSInIiRl2uzMLCDYYqz2N3gvzb4AlfD9RZnkGjKHg+N6VkdOD9p2rMGcT3cFISEvpoiFguKBKmkymYWg==",
         "size": 189025877
      }
   ],
   "path": "Anytype-0.55.4.AppImage",
   "sha512": "iVhg7x/IcehgFgoqn8NKBJ5Zlh1Ba0LCCfUSUA0vCgLClePi/Wa1B3K+g7FaPJ4caVLEApN+opsMXekenVAZBg==",
   "releaseDate": "2026-05-05T13:39:49.369Z"
}
[2026-05-22 14:36:44.679] [debug] checkForUpdatesAndNotify called, downloadPromise is null
[2026-05-22 14:46:44.482] [info]  Checking for update
[2026-05-22 14:46:44.482] [info]  Checking for update
[2026-05-22 14:46:44.739] [info]  Update for version 0.55.4 is not available (latest version: 0.55.4, downgrade is allowed).
[2026-05-22 14:46:44.739] [info]  Update not available: {
   "version": "0.55.4",
   "files": [
      {
         "url": "Anytype-0.55.4.AppImage",
         "sha512": "iVhg7x/IcehgFgoqn8NKBJ5Zlh1Ba0LCCfUSUA0vCgLClePi/Wa1B3K+g7FaPJ4caVLEApN+opsMXekenVAZBg==",
         "size": 255921020,
         "blockMapSize": 265104
      },
      {
         "url": "anytype_0.55.4_amd64.deb",
         "sha512": "h9AOC2BuEny0TIDmwtH3X2Z2If/U59v0urgHxEd1ttKDQnVHP3HbdrlSd6gRefM41tEvLs77AlGzVmnDQ2Lv2Q==",
         "size": 213511672
      },
      {
         "url": "anytype_0.55.4_amd64.deb",
         "sha512": "h9AOC2BuEny0TIDmwtH3X2Z2If/U59v0urgHxEd1ttKDQnVHP3HbdrlSd6gRefM41tEvLs77AlGzVmnDQ2Lv2Q==",
         "size": 213511672
      },
      {
         "url": "anytype_0.55.4_amd64.deb",
         "sha512": "h9AOC2BuEny0TIDmwtH3X2Z2If/U59v0urgHxEd1ttKDQnVHP3HbdrlSd6gRefM41tEvLs77AlGzVmnDQ2Lv2Q==",
         "size": 213511672
      },
      {
         "url": "anytype-0.55.4.x86_64.rpm",
         "sha512": "SmrdfZeSInIiRl2uzMLCDYYqz2N3gvzb4AlfD9RZnkGjKHg+N6VkdOD9p2rMGcT3cFISEvpoiFguKBKmkymYWg==",
         "size": 189025877
      },
      {
         "url": "anytype-0.55.4.x86_64.rpm",
         "sha512": "SmrdfZeSInIiRl2uzMLCDYYqz2N3gvzb4AlfD9RZnkGjKHg+N6VkdOD9p2rMGcT3cFISEvpoiFguKBKmkymYWg==",
         "size": 189025877
      },
      {
         "url": "anytype-0.55.4.x86_64.rpm",
         "sha512": "SmrdfZeSInIiRl2uzMLCDYYqz2N3gvzb4AlfD9RZnkGjKHg+N6VkdOD9p2rMGcT3cFISEvpoiFguKBKmkymYWg==",
         "size": 189025877
      }
   ],
   "path": "Anytype-0.55.4.AppImage",
   "sha512": "iVhg7x/IcehgFgoqn8NKBJ5Zlh1Ba0LCCfUSUA0vCgLClePi/Wa1B3K+g7FaPJ4caVLEApN+opsMXekenVAZBg==",
   "releaseDate": "2026-05-05T13:39:49.369Z"
}
[2026-05-22 14:46:44.739] [debug] checkForUpdatesAndNotify called, downloadPromise is null
[2026-05-22 14:56:44.496] [info]  Checking for update
[2026-05-22 14:56:44.496] [info]  Checking for update
[2026-05-22 14:56:44.779] [info]  Update for version 0.55.4 is not available (latest version: 0.55.4, downgrade is allowed).
[2026-05-22 14:56:44.780] [info]  Update not available: {
   "version": "0.55.4",
   "files": [
      {
         "url": "Anytype-0.55.4.AppImage",
         "sha512": "iVhg7x/IcehgFgoqn8NKBJ5Zlh1Ba0LCCfUSUA0vCgLClePi/Wa1B3K+g7FaPJ4caVLEApN+opsMXekenVAZBg==",
         "size": 255921020,
         "blockMapSize": 265104
      },
      {
         "url": "anytype_0.55.4_amd64.deb",
         "sha512": "h9AOC2BuEny0TIDmwtH3X2Z2If/U59v0urgHxEd1ttKDQnVHP3HbdrlSd6gRefM41tEvLs77AlGzVmnDQ2Lv2Q==",
         "size": 213511672
      },
      {
         "url": "anytype_0.55.4_amd64.deb",
         "sha512": "h9AOC2BuEny0TIDmwtH3X2Z2If/U59v0urgHxEd1ttKDQnVHP3HbdrlSd6gRefM41tEvLs77AlGzVmnDQ2Lv2Q==",
         "size": 213511672
      },
      {
         "url": "anytype_0.55.4_amd64.deb",
         "sha512": "h9AOC2BuEny0TIDmwtH3X2Z2If/U59v0urgHxEd1ttKDQnVHP3HbdrlSd6gRefM41tEvLs77AlGzVmnDQ2Lv2Q==",
         "size": 213511672
      },
      {
         "url": "anytype-0.55.4.x86_64.rpm",
         "sha512": "SmrdfZeSInIiRl2uzMLCDYYqz2N3gvzb4AlfD9RZnkGjKHg+N6VkdOD9p2rMGcT3cFISEvpoiFguKBKmkymYWg==",
         "size": 189025877
      },
      {
         "url": "anytype-0.55.4.x86_64.rpm",
         "sha512": "SmrdfZeSInIiRl2uzMLCDYYqz2N3gvzb4AlfD9RZnkGjKHg+N6VkdOD9p2rMGcT3cFISEvpoiFguKBKmkymYWg==",
         "size": 189025877
      },
      {
         "url": "anytype-0.55.4.x86_64.rpm",
         "sha512": "SmrdfZeSInIiRl2uzMLCDYYqz2N3gvzb4AlfD9RZnkGjKHg+N6VkdOD9p2rMGcT3cFISEvpoiFguKBKmkymYWg==",
         "size": 189025877
      }
   ],
   "path": "Anytype-0.55.4.AppImage",
   "sha512": "iVhg7x/IcehgFgoqn8NKBJ5Zlh1Ba0LCCfUSUA0vCgLClePi/Wa1B3K+g7FaPJ4caVLEApN+opsMXekenVAZBg==",
   "releaseDate": "2026-05-05T13:39:49.369Z"
}
[2026-05-22 14:56:44.781] [debug] checkForUpdatesAndNotify called, downloadPromise is null
[2026-05-22 15:06:44.498] [info]  Checking for update
[2026-05-22 15:06:44.500] [info]  Checking for update
[2026-05-22 15:06:44.789] [info]  Update for version 0.55.4 is not available (latest version: 0.55.4, downgrade is allowed).
[2026-05-22 15:06:44.790] [info]  Update not available: {
   "version": "0.55.4",
   "files": [
      {
         "url": "Anytype-0.55.4.AppImage",
         "sha512": "iVhg7x/IcehgFgoqn8NKBJ5Zlh1Ba0LCCfUSUA0vCgLClePi/Wa1B3K+g7FaPJ4caVLEApN+opsMXekenVAZBg==",
         "size": 255921020,
         "blockMapSize": 265104
      },
      {
         "url": "anytype_0.55.4_amd64.deb",
         "sha512": "h9AOC2BuEny0TIDmwtH3X2Z2If/U59v0urgHxEd1ttKDQnVHP3HbdrlSd6gRefM41tEvLs77AlGzVmnDQ2Lv2Q==",
         "size": 213511672
      },
      {
         "url": "anytype_0.55.4_amd64.deb",
         "sha512": "h9AOC2BuEny0TIDmwtH3X2Z2If/U59v0urgHxEd1ttKDQnVHP3HbdrlSd6gRefM41tEvLs77AlGzVmnDQ2Lv2Q==",
         "size": 213511672
      },
      {
         "url": "anytype_0.55.4_amd64.deb",
         "sha512": "h9AOC2BuEny0TIDmwtH3X2Z2If/U59v0urgHxEd1ttKDQnVHP3HbdrlSd6gRefM41tEvLs77AlGzVmnDQ2Lv2Q==",
         "size": 213511672
      },
      {
         "url": "anytype-0.55.4.x86_64.rpm",
         "sha512": "SmrdfZeSInIiRl2uzMLCDYYqz2N3gvzb4AlfD9RZnkGjKHg+N6VkdOD9p2rMGcT3cFISEvpoiFguKBKmkymYWg==",
         "size": 189025877
      },
      {
         "url": "anytype-0.55.4.x86_64.rpm",
         "sha512": "SmrdfZeSInIiRl2uzMLCDYYqz2N3gvzb4AlfD9RZnkGjKHg+N6VkdOD9p2rMGcT3cFISEvpoiFguKBKmkymYWg==",
         "size": 189025877
      },
      {
         "url": "anytype-0.55.4.x86_64.rpm",
         "sha512": "SmrdfZeSInIiRl2uzMLCDYYqz2N3gvzb4AlfD9RZnkGjKHg+N6VkdOD9p2rMGcT3cFISEvpoiFguKBKmkymYWg==",
         "size": 189025877
      }
   ],
   "path": "Anytype-0.55.4.AppImage",
   "sha512": "iVhg7x/IcehgFgoqn8NKBJ5Zlh1Ba0LCCfUSUA0vCgLClePi/Wa1B3K+g7FaPJ4caVLEApN+opsMXekenVAZBg==",
   "releaseDate": "2026-05-05T13:39:49.369Z"
}
[2026-05-22 15:06:44.790] [debug] checkForUpdatesAndNotify called, downloadPromise is null
[2026-05-22 15:16:44.571] [info]  Checking for update
[2026-05-22 15:16:44.571] [info]  Checking for update
[2026-05-22 15:16:44.849] [info]  Update for version 0.55.4 is not available (latest version: 0.55.4, downgrade is allowed).
[2026-05-22 15:16:44.850] [info]  Update not available: {
   "version": "0.55.4",
   "files": [
      {
         "url": "Anytype-0.55.4.AppImage",
         "sha512": "iVhg7x/IcehgFgoqn8NKBJ5Zlh1Ba0LCCfUSUA0vCgLClePi/Wa1B3K+g7FaPJ4caVLEApN+opsMXekenVAZBg==",
         "size": 255921020,
         "blockMapSize": 265104
      },
      {
         "url": "anytype_0.55.4_amd64.deb",
         "sha512": "h9AOC2BuEny0TIDmwtH3X2Z2If/U59v0urgHxEd1ttKDQnVHP3HbdrlSd6gRefM41tEvLs77AlGzVmnDQ2Lv2Q==",
         "size": 213511672
      },
      {
         "url": "anytype_0.55.4_amd64.deb",
         "sha512": "h9AOC2BuEny0TIDmwtH3X2Z2If/U59v0urgHxEd1ttKDQnVHP3HbdrlSd6gRefM41tEvLs77AlGzVmnDQ2Lv2Q==",
         "size": 213511672
      },
      {
         "url": "anytype_0.55.4_amd64.deb",
         "sha512": "h9AOC2BuEny0TIDmwtH3X2Z2If/U59v0urgHxEd1ttKDQnVHP3HbdrlSd6gRefM41tEvLs77AlGzVmnDQ2Lv2Q==",
         "size": 213511672
      },
      {
         "url": "anytype-0.55.4.x86_64.rpm",
         "sha512": "SmrdfZeSInIiRl2uzMLCDYYqz2N3gvzb4AlfD9RZnkGjKHg+N6VkdOD9p2rMGcT3cFISEvpoiFguKBKmkymYWg==",
         "size": 189025877
      },
      {
         "url": "anytype-0.55.4.x86_64.rpm",
         "sha512": "SmrdfZeSInIiRl2uzMLCDYYqz2N3gvzb4AlfD9RZnkGjKHg+N6VkdOD9p2rMGcT3cFISEvpoiFguKBKmkymYWg==",
         "size": 189025877
      },
      {
         "url": "anytype-0.55.4.x86_64.rpm",
         "sha512": "SmrdfZeSInIiRl2uzMLCDYYqz2N3gvzb4AlfD9RZnkGjKHg+N6VkdOD9p2rMGcT3cFISEvpoiFguKBKmkymYWg==",
         "size": 189025877
      }
   ],
   "path": "Anytype-0.55.4.AppImage",
   "sha512": "iVhg7x/IcehgFgoqn8NKBJ5Zlh1Ba0LCCfUSUA0vCgLClePi/Wa1B3K+g7FaPJ4caVLEApN+opsMXekenVAZBg==",
   "releaseDate": "2026-05-05T13:39:49.369Z"
}
[2026-05-22 15:16:44.851] [debug] checkForUpdatesAndNotify called, downloadPromise is null
[2026-05-22 15:26:44.661] [info]  Checking for update
[2026-05-22 15:26:44.662] [info]  Checking for update
[2026-05-22 15:26:44.948] [info]  Update for version 0.55.4 is not available (latest version: 0.55.4, downgrade is allowed).
[2026-05-22 15:26:44.948] [info]  Update not available: {
   "version": "0.55.4",
   "files": [
      {
         "url": "Anytype-0.55.4.AppImage",
         "sha512": "iVhg7x/IcehgFgoqn8NKBJ5Zlh1Ba0LCCfUSUA0vCgLClePi/Wa1B3K+g7FaPJ4caVLEApN+opsMXekenVAZBg==",
         "size": 255921020,
         "blockMapSize": 265104
      },
      {
         "url": "anytype_0.55.4_amd64.deb",
         "sha512": "h9AOC2BuEny0TIDmwtH3X2Z2If/U59v0urgHxEd1ttKDQnVHP3HbdrlSd6gRefM41tEvLs77AlGzVmnDQ2Lv2Q==",
         "size": 213511672
      },
      {
         "url": "anytype_0.55.4_amd64.deb",
         "sha512": "h9AOC2BuEny0TIDmwtH3X2Z2If/U59v0urgHxEd1ttKDQnVHP3HbdrlSd6gRefM41tEvLs77AlGzVmnDQ2Lv2Q==",
         "size": 213511672
      },
      {
         "url": "anytype_0.55.4_amd64.deb",
         "sha512": "h9AOC2BuEny0TIDmwtH3X2Z2If/U59v0urgHxEd1ttKDQnVHP3HbdrlSd6gRefM41tEvLs77AlGzVmnDQ2Lv2Q==",
         "size": 213511672
      },
      {
         "url": "anytype-0.55.4.x86_64.rpm",
         "sha512": "SmrdfZeSInIiRl2uzMLCDYYqz2N3gvzb4AlfD9RZnkGjKHg+N6VkdOD9p2rMGcT3cFISEvpoiFguKBKmkymYWg==",
         "size": 189025877
      },
      {
         "url": "anytype-0.55.4.x86_64.rpm",
         "sha512": "SmrdfZeSInIiRl2uzMLCDYYqz2N3gvzb4AlfD9RZnkGjKHg+N6VkdOD9p2rMGcT3cFISEvpoiFguKBKmkymYWg==",
         "size": 189025877
      },
      {
         "url": "anytype-0.55.4.x86_64.rpm",
         "sha512": "SmrdfZeSInIiRl2uzMLCDYYqz2N3gvzb4AlfD9RZnkGjKHg+N6VkdOD9p2rMGcT3cFISEvpoiFguKBKmkymYWg==",
         "size": 189025877
      }
   ],
   "path": "Anytype-0.55.4.AppImage",
   "sha512": "iVhg7x/IcehgFgoqn8NKBJ5Zlh1Ba0LCCfUSUA0vCgLClePi/Wa1B3K+g7FaPJ4caVLEApN+opsMXekenVAZBg==",
   "releaseDate": "2026-05-05T13:39:49.369Z"
}
[2026-05-22 15:26:44.949] [debug] checkForUpdatesAndNotify called, downloadPromise is null
[2026-05-22 15:36:44.763] [info]  Checking for update
[2026-05-22 15:36:44.765] [info]  Checking for update
[2026-05-22 15:36:45.047] [info]  Update for version 0.55.4 is not available (latest version: 0.55.4, downgrade is allowed).
[2026-05-22 15:36:45.047] [info]  Update not available: {
   "version": "0.55.4",
   "files": [
      {
         "url": "Anytype-0.55.4.AppImage",
         "sha512": "iVhg7x/IcehgFgoqn8NKBJ5Zlh1Ba0LCCfUSUA0vCgLClePi/Wa1B3K+g7FaPJ4caVLEApN+opsMXekenVAZBg==",
         "size": 255921020,
         "blockMapSize": 265104
      },
      {
         "url": "anytype_0.55.4_amd64.deb",
         "sha512": "h9AOC2BuEny0TIDmwtH3X2Z2If/U59v0urgHxEd1ttKDQnVHP3HbdrlSd6gRefM41tEvLs77AlGzVmnDQ2Lv2Q==",
         "size": 213511672
      },
      {
         "url": "anytype_0.55.4_amd64.deb",
         "sha512": "h9AOC2BuEny0TIDmwtH3X2Z2If/U59v0urgHxEd1ttKDQnVHP3HbdrlSd6gRefM41tEvLs77AlGzVmnDQ2Lv2Q==",
         "size": 213511672
      },
      {
         "url": "anytype_0.55.4_amd64.deb",
         "sha512": "h9AOC2BuEny0TIDmwtH3X2Z2If/U59v0urgHxEd1ttKDQnVHP3HbdrlSd6gRefM41tEvLs77AlGzVmnDQ2Lv2Q==",
         "size": 213511672
      },
      {
         "url": "anytype-0.55.4.x86_64.rpm",
         "sha512": "SmrdfZeSInIiRl2uzMLCDYYqz2N3gvzb4AlfD9RZnkGjKHg+N6VkdOD9p2rMGcT3cFISEvpoiFguKBKmkymYWg==",
         "size": 189025877
      },
      {
         "url": "anytype-0.55.4.x86_64.rpm",
         "sha512": "SmrdfZeSInIiRl2uzMLCDYYqz2N3gvzb4AlfD9RZnkGjKHg+N6VkdOD9p2rMGcT3cFISEvpoiFguKBKmkymYWg==",
         "size": 189025877
      },
      {
         "url": "anytype-0.55.4.x86_64.rpm",
         "sha512": "SmrdfZeSInIiRl2uzMLCDYYqz2N3gvzb4AlfD9RZnkGjKHg+N6VkdOD9p2rMGcT3cFISEvpoiFguKBKmkymYWg==",
         "size": 189025877
      }
   ],
   "path": "Anytype-0.55.4.AppImage",
   "sha512": "iVhg7x/IcehgFgoqn8NKBJ5Zlh1Ba0LCCfUSUA0vCgLClePi/Wa1B3K+g7FaPJ4caVLEApN+opsMXekenVAZBg==",
   "releaseDate": "2026-05-05T13:39:49.369Z"
}
[2026-05-22 15:36:45.048] [debug] checkForUpdatesAndNotify called, downloadPromise is null
[2026-05-22 15:46:44.866] [info]  Checking for update
[2026-05-22 15:46:44.866] [info]  Checking for update
[2026-05-22 15:46:45.159] [info]  Update for version 0.55.4 is not available (latest version: 0.55.4, downgrade is allowed).
[2026-05-22 15:46:45.160] [info]  Update not available: {
   "version": "0.55.4",
   "files": [
      {
         "url": "Anytype-0.55.4.AppImage",
         "sha512": "iVhg7x/IcehgFgoqn8NKBJ5Zlh1Ba0LCCfUSUA0vCgLClePi/Wa1B3K+g7FaPJ4caVLEApN+opsMXekenVAZBg==",
         "size": 255921020,
         "blockMapSize": 265104
      },
      {
         "url": "anytype_0.55.4_amd64.deb",
         "sha512": "h9AOC2BuEny0TIDmwtH3X2Z2If/U59v0urgHxEd1ttKDQnVHP3HbdrlSd6gRefM41tEvLs77AlGzVmnDQ2Lv2Q==",
         "size": 213511672
      },
      {
         "url": "anytype_0.55.4_amd64.deb",
         "sha512": "h9AOC2BuEny0TIDmwtH3X2Z2If/U59v0urgHxEd1ttKDQnVHP3HbdrlSd6gRefM41tEvLs77AlGzVmnDQ2Lv2Q==",
         "size": 213511672
      },
      {
         "url": "anytype_0.55.4_amd64.deb",
         "sha512": "h9AOC2BuEny0TIDmwtH3X2Z2If/U59v0urgHxEd1ttKDQnVHP3HbdrlSd6gRefM41tEvLs77AlGzVmnDQ2Lv2Q==",
         "size": 213511672
      },
      {
         "url": "anytype-0.55.4.x86_64.rpm",
         "sha512": "SmrdfZeSInIiRl2uzMLCDYYqz2N3gvzb4AlfD9RZnkGjKHg+N6VkdOD9p2rMGcT3cFISEvpoiFguKBKmkymYWg==",
         "size": 189025877
      },
      {
         "url": "anytype-0.55.4.x86_64.rpm",
         "sha512": "SmrdfZeSInIiRl2uzMLCDYYqz2N3gvzb4AlfD9RZnkGjKHg+N6VkdOD9p2rMGcT3cFISEvpoiFguKBKmkymYWg==",
         "size": 189025877
      },
      {
         "url": "anytype-0.55.4.x86_64.rpm",
         "sha512": "SmrdfZeSInIiRl2uzMLCDYYqz2N3gvzb4AlfD9RZnkGjKHg+N6VkdOD9p2rMGcT3cFISEvpoiFguKBKmkymYWg==",
         "size": 189025877
      }
   ],
   "path": "Anytype-0.55.4.AppImage",
   "sha512": "iVhg7x/IcehgFgoqn8NKBJ5Zlh1Ba0LCCfUSUA0vCgLClePi/Wa1B3K+g7FaPJ4caVLEApN+opsMXekenVAZBg==",
   "releaseDate": "2026-05-05T13:39:49.369Z"
}
[2026-05-22 15:46:45.160] [debug] checkForUpdatesAndNotify called, downloadPromise is null
[2026-05-22 15:56:44.877] [info]  Checking for update
[2026-05-22 15:56:44.877] [info]  Checking for update
[2026-05-22 15:56:45.167] [info]  Update for version 0.55.4 is not available (latest version: 0.55.4, downgrade is allowed).
[2026-05-22 15:56:45.167] [info]  Update not available: {
   "version": "0.55.4",
   "files": [
      {
         "url": "Anytype-0.55.4.AppImage",
         "sha512": "iVhg7x/IcehgFgoqn8NKBJ5Zlh1Ba0LCCfUSUA0vCgLClePi/Wa1B3K+g7FaPJ4caVLEApN+opsMXekenVAZBg==",
         "size": 255921020,
         "blockMapSize": 265104
      },
      {
         "url": "anytype_0.55.4_amd64.deb",
         "sha512": "h9AOC2BuEny0TIDmwtH3X2Z2If/U59v0urgHxEd1ttKDQnVHP3HbdrlSd6gRefM41tEvLs77AlGzVmnDQ2Lv2Q==",
         "size": 213511672
      },
      {
         "url": "anytype_0.55.4_amd64.deb",
         "sha512": "h9AOC2BuEny0TIDmwtH3X2Z2If/U59v0urgHxEd1ttKDQnVHP3HbdrlSd6gRefM41tEvLs77AlGzVmnDQ2Lv2Q==",
         "size": 213511672
      },
      {
         "url": "anytype_0.55.4_amd64.deb",
         "sha512": "h9AOC2BuEny0TIDmwtH3X2Z2If/U59v0urgHxEd1ttKDQnVHP3HbdrlSd6gRefM41tEvLs77AlGzVmnDQ2Lv2Q==",
         "size": 213511672
      },
      {
         "url": "anytype-0.55.4.x86_64.rpm",
         "sha512": "SmrdfZeSInIiRl2uzMLCDYYqz2N3gvzb4AlfD9RZnkGjKHg+N6VkdOD9p2rMGcT3cFISEvpoiFguKBKmkymYWg==",
         "size": 189025877
      },
      {
         "url": "anytype-0.55.4.x86_64.rpm",
         "sha512": "SmrdfZeSInIiRl2uzMLCDYYqz2N3gvzb4AlfD9RZnkGjKHg+N6VkdOD9p2rMGcT3cFISEvpoiFguKBKmkymYWg==",
         "size": 189025877
      },
      {
         "url": "anytype-0.55.4.x86_64.rpm",
         "sha512": "SmrdfZeSInIiRl2uzMLCDYYqz2N3gvzb4AlfD9RZnkGjKHg+N6VkdOD9p2rMGcT3cFISEvpoiFguKBKmkymYWg==",
         "size": 189025877
      }
   ],
   "path": "Anytype-0.55.4.AppImage",
   "sha512": "iVhg7x/IcehgFgoqn8NKBJ5Zlh1Ba0LCCfUSUA0vCgLClePi/Wa1B3K+g7FaPJ4caVLEApN+opsMXekenVAZBg==",
   "releaseDate": "2026-05-05T13:39:49.369Z"
}
[2026-05-22 15:56:45.168] [debug] checkForUpdatesAndNotify called, downloadPromise is null
[2026-05-22 16:06:44.917] [info]  Checking for update
[2026-05-22 16:06:44.917] [info]  Checking for update
[2026-05-22 16:06:45.197] [info]  Update for version 0.55.4 is not available (latest version: 0.55.4, downgrade is allowed).
[2026-05-22 16:06:45.198] [info]  Update not available: {
   "version": "0.55.4",
   "files": [
      {
         "url": "Anytype-0.55.4.AppImage",
         "sha512": "iVhg7x/IcehgFgoqn8NKBJ5Zlh1Ba0LCCfUSUA0vCgLClePi/Wa1B3K+g7FaPJ4caVLEApN+opsMXekenVAZBg==",
         "size": 255921020,
         "blockMapSize": 265104
      },
      {
         "url": "anytype_0.55.4_amd64.deb",
         "sha512": "h9AOC2BuEny0TIDmwtH3X2Z2If/U59v0urgHxEd1ttKDQnVHP3HbdrlSd6gRefM41tEvLs77AlGzVmnDQ2Lv2Q==",
         "size": 213511672
      },
      {
         "url": "anytype_0.55.4_amd64.deb",
         "sha512": "h9AOC2BuEny0TIDmwtH3X2Z2If/U59v0urgHxEd1ttKDQnVHP3HbdrlSd6gRefM41tEvLs77AlGzVmnDQ2Lv2Q==",
         "size": 213511672
      },
      {
         "url": "anytype_0.55.4_amd64.deb",
         "sha512": "h9AOC2BuEny0TIDmwtH3X2Z2If/U59v0urgHxEd1ttKDQnVHP3HbdrlSd6gRefM41tEvLs77AlGzVmnDQ2Lv2Q==",
         "size": 213511672
      },
      {
         "url": "anytype-0.55.4.x86_64.rpm",
         "sha512": "SmrdfZeSInIiRl2uzMLCDYYqz2N3gvzb4AlfD9RZnkGjKHg+N6VkdOD9p2rMGcT3cFISEvpoiFguKBKmkymYWg==",
         "size": 189025877
      },
      {
         "url": "anytype-0.55.4.x86_64.rpm",
         "sha512": "SmrdfZeSInIiRl2uzMLCDYYqz2N3gvzb4AlfD9RZnkGjKHg+N6VkdOD9p2rMGcT3cFISEvpoiFguKBKmkymYWg==",
         "size": 189025877
      },
      {
         "url": "anytype-0.55.4.x86_64.rpm",
         "sha512": "SmrdfZeSInIiRl2uzMLCDYYqz2N3gvzb4AlfD9RZnkGjKHg+N6VkdOD9p2rMGcT3cFISEvpoiFguKBKmkymYWg==",
         "size": 189025877
      }
   ],
   "path": "Anytype-0.55.4.AppImage",
   "sha512": "iVhg7x/IcehgFgoqn8NKBJ5Zlh1Ba0LCCfUSUA0vCgLClePi/Wa1B3K+g7FaPJ4caVLEApN+opsMXekenVAZBg==",
   "releaseDate": "2026-05-05T13:39:49.369Z"
}
[2026-05-22 16:06:45.199] [debug] checkForUpdatesAndNotify called, downloadPromise is null
[2026-05-22 16:16:44.937] [info]  Checking for update
[2026-05-22 16:16:44.937] [info]  Checking for update
[2026-05-22 16:16:45.224] [info]  Update for version 0.55.4 is not available (latest version: 0.55.4, downgrade is allowed).
[2026-05-22 16:16:45.224] [info]  Update not available: {
   "version": "0.55.4",
   "files": [
      {
         "url": "Anytype-0.55.4.AppImage",
         "sha512": "iVhg7x/IcehgFgoqn8NKBJ5Zlh1Ba0LCCfUSUA0vCgLClePi/Wa1B3K+g7FaPJ4caVLEApN+opsMXekenVAZBg==",
         "size": 255921020,
         "blockMapSize": 265104
      },
      {
         "url": "anytype_0.55.4_amd64.deb",
         "sha512": "h9AOC2BuEny0TIDmwtH3X2Z2If/U59v0urgHxEd1ttKDQnVHP3HbdrlSd6gRefM41tEvLs77AlGzVmnDQ2Lv2Q==",
         "size": 213511672
      },
      {
         "url": "anytype_0.55.4_amd64.deb",
         "sha512": "h9AOC2BuEny0TIDmwtH3X2Z2If/U59v0urgHxEd1ttKDQnVHP3HbdrlSd6gRefM41tEvLs77AlGzVmnDQ2Lv2Q==",
         "size": 213511672
      },
      {
         "url": "anytype_0.55.4_amd64.deb",
         "sha512": "h9AOC2BuEny0TIDmwtH3X2Z2If/U59v0urgHxEd1ttKDQnVHP3HbdrlSd6gRefM41tEvLs77AlGzVmnDQ2Lv2Q==",
         "size": 213511672
      },
      {
         "url": "anytype-0.55.4.x86_64.rpm",
         "sha512": "SmrdfZeSInIiRl2uzMLCDYYqz2N3gvzb4AlfD9RZnkGjKHg+N6VkdOD9p2rMGcT3cFISEvpoiFguKBKmkymYWg==",
         "size": 189025877
      },
      {
         "url": "anytype-0.55.4.x86_64.rpm",
         "sha512": "SmrdfZeSInIiRl2uzMLCDYYqz2N3gvzb4AlfD9RZnkGjKHg+N6VkdOD9p2rMGcT3cFISEvpoiFguKBKmkymYWg==",
         "size": 189025877
      },
      {
         "url": "anytype-0.55.4.x86_64.rpm",
         "sha512": "SmrdfZeSInIiRl2uzMLCDYYqz2N3gvzb4AlfD9RZnkGjKHg+N6VkdOD9p2rMGcT3cFISEvpoiFguKBKmkymYWg==",
         "size": 189025877
      }
   ],
   "path": "Anytype-0.55.4.AppImage",
   "sha512": "iVhg7x/IcehgFgoqn8NKBJ5Zlh1Ba0LCCfUSUA0vCgLClePi/Wa1B3K+g7FaPJ4caVLEApN+opsMXekenVAZBg==",
   "releaseDate": "2026-05-05T13:39:49.369Z"
}
[2026-05-22 16:16:45.225] [debug] checkForUpdatesAndNotify called, downloadPromise is null
[2026-05-22 16:26:44.956] [info]  Checking for update
[2026-05-22 16:26:44.956] [info]  Checking for update
[2026-05-22 16:26:45.239] [info]  Update for version 0.55.4 is not available (latest version: 0.55.4, downgrade is allowed).
[2026-05-22 16:26:45.239] [info]  Update not available: {
   "version": "0.55.4",
   "files": [
      {
         "url": "Anytype-0.55.4.AppImage",
         "sha512": "iVhg7x/IcehgFgoqn8NKBJ5Zlh1Ba0LCCfUSUA0vCgLClePi/Wa1B3K+g7FaPJ4caVLEApN+opsMXekenVAZBg==",
         "size": 255921020,
         "blockMapSize": 265104
      },
      {
         "url": "anytype_0.55.4_amd64.deb",
         "sha512": "h9AOC2BuEny0TIDmwtH3X2Z2If/U59v0urgHxEd1ttKDQnVHP3HbdrlSd6gRefM41tEvLs77AlGzVmnDQ2Lv2Q==",
         "size": 213511672
      },
      {
         "url": "anytype_0.55.4_amd64.deb",
         "sha512": "h9AOC2BuEny0TIDmwtH3X2Z2If/U59v0urgHxEd1ttKDQnVHP3HbdrlSd6gRefM41tEvLs77AlGzVmnDQ2Lv2Q==",
         "size": 213511672
      },
      {
         "url": "anytype_0.55.4_amd64.deb",
         "sha512": "h9AOC2BuEny0TIDmwtH3X2Z2If/U59v0urgHxEd1ttKDQnVHP3HbdrlSd6gRefM41tEvLs77AlGzVmnDQ2Lv2Q==",
         "size": 213511672
      },
      {
         "url": "anytype-0.55.4.x86_64.rpm",
         "sha512": "SmrdfZeSInIiRl2uzMLCDYYqz2N3gvzb4AlfD9RZnkGjKHg+N6VkdOD9p2rMGcT3cFISEvpoiFguKBKmkymYWg==",
         "size": 189025877
      },
      {
         "url": "anytype-0.55.4.x86_64.rpm",
         "sha512": "SmrdfZeSInIiRl2uzMLCDYYqz2N3gvzb4AlfD9RZnkGjKHg+N6VkdOD9p2rMGcT3cFISEvpoiFguKBKmkymYWg==",
         "size": 189025877
      },
      {
         "url": "anytype-0.55.4.x86_64.rpm",
         "sha512": "SmrdfZeSInIiRl2uzMLCDYYqz2N3gvzb4AlfD9RZnkGjKHg+N6VkdOD9p2rMGcT3cFISEvpoiFguKBKmkymYWg==",
         "size": 189025877
      }
   ],
   "path": "Anytype-0.55.4.AppImage",
   "sha512": "iVhg7x/IcehgFgoqn8NKBJ5Zlh1Ba0LCCfUSUA0vCgLClePi/Wa1B3K+g7FaPJ4caVLEApN+opsMXekenVAZBg==",
   "releaseDate": "2026-05-05T13:39:49.369Z"
}
[2026-05-22 16:26:45.240] [debug] checkForUpdatesAndNotify called, downloadPromise is null
[2026-05-22 16:36:45.056] [info]  Checking for update
[2026-05-22 16:36:45.057] [info]  Checking for update
[2026-05-22 16:36:45.341] [info]  Update for version 0.55.4 is not available (latest version: 0.55.4, downgrade is allowed).
[2026-05-22 16:36:45.341] [info]  Update not available: {
   "version": "0.55.4",
   "files": [
      {
         "url": "Anytype-0.55.4.AppImage",
         "sha512": "iVhg7x/IcehgFgoqn8NKBJ5Zlh1Ba0LCCfUSUA0vCgLClePi/Wa1B3K+g7FaPJ4caVLEApN+opsMXekenVAZBg==",
         "size": 255921020,
         "blockMapSize": 265104
      },
      {
         "url": "anytype_0.55.4_amd64.deb",
         "sha512": "h9AOC2BuEny0TIDmwtH3X2Z2If/U59v0urgHxEd1ttKDQnVHP3HbdrlSd6gRefM41tEvLs77AlGzVmnDQ2Lv2Q==",
         "size": 213511672
      },
      {
         "url": "anytype_0.55.4_amd64.deb",
         "sha512": "h9AOC2BuEny0TIDmwtH3X2Z2If/U59v0urgHxEd1ttKDQnVHP3HbdrlSd6gRefM41tEvLs77AlGzVmnDQ2Lv2Q==",
         "size": 213511672
      },
      {
         "url": "anytype_0.55.4_amd64.deb",
         "sha512": "h9AOC2BuEny0TIDmwtH3X2Z2If/U59v0urgHxEd1ttKDQnVHP3HbdrlSd6gRefM41tEvLs77AlGzVmnDQ2Lv2Q==",
         "size": 213511672
      },
      {
         "url": "anytype-0.55.4.x86_64.rpm",
         "sha512": "SmrdfZeSInIiRl2uzMLCDYYqz2N3gvzb4AlfD9RZnkGjKHg+N6VkdOD9p2rMGcT3cFISEvpoiFguKBKmkymYWg==",
         "size": 189025877
      },
      {
         "url": "anytype-0.55.4.x86_64.rpm",
         "sha512": "SmrdfZeSInIiRl2uzMLCDYYqz2N3gvzb4AlfD9RZnkGjKHg+N6VkdOD9p2rMGcT3cFISEvpoiFguKBKmkymYWg==",
         "size": 189025877
      },
      {
         "url": "anytype-0.55.4.x86_64.rpm",
         "sha512": "SmrdfZeSInIiRl2uzMLCDYYqz2N3gvzb4AlfD9RZnkGjKHg+N6VkdOD9p2rMGcT3cFISEvpoiFguKBKmkymYWg==",
         "size": 189025877
      }
   ],
   "path": "Anytype-0.55.4.AppImage",
   "sha512": "iVhg7x/IcehgFgoqn8NKBJ5Zlh1Ba0LCCfUSUA0vCgLClePi/Wa1B3K+g7FaPJ4caVLEApN+opsMXekenVAZBg==",
   "releaseDate": "2026-05-05T13:39:49.369Z"
}
[2026-05-22 16:36:45.342] [debug] checkForUpdatesAndNotify called, downloadPromise is null
[2026-05-22 16:46:45.156] [info]  Checking for update
[2026-05-22 16:46:45.156] [info]  Checking for update
[2026-05-22 16:46:45.437] [info]  Update for version 0.55.4 is not available (latest version: 0.55.4, downgrade is allowed).
[2026-05-22 16:46:45.438] [info]  Update not available: {
   "version": "0.55.4",
   "files": [
      {
         "url": "Anytype-0.55.4.AppImage",
         "sha512": "iVhg7x/IcehgFgoqn8NKBJ5Zlh1Ba0LCCfUSUA0vCgLClePi/Wa1B3K+g7FaPJ4caVLEApN+opsMXekenVAZBg==",
         "size": 255921020,
         "blockMapSize": 265104
      },
      {
         "url": "anytype_0.55.4_amd64.deb",
         "sha512": "h9AOC2BuEny0TIDmwtH3X2Z2If/U59v0urgHxEd1ttKDQnVHP3HbdrlSd6gRefM41tEvLs77AlGzVmnDQ2Lv2Q==",
         "size": 213511672
      },
      {
         "url": "anytype_0.55.4_amd64.deb",
         "sha512": "h9AOC2BuEny0TIDmwtH3X2Z2If/U59v0urgHxEd1ttKDQnVHP3HbdrlSd6gRefM41tEvLs77AlGzVmnDQ2Lv2Q==",
         "size": 213511672
      },
      {
         "url": "anytype_0.55.4_amd64.deb",
         "sha512": "h9AOC2BuEny0TIDmwtH3X2Z2If/U59v0urgHxEd1ttKDQnVHP3HbdrlSd6gRefM41tEvLs77AlGzVmnDQ2Lv2Q==",
         "size": 213511672
      },
      {
         "url": "anytype-0.55.4.x86_64.rpm",
         "sha512": "SmrdfZeSInIiRl2uzMLCDYYqz2N3gvzb4AlfD9RZnkGjKHg+N6VkdOD9p2rMGcT3cFISEvpoiFguKBKmkymYWg==",
         "size": 189025877
      },
      {
         "url": "anytype-0.55.4.x86_64.rpm",
         "sha512": "SmrdfZeSInIiRl2uzMLCDYYqz2N3gvzb4AlfD9RZnkGjKHg+N6VkdOD9p2rMGcT3cFISEvpoiFguKBKmkymYWg==",
         "size": 189025877
      },
      {
         "url": "anytype-0.55.4.x86_64.rpm",
         "sha512": "SmrdfZeSInIiRl2uzMLCDYYqz2N3gvzb4AlfD9RZnkGjKHg+N6VkdOD9p2rMGcT3cFISEvpoiFguKBKmkymYWg==",
         "size": 189025877
      }
   ],
   "path": "Anytype-0.55.4.AppImage",
   "sha512": "iVhg7x/IcehgFgoqn8NKBJ5Zlh1Ba0LCCfUSUA0vCgLClePi/Wa1B3K+g7FaPJ4caVLEApN+opsMXekenVAZBg==",
   "releaseDate": "2026-05-05T13:39:49.369Z"
}
[2026-05-22 16:46:45.439] [debug] checkForUpdatesAndNotify called, downloadPromise is null
[2026-05-22 16:56:45.216] [info]  Checking for update
[2026-05-22 16:56:45.216] [info]  Checking for update
[2026-05-22 16:56:45.514] [info]  Update for version 0.55.4 is not available (latest version: 0.55.4, downgrade is allowed).
[2026-05-22 16:56:45.515] [info]  Update not available: {
   "version": "0.55.4",
   "files": [
      {
         "url": "Anytype-0.55.4.AppImage",
         "sha512": "iVhg7x/IcehgFgoqn8NKBJ5Zlh1Ba0LCCfUSUA0vCgLClePi/Wa1B3K+g7FaPJ4caVLEApN+opsMXekenVAZBg==",
         "size": 255921020,
         "blockMapSize": 265104
      },
      {
         "url": "anytype_0.55.4_amd64.deb",
         "sha512": "h9AOC2BuEny0TIDmwtH3X2Z2If/U59v0urgHxEd1ttKDQnVHP3HbdrlSd6gRefM41tEvLs77AlGzVmnDQ2Lv2Q==",
         "size": 213511672
      },
      {
         "url": "anytype_0.55.4_amd64.deb",
         "sha512": "h9AOC2BuEny0TIDmwtH3X2Z2If/U59v0urgHxEd1ttKDQnVHP3HbdrlSd6gRefM41tEvLs77AlGzVmnDQ2Lv2Q==",
         "size": 213511672
      },
      {
         "url": "anytype_0.55.4_amd64.deb",
         "sha512": "h9AOC2BuEny0TIDmwtH3X2Z2If/U59v0urgHxEd1ttKDQnVHP3HbdrlSd6gRefM41tEvLs77AlGzVmnDQ2Lv2Q==",
         "size": 213511672
      },
      {
         "url": "anytype-0.55.4.x86_64.rpm",
         "sha512": "SmrdfZeSInIiRl2uzMLCDYYqz2N3gvzb4AlfD9RZnkGjKHg+N6VkdOD9p2rMGcT3cFISEvpoiFguKBKmkymYWg==",
         "size": 189025877
      },
      {
         "url": "anytype-0.55.4.x86_64.rpm",
         "sha512": "SmrdfZeSInIiRl2uzMLCDYYqz2N3gvzb4AlfD9RZnkGjKHg+N6VkdOD9p2rMGcT3cFISEvpoiFguKBKmkymYWg==",
         "size": 189025877
      },
      {
         "url": "anytype-0.55.4.x86_64.rpm",
         "sha512": "SmrdfZeSInIiRl2uzMLCDYYqz2N3gvzb4AlfD9RZnkGjKHg+N6VkdOD9p2rMGcT3cFISEvpoiFguKBKmkymYWg==",
         "size": 189025877
      }
   ],
   "path": "Anytype-0.55.4.AppImage",
   "sha512": "iVhg7x/IcehgFgoqn8NKBJ5Zlh1Ba0LCCfUSUA0vCgLClePi/Wa1B3K+g7FaPJ4caVLEApN+opsMXekenVAZBg==",
   "releaseDate": "2026-05-05T13:39:49.369Z"
}
[2026-05-22 16:56:45.516] [debug] checkForUpdatesAndNotify called, downloadPromise is null
[2026-05-22 17:06:45.256] [info]  Checking for update
[2026-05-22 17:06:45.256] [info]  Checking for update
[2026-05-22 17:06:45.546] [info]  Update for version 0.55.4 is not available (latest version: 0.55.4, downgrade is allowed).
[2026-05-22 17:06:45.547] [info]  Update not available: {
   "version": "0.55.4",
   "files": [
      {
         "url": "Anytype-0.55.4.AppImage",
         "sha512": "iVhg7x/IcehgFgoqn8NKBJ5Zlh1Ba0LCCfUSUA0vCgLClePi/Wa1B3K+g7FaPJ4caVLEApN+opsMXekenVAZBg==",
         "size": 255921020,
         "blockMapSize": 265104
      },
      {
         "url": "anytype_0.55.4_amd64.deb",
         "sha512": "h9AOC2BuEny0TIDmwtH3X2Z2If/U59v0urgHxEd1ttKDQnVHP3HbdrlSd6gRefM41tEvLs77AlGzVmnDQ2Lv2Q==",
         "size": 213511672
      },
      {
         "url": "anytype_0.55.4_amd64.deb",
         "sha512": "h9AOC2BuEny0TIDmwtH3X2Z2If/U59v0urgHxEd1ttKDQnVHP3HbdrlSd6gRefM41tEvLs77AlGzVmnDQ2Lv2Q==",
         "size": 213511672
      },
      {
         "url": "anytype_0.55.4_amd64.deb",
         "sha512": "h9AOC2BuEny0TIDmwtH3X2Z2If/U59v0urgHxEd1ttKDQnVHP3HbdrlSd6gRefM41tEvLs77AlGzVmnDQ2Lv2Q==",
         "size": 213511672
      },
      {
         "url": "anytype-0.55.4.x86_64.rpm",
         "sha512": "SmrdfZeSInIiRl2uzMLCDYYqz2N3gvzb4AlfD9RZnkGjKHg+N6VkdOD9p2rMGcT3cFISEvpoiFguKBKmkymYWg==",
         "size": 189025877
      },
      {
         "url": "anytype-0.55.4.x86_64.rpm",
         "sha512": "SmrdfZeSInIiRl2uzMLCDYYqz2N3gvzb4AlfD9RZnkGjKHg+N6VkdOD9p2rMGcT3cFISEvpoiFguKBKmkymYWg==",
         "size": 189025877
      },
      {
         "url": "anytype-0.55.4.x86_64.rpm",
         "sha512": "SmrdfZeSInIiRl2uzMLCDYYqz2N3gvzb4AlfD9RZnkGjKHg+N6VkdOD9p2rMGcT3cFISEvpoiFguKBKmkymYWg==",
         "size": 189025877
      }
   ],
   "path": "Anytype-0.55.4.AppImage",
   "sha512": "iVhg7x/IcehgFgoqn8NKBJ5Zlh1Ba0LCCfUSUA0vCgLClePi/Wa1B3K+g7FaPJ4caVLEApN+opsMXekenVAZBg==",
   "releaseDate": "2026-05-05T13:39:49.369Z"
}
[2026-05-22 17:06:45.548] [debug] checkForUpdatesAndNotify called, downloadPromise is null
[2026-05-22 17:16:45.335] [info]  Checking for update
[2026-05-22 17:16:45.336] [info]  Checking for update
[2026-05-22 17:16:45.625] [info]  Update for version 0.55.4 is not available (latest version: 0.55.4, downgrade is allowed).
[2026-05-22 17:16:45.625] [info]  Update not available: {
   "version": "0.55.4",
   "files": [
      {
         "url": "Anytype-0.55.4.AppImage",
         "sha512": "iVhg7x/IcehgFgoqn8NKBJ5Zlh1Ba0LCCfUSUA0vCgLClePi/Wa1B3K+g7FaPJ4caVLEApN+opsMXekenVAZBg==",
         "size": 255921020,
         "blockMapSize": 265104
      },
      {
         "url": "anytype_0.55.4_amd64.deb",
         "sha512": "h9AOC2BuEny0TIDmwtH3X2Z2If/U59v0urgHxEd1ttKDQnVHP3HbdrlSd6gRefM41tEvLs77AlGzVmnDQ2Lv2Q==",
         "size": 213511672
      },
      {
         "url": "anytype_0.55.4_amd64.deb",
         "sha512": "h9AOC2BuEny0TIDmwtH3X2Z2If/U59v0urgHxEd1ttKDQnVHP3HbdrlSd6gRefM41tEvLs77AlGzVmnDQ2Lv2Q==",
         "size": 213511672
      },
      {
         "url": "anytype_0.55.4_amd64.deb",
         "sha512": "h9AOC2BuEny0TIDmwtH3X2Z2If/U59v0urgHxEd1ttKDQnVHP3HbdrlSd6gRefM41tEvLs77AlGzVmnDQ2Lv2Q==",
         "size": 213511672
      },
      {
         "url": "anytype-0.55.4.x86_64.rpm",
         "sha512": "SmrdfZeSInIiRl2uzMLCDYYqz2N3gvzb4AlfD9RZnkGjKHg+N6VkdOD9p2rMGcT3cFISEvpoiFguKBKmkymYWg==",
         "size": 189025877
      },
      {
         "url": "anytype-0.55.4.x86_64.rpm",
         "sha512": "SmrdfZeSInIiRl2uzMLCDYYqz2N3gvzb4AlfD9RZnkGjKHg+N6VkdOD9p2rMGcT3cFISEvpoiFguKBKmkymYWg==",
         "size": 189025877
      },
      {
         "url": "anytype-0.55.4.x86_64.rpm",
         "sha512": "SmrdfZeSInIiRl2uzMLCDYYqz2N3gvzb4AlfD9RZnkGjKHg+N6VkdOD9p2rMGcT3cFISEvpoiFguKBKmkymYWg==",
         "size": 189025877
      }
   ],
   "path": "Anytype-0.55.4.AppImage",
   "sha512": "iVhg7x/IcehgFgoqn8NKBJ5Zlh1Ba0LCCfUSUA0vCgLClePi/Wa1B3K+g7FaPJ4caVLEApN+opsMXekenVAZBg==",
   "releaseDate": "2026-05-05T13:39:49.369Z"
}
[2026-05-22 17:16:45.626] [debug] checkForUpdatesAndNotify called, downloadPromise is null
[2026-05-22 17:26:45.375] [info]  Checking for update
[2026-05-22 17:26:45.376] [info]  Checking for update
[2026-05-22 17:26:45.656] [info]  Update for version 0.55.4 is not available (latest version: 0.55.4, downgrade is allowed).
[2026-05-22 17:26:45.656] [info]  Update not available: {
   "version": "0.55.4",
   "files": [
      {
         "url": "Anytype-0.55.4.AppImage",
         "sha512": "iVhg7x/IcehgFgoqn8NKBJ5Zlh1Ba0LCCfUSUA0vCgLClePi/Wa1B3K+g7FaPJ4caVLEApN+opsMXekenVAZBg==",
         "size": 255921020,
         "blockMapSize": 265104
      },
      {
         "url": "anytype_0.55.4_amd64.deb",
         "sha512": "h9AOC2BuEny0TIDmwtH3X2Z2If/U59v0urgHxEd1ttKDQnVHP3HbdrlSd6gRefM41tEvLs77AlGzVmnDQ2Lv2Q==",
         "size": 213511672
      },
      {
         "url": "anytype_0.55.4_amd64.deb",
         "sha512": "h9AOC2BuEny0TIDmwtH3X2Z2If/U59v0urgHxEd1ttKDQnVHP3HbdrlSd6gRefM41tEvLs77AlGzVmnDQ2Lv2Q==",
         "size": 213511672
      },
      {
         "url": "anytype_0.55.4_amd64.deb",
         "sha512": "h9AOC2BuEny0TIDmwtH3X2Z2If/U59v0urgHxEd1ttKDQnVHP3HbdrlSd6gRefM41tEvLs77AlGzVmnDQ2Lv2Q==",
         "size": 213511672
      },
      {
         "url": "anytype-0.55.4.x86_64.rpm",
         "sha512": "SmrdfZeSInIiRl2uzMLCDYYqz2N3gvzb4AlfD9RZnkGjKHg+N6VkdOD9p2rMGcT3cFISEvpoiFguKBKmkymYWg==",
         "size": 189025877
      },
      {
         "url": "anytype-0.55.4.x86_64.rpm",
         "sha512": "SmrdfZeSInIiRl2uzMLCDYYqz2N3gvzb4AlfD9RZnkGjKHg+N6VkdOD9p2rMGcT3cFISEvpoiFguKBKmkymYWg==",
         "size": 189025877
      },
      {
         "url": "anytype-0.55.4.x86_64.rpm",
         "sha512": "SmrdfZeSInIiRl2uzMLCDYYqz2N3gvzb4AlfD9RZnkGjKHg+N6VkdOD9p2rMGcT3cFISEvpoiFguKBKmkymYWg==",
         "size": 189025877
      }
   ],
   "path": "Anytype-0.55.4.AppImage",
   "sha512": "iVhg7x/IcehgFgoqn8NKBJ5Zlh1Ba0LCCfUSUA0vCgLClePi/Wa1B3K+g7FaPJ4caVLEApN+opsMXekenVAZBg==",
   "releaseDate": "2026-05-05T13:39:49.369Z"
}
[2026-05-22 17:26:45.657] [debug] checkForUpdatesAndNotify called, downloadPromise is null
[2026-05-22 17:36:45.437] [info]  Checking for update
[2026-05-22 17:36:45.437] [info]  Checking for update
[2026-05-22 17:36:45.707] [info]  Update for version 0.55.4 is not available (latest version: 0.55.4, downgrade is allowed).
[2026-05-22 17:36:45.708] [info]  Update not available: {
   "version": "0.55.4",
   "files": [
      {
         "url": "Anytype-0.55.4.AppImage",
         "sha512": "iVhg7x/IcehgFgoqn8NKBJ5Zlh1Ba0LCCfUSUA0vCgLClePi/Wa1B3K+g7FaPJ4caVLEApN+opsMXekenVAZBg==",
         "size": 255921020,
         "blockMapSize": 265104
      },
      {
         "url": "anytype_0.55.4_amd64.deb",
         "sha512": "h9AOC2BuEny0TIDmwtH3X2Z2If/U59v0urgHxEd1ttKDQnVHP3HbdrlSd6gRefM41tEvLs77AlGzVmnDQ2Lv2Q==",
         "size": 213511672
      },
      {
         "url": "anytype_0.55.4_amd64.deb",
         "sha512": "h9AOC2BuEny0TIDmwtH3X2Z2If/U59v0urgHxEd1ttKDQnVHP3HbdrlSd6gRefM41tEvLs77AlGzVmnDQ2Lv2Q==",
         "size": 213511672
      },
      {
         "url": "anytype_0.55.4_amd64.deb",
         "sha512": "h9AOC2BuEny0TIDmwtH3X2Z2If/U59v0urgHxEd1ttKDQnVHP3HbdrlSd6gRefM41tEvLs77AlGzVmnDQ2Lv2Q==",
         "size": 213511672
      },
      {
         "url": "anytype-0.55.4.x86_64.rpm",
         "sha512": "SmrdfZeSInIiRl2uzMLCDYYqz2N3gvzb4AlfD9RZnkGjKHg+N6VkdOD9p2rMGcT3cFISEvpoiFguKBKmkymYWg==",
         "size": 189025877
      },
      {
         "url": "anytype-0.55.4.x86_64.rpm",
         "sha512": "SmrdfZeSInIiRl2uzMLCDYYqz2N3gvzb4AlfD9RZnkGjKHg+N6VkdOD9p2rMGcT3cFISEvpoiFguKBKmkymYWg==",
         "size": 189025877
      },
      {
         "url": "anytype-0.55.4.x86_64.rpm",
         "sha512": "SmrdfZeSInIiRl2uzMLCDYYqz2N3gvzb4AlfD9RZnkGjKHg+N6VkdOD9p2rMGcT3cFISEvpoiFguKBKmkymYWg==",
         "size": 189025877
      }
   ],
   "path": "Anytype-0.55.4.AppImage",
   "sha512": "iVhg7x/IcehgFgoqn8NKBJ5Zlh1Ba0LCCfUSUA0vCgLClePi/Wa1B3K+g7FaPJ4caVLEApN+opsMXekenVAZBg==",
   "releaseDate": "2026-05-05T13:39:49.369Z"
}
[2026-05-22 17:36:45.708] [debug] checkForUpdatesAndNotify called, downloadPromise is null
[2026-05-22 17:46:45.497] [info]  Checking for update
[2026-05-22 17:46:45.497] [info]  Checking for update
[2026-05-22 17:46:45.780] [info]  Update for version 0.55.4 is not available (latest version: 0.55.4, downgrade is allowed).
[2026-05-22 17:46:45.781] [info]  Update not available: {
   "version": "0.55.4",
   "files": [
      {
         "url": "Anytype-0.55.4.AppImage",
         "sha512": "iVhg7x/IcehgFgoqn8NKBJ5Zlh1Ba0LCCfUSUA0vCgLClePi/Wa1B3K+g7FaPJ4caVLEApN+opsMXekenVAZBg==",
         "size": 255921020,
         "blockMapSize": 265104
      },
      {
         "url": "anytype_0.55.4_amd64.deb",
         "sha512": "h9AOC2BuEny0TIDmwtH3X2Z2If/U59v0urgHxEd1ttKDQnVHP3HbdrlSd6gRefM41tEvLs77AlGzVmnDQ2Lv2Q==",
         "size": 213511672
      },
      {
         "url": "anytype_0.55.4_amd64.deb",
         "sha512": "h9AOC2BuEny0TIDmwtH3X2Z2If/U59v0urgHxEd1ttKDQnVHP3HbdrlSd6gRefM41tEvLs77AlGzVmnDQ2Lv2Q==",
         "size": 213511672
      },
      {
         "url": "anytype_0.55.4_amd64.deb",
         "sha512": "h9AOC2BuEny0TIDmwtH3X2Z2If/U59v0urgHxEd1ttKDQnVHP3HbdrlSd6gRefM41tEvLs77AlGzVmnDQ2Lv2Q==",
         "size": 213511672
      },
      {
         "url": "anytype-0.55.4.x86_64.rpm",
         "sha512": "SmrdfZeSInIiRl2uzMLCDYYqz2N3gvzb4AlfD9RZnkGjKHg+N6VkdOD9p2rMGcT3cFISEvpoiFguKBKmkymYWg==",
         "size": 189025877
      },
      {
         "url": "anytype-0.55.4.x86_64.rpm",
         "sha512": "SmrdfZeSInIiRl2uzMLCDYYqz2N3gvzb4AlfD9RZnkGjKHg+N6VkdOD9p2rMGcT3cFISEvpoiFguKBKmkymYWg==",
         "size": 189025877
      },
      {
         "url": "anytype-0.55.4.x86_64.rpm",
         "sha512": "SmrdfZeSInIiRl2uzMLCDYYqz2N3gvzb4AlfD9RZnkGjKHg+N6VkdOD9p2rMGcT3cFISEvpoiFguKBKmkymYWg==",
         "size": 189025877
      }
   ],
   "path": "Anytype-0.55.4.AppImage",
   "sha512": "iVhg7x/IcehgFgoqn8NKBJ5Zlh1Ba0LCCfUSUA0vCgLClePi/Wa1B3K+g7FaPJ4caVLEApN+opsMXekenVAZBg==",
   "releaseDate": "2026-05-05T13:39:49.369Z"
}
[2026-05-22 17:46:45.781] [debug] checkForUpdatesAndNotify called, downloadPromise is null
[2026-05-22 17:56:45.538] [info]  Checking for update
[2026-05-22 17:56:45.538] [info]  Checking for update
[2026-05-22 17:56:45.818] [info]  Update for version 0.55.4 is not available (latest version: 0.55.4, downgrade is allowed).
[2026-05-22 17:56:45.819] [info]  Update not available: {
   "version": "0.55.4",
   "files": [
      {
         "url": "Anytype-0.55.4.AppImage",
         "sha512": "iVhg7x/IcehgFgoqn8NKBJ5Zlh1Ba0LCCfUSUA0vCgLClePi/Wa1B3K+g7FaPJ4caVLEApN+opsMXekenVAZBg==",
         "size": 255921020,
         "blockMapSize": 265104
      },
      {
         "url": "anytype_0.55.4_amd64.deb",
         "sha512": "h9AOC2BuEny0TIDmwtH3X2Z2If/U59v0urgHxEd1ttKDQnVHP3HbdrlSd6gRefM41tEvLs77AlGzVmnDQ2Lv2Q==",
         "size": 213511672
      },
      {
         "url": "anytype_0.55.4_amd64.deb",
         "sha512": "h9AOC2BuEny0TIDmwtH3X2Z2If/U59v0urgHxEd1ttKDQnVHP3HbdrlSd6gRefM41tEvLs77AlGzVmnDQ2Lv2Q==",
         "size": 213511672
      },
      {
         "url": "anytype_0.55.4_amd64.deb",
         "sha512": "h9AOC2BuEny0TIDmwtH3X2Z2If/U59v0urgHxEd1ttKDQnVHP3HbdrlSd6gRefM41tEvLs77AlGzVmnDQ2Lv2Q==",
         "size": 213511672
      },
      {
         "url": "anytype-0.55.4.x86_64.rpm",
         "sha512": "SmrdfZeSInIiRl2uzMLCDYYqz2N3gvzb4AlfD9RZnkGjKHg+N6VkdOD9p2rMGcT3cFISEvpoiFguKBKmkymYWg==",
         "size": 189025877
      },
      {
         "url": "anytype-0.55.4.x86_64.rpm",
         "sha512": "SmrdfZeSInIiRl2uzMLCDYYqz2N3gvzb4AlfD9RZnkGjKHg+N6VkdOD9p2rMGcT3cFISEvpoiFguKBKmkymYWg==",
         "size": 189025877
      },
      {
         "url": "anytype-0.55.4.x86_64.rpm",
         "sha512": "SmrdfZeSInIiRl2uzMLCDYYqz2N3gvzb4AlfD9RZnkGjKHg+N6VkdOD9p2rMGcT3cFISEvpoiFguKBKmkymYWg==",
         "size": 189025877
      }
   ],
   "path": "Anytype-0.55.4.AppImage",
   "sha512": "iVhg7x/IcehgFgoqn8NKBJ5Zlh1Ba0LCCfUSUA0vCgLClePi/Wa1B3K+g7FaPJ4caVLEApN+opsMXekenVAZBg==",
   "releaseDate": "2026-05-05T13:39:49.369Z"
}
[2026-05-22 17:56:45.820] [debug] checkForUpdatesAndNotify called, downloadPromise is null
[2026-05-23 07:32:15.224] [info]  [PowerMonitor] resume
[2026-05-23 07:33:15.742] [info]  Checking for update
[2026-05-23 07:33:15.743] [info]  Checking for update
[2026-05-23 07:33:16.027] [info]  Update for version 0.55.4 is not available (latest version: 0.55.4, downgrade is allowed).
[2026-05-23 07:33:16.028] [info]  Update not available: {
   "version": "0.55.4",
   "files": [
      {
         "url": "Anytype-0.55.4.AppImage",
         "sha512": "iVhg7x/IcehgFgoqn8NKBJ5Zlh1Ba0LCCfUSUA0vCgLClePi/Wa1B3K+g7FaPJ4caVLEApN+opsMXekenVAZBg==",
         "size": 255921020,
         "blockMapSize": 265104
      },
      {
         "url": "anytype_0.55.4_amd64.deb",
         "sha512": "h9AOC2BuEny0TIDmwtH3X2Z2If/U59v0urgHxEd1ttKDQnVHP3HbdrlSd6gRefM41tEvLs77AlGzVmnDQ2Lv2Q==",
         "size": 213511672
      },
      {
         "url": "anytype_0.55.4_amd64.deb",
         "sha512": "h9AOC2BuEny0TIDmwtH3X2Z2If/U59v0urgHxEd1ttKDQnVHP3HbdrlSd6gRefM41tEvLs77AlGzVmnDQ2Lv2Q==",
         "size": 213511672
      },
      {
         "url": "anytype_0.55.4_amd64.deb",
         "sha512": "h9AOC2BuEny0TIDmwtH3X2Z2If/U59v0urgHxEd1ttKDQnVHP3HbdrlSd6gRefM41tEvLs77AlGzVmnDQ2Lv2Q==",
         "size": 213511672
      },
      {
         "url": "anytype-0.55.4.x86_64.rpm",
         "sha512": "SmrdfZeSInIiRl2uzMLCDYYqz2N3gvzb4AlfD9RZnkGjKHg+N6VkdOD9p2rMGcT3cFISEvpoiFguKBKmkymYWg==",
         "size": 189025877
      },
      {
         "url": "anytype-0.55.4.x86_64.rpm",
         "sha512": "SmrdfZeSInIiRl2uzMLCDYYqz2N3gvzb4AlfD9RZnkGjKHg+N6VkdOD9p2rMGcT3cFISEvpoiFguKBKmkymYWg==",
         "size": 189025877
      },
      {
         "url": "anytype-0.55.4.x86_64.rpm",
         "sha512": "SmrdfZeSInIiRl2uzMLCDYYqz2N3gvzb4AlfD9RZnkGjKHg+N6VkdOD9p2rMGcT3cFISEvpoiFguKBKmkymYWg==",
         "size": 189025877
      }
   ],
   "path": "Anytype-0.55.4.AppImage",
   "sha512": "iVhg7x/IcehgFgoqn8NKBJ5Zlh1Ba0LCCfUSUA0vCgLClePi/Wa1B3K+g7FaPJ4caVLEApN+opsMXekenVAZBg==",
   "releaseDate": "2026-05-05T13:39:49.369Z"
}
[2026-05-23 07:33:16.029] [debug] checkForUpdatesAndNotify called, downloadPromise is null
[2026-05-23 07:43:15.801] [info]  Checking for update
[2026-05-23 07:43:15.801] [info]  Checking for update
[2026-05-23 07:43:16.073] [info]  Update for version 0.55.4 is not available (latest version: 0.55.4, downgrade is allowed).
[2026-05-23 07:43:16.073] [info]  Update not available: {
   "version": "0.55.4",
   "files": [
      {
         "url": "Anytype-0.55.4.AppImage",
         "sha512": "iVhg7x/IcehgFgoqn8NKBJ5Zlh1Ba0LCCfUSUA0vCgLClePi/Wa1B3K+g7FaPJ4caVLEApN+opsMXekenVAZBg==",
         "size": 255921020,
         "blockMapSize": 265104
      },
      {
         "url": "anytype_0.55.4_amd64.deb",
         "sha512": "h9AOC2BuEny0TIDmwtH3X2Z2If/U59v0urgHxEd1ttKDQnVHP3HbdrlSd6gRefM41tEvLs77AlGzVmnDQ2Lv2Q==",
         "size": 213511672
      },
      {
         "url": "anytype_0.55.4_amd64.deb",
         "sha512": "h9AOC2BuEny0TIDmwtH3X2Z2If/U59v0urgHxEd1ttKDQnVHP3HbdrlSd6gRefM41tEvLs77AlGzVmnDQ2Lv2Q==",
         "size": 213511672
      },
      {
         "url": "anytype_0.55.4_amd64.deb",
         "sha512": "h9AOC2BuEny0TIDmwtH3X2Z2If/U59v0urgHxEd1ttKDQnVHP3HbdrlSd6gRefM41tEvLs77AlGzVmnDQ2Lv2Q==",
         "size": 213511672
      },
      {
         "url": "anytype-0.55.4.x86_64.rpm",
         "sha512": "SmrdfZeSInIiRl2uzMLCDYYqz2N3gvzb4AlfD9RZnkGjKHg+N6VkdOD9p2rMGcT3cFISEvpoiFguKBKmkymYWg==",
         "size": 189025877
      },
      {
         "url": "anytype-0.55.4.x86_64.rpm",
         "sha512": "SmrdfZeSInIiRl2uzMLCDYYqz2N3gvzb4AlfD9RZnkGjKHg+N6VkdOD9p2rMGcT3cFISEvpoiFguKBKmkymYWg==",
         "size": 189025877
      },
      {
         "url": "anytype-0.55.4.x86_64.rpm",
         "sha512": "SmrdfZeSInIiRl2uzMLCDYYqz2N3gvzb4AlfD9RZnkGjKHg+N6VkdOD9p2rMGcT3cFISEvpoiFguKBKmkymYWg==",
         "size": 189025877
      }
   ],
   "path": "Anytype-0.55.4.AppImage",
   "sha512": "iVhg7x/IcehgFgoqn8NKBJ5Zlh1Ba0LCCfUSUA0vCgLClePi/Wa1B3K+g7FaPJ4caVLEApN+opsMXekenVAZBg==",
   "releaseDate": "2026-05-05T13:39:49.369Z"
}
[2026-05-23 07:43:16.073] [debug] checkForUpdatesAndNotify called, downloadPromise is null
[2026-05-23 07:53:15.817] [info]  Checking for update
[2026-05-23 07:53:15.817] [info]  Checking for update
[2026-05-23 07:53:16.082] [info]  Update for version 0.55.4 is not available (latest version: 0.55.4, downgrade is allowed).
[2026-05-23 07:53:16.083] [info]  Update not available: {
   "version": "0.55.4",
   "files": [
      {
         "url": "Anytype-0.55.4.AppImage",
         "sha512": "iVhg7x/IcehgFgoqn8NKBJ5Zlh1Ba0LCCfUSUA0vCgLClePi/Wa1B3K+g7FaPJ4caVLEApN+opsMXekenVAZBg==",
         "size": 255921020,
         "blockMapSize": 265104
      },
      {
         "url": "anytype_0.55.4_amd64.deb",
         "sha512": "h9AOC2BuEny0TIDmwtH3X2Z2If/U59v0urgHxEd1ttKDQnVHP3HbdrlSd6gRefM41tEvLs77AlGzVmnDQ2Lv2Q==",
         "size": 213511672
      },
      {
         "url": "anytype_0.55.4_amd64.deb",
         "sha512": "h9AOC2BuEny0TIDmwtH3X2Z2If/U59v0urgHxEd1ttKDQnVHP3HbdrlSd6gRefM41tEvLs77AlGzVmnDQ2Lv2Q==",
         "size": 213511672
      },
      {
         "url": "anytype_0.55.4_amd64.deb",
         "sha512": "h9AOC2BuEny0TIDmwtH3X2Z2If/U59v0urgHxEd1ttKDQnVHP3HbdrlSd6gRefM41tEvLs77AlGzVmnDQ2Lv2Q==",
         "size": 213511672
      },
      {
         "url": "anytype-0.55.4.x86_64.rpm",
         "sha512": "SmrdfZeSInIiRl2uzMLCDYYqz2N3gvzb4AlfD9RZnkGjKHg+N6VkdOD9p2rMGcT3cFISEvpoiFguKBKmkymYWg==",
         "size": 189025877
      },
      {
         "url": "anytype-0.55.4.x86_64.rpm",
         "sha512": "SmrdfZeSInIiRl2uzMLCDYYqz2N3gvzb4AlfD9RZnkGjKHg+N6VkdOD9p2rMGcT3cFISEvpoiFguKBKmkymYWg==",
         "size": 189025877
      },
      {
         "url": "anytype-0.55.4.x86_64.rpm",
         "sha512": "SmrdfZeSInIiRl2uzMLCDYYqz2N3gvzb4AlfD9RZnkGjKHg+N6VkdOD9p2rMGcT3cFISEvpoiFguKBKmkymYWg==",
         "size": 189025877
      }
   ],
   "path": "Anytype-0.55.4.AppImage",
   "sha512": "iVhg7x/IcehgFgoqn8NKBJ5Zlh1Ba0LCCfUSUA0vCgLClePi/Wa1B3K+g7FaPJ4caVLEApN+opsMXekenVAZBg==",
   "releaseDate": "2026-05-05T13:39:49.369Z"
}
[2026-05-23 07:53:16.083] [debug] checkForUpdatesAndNotify called, downloadPromise is null
[2026-05-23 08:03:15.918] [info]  Checking for update
[2026-05-23 08:03:15.918] [info]  Checking for update
[2026-05-23 08:03:16.198] [info]  Update for version 0.55.4 is not available (latest version: 0.55.4, downgrade is allowed).
[2026-05-23 08:03:16.198] [info]  Update not available: {
   "version": "0.55.4",
   "files": [
      {
         "url": "Anytype-0.55.4.AppImage",
         "sha512": "iVhg7x/IcehgFgoqn8NKBJ5Zlh1Ba0LCCfUSUA0vCgLClePi/Wa1B3K+g7FaPJ4caVLEApN+opsMXekenVAZBg==",
         "size": 255921020,
         "blockMapSize": 265104
      },
      {
         "url": "anytype_0.55.4_amd64.deb",
         "sha512": "h9AOC2BuEny0TIDmwtH3X2Z2If/U59v0urgHxEd1ttKDQnVHP3HbdrlSd6gRefM41tEvLs77AlGzVmnDQ2Lv2Q==",
         "size": 213511672
      },
      {
         "url": "anytype_0.55.4_amd64.deb",
         "sha512": "h9AOC2BuEny0TIDmwtH3X2Z2If/U59v0urgHxEd1ttKDQnVHP3HbdrlSd6gRefM41tEvLs77AlGzVmnDQ2Lv2Q==",
         "size": 213511672
      },
      {
         "url": "anytype_0.55.4_amd64.deb",
         "sha512": "h9AOC2BuEny0TIDmwtH3X2Z2If/U59v0urgHxEd1ttKDQnVHP3HbdrlSd6gRefM41tEvLs77AlGzVmnDQ2Lv2Q==",
         "size": 213511672
      },
      {
         "url": "anytype-0.55.4.x86_64.rpm",
         "sha512": "SmrdfZeSInIiRl2uzMLCDYYqz2N3gvzb4AlfD9RZnkGjKHg+N6VkdOD9p2rMGcT3cFISEvpoiFguKBKmkymYWg==",
         "size": 189025877
      },
      {
         "url": "anytype-0.55.4.x86_64.rpm",
         "sha512": "SmrdfZeSInIiRl2uzMLCDYYqz2N3gvzb4AlfD9RZnkGjKHg+N6VkdOD9p2rMGcT3cFISEvpoiFguKBKmkymYWg==",
         "size": 189025877
      },
      {
         "url": "anytype-0.55.4.x86_64.rpm",
         "sha512": "SmrdfZeSInIiRl2uzMLCDYYqz2N3gvzb4AlfD9RZnkGjKHg+N6VkdOD9p2rMGcT3cFISEvpoiFguKBKmkymYWg==",
         "size": 189025877
      }
   ],
   "path": "Anytype-0.55.4.AppImage",
   "sha512": "iVhg7x/IcehgFgoqn8NKBJ5Zlh1Ba0LCCfUSUA0vCgLClePi/Wa1B3K+g7FaPJ4caVLEApN+opsMXekenVAZBg==",
   "releaseDate": "2026-05-05T13:39:49.369Z"
}
[2026-05-23 08:03:16.199] [debug] checkForUpdatesAndNotify called, downloadPromise is null
[2026-05-23 08:13:16.018] [info]  Checking for update
[2026-05-23 08:13:16.018] [info]  Checking for update
[2026-05-23 08:13:22.246] [info]  Update for version 0.55.4 is not available (latest version: 0.55.4, downgrade is allowed).
[2026-05-23 08:13:22.246] [info]  Update not available: {
   "version": "0.55.4",
   "files": [
      {
         "url": "Anytype-0.55.4.AppImage",
         "sha512": "iVhg7x/IcehgFgoqn8NKBJ5Zlh1Ba0LCCfUSUA0vCgLClePi/Wa1B3K+g7FaPJ4caVLEApN+opsMXekenVAZBg==",
         "size": 255921020,
         "blockMapSize": 265104
      },
      {
         "url": "anytype_0.55.4_amd64.deb",
         "sha512": "h9AOC2BuEny0TIDmwtH3X2Z2If/U59v0urgHxEd1ttKDQnVHP3HbdrlSd6gRefM41tEvLs77AlGzVmnDQ2Lv2Q==",
         "size": 213511672
      },
      {
         "url": "anytype_0.55.4_amd64.deb",
         "sha512": "h9AOC2BuEny0TIDmwtH3X2Z2If/U59v0urgHxEd1ttKDQnVHP3HbdrlSd6gRefM41tEvLs77AlGzVmnDQ2Lv2Q==",
         "size": 213511672
      },
      {
         "url": "anytype_0.55.4_amd64.deb",
         "sha512": "h9AOC2BuEny0TIDmwtH3X2Z2If/U59v0urgHxEd1ttKDQnVHP3HbdrlSd6gRefM41tEvLs77AlGzVmnDQ2Lv2Q==",
         "size": 213511672
      },
      {
         "url": "anytype-0.55.4.x86_64.rpm",
         "sha512": "SmrdfZeSInIiRl2uzMLCDYYqz2N3gvzb4AlfD9RZnkGjKHg+N6VkdOD9p2rMGcT3cFISEvpoiFguKBKmkymYWg==",
         "size": 189025877
      },
      {
         "url": "anytype-0.55.4.x86_64.rpm",
         "sha512": "SmrdfZeSInIiRl2uzMLCDYYqz2N3gvzb4AlfD9RZnkGjKHg+N6VkdOD9p2rMGcT3cFISEvpoiFguKBKmkymYWg==",
         "size": 189025877
      },
      {
         "url": "anytype-0.55.4.x86_64.rpm",
         "sha512": "SmrdfZeSInIiRl2uzMLCDYYqz2N3gvzb4AlfD9RZnkGjKHg+N6VkdOD9p2rMGcT3cFISEvpoiFguKBKmkymYWg==",
         "size": 189025877
      }
   ],
   "path": "Anytype-0.55.4.AppImage",
   "sha512": "iVhg7x/IcehgFgoqn8NKBJ5Zlh1Ba0LCCfUSUA0vCgLClePi/Wa1B3K+g7FaPJ4caVLEApN+opsMXekenVAZBg==",
   "releaseDate": "2026-05-05T13:39:49.369Z"
}
[2026-05-23 08:13:22.246] [debug] checkForUpdatesAndNotify called, downloadPromise is null
[2026-05-23 08:23:16.059] [info]  Checking for update
[2026-05-23 08:23:16.059] [info]  Checking for update
[2026-05-23 08:23:16.335] [info]  Update for version 0.55.4 is not available (latest version: 0.55.4, downgrade is allowed).
[2026-05-23 08:23:16.335] [info]  Update not available: {
   "version": "0.55.4",
   "files": [
      {
         "url": "Anytype-0.55.4.AppImage",
         "sha512": "iVhg7x/IcehgFgoqn8NKBJ5Zlh1Ba0LCCfUSUA0vCgLClePi/Wa1B3K+g7FaPJ4caVLEApN+opsMXekenVAZBg==",
         "size": 255921020,
         "blockMapSize": 265104
      },
      {
         "url": "anytype_0.55.4_amd64.deb",
         "sha512": "h9AOC2BuEny0TIDmwtH3X2Z2If/U59v0urgHxEd1ttKDQnVHP3HbdrlSd6gRefM41tEvLs77AlGzVmnDQ2Lv2Q==",
         "size": 213511672
      },
      {
         "url": "anytype_0.55.4_amd64.deb",
         "sha512": "h9AOC2BuEny0TIDmwtH3X2Z2If/U59v0urgHxEd1ttKDQnVHP3HbdrlSd6gRefM41tEvLs77AlGzVmnDQ2Lv2Q==",
         "size": 213511672
      },
      {
         "url": "anytype_0.55.4_amd64.deb",
         "sha512": "h9AOC2BuEny0TIDmwtH3X2Z2If/U59v0urgHxEd1ttKDQnVHP3HbdrlSd6gRefM41tEvLs77AlGzVmnDQ2Lv2Q==",
         "size": 213511672
      },
      {
         "url": "anytype-0.55.4.x86_64.rpm",
         "sha512": "SmrdfZeSInIiRl2uzMLCDYYqz2N3gvzb4AlfD9RZnkGjKHg+N6VkdOD9p2rMGcT3cFISEvpoiFguKBKmkymYWg==",
         "size": 189025877
      },
      {
         "url": "anytype-0.55.4.x86_64.rpm",
         "sha512": "SmrdfZeSInIiRl2uzMLCDYYqz2N3gvzb4AlfD9RZnkGjKHg+N6VkdOD9p2rMGcT3cFISEvpoiFguKBKmkymYWg==",
         "size": 189025877
      },
      {
         "url": "anytype-0.55.4.x86_64.rpm",
         "sha512": "SmrdfZeSInIiRl2uzMLCDYYqz2N3gvzb4AlfD9RZnkGjKHg+N6VkdOD9p2rMGcT3cFISEvpoiFguKBKmkymYWg==",
         "size": 189025877
      }
   ],
   "path": "Anytype-0.55.4.AppImage",
   "sha512": "iVhg7x/IcehgFgoqn8NKBJ5Zlh1Ba0LCCfUSUA0vCgLClePi/Wa1B3K+g7FaPJ4caVLEApN+opsMXekenVAZBg==",
   "releaseDate": "2026-05-05T13:39:49.369Z"
}
[2026-05-23 08:23:16.336] [debug] checkForUpdatesAndNotify called, downloadPromise is null
[2026-05-23 08:33:16.080] [info]  Checking for update
[2026-05-23 08:33:16.081] [info]  Checking for update
[2026-05-23 08:33:16.372] [info]  Update for version 0.55.4 is not available (latest version: 0.55.4, downgrade is allowed).
[2026-05-23 08:33:16.373] [info]  Update not available: {
   "version": "0.55.4",
   "files": [
      {
         "url": "Anytype-0.55.4.AppImage",
         "sha512": "iVhg7x/IcehgFgoqn8NKBJ5Zlh1Ba0LCCfUSUA0vCgLClePi/Wa1B3K+g7FaPJ4caVLEApN+opsMXekenVAZBg==",
         "size": 255921020,
         "blockMapSize": 265104
      },
      {
         "url": "anytype_0.55.4_amd64.deb",
         "sha512": "h9AOC2BuEny0TIDmwtH3X2Z2If/U59v0urgHxEd1ttKDQnVHP3HbdrlSd6gRefM41tEvLs77AlGzVmnDQ2Lv2Q==",
         "size": 213511672
      },
      {
         "url": "anytype_0.55.4_amd64.deb",
         "sha512": "h9AOC2BuEny0TIDmwtH3X2Z2If/U59v0urgHxEd1ttKDQnVHP3HbdrlSd6gRefM41tEvLs77AlGzVmnDQ2Lv2Q==",
         "size": 213511672
      },
      {
         "url": "anytype_0.55.4_amd64.deb",
         "sha512": "h9AOC2BuEny0TIDmwtH3X2Z2If/U59v0urgHxEd1ttKDQnVHP3HbdrlSd6gRefM41tEvLs77AlGzVmnDQ2Lv2Q==",
         "size": 213511672
      },
      {
         "url": "anytype-0.55.4.x86_64.rpm",
         "sha512": "SmrdfZeSInIiRl2uzMLCDYYqz2N3gvzb4AlfD9RZnkGjKHg+N6VkdOD9p2rMGcT3cFISEvpoiFguKBKmkymYWg==",
         "size": 189025877
      },
      {
         "url": "anytype-0.55.4.x86_64.rpm",
         "sha512": "SmrdfZeSInIiRl2uzMLCDYYqz2N3gvzb4AlfD9RZnkGjKHg+N6VkdOD9p2rMGcT3cFISEvpoiFguKBKmkymYWg==",
         "size": 189025877
      },
      {
         "url": "anytype-0.55.4.x86_64.rpm",
         "sha512": "SmrdfZeSInIiRl2uzMLCDYYqz2N3gvzb4AlfD9RZnkGjKHg+N6VkdOD9p2rMGcT3cFISEvpoiFguKBKmkymYWg==",
         "size": 189025877
      }
   ],
   "path": "Anytype-0.55.4.AppImage",
   "sha512": "iVhg7x/IcehgFgoqn8NKBJ5Zlh1Ba0LCCfUSUA0vCgLClePi/Wa1B3K+g7FaPJ4caVLEApN+opsMXekenVAZBg==",
   "releaseDate": "2026-05-05T13:39:49.369Z"
}
[2026-05-23 08:33:16.374] [debug] checkForUpdatesAndNotify called, downloadPromise is null
[2026-05-23 08:43:16.101] [info]  Checking for update
[2026-05-23 08:43:16.101] [info]  Checking for update
[2026-05-23 08:43:16.380] [info]  Update for version 0.55.4 is not available (latest version: 0.55.4, downgrade is allowed).
[2026-05-23 08:43:16.381] [info]  Update not available: {
   "version": "0.55.4",
   "files": [
      {
         "url": "Anytype-0.55.4.AppImage",
         "sha512": "iVhg7x/IcehgFgoqn8NKBJ5Zlh1Ba0LCCfUSUA0vCgLClePi/Wa1B3K+g7FaPJ4caVLEApN+opsMXekenVAZBg==",
         "size": 255921020,
         "blockMapSize": 265104
      },
      {
         "url": "anytype_0.55.4_amd64.deb",
         "sha512": "h9AOC2BuEny0TIDmwtH3X2Z2If/U59v0urgHxEd1ttKDQnVHP3HbdrlSd6gRefM41tEvLs77AlGzVmnDQ2Lv2Q==",
         "size": 213511672
      },
      {
         "url": "anytype_0.55.4_amd64.deb",
         "sha512": "h9AOC2BuEny0TIDmwtH3X2Z2If/U59v0urgHxEd1ttKDQnVHP3HbdrlSd6gRefM41tEvLs77AlGzVmnDQ2Lv2Q==",
         "size": 213511672
      },
      {
         "url": "anytype_0.55.4_amd64.deb",
         "sha512": "h9AOC2BuEny0TIDmwtH3X2Z2If/U59v0urgHxEd1ttKDQnVHP3HbdrlSd6gRefM41tEvLs77AlGzVmnDQ2Lv2Q==",
         "size": 213511672
      },
      {
         "url": "anytype-0.55.4.x86_64.rpm",
         "sha512": "SmrdfZeSInIiRl2uzMLCDYYqz2N3gvzb4AlfD9RZnkGjKHg+N6VkdOD9p2rMGcT3cFISEvpoiFguKBKmkymYWg==",
         "size": 189025877
      },
      {
         "url": "anytype-0.55.4.x86_64.rpm",
         "sha512": "SmrdfZeSInIiRl2uzMLCDYYqz2N3gvzb4AlfD9RZnkGjKHg+N6VkdOD9p2rMGcT3cFISEvpoiFguKBKmkymYWg==",
         "size": 189025877
      },
      {
         "url": "anytype-0.55.4.x86_64.rpm",
         "sha512": "SmrdfZeSInIiRl2uzMLCDYYqz2N3gvzb4AlfD9RZnkGjKHg+N6VkdOD9p2rMGcT3cFISEvpoiFguKBKmkymYWg==",
         "size": 189025877
      }
   ],
   "path": "Anytype-0.55.4.AppImage",
   "sha512": "iVhg7x/IcehgFgoqn8NKBJ5Zlh1Ba0LCCfUSUA0vCgLClePi/Wa1B3K+g7FaPJ4caVLEApN+opsMXekenVAZBg==",
   "releaseDate": "2026-05-05T13:39:49.369Z"
}
[2026-05-23 08:43:16.382] [debug] checkForUpdatesAndNotify called, downloadPromise is null
[2026-05-23 19:20:59.890] [info]  [PowerMonitor] resume
[2026-05-23 19:22:38.003] [info]  Checking for update
[2026-05-23 19:22:38.004] [info]  Checking for update
[2026-05-23 19:22:38.292] [info]  Update for version 0.55.4 is not available (latest version: 0.55.4, downgrade is allowed).
[2026-05-23 19:22:38.292] [info]  Update not available: {
   "version": "0.55.4",
   "files": [
      {
         "url": "Anytype-0.55.4.AppImage",
         "sha512": "iVhg7x/IcehgFgoqn8NKBJ5Zlh1Ba0LCCfUSUA0vCgLClePi/Wa1B3K+g7FaPJ4caVLEApN+opsMXekenVAZBg==",
         "size": 255921020,
         "blockMapSize": 265104
      },
      {
         "url": "anytype_0.55.4_amd64.deb",
         "sha512": "h9AOC2BuEny0TIDmwtH3X2Z2If/U59v0urgHxEd1ttKDQnVHP3HbdrlSd6gRefM41tEvLs77AlGzVmnDQ2Lv2Q==",
         "size": 213511672
      },
      {
         "url": "anytype_0.55.4_amd64.deb",
         "sha512": "h9AOC2BuEny0TIDmwtH3X2Z2If/U59v0urgHxEd1ttKDQnVHP3HbdrlSd6gRefM41tEvLs77AlGzVmnDQ2Lv2Q==",
         "size": 213511672
      },
      {
         "url": "anytype_0.55.4_amd64.deb",
         "sha512": "h9AOC2BuEny0TIDmwtH3X2Z2If/U59v0urgHxEd1ttKDQnVHP3HbdrlSd6gRefM41tEvLs77AlGzVmnDQ2Lv2Q==",
         "size": 213511672
      },
      {
         "url": "anytype-0.55.4.x86_64.rpm",
         "sha512": "SmrdfZeSInIiRl2uzMLCDYYqz2N3gvzb4AlfD9RZnkGjKHg+N6VkdOD9p2rMGcT3cFISEvpoiFguKBKmkymYWg==",
         "size": 189025877
      },
      {
         "url": "anytype-0.55.4.x86_64.rpm",
         "sha512": "SmrdfZeSInIiRl2uzMLCDYYqz2N3gvzb4AlfD9RZnkGjKHg+N6VkdOD9p2rMGcT3cFISEvpoiFguKBKmkymYWg==",
         "size": 189025877
      },
      {
         "url": "anytype-0.55.4.x86_64.rpm",
         "sha512": "SmrdfZeSInIiRl2uzMLCDYYqz2N3gvzb4AlfD9RZnkGjKHg+N6VkdOD9p2rMGcT3cFISEvpoiFguKBKmkymYWg==",
         "size": 189025877
      }
   ],
   "path": "Anytype-0.55.4.AppImage",
   "sha512": "iVhg7x/IcehgFgoqn8NKBJ5Zlh1Ba0LCCfUSUA0vCgLClePi/Wa1B3K+g7FaPJ4caVLEApN+opsMXekenVAZBg==",
   "releaseDate": "2026-05-05T13:39:49.369Z"
}
[2026-05-23 19:22:38.292] [debug] checkForUpdatesAndNotify called, downloadPromise is null
[2026-05-23 19:53:28.011] [info]  [PowerMonitor] resume
[2026-05-23 20:01:56.238] [info]  [PowerMonitor] resume
[2026-05-23 21:17:50.167] [info]  [PowerMonitor] resume
[2026-05-23 23:31:14.075] [info]  [PowerMonitor] resume
[2026-05-23 23:35:23.652] [info]  Checking for update
[2026-05-23 23:35:23.652] [info]  Checking for update
[2026-05-23 23:35:24.081] [info]  Update for version 0.55.4 is not available (latest version: 0.55.4, downgrade is allowed).
[2026-05-23 23:35:24.081] [info]  Update not available: {
   "version": "0.55.4",
   "files": [
      {
         "url": "Anytype-0.55.4.AppImage",
         "sha512": "iVhg7x/IcehgFgoqn8NKBJ5Zlh1Ba0LCCfUSUA0vCgLClePi/Wa1B3K+g7FaPJ4caVLEApN+opsMXekenVAZBg==",
         "size": 255921020,
         "blockMapSize": 265104
      },
      {
         "url": "anytype_0.55.4_amd64.deb",
         "sha512": "h9AOC2BuEny0TIDmwtH3X2Z2If/U59v0urgHxEd1ttKDQnVHP3HbdrlSd6gRefM41tEvLs77AlGzVmnDQ2Lv2Q==",
         "size": 213511672
      },
      {
         "url": "anytype_0.55.4_amd64.deb",
         "sha512": "h9AOC2BuEny0TIDmwtH3X2Z2If/U59v0urgHxEd1ttKDQnVHP3HbdrlSd6gRefM41tEvLs77AlGzVmnDQ2Lv2Q==",
         "size": 213511672
      },
      {
         "url": "anytype_0.55.4_amd64.deb",
         "sha512": "h9AOC2BuEny0TIDmwtH3X2Z2If/U59v0urgHxEd1ttKDQnVHP3HbdrlSd6gRefM41tEvLs77AlGzVmnDQ2Lv2Q==",
         "size": 213511672
      },
      {
         "url": "anytype-0.55.4.x86_64.rpm",
         "sha512": "SmrdfZeSInIiRl2uzMLCDYYqz2N3gvzb4AlfD9RZnkGjKHg+N6VkdOD9p2rMGcT3cFISEvpoiFguKBKmkymYWg==",
         "size": 189025877
      },
      {
         "url": "anytype-0.55.4.x86_64.rpm",
         "sha512": "SmrdfZeSInIiRl2uzMLCDYYqz2N3gvzb4AlfD9RZnkGjKHg+N6VkdOD9p2rMGcT3cFISEvpoiFguKBKmkymYWg==",
         "size": 189025877
      },
      {
         "url": "anytype-0.55.4.x86_64.rpm",
         "sha512": "SmrdfZeSInIiRl2uzMLCDYYqz2N3gvzb4AlfD9RZnkGjKHg+N6VkdOD9p2rMGcT3cFISEvpoiFguKBKmkymYWg==",
         "size": 189025877
      }
   ],
   "path": "Anytype-0.55.4.AppImage",
   "sha512": "iVhg7x/IcehgFgoqn8NKBJ5Zlh1Ba0LCCfUSUA0vCgLClePi/Wa1B3K+g7FaPJ4caVLEApN+opsMXekenVAZBg==",
   "releaseDate": "2026-05-05T13:39:49.369Z"
}
[2026-05-23 23:35:24.084] [debug] checkForUpdatesAndNotify called, downloadPromise is null
[2026-05-23 23:45:23.672] [info]  Checking for update
[2026-05-23 23:45:23.673] [info]  Checking for update
[2026-05-23 23:45:23.969] [info]  Update for version 0.55.4 is not available (latest version: 0.55.4, downgrade is allowed).
[2026-05-23 23:45:23.969] [info]  Update not available: {
   "version": "0.55.4",
   "files": [
      {
         "url": "Anytype-0.55.4.AppImage",
         "sha512": "iVhg7x/IcehgFgoqn8NKBJ5Zlh1Ba0LCCfUSUA0vCgLClePi/Wa1B3K+g7FaPJ4caVLEApN+opsMXekenVAZBg==",
         "size": 255921020,
         "blockMapSize": 265104
      },
      {
         "url": "anytype_0.55.4_amd64.deb",
         "sha512": "h9AOC2BuEny0TIDmwtH3X2Z2If/U59v0urgHxEd1ttKDQnVHP3HbdrlSd6gRefM41tEvLs77AlGzVmnDQ2Lv2Q==",
         "size": 213511672
      },
      {
         "url": "anytype_0.55.4_amd64.deb",
         "sha512": "h9AOC2BuEny0TIDmwtH3X2Z2If/U59v0urgHxEd1ttKDQnVHP3HbdrlSd6gRefM41tEvLs77AlGzVmnDQ2Lv2Q==",
         "size": 213511672
      },
      {
         "url": "anytype_0.55.4_amd64.deb",
         "sha512": "h9AOC2BuEny0TIDmwtH3X2Z2If/U59v0urgHxEd1ttKDQnVHP3HbdrlSd6gRefM41tEvLs77AlGzVmnDQ2Lv2Q==",
         "size": 213511672
      },
      {
         "url": "anytype-0.55.4.x86_64.rpm",
         "sha512": "SmrdfZeSInIiRl2uzMLCDYYqz2N3gvzb4AlfD9RZnkGjKHg+N6VkdOD9p2rMGcT3cFISEvpoiFguKBKmkymYWg==",
         "size": 189025877
      },
      {
         "url": "anytype-0.55.4.x86_64.rpm",
         "sha512": "SmrdfZeSInIiRl2uzMLCDYYqz2N3gvzb4AlfD9RZnkGjKHg+N6VkdOD9p2rMGcT3cFISEvpoiFguKBKmkymYWg==",
         "size": 189025877
      },
      {
         "url": "anytype-0.55.4.x86_64.rpm",
         "sha512": "SmrdfZeSInIiRl2uzMLCDYYqz2N3gvzb4AlfD9RZnkGjKHg+N6VkdOD9p2rMGcT3cFISEvpoiFguKBKmkymYWg==",
         "size": 189025877
      }
   ],
   "path": "Anytype-0.55.4.AppImage",
   "sha512": "iVhg7x/IcehgFgoqn8NKBJ5Zlh1Ba0LCCfUSUA0vCgLClePi/Wa1B3K+g7FaPJ4caVLEApN+opsMXekenVAZBg==",
   "releaseDate": "2026-05-05T13:39:49.369Z"
}
[2026-05-23 23:45:23.970] [debug] checkForUpdatesAndNotify called, downloadPromise is null
[2026-05-23 23:55:23.773] [info]  Checking for update
[2026-05-23 23:55:23.774] [info]  Checking for update
[2026-05-23 23:55:24.068] [info]  Update for version 0.55.4 is not available (latest version: 0.55.4, downgrade is allowed).
[2026-05-23 23:55:24.068] [info]  Update not available: {
   "version": "0.55.4",
   "files": [
      {
         "url": "Anytype-0.55.4.AppImage",
         "sha512": "iVhg7x/IcehgFgoqn8NKBJ5Zlh1Ba0LCCfUSUA0vCgLClePi/Wa1B3K+g7FaPJ4caVLEApN+opsMXekenVAZBg==",
         "size": 255921020,
         "blockMapSize": 265104
      },
      {
         "url": "anytype_0.55.4_amd64.deb",
         "sha512": "h9AOC2BuEny0TIDmwtH3X2Z2If/U59v0urgHxEd1ttKDQnVHP3HbdrlSd6gRefM41tEvLs77AlGzVmnDQ2Lv2Q==",
         "size": 213511672
      },
      {
         "url": "anytype_0.55.4_amd64.deb",
         "sha512": "h9AOC2BuEny0TIDmwtH3X2Z2If/U59v0urgHxEd1ttKDQnVHP3HbdrlSd6gRefM41tEvLs77AlGzVmnDQ2Lv2Q==",
         "size": 213511672
      },
      {
         "url": "anytype_0.55.4_amd64.deb",
         "sha512": "h9AOC2BuEny0TIDmwtH3X2Z2If/U59v0urgHxEd1ttKDQnVHP3HbdrlSd6gRefM41tEvLs77AlGzVmnDQ2Lv2Q==",
         "size": 213511672
      },
      {
         "url": "anytype-0.55.4.x86_64.rpm",
         "sha512": "SmrdfZeSInIiRl2uzMLCDYYqz2N3gvzb4AlfD9RZnkGjKHg+N6VkdOD9p2rMGcT3cFISEvpoiFguKBKmkymYWg==",
         "size": 189025877
      },
      {
         "url": "anytype-0.55.4.x86_64.rpm",
         "sha512": "SmrdfZeSInIiRl2uzMLCDYYqz2N3gvzb4AlfD9RZnkGjKHg+N6VkdOD9p2rMGcT3cFISEvpoiFguKBKmkymYWg==",
         "size": 189025877
      },
      {
         "url": "anytype-0.55.4.x86_64.rpm",
         "sha512": "SmrdfZeSInIiRl2uzMLCDYYqz2N3gvzb4AlfD9RZnkGjKHg+N6VkdOD9p2rMGcT3cFISEvpoiFguKBKmkymYWg==",
         "size": 189025877
      }
   ],
   "path": "Anytype-0.55.4.AppImage",
   "sha512": "iVhg7x/IcehgFgoqn8NKBJ5Zlh1Ba0LCCfUSUA0vCgLClePi/Wa1B3K+g7FaPJ4caVLEApN+opsMXekenVAZBg==",
   "releaseDate": "2026-05-05T13:39:49.369Z"
}
[2026-05-23 23:55:24.069] [debug] checkForUpdatesAndNotify called, downloadPromise is null
[2026-05-26 00:20:56.175] [info]  [PowerMonitor] resume
[2026-05-26 00:21:50.165] [info]  Checking for update
[2026-05-26 00:21:50.165] [info]  Checking for update
[2026-05-26 00:21:50.444] [info]  Update for version 0.55.4 is not available (latest version: 0.55.4, downgrade is allowed).
[2026-05-26 00:21:50.444] [info]  Update not available: {
   "version": "0.55.4",
   "files": [
      {
         "url": "Anytype-0.55.4.AppImage",
         "sha512": "iVhg7x/IcehgFgoqn8NKBJ5Zlh1Ba0LCCfUSUA0vCgLClePi/Wa1B3K+g7FaPJ4caVLEApN+opsMXekenVAZBg==",
         "size": 255921020,
         "blockMapSize": 265104
      },
      {
         "url": "anytype_0.55.4_amd64.deb",
         "sha512": "h9AOC2BuEny0TIDmwtH3X2Z2If/U59v0urgHxEd1ttKDQnVHP3HbdrlSd6gRefM41tEvLs77AlGzVmnDQ2Lv2Q==",
         "size": 213511672
      },
      {
         "url": "anytype_0.55.4_amd64.deb",
         "sha512": "h9AOC2BuEny0TIDmwtH3X2Z2If/U59v0urgHxEd1ttKDQnVHP3HbdrlSd6gRefM41tEvLs77AlGzVmnDQ2Lv2Q==",
         "size": 213511672
      },
      {
         "url": "anytype_0.55.4_amd64.deb",
         "sha512": "h9AOC2BuEny0TIDmwtH3X2Z2If/U59v0urgHxEd1ttKDQnVHP3HbdrlSd6gRefM41tEvLs77AlGzVmnDQ2Lv2Q==",
         "size": 213511672
      },
      {
         "url": "anytype-0.55.4.x86_64.rpm",
         "sha512": "SmrdfZeSInIiRl2uzMLCDYYqz2N3gvzb4AlfD9RZnkGjKHg+N6VkdOD9p2rMGcT3cFISEvpoiFguKBKmkymYWg==",
         "size": 189025877
      },
      {
         "url": "anytype-0.55.4.x86_64.rpm",
         "sha512": "SmrdfZeSInIiRl2uzMLCDYYqz2N3gvzb4AlfD9RZnkGjKHg+N6VkdOD9p2rMGcT3cFISEvpoiFguKBKmkymYWg==",
         "size": 189025877
      },
      {
         "url": "anytype-0.55.4.x86_64.rpm",
         "sha512": "SmrdfZeSInIiRl2uzMLCDYYqz2N3gvzb4AlfD9RZnkGjKHg+N6VkdOD9p2rMGcT3cFISEvpoiFguKBKmkymYWg==",
         "size": 189025877
      }
   ],
   "path": "Anytype-0.55.4.AppImage",
   "sha512": "iVhg7x/IcehgFgoqn8NKBJ5Zlh1Ba0LCCfUSUA0vCgLClePi/Wa1B3K+g7FaPJ4caVLEApN+opsMXekenVAZBg==",
   "releaseDate": "2026-05-05T13:39:49.369Z"
}
[2026-05-26 00:21:50.444] [debug] checkForUpdatesAndNotify called, downloadPromise is null
[2026-05-26 00:31:50.168] [info]  Checking for update
[2026-05-26 00:31:50.171] [info]  Checking for update
[2026-05-26 00:31:50.463] [info]  Update for version 0.55.4 is not available (latest version: 0.55.4, downgrade is allowed).
[2026-05-26 00:31:50.464] [info]  Update not available: {
   "version": "0.55.4",
   "files": [
      {
         "url": "Anytype-0.55.4.AppImage",
         "sha512": "iVhg7x/IcehgFgoqn8NKBJ5Zlh1Ba0LCCfUSUA0vCgLClePi/Wa1B3K+g7FaPJ4caVLEApN+opsMXekenVAZBg==",
         "size": 255921020,
         "blockMapSize": 265104
      },
      {
         "url": "anytype_0.55.4_amd64.deb",
         "sha512": "h9AOC2BuEny0TIDmwtH3X2Z2If/U59v0urgHxEd1ttKDQnVHP3HbdrlSd6gRefM41tEvLs77AlGzVmnDQ2Lv2Q==",
         "size": 213511672
      },
      {
         "url": "anytype_0.55.4_amd64.deb",
         "sha512": "h9AOC2BuEny0TIDmwtH3X2Z2If/U59v0urgHxEd1ttKDQnVHP3HbdrlSd6gRefM41tEvLs77AlGzVmnDQ2Lv2Q==",
         "size": 213511672
      },
      {
         "url": "anytype_0.55.4_amd64.deb",
         "sha512": "h9AOC2BuEny0TIDmwtH3X2Z2If/U59v0urgHxEd1ttKDQnVHP3HbdrlSd6gRefM41tEvLs77AlGzVmnDQ2Lv2Q==",
         "size": 213511672
      },
      {
         "url": "anytype-0.55.4.x86_64.rpm",
         "sha512": "SmrdfZeSInIiRl2uzMLCDYYqz2N3gvzb4AlfD9RZnkGjKHg+N6VkdOD9p2rMGcT3cFISEvpoiFguKBKmkymYWg==",
         "size": 189025877
      },
      {
         "url": "anytype-0.55.4.x86_64.rpm",
         "sha512": "SmrdfZeSInIiRl2uzMLCDYYqz2N3gvzb4AlfD9RZnkGjKHg+N6VkdOD9p2rMGcT3cFISEvpoiFguKBKmkymYWg==",
         "size": 189025877
      },
      {
         "url": "anytype-0.55.4.x86_64.rpm",
         "sha512": "SmrdfZeSInIiRl2uzMLCDYYqz2N3gvzb4AlfD9RZnkGjKHg+N6VkdOD9p2rMGcT3cFISEvpoiFguKBKmkymYWg==",
         "size": 189025877
      }
   ],
   "path": "Anytype-0.55.4.AppImage",
   "sha512": "iVhg7x/IcehgFgoqn8NKBJ5Zlh1Ba0LCCfUSUA0vCgLClePi/Wa1B3K+g7FaPJ4caVLEApN+opsMXekenVAZBg==",
   "releaseDate": "2026-05-05T13:39:49.369Z"
}
[2026-05-26 00:31:50.464] [debug] checkForUpdatesAndNotify called, downloadPromise is null
[2026-05-26 00:41:50.194] [info]  Checking for update
[2026-05-26 00:41:50.195] [info]  Checking for update
[2026-05-26 00:41:50.730] [info]  Update for version 0.55.4 is not available (latest version: 0.55.4, downgrade is allowed).
[2026-05-26 00:41:50.731] [info]  Update not available: {
   "version": "0.55.4",
   "files": [
      {
         "url": "Anytype-0.55.4.AppImage",
         "sha512": "iVhg7x/IcehgFgoqn8NKBJ5Zlh1Ba0LCCfUSUA0vCgLClePi/Wa1B3K+g7FaPJ4caVLEApN+opsMXekenVAZBg==",
         "size": 255921020,
         "blockMapSize": 265104
      },
      {
         "url": "anytype_0.55.4_amd64.deb",
         "sha512": "h9AOC2BuEny0TIDmwtH3X2Z2If/U59v0urgHxEd1ttKDQnVHP3HbdrlSd6gRefM41tEvLs77AlGzVmnDQ2Lv2Q==",
         "size": 213511672
      },
      {
         "url": "anytype_0.55.4_amd64.deb",
         "sha512": "h9AOC2BuEny0TIDmwtH3X2Z2If/U59v0urgHxEd1ttKDQnVHP3HbdrlSd6gRefM41tEvLs77AlGzVmnDQ2Lv2Q==",
         "size": 213511672
      },
      {
         "url": "anytype_0.55.4_amd64.deb",
         "sha512": "h9AOC2BuEny0TIDmwtH3X2Z2If/U59v0urgHxEd1ttKDQnVHP3HbdrlSd6gRefM41tEvLs77AlGzVmnDQ2Lv2Q==",
         "size": 213511672
      },
      {
         "url": "anytype-0.55.4.x86_64.rpm",
         "sha512": "SmrdfZeSInIiRl2uzMLCDYYqz2N3gvzb4AlfD9RZnkGjKHg+N6VkdOD9p2rMGcT3cFISEvpoiFguKBKmkymYWg==",
         "size": 189025877
      },
      {
         "url": "anytype-0.55.4.x86_64.rpm",
         "sha512": "SmrdfZeSInIiRl2uzMLCDYYqz2N3gvzb4AlfD9RZnkGjKHg+N6VkdOD9p2rMGcT3cFISEvpoiFguKBKmkymYWg==",
         "size": 189025877
      },
      {
         "url": "anytype-0.55.4.x86_64.rpm",
         "sha512": "SmrdfZeSInIiRl2uzMLCDYYqz2N3gvzb4AlfD9RZnkGjKHg+N6VkdOD9p2rMGcT3cFISEvpoiFguKBKmkymYWg==",
         "size": 189025877
      }
   ],
   "path": "Anytype-0.55.4.AppImage",
   "sha512": "iVhg7x/IcehgFgoqn8NKBJ5Zlh1Ba0LCCfUSUA0vCgLClePi/Wa1B3K+g7FaPJ4caVLEApN+opsMXekenVAZBg==",
   "releaseDate": "2026-05-05T13:39:49.369Z"
}
[2026-05-26 00:41:50.732] [debug] checkForUpdatesAndNotify called, downloadPromise is null
[2026-05-26 00:51:50.296] [info]  Checking for update
[2026-05-26 00:51:50.296] [info]  Checking for update
[2026-05-26 00:51:50.626] [info]  Update for version 0.55.4 is not available (latest version: 0.55.4, downgrade is allowed).
[2026-05-26 00:51:50.627] [info]  Update not available: {
   "version": "0.55.4",
   "files": [
      {
         "url": "Anytype-0.55.4.AppImage",
         "sha512": "iVhg7x/IcehgFgoqn8NKBJ5Zlh1Ba0LCCfUSUA0vCgLClePi/Wa1B3K+g7FaPJ4caVLEApN+opsMXekenVAZBg==",
         "size": 255921020,
         "blockMapSize": 265104
      },
      {
         "url": "anytype_0.55.4_amd64.deb",
         "sha512": "h9AOC2BuEny0TIDmwtH3X2Z2If/U59v0urgHxEd1ttKDQnVHP3HbdrlSd6gRefM41tEvLs77AlGzVmnDQ2Lv2Q==",
         "size": 213511672
      },
      {
         "url": "anytype_0.55.4_amd64.deb",
         "sha512": "h9AOC2BuEny0TIDmwtH3X2Z2If/U59v0urgHxEd1ttKDQnVHP3HbdrlSd6gRefM41tEvLs77AlGzVmnDQ2Lv2Q==",
         "size": 213511672
      },
      {
         "url": "anytype_0.55.4_amd64.deb",
         "sha512": "h9AOC2BuEny0TIDmwtH3X2Z2If/U59v0urgHxEd1ttKDQnVHP3HbdrlSd6gRefM41tEvLs77AlGzVmnDQ2Lv2Q==",
         "size": 213511672
      },
      {
         "url": "anytype-0.55.4.x86_64.rpm",
         "sha512": "SmrdfZeSInIiRl2uzMLCDYYqz2N3gvzb4AlfD9RZnkGjKHg+N6VkdOD9p2rMGcT3cFISEvpoiFguKBKmkymYWg==",
         "size": 189025877
      },
      {
         "url": "anytype-0.55.4.x86_64.rpm",
         "sha512": "SmrdfZeSInIiRl2uzMLCDYYqz2N3gvzb4AlfD9RZnkGjKHg+N6VkdOD9p2rMGcT3cFISEvpoiFguKBKmkymYWg==",
         "size": 189025877
      },
      {
         "url": "anytype-0.55.4.x86_64.rpm",
         "sha512": "SmrdfZeSInIiRl2uzMLCDYYqz2N3gvzb4AlfD9RZnkGjKHg+N6VkdOD9p2rMGcT3cFISEvpoiFguKBKmkymYWg==",
         "size": 189025877
      }
   ],
   "path": "Anytype-0.55.4.AppImage",
   "sha512": "iVhg7x/IcehgFgoqn8NKBJ5Zlh1Ba0LCCfUSUA0vCgLClePi/Wa1B3K+g7FaPJ4caVLEApN+opsMXekenVAZBg==",
   "releaseDate": "2026-05-05T13:39:49.369Z"
}
[2026-05-26 00:51:50.627] [debug] checkForUpdatesAndNotify called, downloadPromise is null
[2026-05-26 01:01:52.996] [info]  Checking for update
[2026-05-26 01:01:52.997] [info]  Checking for update
[2026-05-26 01:01:53.277] [info]  Update for version 0.55.4 is not available (latest version: 0.55.4, downgrade is allowed).
[2026-05-26 01:01:53.278] [info]  Update not available: {
   "version": "0.55.4",
   "files": [
      {
         "url": "Anytype-0.55.4.AppImage",
         "sha512": "iVhg7x/IcehgFgoqn8NKBJ5Zlh1Ba0LCCfUSUA0vCgLClePi/Wa1B3K+g7FaPJ4caVLEApN+opsMXekenVAZBg==",
         "size": 255921020,
         "blockMapSize": 265104
      },
      {
         "url": "anytype_0.55.4_amd64.deb",
         "sha512": "h9AOC2BuEny0TIDmwtH3X2Z2If/U59v0urgHxEd1ttKDQnVHP3HbdrlSd6gRefM41tEvLs77AlGzVmnDQ2Lv2Q==",
         "size": 213511672
      },
      {
         "url": "anytype_0.55.4_amd64.deb",
         "sha512": "h9AOC2BuEny0TIDmwtH3X2Z2If/U59v0urgHxEd1ttKDQnVHP3HbdrlSd6gRefM41tEvLs77AlGzVmnDQ2Lv2Q==",
         "size": 213511672
      },
      {
         "url": "anytype_0.55.4_amd64.deb",
         "sha512": "h9AOC2BuEny0TIDmwtH3X2Z2If/U59v0urgHxEd1ttKDQnVHP3HbdrlSd6gRefM41tEvLs77AlGzVmnDQ2Lv2Q==",
         "size": 213511672
      },
      {
         "url": "anytype-0.55.4.x86_64.rpm",
         "sha512": "SmrdfZeSInIiRl2uzMLCDYYqz2N3gvzb4AlfD9RZnkGjKHg+N6VkdOD9p2rMGcT3cFISEvpoiFguKBKmkymYWg==",
         "size": 189025877
      },
      {
         "url": "anytype-0.55.4.x86_64.rpm",
         "sha512": "SmrdfZeSInIiRl2uzMLCDYYqz2N3gvzb4AlfD9RZnkGjKHg+N6VkdOD9p2rMGcT3cFISEvpoiFguKBKmkymYWg==",
         "size": 189025877
      },
      {
         "url": "anytype-0.55.4.x86_64.rpm",
         "sha512": "SmrdfZeSInIiRl2uzMLCDYYqz2N3gvzb4AlfD9RZnkGjKHg+N6VkdOD9p2rMGcT3cFISEvpoiFguKBKmkymYWg==",
         "size": 189025877
      }
   ],
   "path": "Anytype-0.55.4.AppImage",
   "sha512": "iVhg7x/IcehgFgoqn8NKBJ5Zlh1Ba0LCCfUSUA0vCgLClePi/Wa1B3K+g7FaPJ4caVLEApN+opsMXekenVAZBg==",
   "releaseDate": "2026-05-05T13:39:49.369Z"
}
[2026-05-26 01:01:53.279] [debug] checkForUpdatesAndNotify called, downloadPromise is null
[2026-05-26 01:11:53.058] [info]  Checking for update
[2026-05-26 01:11:53.059] [info]  Checking for update
[2026-05-26 01:11:53.338] [info]  Update for version 0.55.4 is not available (latest version: 0.55.4, downgrade is allowed).
[2026-05-26 01:11:53.339] [info]  Update not available: {
   "version": "0.55.4",
   "files": [
      {
         "url": "Anytype-0.55.4.AppImage",
         "sha512": "iVhg7x/IcehgFgoqn8NKBJ5Zlh1Ba0LCCfUSUA0vCgLClePi/Wa1B3K+g7FaPJ4caVLEApN+opsMXekenVAZBg==",
         "size": 255921020,
         "blockMapSize": 265104
      },
      {
         "url": "anytype_0.55.4_amd64.deb",
         "sha512": "h9AOC2BuEny0TIDmwtH3X2Z2If/U59v0urgHxEd1ttKDQnVHP3HbdrlSd6gRefM41tEvLs77AlGzVmnDQ2Lv2Q==",
         "size": 213511672
      },
      {
         "url": "anytype_0.55.4_amd64.deb",
         "sha512": "h9AOC2BuEny0TIDmwtH3X2Z2If/U59v0urgHxEd1ttKDQnVHP3HbdrlSd6gRefM41tEvLs77AlGzVmnDQ2Lv2Q==",
         "size": 213511672
      },
      {
         "url": "anytype_0.55.4_amd64.deb",
         "sha512": "h9AOC2BuEny0TIDmwtH3X2Z2If/U59v0urgHxEd1ttKDQnVHP3HbdrlSd6gRefM41tEvLs77AlGzVmnDQ2Lv2Q==",
         "size": 213511672
      },
      {
         "url": "anytype-0.55.4.x86_64.rpm",
         "sha512": "SmrdfZeSInIiRl2uzMLCDYYqz2N3gvzb4AlfD9RZnkGjKHg+N6VkdOD9p2rMGcT3cFISEvpoiFguKBKmkymYWg==",
         "size": 189025877
      },
      {
         "url": "anytype-0.55.4.x86_64.rpm",
         "sha512": "SmrdfZeSInIiRl2uzMLCDYYqz2N3gvzb4AlfD9RZnkGjKHg+N6VkdOD9p2rMGcT3cFISEvpoiFguKBKmkymYWg==",
         "size": 189025877
      },
      {
         "url": "anytype-0.55.4.x86_64.rpm",
         "sha512": "SmrdfZeSInIiRl2uzMLCDYYqz2N3gvzb4AlfD9RZnkGjKHg+N6VkdOD9p2rMGcT3cFISEvpoiFguKBKmkymYWg==",
         "size": 189025877
      }
   ],
   "path": "Anytype-0.55.4.AppImage",
   "sha512": "iVhg7x/IcehgFgoqn8NKBJ5Zlh1Ba0LCCfUSUA0vCgLClePi/Wa1B3K+g7FaPJ4caVLEApN+opsMXekenVAZBg==",
   "releaseDate": "2026-05-05T13:39:49.369Z"
}
[2026-05-26 01:11:53.340] [debug] checkForUpdatesAndNotify called, downloadPromise is null
[2026-05-26 01:21:53.080] [info]  Checking for update
[2026-05-26 01:21:53.081] [info]  Checking for update
[2026-05-26 01:21:53.362] [info]  Update for version 0.55.4 is not available (latest version: 0.55.4, downgrade is allowed).
[2026-05-26 01:21:53.362] [info]  Update not available: {
   "version": "0.55.4",
   "files": [
      {
         "url": "Anytype-0.55.4.AppImage",
         "sha512": "iVhg7x/IcehgFgoqn8NKBJ5Zlh1Ba0LCCfUSUA0vCgLClePi/Wa1B3K+g7FaPJ4caVLEApN+opsMXekenVAZBg==",
         "size": 255921020,
         "blockMapSize": 265104
      },
      {
         "url": "anytype_0.55.4_amd64.deb",
         "sha512": "h9AOC2BuEny0TIDmwtH3X2Z2If/U59v0urgHxEd1ttKDQnVHP3HbdrlSd6gRefM41tEvLs77AlGzVmnDQ2Lv2Q==",
         "size": 213511672
      },
      {
         "url": "anytype_0.55.4_amd64.deb",
         "sha512": "h9AOC2BuEny0TIDmwtH3X2Z2If/U59v0urgHxEd1ttKDQnVHP3HbdrlSd6gRefM41tEvLs77AlGzVmnDQ2Lv2Q==",
         "size": 213511672
      },
      {
         "url": "anytype_0.55.4_amd64.deb",
         "sha512": "h9AOC2BuEny0TIDmwtH3X2Z2If/U59v0urgHxEd1ttKDQnVHP3HbdrlSd6gRefM41tEvLs77AlGzVmnDQ2Lv2Q==",
         "size": 213511672
      },
      {
         "url": "anytype-0.55.4.x86_64.rpm",
         "sha512": "SmrdfZeSInIiRl2uzMLCDYYqz2N3gvzb4AlfD9RZnkGjKHg+N6VkdOD9p2rMGcT3cFISEvpoiFguKBKmkymYWg==",
         "size": 189025877
      },
      {
         "url": "anytype-0.55.4.x86_64.rpm",
         "sha512": "SmrdfZeSInIiRl2uzMLCDYYqz2N3gvzb4AlfD9RZnkGjKHg+N6VkdOD9p2rMGcT3cFISEvpoiFguKBKmkymYWg==",
         "size": 189025877
      },
      {
         "url": "anytype-0.55.4.x86_64.rpm",
         "sha512": "SmrdfZeSInIiRl2uzMLCDYYqz2N3gvzb4AlfD9RZnkGjKHg+N6VkdOD9p2rMGcT3cFISEvpoiFguKBKmkymYWg==",
         "size": 189025877
      }
   ],
   "path": "Anytype-0.55.4.AppImage",
   "sha512": "iVhg7x/IcehgFgoqn8NKBJ5Zlh1Ba0LCCfUSUA0vCgLClePi/Wa1B3K+g7FaPJ4caVLEApN+opsMXekenVAZBg==",
   "releaseDate": "2026-05-05T13:39:49.369Z"
}
[2026-05-26 01:21:53.363] [debug] checkForUpdatesAndNotify called, downloadPromise is null
[2026-05-26 01:31:53.121] [info]  Checking for update
[2026-05-26 01:31:53.122] [info]  Checking for update
[2026-05-26 01:31:53.399] [info]  Update for version 0.55.4 is not available (latest version: 0.55.4, downgrade is allowed).
[2026-05-26 01:31:53.400] [info]  Update not available: {
   "version": "0.55.4",
   "files": [
      {
         "url": "Anytype-0.55.4.AppImage",
         "sha512": "iVhg7x/IcehgFgoqn8NKBJ5Zlh1Ba0LCCfUSUA0vCgLClePi/Wa1B3K+g7FaPJ4caVLEApN+opsMXekenVAZBg==",
         "size": 255921020,
         "blockMapSize": 265104
      },
      {
         "url": "anytype_0.55.4_amd64.deb",
         "sha512": "h9AOC2BuEny0TIDmwtH3X2Z2If/U59v0urgHxEd1ttKDQnVHP3HbdrlSd6gRefM41tEvLs77AlGzVmnDQ2Lv2Q==",
         "size": 213511672
      },
      {
         "url": "anytype_0.55.4_amd64.deb",
         "sha512": "h9AOC2BuEny0TIDmwtH3X2Z2If/U59v0urgHxEd1ttKDQnVHP3HbdrlSd6gRefM41tEvLs77AlGzVmnDQ2Lv2Q==",
         "size": 213511672
      },
      {
         "url": "anytype_0.55.4_amd64.deb",
         "sha512": "h9AOC2BuEny0TIDmwtH3X2Z2If/U59v0urgHxEd1ttKDQnVHP3HbdrlSd6gRefM41tEvLs77AlGzVmnDQ2Lv2Q==",
         "size": 213511672
      },
      {
         "url": "anytype-0.55.4.x86_64.rpm",
         "sha512": "SmrdfZeSInIiRl2uzMLCDYYqz2N3gvzb4AlfD9RZnkGjKHg+N6VkdOD9p2rMGcT3cFISEvpoiFguKBKmkymYWg==",
         "size": 189025877
      },
      {
         "url": "anytype-0.55.4.x86_64.rpm",
         "sha512": "SmrdfZeSInIiRl2uzMLCDYYqz2N3gvzb4AlfD9RZnkGjKHg+N6VkdOD9p2rMGcT3cFISEvpoiFguKBKmkymYWg==",
         "size": 189025877
      },
      {
         "url": "anytype-0.55.4.x86_64.rpm",
         "sha512": "SmrdfZeSInIiRl2uzMLCDYYqz2N3gvzb4AlfD9RZnkGjKHg+N6VkdOD9p2rMGcT3cFISEvpoiFguKBKmkymYWg==",
         "size": 189025877
      }
   ],
   "path": "Anytype-0.55.4.AppImage",
   "sha512": "iVhg7x/IcehgFgoqn8NKBJ5Zlh1Ba0LCCfUSUA0vCgLClePi/Wa1B3K+g7FaPJ4caVLEApN+opsMXekenVAZBg==",
   "releaseDate": "2026-05-05T13:39:49.369Z"
}
[2026-05-26 01:31:53.401] [debug] checkForUpdatesAndNotify called, downloadPromise is null
[2026-05-26 01:41:53.198] [info]  Checking for update
[2026-05-26 01:41:53.199] [info]  Checking for update
[2026-05-26 01:41:53.486] [info]  Update for version 0.55.4 is not available (latest version: 0.55.4, downgrade is allowed).
[2026-05-26 01:41:53.486] [info]  Update not available: {
   "version": "0.55.4",
   "files": [
      {
         "url": "Anytype-0.55.4.AppImage",
         "sha512": "iVhg7x/IcehgFgoqn8NKBJ5Zlh1Ba0LCCfUSUA0vCgLClePi/Wa1B3K+g7FaPJ4caVLEApN+opsMXekenVAZBg==",
         "size": 255921020,
         "blockMapSize": 265104
      },
      {
         "url": "anytype_0.55.4_amd64.deb",
         "sha512": "h9AOC2BuEny0TIDmwtH3X2Z2If/U59v0urgHxEd1ttKDQnVHP3HbdrlSd6gRefM41tEvLs77AlGzVmnDQ2Lv2Q==",
         "size": 213511672
      },
      {
         "url": "anytype_0.55.4_amd64.deb",
         "sha512": "h9AOC2BuEny0TIDmwtH3X2Z2If/U59v0urgHxEd1ttKDQnVHP3HbdrlSd6gRefM41tEvLs77AlGzVmnDQ2Lv2Q==",
         "size": 213511672
      },
      {
         "url": "anytype_0.55.4_amd64.deb",
         "sha512": "h9AOC2BuEny0TIDmwtH3X2Z2If/U59v0urgHxEd1ttKDQnVHP3HbdrlSd6gRefM41tEvLs77AlGzVmnDQ2Lv2Q==",
         "size": 213511672
      },
      {
         "url": "anytype-0.55.4.x86_64.rpm",
         "sha512": "SmrdfZeSInIiRl2uzMLCDYYqz2N3gvzb4AlfD9RZnkGjKHg+N6VkdOD9p2rMGcT3cFISEvpoiFguKBKmkymYWg==",
         "size": 189025877
      },
      {
         "url": "anytype-0.55.4.x86_64.rpm",
         "sha512": "SmrdfZeSInIiRl2uzMLCDYYqz2N3gvzb4AlfD9RZnkGjKHg+N6VkdOD9p2rMGcT3cFISEvpoiFguKBKmkymYWg==",
         "size": 189025877
      },
      {
         "url": "anytype-0.55.4.x86_64.rpm",
         "sha512": "SmrdfZeSInIiRl2uzMLCDYYqz2N3gvzb4AlfD9RZnkGjKHg+N6VkdOD9p2rMGcT3cFISEvpoiFguKBKmkymYWg==",
         "size": 189025877
      }
   ],
   "path": "Anytype-0.55.4.AppImage",
   "sha512": "iVhg7x/IcehgFgoqn8NKBJ5Zlh1Ba0LCCfUSUA0vCgLClePi/Wa1B3K+g7FaPJ4caVLEApN+opsMXekenVAZBg==",
   "releaseDate": "2026-05-05T13:39:49.369Z"
}
[2026-05-26 01:41:53.487] [debug] checkForUpdatesAndNotify called, downloadPromise is null
[2026-05-26 01:51:53.300] [info]  Checking for update
[2026-05-26 01:51:53.301] [info]  Checking for update
[2026-05-26 01:51:53.591] [info]  Update for version 0.55.4 is not available (latest version: 0.55.4, downgrade is allowed).
[2026-05-26 01:51:53.593] [info]  Update not available: {
   "version": "0.55.4",
   "files": [
      {
         "url": "Anytype-0.55.4.AppImage",
         "sha512": "iVhg7x/IcehgFgoqn8NKBJ5Zlh1Ba0LCCfUSUA0vCgLClePi/Wa1B3K+g7FaPJ4caVLEApN+opsMXekenVAZBg==",
         "size": 255921020,
         "blockMapSize": 265104
      },
      {
         "url": "anytype_0.55.4_amd64.deb",
         "sha512": "h9AOC2BuEny0TIDmwtH3X2Z2If/U59v0urgHxEd1ttKDQnVHP3HbdrlSd6gRefM41tEvLs77AlGzVmnDQ2Lv2Q==",
         "size": 213511672
      },
      {
         "url": "anytype_0.55.4_amd64.deb",
         "sha512": "h9AOC2BuEny0TIDmwtH3X2Z2If/U59v0urgHxEd1ttKDQnVHP3HbdrlSd6gRefM41tEvLs77AlGzVmnDQ2Lv2Q==",
         "size": 213511672
      },
      {
         "url": "anytype_0.55.4_amd64.deb",
         "sha512": "h9AOC2BuEny0TIDmwtH3X2Z2If/U59v0urgHxEd1ttKDQnVHP3HbdrlSd6gRefM41tEvLs77AlGzVmnDQ2Lv2Q==",
         "size": 213511672
      },
      {
         "url": "anytype-0.55.4.x86_64.rpm",
         "sha512": "SmrdfZeSInIiRl2uzMLCDYYqz2N3gvzb4AlfD9RZnkGjKHg+N6VkdOD9p2rMGcT3cFISEvpoiFguKBKmkymYWg==",
         "size": 189025877
      },
      {
         "url": "anytype-0.55.4.x86_64.rpm",
         "sha512": "SmrdfZeSInIiRl2uzMLCDYYqz2N3gvzb4AlfD9RZnkGjKHg+N6VkdOD9p2rMGcT3cFISEvpoiFguKBKmkymYWg==",
         "size": 189025877
      },
      {
         "url": "anytype-0.55.4.x86_64.rpm",
         "sha512": "SmrdfZeSInIiRl2uzMLCDYYqz2N3gvzb4AlfD9RZnkGjKHg+N6VkdOD9p2rMGcT3cFISEvpoiFguKBKmkymYWg==",
         "size": 189025877
      }
   ],
   "path": "Anytype-0.55.4.AppImage",
   "sha512": "iVhg7x/IcehgFgoqn8NKBJ5Zlh1Ba0LCCfUSUA0vCgLClePi/Wa1B3K+g7FaPJ4caVLEApN+opsMXekenVAZBg==",
   "releaseDate": "2026-05-05T13:39:49.369Z"
}
[2026-05-26 01:51:53.593] [debug] checkForUpdatesAndNotify called, downloadPromise is null
[2026-05-26 02:01:53.401] [info]  Checking for update
[2026-05-26 02:01:53.401] [info]  Checking for update
[2026-05-26 02:01:53.692] [info]  Update for version 0.55.4 is not available (latest version: 0.55.4, downgrade is allowed).
[2026-05-26 02:01:53.693] [info]  Update not available: {
   "version": "0.55.4",
   "files": [
      {
         "url": "Anytype-0.55.4.AppImage",
         "sha512": "iVhg7x/IcehgFgoqn8NKBJ5Zlh1Ba0LCCfUSUA0vCgLClePi/Wa1B3K+g7FaPJ4caVLEApN+opsMXekenVAZBg==",
         "size": 255921020,
         "blockMapSize": 265104
      },
      {
         "url": "anytype_0.55.4_amd64.deb",
         "sha512": "h9AOC2BuEny0TIDmwtH3X2Z2If/U59v0urgHxEd1ttKDQnVHP3HbdrlSd6gRefM41tEvLs77AlGzVmnDQ2Lv2Q==",
         "size": 213511672
      },
      {
         "url": "anytype_0.55.4_amd64.deb",
         "sha512": "h9AOC2BuEny0TIDmwtH3X2Z2If/U59v0urgHxEd1ttKDQnVHP3HbdrlSd6gRefM41tEvLs77AlGzVmnDQ2Lv2Q==",
         "size": 213511672
      },
      {
         "url": "anytype_0.55.4_amd64.deb",
         "sha512": "h9AOC2BuEny0TIDmwtH3X2Z2If/U59v0urgHxEd1ttKDQnVHP3HbdrlSd6gRefM41tEvLs77AlGzVmnDQ2Lv2Q==",
         "size": 213511672
      },
      {
         "url": "anytype-0.55.4.x86_64.rpm",
         "sha512": "SmrdfZeSInIiRl2uzMLCDYYqz2N3gvzb4AlfD9RZnkGjKHg+N6VkdOD9p2rMGcT3cFISEvpoiFguKBKmkymYWg==",
         "size": 189025877
      },
      {
         "url": "anytype-0.55.4.x86_64.rpm",
         "sha512": "SmrdfZeSInIiRl2uzMLCDYYqz2N3gvzb4AlfD9RZnkGjKHg+N6VkdOD9p2rMGcT3cFISEvpoiFguKBKmkymYWg==",
         "size": 189025877
      },
      {
         "url": "anytype-0.55.4.x86_64.rpm",
         "sha512": "SmrdfZeSInIiRl2uzMLCDYYqz2N3gvzb4AlfD9RZnkGjKHg+N6VkdOD9p2rMGcT3cFISEvpoiFguKBKmkymYWg==",
         "size": 189025877
      }
   ],
   "path": "Anytype-0.55.4.AppImage",
   "sha512": "iVhg7x/IcehgFgoqn8NKBJ5Zlh1Ba0LCCfUSUA0vCgLClePi/Wa1B3K+g7FaPJ4caVLEApN+opsMXekenVAZBg==",
   "releaseDate": "2026-05-05T13:39:49.369Z"
}
[2026-05-26 02:01:53.693] [debug] checkForUpdatesAndNotify called, downloadPromise is null
[2026-05-26 02:11:53.483] [info]  Checking for update
[2026-05-26 02:11:53.483] [info]  Checking for update
[2026-05-26 02:11:53.761] [info]  Update for version 0.55.4 is not available (latest version: 0.55.4, downgrade is allowed).
[2026-05-26 02:11:53.762] [info]  Update not available: {
   "version": "0.55.4",
   "files": [
      {
         "url": "Anytype-0.55.4.AppImage",
         "sha512": "iVhg7x/IcehgFgoqn8NKBJ5Zlh1Ba0LCCfUSUA0vCgLClePi/Wa1B3K+g7FaPJ4caVLEApN+opsMXekenVAZBg==",
         "size": 255921020,
         "blockMapSize": 265104
      },
      {
         "url": "anytype_0.55.4_amd64.deb",
         "sha512": "h9AOC2BuEny0TIDmwtH3X2Z2If/U59v0urgHxEd1ttKDQnVHP3HbdrlSd6gRefM41tEvLs77AlGzVmnDQ2Lv2Q==",
         "size": 213511672
      },
      {
         "url": "anytype_0.55.4_amd64.deb",
         "sha512": "h9AOC2BuEny0TIDmwtH3X2Z2If/U59v0urgHxEd1ttKDQnVHP3HbdrlSd6gRefM41tEvLs77AlGzVmnDQ2Lv2Q==",
         "size": 213511672
      },
      {
         "url": "anytype_0.55.4_amd64.deb",
         "sha512": "h9AOC2BuEny0TIDmwtH3X2Z2If/U59v0urgHxEd1ttKDQnVHP3HbdrlSd6gRefM41tEvLs77AlGzVmnDQ2Lv2Q==",
         "size": 213511672
      },
      {
         "url": "anytype-0.55.4.x86_64.rpm",
         "sha512": "SmrdfZeSInIiRl2uzMLCDYYqz2N3gvzb4AlfD9RZnkGjKHg+N6VkdOD9p2rMGcT3cFISEvpoiFguKBKmkymYWg==",
         "size": 189025877
      },
      {
         "url": "anytype-0.55.4.x86_64.rpm",
         "sha512": "SmrdfZeSInIiRl2uzMLCDYYqz2N3gvzb4AlfD9RZnkGjKHg+N6VkdOD9p2rMGcT3cFISEvpoiFguKBKmkymYWg==",
         "size": 189025877
      },
      {
         "url": "anytype-0.55.4.x86_64.rpm",
         "sha512": "SmrdfZeSInIiRl2uzMLCDYYqz2N3gvzb4AlfD9RZnkGjKHg+N6VkdOD9p2rMGcT3cFISEvpoiFguKBKmkymYWg==",
         "size": 189025877
      }
   ],
   "path": "Anytype-0.55.4.AppImage",
   "sha512": "iVhg7x/IcehgFgoqn8NKBJ5Zlh1Ba0LCCfUSUA0vCgLClePi/Wa1B3K+g7FaPJ4caVLEApN+opsMXekenVAZBg==",
   "releaseDate": "2026-05-05T13:39:49.369Z"
}
[2026-05-26 02:11:53.763] [debug] checkForUpdatesAndNotify called, downloadPromise is null
[2026-05-26 02:21:53.505] [info]  Checking for update
[2026-05-26 02:21:53.506] [info]  Checking for update
[2026-05-26 02:21:53.797] [info]  Update for version 0.55.4 is not available (latest version: 0.55.4, downgrade is allowed).
[2026-05-26 02:21:53.798] [info]  Update not available: {
   "version": "0.55.4",
   "files": [
      {
         "url": "Anytype-0.55.4.AppImage",
         "sha512": "iVhg7x/IcehgFgoqn8NKBJ5Zlh1Ba0LCCfUSUA0vCgLClePi/Wa1B3K+g7FaPJ4caVLEApN+opsMXekenVAZBg==",
         "size": 255921020,
         "blockMapSize": 265104
      },
      {
         "url": "anytype_0.55.4_amd64.deb",
         "sha512": "h9AOC2BuEny0TIDmwtH3X2Z2If/U59v0urgHxEd1ttKDQnVHP3HbdrlSd6gRefM41tEvLs77AlGzVmnDQ2Lv2Q==",
         "size": 213511672
      },
      {
         "url": "anytype_0.55.4_amd64.deb",
         "sha512": "h9AOC2BuEny0TIDmwtH3X2Z2If/U59v0urgHxEd1ttKDQnVHP3HbdrlSd6gRefM41tEvLs77AlGzVmnDQ2Lv2Q==",
         "size": 213511672
      },
      {
         "url": "anytype_0.55.4_amd64.deb",
         "sha512": "h9AOC2BuEny0TIDmwtH3X2Z2If/U59v0urgHxEd1ttKDQnVHP3HbdrlSd6gRefM41tEvLs77AlGzVmnDQ2Lv2Q==",
         "size": 213511672
      },
      {
         "url": "anytype-0.55.4.x86_64.rpm",
         "sha512": "SmrdfZeSInIiRl2uzMLCDYYqz2N3gvzb4AlfD9RZnkGjKHg+N6VkdOD9p2rMGcT3cFISEvpoiFguKBKmkymYWg==",
         "size": 189025877
      },
      {
         "url": "anytype-0.55.4.x86_64.rpm",
         "sha512": "SmrdfZeSInIiRl2uzMLCDYYqz2N3gvzb4AlfD9RZnkGjKHg+N6VkdOD9p2rMGcT3cFISEvpoiFguKBKmkymYWg==",
         "size": 189025877
      },
      {
         "url": "anytype-0.55.4.x86_64.rpm",
         "sha512": "SmrdfZeSInIiRl2uzMLCDYYqz2N3gvzb4AlfD9RZnkGjKHg+N6VkdOD9p2rMGcT3cFISEvpoiFguKBKmkymYWg==",
         "size": 189025877
      }
   ],
   "path": "Anytype-0.55.4.AppImage",
   "sha512": "iVhg7x/IcehgFgoqn8NKBJ5Zlh1Ba0LCCfUSUA0vCgLClePi/Wa1B3K+g7FaPJ4caVLEApN+opsMXekenVAZBg==",
   "releaseDate": "2026-05-05T13:39:49.369Z"
}
[2026-05-26 02:21:53.798] [debug] checkForUpdatesAndNotify called, downloadPromise is null
[2026-05-26 02:31:53.507] [info]  Checking for update
[2026-05-26 02:31:53.508] [info]  Checking for update
[2026-05-26 02:31:53.786] [info]  Update for version 0.55.4 is not available (latest version: 0.55.4, downgrade is allowed).
[2026-05-26 02:31:53.786] [info]  Update not available: {
   "version": "0.55.4",
   "files": [
      {
         "url": "Anytype-0.55.4.AppImage",
         "sha512": "iVhg7x/IcehgFgoqn8NKBJ5Zlh1Ba0LCCfUSUA0vCgLClePi/Wa1B3K+g7FaPJ4caVLEApN+opsMXekenVAZBg==",
         "size": 255921020,
         "blockMapSize": 265104
      },
      {
         "url": "anytype_0.55.4_amd64.deb",
         "sha512": "h9AOC2BuEny0TIDmwtH3X2Z2If/U59v0urgHxEd1ttKDQnVHP3HbdrlSd6gRefM41tEvLs77AlGzVmnDQ2Lv2Q==",
         "size": 213511672
      },
      {
         "url": "anytype_0.55.4_amd64.deb",
         "sha512": "h9AOC2BuEny0TIDmwtH3X2Z2If/U59v0urgHxEd1ttKDQnVHP3HbdrlSd6gRefM41tEvLs77AlGzVmnDQ2Lv2Q==",
         "size": 213511672
      },
      {
         "url": "anytype_0.55.4_amd64.deb",
         "sha512": "h9AOC2BuEny0TIDmwtH3X2Z2If/U59v0urgHxEd1ttKDQnVHP3HbdrlSd6gRefM41tEvLs77AlGzVmnDQ2Lv2Q==",
         "size": 213511672
      },
      {
         "url": "anytype-0.55.4.x86_64.rpm",
         "sha512": "SmrdfZeSInIiRl2uzMLCDYYqz2N3gvzb4AlfD9RZnkGjKHg+N6VkdOD9p2rMGcT3cFISEvpoiFguKBKmkymYWg==",
         "size": 189025877
      },
      {
         "url": "anytype-0.55.4.x86_64.rpm",
         "sha512": "SmrdfZeSInIiRl2uzMLCDYYqz2N3gvzb4AlfD9RZnkGjKHg+N6VkdOD9p2rMGcT3cFISEvpoiFguKBKmkymYWg==",
         "size": 189025877
      },
      {
         "url": "anytype-0.55.4.x86_64.rpm",
         "sha512": "SmrdfZeSInIiRl2uzMLCDYYqz2N3gvzb4AlfD9RZnkGjKHg+N6VkdOD9p2rMGcT3cFISEvpoiFguKBKmkymYWg==",
         "size": 189025877
      }
   ],
   "path": "Anytype-0.55.4.AppImage",
   "sha512": "iVhg7x/IcehgFgoqn8NKBJ5Zlh1Ba0LCCfUSUA0vCgLClePi/Wa1B3K+g7FaPJ4caVLEApN+opsMXekenVAZBg==",
   "releaseDate": "2026-05-05T13:39:49.369Z"
}
[2026-05-26 02:31:53.787] [debug] checkForUpdatesAndNotify called, downloadPromise is null
[2026-05-26 02:41:53.596] [info]  Checking for update
[2026-05-26 02:41:53.596] [info]  Checking for update
[2026-05-26 02:41:53.869] [info]  Update for version 0.55.4 is not available (latest version: 0.55.4, downgrade is allowed).
[2026-05-26 02:41:53.869] [info]  Update not available: {
   "version": "0.55.4",
   "files": [
      {
         "url": "Anytype-0.55.4.AppImage",
         "sha512": "iVhg7x/IcehgFgoqn8NKBJ5Zlh1Ba0LCCfUSUA0vCgLClePi/Wa1B3K+g7FaPJ4caVLEApN+opsMXekenVAZBg==",
         "size": 255921020,
         "blockMapSize": 265104
      },
      {
         "url": "anytype_0.55.4_amd64.deb",
         "sha512": "h9AOC2BuEny0TIDmwtH3X2Z2If/U59v0urgHxEd1ttKDQnVHP3HbdrlSd6gRefM41tEvLs77AlGzVmnDQ2Lv2Q==",
         "size": 213511672
      },
      {
         "url": "anytype_0.55.4_amd64.deb",
         "sha512": "h9AOC2BuEny0TIDmwtH3X2Z2If/U59v0urgHxEd1ttKDQnVHP3HbdrlSd6gRefM41tEvLs77AlGzVmnDQ2Lv2Q==",
         "size": 213511672
      },
      {
         "url": "anytype_0.55.4_amd64.deb",
         "sha512": "h9AOC2BuEny0TIDmwtH3X2Z2If/U59v0urgHxEd1ttKDQnVHP3HbdrlSd6gRefM41tEvLs77AlGzVmnDQ2Lv2Q==",
         "size": 213511672
      },
      {
         "url": "anytype-0.55.4.x86_64.rpm",
         "sha512": "SmrdfZeSInIiRl2uzMLCDYYqz2N3gvzb4AlfD9RZnkGjKHg+N6VkdOD9p2rMGcT3cFISEvpoiFguKBKmkymYWg==",
         "size": 189025877
      },
      {
         "url": "anytype-0.55.4.x86_64.rpm",
         "sha512": "SmrdfZeSInIiRl2uzMLCDYYqz2N3gvzb4AlfD9RZnkGjKHg+N6VkdOD9p2rMGcT3cFISEvpoiFguKBKmkymYWg==",
         "size": 189025877
      },
      {
         "url": "anytype-0.55.4.x86_64.rpm",
         "sha512": "SmrdfZeSInIiRl2uzMLCDYYqz2N3gvzb4AlfD9RZnkGjKHg+N6VkdOD9p2rMGcT3cFISEvpoiFguKBKmkymYWg==",
         "size": 189025877
      }
   ],
   "path": "Anytype-0.55.4.AppImage",
   "sha512": "iVhg7x/IcehgFgoqn8NKBJ5Zlh1Ba0LCCfUSUA0vCgLClePi/Wa1B3K+g7FaPJ4caVLEApN+opsMXekenVAZBg==",
   "releaseDate": "2026-05-05T13:39:49.369Z"
}
[2026-05-26 02:41:53.870] [debug] checkForUpdatesAndNotify called, downloadPromise is null
[2026-05-26 02:51:53.678] [info]  Checking for update
[2026-05-26 02:51:53.679] [info]  Checking for update
[2026-05-26 02:51:53.971] [info]  Update for version 0.55.4 is not available (latest version: 0.55.4, downgrade is allowed).
[2026-05-26 02:51:53.972] [info]  Update not available: {
   "version": "0.55.4",
   "files": [
      {
         "url": "Anytype-0.55.4.AppImage",
         "sha512": "iVhg7x/IcehgFgoqn8NKBJ5Zlh1Ba0LCCfUSUA0vCgLClePi/Wa1B3K+g7FaPJ4caVLEApN+opsMXekenVAZBg==",
         "size": 255921020,
         "blockMapSize": 265104
      },
      {
         "url": "anytype_0.55.4_amd64.deb",
         "sha512": "h9AOC2BuEny0TIDmwtH3X2Z2If/U59v0urgHxEd1ttKDQnVHP3HbdrlSd6gRefM41tEvLs77AlGzVmnDQ2Lv2Q==",
         "size": 213511672
      },
      {
         "url": "anytype_0.55.4_amd64.deb",
         "sha512": "h9AOC2BuEny0TIDmwtH3X2Z2If/U59v0urgHxEd1ttKDQnVHP3HbdrlSd6gRefM41tEvLs77AlGzVmnDQ2Lv2Q==",
         "size": 213511672
      },
      {
         "url": "anytype_0.55.4_amd64.deb",
         "sha512": "h9AOC2BuEny0TIDmwtH3X2Z2If/U59v0urgHxEd1ttKDQnVHP3HbdrlSd6gRefM41tEvLs77AlGzVmnDQ2Lv2Q==",
         "size": 213511672
      },
      {
         "url": "anytype-0.55.4.x86_64.rpm",
         "sha512": "SmrdfZeSInIiRl2uzMLCDYYqz2N3gvzb4AlfD9RZnkGjKHg+N6VkdOD9p2rMGcT3cFISEvpoiFguKBKmkymYWg==",
         "size": 189025877
      },
      {
         "url": "anytype-0.55.4.x86_64.rpm",
         "sha512": "SmrdfZeSInIiRl2uzMLCDYYqz2N3gvzb4AlfD9RZnkGjKHg+N6VkdOD9p2rMGcT3cFISEvpoiFguKBKmkymYWg==",
         "size": 189025877
      },
      {
         "url": "anytype-0.55.4.x86_64.rpm",
         "sha512": "SmrdfZeSInIiRl2uzMLCDYYqz2N3gvzb4AlfD9RZnkGjKHg+N6VkdOD9p2rMGcT3cFISEvpoiFguKBKmkymYWg==",
         "size": 189025877
      }
   ],
   "path": "Anytype-0.55.4.AppImage",
   "sha512": "iVhg7x/IcehgFgoqn8NKBJ5Zlh1Ba0LCCfUSUA0vCgLClePi/Wa1B3K+g7FaPJ4caVLEApN+opsMXekenVAZBg==",
   "releaseDate": "2026-05-05T13:39:49.369Z"
}
[2026-05-26 02:51:53.973] [debug] checkForUpdatesAndNotify called, downloadPromise is null
[2026-05-26 03:01:53.721] [info]  Checking for update
[2026-05-26 03:01:53.722] [info]  Checking for update
[2026-05-26 03:01:54.003] [info]  Update for version 0.55.4 is not available (latest version: 0.55.4, downgrade is allowed).
[2026-05-26 03:01:54.003] [info]  Update not available: {
   "version": "0.55.4",
   "files": [
      {
         "url": "Anytype-0.55.4.AppImage",
         "sha512": "iVhg7x/IcehgFgoqn8NKBJ5Zlh1Ba0LCCfUSUA0vCgLClePi/Wa1B3K+g7FaPJ4caVLEApN+opsMXekenVAZBg==",
         "size": 255921020,
         "blockMapSize": 265104
      },
      {
         "url": "anytype_0.55.4_amd64.deb",
         "sha512": "h9AOC2BuEny0TIDmwtH3X2Z2If/U59v0urgHxEd1ttKDQnVHP3HbdrlSd6gRefM41tEvLs77AlGzVmnDQ2Lv2Q==",
         "size": 213511672
      },
      {
         "url": "anytype_0.55.4_amd64.deb",
         "sha512": "h9AOC2BuEny0TIDmwtH3X2Z2If/U59v0urgHxEd1ttKDQnVHP3HbdrlSd6gRefM41tEvLs77AlGzVmnDQ2Lv2Q==",
         "size": 213511672
      },
      {
         "url": "anytype_0.55.4_amd64.deb",
         "sha512": "h9AOC2BuEny0TIDmwtH3X2Z2If/U59v0urgHxEd1ttKDQnVHP3HbdrlSd6gRefM41tEvLs77AlGzVmnDQ2Lv2Q==",
         "size": 213511672
      },
      {
         "url": "anytype-0.55.4.x86_64.rpm",
         "sha512": "SmrdfZeSInIiRl2uzMLCDYYqz2N3gvzb4AlfD9RZnkGjKHg+N6VkdOD9p2rMGcT3cFISEvpoiFguKBKmkymYWg==",
         "size": 189025877
      },
      {
         "url": "anytype-0.55.4.x86_64.rpm",
         "sha512": "SmrdfZeSInIiRl2uzMLCDYYqz2N3gvzb4AlfD9RZnkGjKHg+N6VkdOD9p2rMGcT3cFISEvpoiFguKBKmkymYWg==",
         "size": 189025877
      },
      {
         "url": "anytype-0.55.4.x86_64.rpm",
         "sha512": "SmrdfZeSInIiRl2uzMLCDYYqz2N3gvzb4AlfD9RZnkGjKHg+N6VkdOD9p2rMGcT3cFISEvpoiFguKBKmkymYWg==",
         "size": 189025877
      }
   ],
   "path": "Anytype-0.55.4.AppImage",
   "sha512": "iVhg7x/IcehgFgoqn8NKBJ5Zlh1Ba0LCCfUSUA0vCgLClePi/Wa1B3K+g7FaPJ4caVLEApN+opsMXekenVAZBg==",
   "releaseDate": "2026-05-05T13:39:49.369Z"
}
[2026-05-26 03:01:54.004] [debug] checkForUpdatesAndNotify called, downloadPromise is null
[2026-05-26 03:11:53.725] [info]  Checking for update
[2026-05-26 03:11:53.726] [info]  Checking for update
[2026-05-26 03:11:54.012] [info]  Update for version 0.55.4 is not available (latest version: 0.55.4, downgrade is allowed).
[2026-05-26 03:11:54.013] [info]  Update not available: {
   "version": "0.55.4",
   "files": [
      {
         "url": "Anytype-0.55.4.AppImage",
         "sha512": "iVhg7x/IcehgFgoqn8NKBJ5Zlh1Ba0LCCfUSUA0vCgLClePi/Wa1B3K+g7FaPJ4caVLEApN+opsMXekenVAZBg==",
         "size": 255921020,
         "blockMapSize": 265104
      },
      {
         "url": "anytype_0.55.4_amd64.deb",
         "sha512": "h9AOC2BuEny0TIDmwtH3X2Z2If/U59v0urgHxEd1ttKDQnVHP3HbdrlSd6gRefM41tEvLs77AlGzVmnDQ2Lv2Q==",
         "size": 213511672
      },
      {
         "url": "anytype_0.55.4_amd64.deb",
         "sha512": "h9AOC2BuEny0TIDmwtH3X2Z2If/U59v0urgHxEd1ttKDQnVHP3HbdrlSd6gRefM41tEvLs77AlGzVmnDQ2Lv2Q==",
         "size": 213511672
      },
      {
         "url": "anytype_0.55.4_amd64.deb",
         "sha512": "h9AOC2BuEny0TIDmwtH3X2Z2If/U59v0urgHxEd1ttKDQnVHP3HbdrlSd6gRefM41tEvLs77AlGzVmnDQ2Lv2Q==",
         "size": 213511672
      },
      {
         "url": "anytype-0.55.4.x86_64.rpm",
         "sha512": "SmrdfZeSInIiRl2uzMLCDYYqz2N3gvzb4AlfD9RZnkGjKHg+N6VkdOD9p2rMGcT3cFISEvpoiFguKBKmkymYWg==",
         "size": 189025877
      },
      {
         "url": "anytype-0.55.4.x86_64.rpm",
         "sha512": "SmrdfZeSInIiRl2uzMLCDYYqz2N3gvzb4AlfD9RZnkGjKHg+N6VkdOD9p2rMGcT3cFISEvpoiFguKBKmkymYWg==",
         "size": 189025877
      },
      {
         "url": "anytype-0.55.4.x86_64.rpm",
         "sha512": "SmrdfZeSInIiRl2uzMLCDYYqz2N3gvzb4AlfD9RZnkGjKHg+N6VkdOD9p2rMGcT3cFISEvpoiFguKBKmkymYWg==",
         "size": 189025877
      }
   ],
   "path": "Anytype-0.55.4.AppImage",
   "sha512": "iVhg7x/IcehgFgoqn8NKBJ5Zlh1Ba0LCCfUSUA0vCgLClePi/Wa1B3K+g7FaPJ4caVLEApN+opsMXekenVAZBg==",
   "releaseDate": "2026-05-05T13:39:49.369Z"
}
[2026-05-26 03:11:54.014] [debug] checkForUpdatesAndNotify called, downloadPromise is null
[2026-05-26 03:21:53.749] [info]  Checking for update
[2026-05-26 03:21:53.749] [info]  Checking for update
[2026-05-26 03:21:54.034] [info]  Update for version 0.55.4 is not available (latest version: 0.55.4, downgrade is allowed).
[2026-05-26 03:21:54.034] [info]  Update not available: {
   "version": "0.55.4",
   "files": [
      {
         "url": "Anytype-0.55.4.AppImage",
         "sha512": "iVhg7x/IcehgFgoqn8NKBJ5Zlh1Ba0LCCfUSUA0vCgLClePi/Wa1B3K+g7FaPJ4caVLEApN+opsMXekenVAZBg==",
         "size": 255921020,
         "blockMapSize": 265104
      },
      {
         "url": "anytype_0.55.4_amd64.deb",
         "sha512": "h9AOC2BuEny0TIDmwtH3X2Z2If/U59v0urgHxEd1ttKDQnVHP3HbdrlSd6gRefM41tEvLs77AlGzVmnDQ2Lv2Q==",
         "size": 213511672
      },
      {
         "url": "anytype_0.55.4_amd64.deb",
         "sha512": "h9AOC2BuEny0TIDmwtH3X2Z2If/U59v0urgHxEd1ttKDQnVHP3HbdrlSd6gRefM41tEvLs77AlGzVmnDQ2Lv2Q==",
         "size": 213511672
      },
      {
         "url": "anytype_0.55.4_amd64.deb",
         "sha512": "h9AOC2BuEny0TIDmwtH3X2Z2If/U59v0urgHxEd1ttKDQnVHP3HbdrlSd6gRefM41tEvLs77AlGzVmnDQ2Lv2Q==",
         "size": 213511672
      },
      {
         "url": "anytype-0.55.4.x86_64.rpm",
         "sha512": "SmrdfZeSInIiRl2uzMLCDYYqz2N3gvzb4AlfD9RZnkGjKHg+N6VkdOD9p2rMGcT3cFISEvpoiFguKBKmkymYWg==",
         "size": 189025877
      },
      {
         "url": "anytype-0.55.4.x86_64.rpm",
         "sha512": "SmrdfZeSInIiRl2uzMLCDYYqz2N3gvzb4AlfD9RZnkGjKHg+N6VkdOD9p2rMGcT3cFISEvpoiFguKBKmkymYWg==",
         "size": 189025877
      },
      {
         "url": "anytype-0.55.4.x86_64.rpm",
         "sha512": "SmrdfZeSInIiRl2uzMLCDYYqz2N3gvzb4AlfD9RZnkGjKHg+N6VkdOD9p2rMGcT3cFISEvpoiFguKBKmkymYWg==",
         "size": 189025877
      }
   ],
   "path": "Anytype-0.55.4.AppImage",
   "sha512": "iVhg7x/IcehgFgoqn8NKBJ5Zlh1Ba0LCCfUSUA0vCgLClePi/Wa1B3K+g7FaPJ4caVLEApN+opsMXekenVAZBg==",
   "releaseDate": "2026-05-05T13:39:49.369Z"
}
[2026-05-26 03:21:54.035] [debug] checkForUpdatesAndNotify called, downloadPromise is null
[2026-05-26 03:31:53.808] [info]  Checking for update
[2026-05-26 03:31:53.808] [info]  Checking for update
[2026-05-26 03:31:54.093] [info]  Update for version 0.55.4 is not available (latest version: 0.55.4, downgrade is allowed).
[2026-05-26 03:31:54.094] [info]  Update not available: {
   "version": "0.55.4",
   "files": [
      {
         "url": "Anytype-0.55.4.AppImage",
         "sha512": "iVhg7x/IcehgFgoqn8NKBJ5Zlh1Ba0LCCfUSUA0vCgLClePi/Wa1B3K+g7FaPJ4caVLEApN+opsMXekenVAZBg==",
         "size": 255921020,
         "blockMapSize": 265104
      },
      {
         "url": "anytype_0.55.4_amd64.deb",
         "sha512": "h9AOC2BuEny0TIDmwtH3X2Z2If/U59v0urgHxEd1ttKDQnVHP3HbdrlSd6gRefM41tEvLs77AlGzVmnDQ2Lv2Q==",
         "size": 213511672
      },
      {
         "url": "anytype_0.55.4_amd64.deb",
         "sha512": "h9AOC2BuEny0TIDmwtH3X2Z2If/U59v0urgHxEd1ttKDQnVHP3HbdrlSd6gRefM41tEvLs77AlGzVmnDQ2Lv2Q==",
         "size": 213511672
      },
      {
         "url": "anytype_0.55.4_amd64.deb",
         "sha512": "h9AOC2BuEny0TIDmwtH3X2Z2If/U59v0urgHxEd1ttKDQnVHP3HbdrlSd6gRefM41tEvLs77AlGzVmnDQ2Lv2Q==",
         "size": 213511672
      },
      {
         "url": "anytype-0.55.4.x86_64.rpm",
         "sha512": "SmrdfZeSInIiRl2uzMLCDYYqz2N3gvzb4AlfD9RZnkGjKHg+N6VkdOD9p2rMGcT3cFISEvpoiFguKBKmkymYWg==",
         "size": 189025877
      },
      {
         "url": "anytype-0.55.4.x86_64.rpm",
         "sha512": "SmrdfZeSInIiRl2uzMLCDYYqz2N3gvzb4AlfD9RZnkGjKHg+N6VkdOD9p2rMGcT3cFISEvpoiFguKBKmkymYWg==",
         "size": 189025877
      },
      {
         "url": "anytype-0.55.4.x86_64.rpm",
         "sha512": "SmrdfZeSInIiRl2uzMLCDYYqz2N3gvzb4AlfD9RZnkGjKHg+N6VkdOD9p2rMGcT3cFISEvpoiFguKBKmkymYWg==",
         "size": 189025877
      }
   ],
   "path": "Anytype-0.55.4.AppImage",
   "sha512": "iVhg7x/IcehgFgoqn8NKBJ5Zlh1Ba0LCCfUSUA0vCgLClePi/Wa1B3K+g7FaPJ4caVLEApN+opsMXekenVAZBg==",
   "releaseDate": "2026-05-05T13:39:49.369Z"
}
[2026-05-26 03:31:54.094] [debug] checkForUpdatesAndNotify called, downloadPromise is null
[2026-05-26 03:41:53.870] [info]  Checking for update
[2026-05-26 03:41:53.871] [info]  Checking for update
[2026-05-26 03:41:54.144] [info]  Update for version 0.55.4 is not available (latest version: 0.55.4, downgrade is allowed).
[2026-05-26 03:41:54.145] [info]  Update not available: {
   "version": "0.55.4",
   "files": [
      {
         "url": "Anytype-0.55.4.AppImage",
         "sha512": "iVhg7x/IcehgFgoqn8NKBJ5Zlh1Ba0LCCfUSUA0vCgLClePi/Wa1B3K+g7FaPJ4caVLEApN+opsMXekenVAZBg==",
         "size": 255921020,
         "blockMapSize": 265104
      },
      {
         "url": "anytype_0.55.4_amd64.deb",
         "sha512": "h9AOC2BuEny0TIDmwtH3X2Z2If/U59v0urgHxEd1ttKDQnVHP3HbdrlSd6gRefM41tEvLs77AlGzVmnDQ2Lv2Q==",
         "size": 213511672
      },
      {
         "url": "anytype_0.55.4_amd64.deb",
         "sha512": "h9AOC2BuEny0TIDmwtH3X2Z2If/U59v0urgHxEd1ttKDQnVHP3HbdrlSd6gRefM41tEvLs77AlGzVmnDQ2Lv2Q==",
         "size": 213511672
      },
      {
         "url": "anytype_0.55.4_amd64.deb",
         "sha512": "h9AOC2BuEny0TIDmwtH3X2Z2If/U59v0urgHxEd1ttKDQnVHP3HbdrlSd6gRefM41tEvLs77AlGzVmnDQ2Lv2Q==",
         "size": 213511672
      },
      {
         "url": "anytype-0.55.4.x86_64.rpm",
         "sha512": "SmrdfZeSInIiRl2uzMLCDYYqz2N3gvzb4AlfD9RZnkGjKHg+N6VkdOD9p2rMGcT3cFISEvpoiFguKBKmkymYWg==",
         "size": 189025877
      },
      {
         "url": "anytype-0.55.4.x86_64.rpm",
         "sha512": "SmrdfZeSInIiRl2uzMLCDYYqz2N3gvzb4AlfD9RZnkGjKHg+N6VkdOD9p2rMGcT3cFISEvpoiFguKBKmkymYWg==",
         "size": 189025877
      },
      {
         "url": "anytype-0.55.4.x86_64.rpm",
         "sha512": "SmrdfZeSInIiRl2uzMLCDYYqz2N3gvzb4AlfD9RZnkGjKHg+N6VkdOD9p2rMGcT3cFISEvpoiFguKBKmkymYWg==",
         "size": 189025877
      }
   ],
   "path": "Anytype-0.55.4.AppImage",
   "sha512": "iVhg7x/IcehgFgoqn8NKBJ5Zlh1Ba0LCCfUSUA0vCgLClePi/Wa1B3K+g7FaPJ4caVLEApN+opsMXekenVAZBg==",
   "releaseDate": "2026-05-05T13:39:49.369Z"
}
[2026-05-26 03:41:54.145] [debug] checkForUpdatesAndNotify called, downloadPromise is null
[2026-05-26 03:51:53.954] [info]  Checking for update
[2026-05-26 03:51:53.955] [info]  Checking for update
[2026-05-26 03:51:54.235] [info]  Update for version 0.55.4 is not available (latest version: 0.55.4, downgrade is allowed).
[2026-05-26 03:51:54.236] [info]  Update not available: {
   "version": "0.55.4",
   "files": [
      {
         "url": "Anytype-0.55.4.AppImage",
         "sha512": "iVhg7x/IcehgFgoqn8NKBJ5Zlh1Ba0LCCfUSUA0vCgLClePi/Wa1B3K+g7FaPJ4caVLEApN+opsMXekenVAZBg==",
         "size": 255921020,
         "blockMapSize": 265104
      },
      {
         "url": "anytype_0.55.4_amd64.deb",
         "sha512": "h9AOC2BuEny0TIDmwtH3X2Z2If/U59v0urgHxEd1ttKDQnVHP3HbdrlSd6gRefM41tEvLs77AlGzVmnDQ2Lv2Q==",
         "size": 213511672
      },
      {
         "url": "anytype_0.55.4_amd64.deb",
         "sha512": "h9AOC2BuEny0TIDmwtH3X2Z2If/U59v0urgHxEd1ttKDQnVHP3HbdrlSd6gRefM41tEvLs77AlGzVmnDQ2Lv2Q==",
         "size": 213511672
      },
      {
         "url": "anytype_0.55.4_amd64.deb",
         "sha512": "h9AOC2BuEny0TIDmwtH3X2Z2If/U59v0urgHxEd1ttKDQnVHP3HbdrlSd6gRefM41tEvLs77AlGzVmnDQ2Lv2Q==",
         "size": 213511672
      },
      {
         "url": "anytype-0.55.4.x86_64.rpm",
         "sha512": "SmrdfZeSInIiRl2uzMLCDYYqz2N3gvzb4AlfD9RZnkGjKHg+N6VkdOD9p2rMGcT3cFISEvpoiFguKBKmkymYWg==",
         "size": 189025877
      },
      {
         "url": "anytype-0.55.4.x86_64.rpm",
         "sha512": "SmrdfZeSInIiRl2uzMLCDYYqz2N3gvzb4AlfD9RZnkGjKHg+N6VkdOD9p2rMGcT3cFISEvpoiFguKBKmkymYWg==",
         "size": 189025877
      },
      {
         "url": "anytype-0.55.4.x86_64.rpm",
         "sha512": "SmrdfZeSInIiRl2uzMLCDYYqz2N3gvzb4AlfD9RZnkGjKHg+N6VkdOD9p2rMGcT3cFISEvpoiFguKBKmkymYWg==",
         "size": 189025877
      }
   ],
   "path": "Anytype-0.55.4.AppImage",
   "sha512": "iVhg7x/IcehgFgoqn8NKBJ5Zlh1Ba0LCCfUSUA0vCgLClePi/Wa1B3K+g7FaPJ4caVLEApN+opsMXekenVAZBg==",
   "releaseDate": "2026-05-05T13:39:49.369Z"
}
[2026-05-26 03:51:54.236] [debug] checkForUpdatesAndNotify called, downloadPromise is null
[2026-05-26 04:01:53.970] [info]  Checking for update
[2026-05-26 04:01:53.971] [info]  Checking for update
[2026-05-26 04:01:54.251] [info]  Update for version 0.55.4 is not available (latest version: 0.55.4, downgrade is allowed).
[2026-05-26 04:01:54.252] [info]  Update not available: {
   "version": "0.55.4",
   "files": [
      {
         "url": "Anytype-0.55.4.AppImage",
         "sha512": "iVhg7x/IcehgFgoqn8NKBJ5Zlh1Ba0LCCfUSUA0vCgLClePi/Wa1B3K+g7FaPJ4caVLEApN+opsMXekenVAZBg==",
         "size": 255921020,
         "blockMapSize": 265104
      },
      {
         "url": "anytype_0.55.4_amd64.deb",
         "sha512": "h9AOC2BuEny0TIDmwtH3X2Z2If/U59v0urgHxEd1ttKDQnVHP3HbdrlSd6gRefM41tEvLs77AlGzVmnDQ2Lv2Q==",
         "size": 213511672
      },
      {
         "url": "anytype_0.55.4_amd64.deb",
         "sha512": "h9AOC2BuEny0TIDmwtH3X2Z2If/U59v0urgHxEd1ttKDQnVHP3HbdrlSd6gRefM41tEvLs77AlGzVmnDQ2Lv2Q==",
         "size": 213511672
      },
      {
         "url": "anytype_0.55.4_amd64.deb",
         "sha512": "h9AOC2BuEny0TIDmwtH3X2Z2If/U59v0urgHxEd1ttKDQnVHP3HbdrlSd6gRefM41tEvLs77AlGzVmnDQ2Lv2Q==",
         "size": 213511672
      },
      {
         "url": "anytype-0.55.4.x86_64.rpm",
         "sha512": "SmrdfZeSInIiRl2uzMLCDYYqz2N3gvzb4AlfD9RZnkGjKHg+N6VkdOD9p2rMGcT3cFISEvpoiFguKBKmkymYWg==",
         "size": 189025877
      },
      {
         "url": "anytype-0.55.4.x86_64.rpm",
         "sha512": "SmrdfZeSInIiRl2uzMLCDYYqz2N3gvzb4AlfD9RZnkGjKHg+N6VkdOD9p2rMGcT3cFISEvpoiFguKBKmkymYWg==",
         "size": 189025877
      },
      {
         "url": "anytype-0.55.4.x86_64.rpm",
         "sha512": "SmrdfZeSInIiRl2uzMLCDYYqz2N3gvzb4AlfD9RZnkGjKHg+N6VkdOD9p2rMGcT3cFISEvpoiFguKBKmkymYWg==",
         "size": 189025877
      }
   ],
   "path": "Anytype-0.55.4.AppImage",
   "sha512": "iVhg7x/IcehgFgoqn8NKBJ5Zlh1Ba0LCCfUSUA0vCgLClePi/Wa1B3K+g7FaPJ4caVLEApN+opsMXekenVAZBg==",
   "releaseDate": "2026-05-05T13:39:49.369Z"
}
[2026-05-26 04:01:54.253] [debug] checkForUpdatesAndNotify called, downloadPromise is null
[2026-05-26 04:11:53.973] [info]  Checking for update
[2026-05-26 04:11:53.973] [info]  Checking for update
[2026-05-26 04:11:54.254] [info]  Update for version 0.55.4 is not available (latest version: 0.55.4, downgrade is allowed).
[2026-05-26 04:11:54.255] [info]  Update not available: {
   "version": "0.55.4",
   "files": [
      {
         "url": "Anytype-0.55.4.AppImage",
         "sha512": "iVhg7x/IcehgFgoqn8NKBJ5Zlh1Ba0LCCfUSUA0vCgLClePi/Wa1B3K+g7FaPJ4caVLEApN+opsMXekenVAZBg==",
         "size": 255921020,
         "blockMapSize": 265104
      },
      {
         "url": "anytype_0.55.4_amd64.deb",
         "sha512": "h9AOC2BuEny0TIDmwtH3X2Z2If/U59v0urgHxEd1ttKDQnVHP3HbdrlSd6gRefM41tEvLs77AlGzVmnDQ2Lv2Q==",
         "size": 213511672
      },
      {
         "url": "anytype_0.55.4_amd64.deb",
         "sha512": "h9AOC2BuEny0TIDmwtH3X2Z2If/U59v0urgHxEd1ttKDQnVHP3HbdrlSd6gRefM41tEvLs77AlGzVmnDQ2Lv2Q==",
         "size": 213511672
      },
      {
         "url": "anytype_0.55.4_amd64.deb",
         "sha512": "h9AOC2BuEny0TIDmwtH3X2Z2If/U59v0urgHxEd1ttKDQnVHP3HbdrlSd6gRefM41tEvLs77AlGzVmnDQ2Lv2Q==",
         "size": 213511672
      },
      {
         "url": "anytype-0.55.4.x86_64.rpm",
         "sha512": "SmrdfZeSInIiRl2uzMLCDYYqz2N3gvzb4AlfD9RZnkGjKHg+N6VkdOD9p2rMGcT3cFISEvpoiFguKBKmkymYWg==",
         "size": 189025877
      },
      {
         "url": "anytype-0.55.4.x86_64.rpm",
         "sha512": "SmrdfZeSInIiRl2uzMLCDYYqz2N3gvzb4AlfD9RZnkGjKHg+N6VkdOD9p2rMGcT3cFISEvpoiFguKBKmkymYWg==",
         "size": 189025877
      },
      {
         "url": "anytype-0.55.4.x86_64.rpm",
         "sha512": "SmrdfZeSInIiRl2uzMLCDYYqz2N3gvzb4AlfD9RZnkGjKHg+N6VkdOD9p2rMGcT3cFISEvpoiFguKBKmkymYWg==",
         "size": 189025877
      }
   ],
   "path": "Anytype-0.55.4.AppImage",
   "sha512": "iVhg7x/IcehgFgoqn8NKBJ5Zlh1Ba0LCCfUSUA0vCgLClePi/Wa1B3K+g7FaPJ4caVLEApN+opsMXekenVAZBg==",
   "releaseDate": "2026-05-05T13:39:49.369Z"
}
[2026-05-26 04:11:54.255] [debug] checkForUpdatesAndNotify called, downloadPromise is null
[2026-05-26 04:21:54.032] [info]  Checking for update
[2026-05-26 04:21:54.033] [info]  Checking for update
[2026-05-26 04:21:54.324] [info]  Update for version 0.55.4 is not available (latest version: 0.55.4, downgrade is allowed).
[2026-05-26 04:21:54.324] [info]  Update not available: {
   "version": "0.55.4",
   "files": [
      {
         "url": "Anytype-0.55.4.AppImage",
         "sha512": "iVhg7x/IcehgFgoqn8NKBJ5Zlh1Ba0LCCfUSUA0vCgLClePi/Wa1B3K+g7FaPJ4caVLEApN+opsMXekenVAZBg==",
         "size": 255921020,
         "blockMapSize": 265104
      },
      {
         "url": "anytype_0.55.4_amd64.deb",
         "sha512": "h9AOC2BuEny0TIDmwtH3X2Z2If/U59v0urgHxEd1ttKDQnVHP3HbdrlSd6gRefM41tEvLs77AlGzVmnDQ2Lv2Q==",
         "size": 213511672
      },
      {
         "url": "anytype_0.55.4_amd64.deb",
         "sha512": "h9AOC2BuEny0TIDmwtH3X2Z2If/U59v0urgHxEd1ttKDQnVHP3HbdrlSd6gRefM41tEvLs77AlGzVmnDQ2Lv2Q==",
         "size": 213511672
      },
      {
         "url": "anytype_0.55.4_amd64.deb",
         "sha512": "h9AOC2BuEny0TIDmwtH3X2Z2If/U59v0urgHxEd1ttKDQnVHP3HbdrlSd6gRefM41tEvLs77AlGzVmnDQ2Lv2Q==",
         "size": 213511672
      },
      {
         "url": "anytype-0.55.4.x86_64.rpm",
         "sha512": "SmrdfZeSInIiRl2uzMLCDYYqz2N3gvzb4AlfD9RZnkGjKHg+N6VkdOD9p2rMGcT3cFISEvpoiFguKBKmkymYWg==",
         "size": 189025877
      },
      {
         "url": "anytype-0.55.4.x86_64.rpm",
         "sha512": "SmrdfZeSInIiRl2uzMLCDYYqz2N3gvzb4AlfD9RZnkGjKHg+N6VkdOD9p2rMGcT3cFISEvpoiFguKBKmkymYWg==",
         "size": 189025877
      },
      {
         "url": "anytype-0.55.4.x86_64.rpm",
         "sha512": "SmrdfZeSInIiRl2uzMLCDYYqz2N3gvzb4AlfD9RZnkGjKHg+N6VkdOD9p2rMGcT3cFISEvpoiFguKBKmkymYWg==",
         "size": 189025877
      }
   ],
   "path": "Anytype-0.55.4.AppImage",
   "sha512": "iVhg7x/IcehgFgoqn8NKBJ5Zlh1Ba0LCCfUSUA0vCgLClePi/Wa1B3K+g7FaPJ4caVLEApN+opsMXekenVAZBg==",
   "releaseDate": "2026-05-05T13:39:49.369Z"
}
[2026-05-26 04:21:54.325] [debug] checkForUpdatesAndNotify called, downloadPromise is null
[2026-05-26 04:31:54.034] [info]  Checking for update
[2026-05-26 04:31:54.034] [info]  Checking for update
[2026-05-26 04:31:54.314] [info]  Update for version 0.55.4 is not available (latest version: 0.55.4, downgrade is allowed).
[2026-05-26 04:31:54.315] [info]  Update not available: {
   "version": "0.55.4",
   "files": [
      {
         "url": "Anytype-0.55.4.AppImage",
         "sha512": "iVhg7x/IcehgFgoqn8NKBJ5Zlh1Ba0LCCfUSUA0vCgLClePi/Wa1B3K+g7FaPJ4caVLEApN+opsMXekenVAZBg==",
         "size": 255921020,
         "blockMapSize": 265104
      },
      {
         "url": "anytype_0.55.4_amd64.deb",
         "sha512": "h9AOC2BuEny0TIDmwtH3X2Z2If/U59v0urgHxEd1ttKDQnVHP3HbdrlSd6gRefM41tEvLs77AlGzVmnDQ2Lv2Q==",
         "size": 213511672
      },
      {
         "url": "anytype_0.55.4_amd64.deb",
         "sha512": "h9AOC2BuEny0TIDmwtH3X2Z2If/U59v0urgHxEd1ttKDQnVHP3HbdrlSd6gRefM41tEvLs77AlGzVmnDQ2Lv2Q==",
         "size": 213511672
      },
      {
         "url": "anytype_0.55.4_amd64.deb",
         "sha512": "h9AOC2BuEny0TIDmwtH3X2Z2If/U59v0urgHxEd1ttKDQnVHP3HbdrlSd6gRefM41tEvLs77AlGzVmnDQ2Lv2Q==",
         "size": 213511672
      },
      {
         "url": "anytype-0.55.4.x86_64.rpm",
         "sha512": "SmrdfZeSInIiRl2uzMLCDYYqz2N3gvzb4AlfD9RZnkGjKHg+N6VkdOD9p2rMGcT3cFISEvpoiFguKBKmkymYWg==",
         "size": 189025877
      },
      {
         "url": "anytype-0.55.4.x86_64.rpm",
         "sha512": "SmrdfZeSInIiRl2uzMLCDYYqz2N3gvzb4AlfD9RZnkGjKHg+N6VkdOD9p2rMGcT3cFISEvpoiFguKBKmkymYWg==",
         "size": 189025877
      },
      {
         "url": "anytype-0.55.4.x86_64.rpm",
         "sha512": "SmrdfZeSInIiRl2uzMLCDYYqz2N3gvzb4AlfD9RZnkGjKHg+N6VkdOD9p2rMGcT3cFISEvpoiFguKBKmkymYWg==",
         "size": 189025877
      }
   ],
   "path": "Anytype-0.55.4.AppImage",
   "sha512": "iVhg7x/IcehgFgoqn8NKBJ5Zlh1Ba0LCCfUSUA0vCgLClePi/Wa1B3K+g7FaPJ4caVLEApN+opsMXekenVAZBg==",
   "releaseDate": "2026-05-05T13:39:49.369Z"
}
[2026-05-26 04:31:54.316] [debug] checkForUpdatesAndNotify called, downloadPromise is null
[2026-05-26 04:41:54.135] [info]  Checking for update
[2026-05-26 04:41:54.136] [info]  Checking for update
[2026-05-26 04:41:54.422] [info]  Update for version 0.55.4 is not available (latest version: 0.55.4, downgrade is allowed).
[2026-05-26 04:41:54.422] [info]  Update not available: {
   "version": "0.55.4",
   "files": [
      {
         "url": "Anytype-0.55.4.AppImage",
         "sha512": "iVhg7x/IcehgFgoqn8NKBJ5Zlh1Ba0LCCfUSUA0vCgLClePi/Wa1B3K+g7FaPJ4caVLEApN+opsMXekenVAZBg==",
         "size": 255921020,
         "blockMapSize": 265104
      },
      {
         "url": "anytype_0.55.4_amd64.deb",
         "sha512": "h9AOC2BuEny0TIDmwtH3X2Z2If/U59v0urgHxEd1ttKDQnVHP3HbdrlSd6gRefM41tEvLs77AlGzVmnDQ2Lv2Q==",
         "size": 213511672
      },
      {
         "url": "anytype_0.55.4_amd64.deb",
         "sha512": "h9AOC2BuEny0TIDmwtH3X2Z2If/U59v0urgHxEd1ttKDQnVHP3HbdrlSd6gRefM41tEvLs77AlGzVmnDQ2Lv2Q==",
         "size": 213511672
      },
      {
         "url": "anytype_0.55.4_amd64.deb",
         "sha512": "h9AOC2BuEny0TIDmwtH3X2Z2If/U59v0urgHxEd1ttKDQnVHP3HbdrlSd6gRefM41tEvLs77AlGzVmnDQ2Lv2Q==",
         "size": 213511672
      },
      {
         "url": "anytype-0.55.4.x86_64.rpm",
         "sha512": "SmrdfZeSInIiRl2uzMLCDYYqz2N3gvzb4AlfD9RZnkGjKHg+N6VkdOD9p2rMGcT3cFISEvpoiFguKBKmkymYWg==",
         "size": 189025877
      },
      {
         "url": "anytype-0.55.4.x86_64.rpm",
         "sha512": "SmrdfZeSInIiRl2uzMLCDYYqz2N3gvzb4AlfD9RZnkGjKHg+N6VkdOD9p2rMGcT3cFISEvpoiFguKBKmkymYWg==",
         "size": 189025877
      },
      {
         "url": "anytype-0.55.4.x86_64.rpm",
         "sha512": "SmrdfZeSInIiRl2uzMLCDYYqz2N3gvzb4AlfD9RZnkGjKHg+N6VkdOD9p2rMGcT3cFISEvpoiFguKBKmkymYWg==",
         "size": 189025877
      }
   ],
   "path": "Anytype-0.55.4.AppImage",
   "sha512": "iVhg7x/IcehgFgoqn8NKBJ5Zlh1Ba0LCCfUSUA0vCgLClePi/Wa1B3K+g7FaPJ4caVLEApN+opsMXekenVAZBg==",
   "releaseDate": "2026-05-05T13:39:49.369Z"
}
[2026-05-26 04:41:54.423] [debug] checkForUpdatesAndNotify called, downloadPromise is null
[2026-05-26 04:51:54.228] [info]  Checking for update
[2026-05-26 04:51:54.228] [info]  Checking for update
[2026-05-26 04:51:54.523] [info]  Update for version 0.55.4 is not available (latest version: 0.55.4, downgrade is allowed).
[2026-05-26 04:51:54.524] [info]  Update not available: {
   "version": "0.55.4",
   "files": [
      {
         "url": "Anytype-0.55.4.AppImage",
         "sha512": "iVhg7x/IcehgFgoqn8NKBJ5Zlh1Ba0LCCfUSUA0vCgLClePi/Wa1B3K+g7FaPJ4caVLEApN+opsMXekenVAZBg==",
         "size": 255921020,
         "blockMapSize": 265104
      },
      {
         "url": "anytype_0.55.4_amd64.deb",
         "sha512": "h9AOC2BuEny0TIDmwtH3X2Z2If/U59v0urgHxEd1ttKDQnVHP3HbdrlSd6gRefM41tEvLs77AlGzVmnDQ2Lv2Q==",
         "size": 213511672
      },
      {
         "url": "anytype_0.55.4_amd64.deb",
         "sha512": "h9AOC2BuEny0TIDmwtH3X2Z2If/U59v0urgHxEd1ttKDQnVHP3HbdrlSd6gRefM41tEvLs77AlGzVmnDQ2Lv2Q==",
         "size": 213511672
      },
      {
         "url": "anytype_0.55.4_amd64.deb",
         "sha512": "h9AOC2BuEny0TIDmwtH3X2Z2If/U59v0urgHxEd1ttKDQnVHP3HbdrlSd6gRefM41tEvLs77AlGzVmnDQ2Lv2Q==",
         "size": 213511672
      },
      {
         "url": "anytype-0.55.4.x86_64.rpm",
         "sha512": "SmrdfZeSInIiRl2uzMLCDYYqz2N3gvzb4AlfD9RZnkGjKHg+N6VkdOD9p2rMGcT3cFISEvpoiFguKBKmkymYWg==",
         "size": 189025877
      },
      {
         "url": "anytype-0.55.4.x86_64.rpm",
         "sha512": "SmrdfZeSInIiRl2uzMLCDYYqz2N3gvzb4AlfD9RZnkGjKHg+N6VkdOD9p2rMGcT3cFISEvpoiFguKBKmkymYWg==",
         "size": 189025877
      },
      {
         "url": "anytype-0.55.4.x86_64.rpm",
         "sha512": "SmrdfZeSInIiRl2uzMLCDYYqz2N3gvzb4AlfD9RZnkGjKHg+N6VkdOD9p2rMGcT3cFISEvpoiFguKBKmkymYWg==",
         "size": 189025877
      }
   ],
   "path": "Anytype-0.55.4.AppImage",
   "sha512": "iVhg7x/IcehgFgoqn8NKBJ5Zlh1Ba0LCCfUSUA0vCgLClePi/Wa1B3K+g7FaPJ4caVLEApN+opsMXekenVAZBg==",
   "releaseDate": "2026-05-05T13:39:49.369Z"
}
[2026-05-26 04:51:54.524] [debug] checkForUpdatesAndNotify called, downloadPromise is null
[2026-05-26 05:01:54.311] [info]  Checking for update
[2026-05-26 05:01:54.312] [info]  Checking for update
[2026-05-26 05:01:54.590] [info]  Update for version 0.55.4 is not available (latest version: 0.55.4, downgrade is allowed).
[2026-05-26 05:01:54.590] [info]  Update not available: {
   "version": "0.55.4",
   "files": [
      {
         "url": "Anytype-0.55.4.AppImage",
         "sha512": "iVhg7x/IcehgFgoqn8NKBJ5Zlh1Ba0LCCfUSUA0vCgLClePi/Wa1B3K+g7FaPJ4caVLEApN+opsMXekenVAZBg==",
         "size": 255921020,
         "blockMapSize": 265104
      },
      {
         "url": "anytype_0.55.4_amd64.deb",
         "sha512": "h9AOC2BuEny0TIDmwtH3X2Z2If/U59v0urgHxEd1ttKDQnVHP3HbdrlSd6gRefM41tEvLs77AlGzVmnDQ2Lv2Q==",
         "size": 213511672
      },
      {
         "url": "anytype_0.55.4_amd64.deb",
         "sha512": "h9AOC2BuEny0TIDmwtH3X2Z2If/U59v0urgHxEd1ttKDQnVHP3HbdrlSd6gRefM41tEvLs77AlGzVmnDQ2Lv2Q==",
         "size": 213511672
      },
      {
         "url": "anytype_0.55.4_amd64.deb",
         "sha512": "h9AOC2BuEny0TIDmwtH3X2Z2If/U59v0urgHxEd1ttKDQnVHP3HbdrlSd6gRefM41tEvLs77AlGzVmnDQ2Lv2Q==",
         "size": 213511672
      },
      {
         "url": "anytype-0.55.4.x86_64.rpm",
         "sha512": "SmrdfZeSInIiRl2uzMLCDYYqz2N3gvzb4AlfD9RZnkGjKHg+N6VkdOD9p2rMGcT3cFISEvpoiFguKBKmkymYWg==",
         "size": 189025877
      },
      {
         "url": "anytype-0.55.4.x86_64.rpm",
         "sha512": "SmrdfZeSInIiRl2uzMLCDYYqz2N3gvzb4AlfD9RZnkGjKHg+N6VkdOD9p2rMGcT3cFISEvpoiFguKBKmkymYWg==",
         "size": 189025877
      },
      {
         "url": "anytype-0.55.4.x86_64.rpm",
         "sha512": "SmrdfZeSInIiRl2uzMLCDYYqz2N3gvzb4AlfD9RZnkGjKHg+N6VkdOD9p2rMGcT3cFISEvpoiFguKBKmkymYWg==",
         "size": 189025877
      }
   ],
   "path": "Anytype-0.55.4.AppImage",
   "sha512": "iVhg7x/IcehgFgoqn8NKBJ5Zlh1Ba0LCCfUSUA0vCgLClePi/Wa1B3K+g7FaPJ4caVLEApN+opsMXekenVAZBg==",
   "releaseDate": "2026-05-05T13:39:49.369Z"
}
[2026-05-26 05:01:54.591] [debug] checkForUpdatesAndNotify called, downloadPromise is null
[2026-05-26 05:11:54.324] [info]  Checking for update
[2026-05-26 05:11:54.325] [info]  Checking for update
[2026-05-26 05:11:54.614] [info]  Update for version 0.55.4 is not available (latest version: 0.55.4, downgrade is allowed).
[2026-05-26 05:11:54.615] [info]  Update not available: {
   "version": "0.55.4",
   "files": [
      {
         "url": "Anytype-0.55.4.AppImage",
         "sha512": "iVhg7x/IcehgFgoqn8NKBJ5Zlh1Ba0LCCfUSUA0vCgLClePi/Wa1B3K+g7FaPJ4caVLEApN+opsMXekenVAZBg==",
         "size": 255921020,
         "blockMapSize": 265104
      },
      {
         "url": "anytype_0.55.4_amd64.deb",
         "sha512": "h9AOC2BuEny0TIDmwtH3X2Z2If/U59v0urgHxEd1ttKDQnVHP3HbdrlSd6gRefM41tEvLs77AlGzVmnDQ2Lv2Q==",
         "size": 213511672
      },
      {
         "url": "anytype_0.55.4_amd64.deb",
         "sha512": "h9AOC2BuEny0TIDmwtH3X2Z2If/U59v0urgHxEd1ttKDQnVHP3HbdrlSd6gRefM41tEvLs77AlGzVmnDQ2Lv2Q==",
         "size": 213511672
      },
      {
         "url": "anytype_0.55.4_amd64.deb",
         "sha512": "h9AOC2BuEny0TIDmwtH3X2Z2If/U59v0urgHxEd1ttKDQnVHP3HbdrlSd6gRefM41tEvLs77AlGzVmnDQ2Lv2Q==",
         "size": 213511672
      },
      {
         "url": "anytype-0.55.4.x86_64.rpm",
         "sha512": "SmrdfZeSInIiRl2uzMLCDYYqz2N3gvzb4AlfD9RZnkGjKHg+N6VkdOD9p2rMGcT3cFISEvpoiFguKBKmkymYWg==",
         "size": 189025877
      },
      {
         "url": "anytype-0.55.4.x86_64.rpm",
         "sha512": "SmrdfZeSInIiRl2uzMLCDYYqz2N3gvzb4AlfD9RZnkGjKHg+N6VkdOD9p2rMGcT3cFISEvpoiFguKBKmkymYWg==",
         "size": 189025877
      },
      {
         "url": "anytype-0.55.4.x86_64.rpm",
         "sha512": "SmrdfZeSInIiRl2uzMLCDYYqz2N3gvzb4AlfD9RZnkGjKHg+N6VkdOD9p2rMGcT3cFISEvpoiFguKBKmkymYWg==",
         "size": 189025877
      }
   ],
   "path": "Anytype-0.55.4.AppImage",
   "sha512": "iVhg7x/IcehgFgoqn8NKBJ5Zlh1Ba0LCCfUSUA0vCgLClePi/Wa1B3K+g7FaPJ4caVLEApN+opsMXekenVAZBg==",
   "releaseDate": "2026-05-05T13:39:49.369Z"
}
[2026-05-26 05:11:54.615] [debug] checkForUpdatesAndNotify called, downloadPromise is null
[2026-05-26 05:21:54.358] [info]  Checking for update
[2026-05-26 05:21:54.358] [info]  Checking for update
[2026-05-26 05:21:54.651] [info]  Update for version 0.55.4 is not available (latest version: 0.55.4, downgrade is allowed).
[2026-05-26 05:21:54.651] [info]  Update not available: {
   "version": "0.55.4",
   "files": [
      {
         "url": "Anytype-0.55.4.AppImage",
         "sha512": "iVhg7x/IcehgFgoqn8NKBJ5Zlh1Ba0LCCfUSUA0vCgLClePi/Wa1B3K+g7FaPJ4caVLEApN+opsMXekenVAZBg==",
         "size": 255921020,
         "blockMapSize": 265104
      },
      {
         "url": "anytype_0.55.4_amd64.deb",
         "sha512": "h9AOC2BuEny0TIDmwtH3X2Z2If/U59v0urgHxEd1ttKDQnVHP3HbdrlSd6gRefM41tEvLs77AlGzVmnDQ2Lv2Q==",
         "size": 213511672
      },
      {
         "url": "anytype_0.55.4_amd64.deb",
         "sha512": "h9AOC2BuEny0TIDmwtH3X2Z2If/U59v0urgHxEd1ttKDQnVHP3HbdrlSd6gRefM41tEvLs77AlGzVmnDQ2Lv2Q==",
         "size": 213511672
      },
      {
         "url": "anytype_0.55.4_amd64.deb",
         "sha512": "h9AOC2BuEny0TIDmwtH3X2Z2If/U59v0urgHxEd1ttKDQnVHP3HbdrlSd6gRefM41tEvLs77AlGzVmnDQ2Lv2Q==",
         "size": 213511672
      },
      {
         "url": "anytype-0.55.4.x86_64.rpm",
         "sha512": "SmrdfZeSInIiRl2uzMLCDYYqz2N3gvzb4AlfD9RZnkGjKHg+N6VkdOD9p2rMGcT3cFISEvpoiFguKBKmkymYWg==",
         "size": 189025877
      },
      {
         "url": "anytype-0.55.4.x86_64.rpm",
         "sha512": "SmrdfZeSInIiRl2uzMLCDYYqz2N3gvzb4AlfD9RZnkGjKHg+N6VkdOD9p2rMGcT3cFISEvpoiFguKBKmkymYWg==",
         "size": 189025877
      },
      {
         "url": "anytype-0.55.4.x86_64.rpm",
         "sha512": "SmrdfZeSInIiRl2uzMLCDYYqz2N3gvzb4AlfD9RZnkGjKHg+N6VkdOD9p2rMGcT3cFISEvpoiFguKBKmkymYWg==",
         "size": 189025877
      }
   ],
   "path": "Anytype-0.55.4.AppImage",
   "sha512": "iVhg7x/IcehgFgoqn8NKBJ5Zlh1Ba0LCCfUSUA0vCgLClePi/Wa1B3K+g7FaPJ4caVLEApN+opsMXekenVAZBg==",
   "releaseDate": "2026-05-05T13:39:49.369Z"
}
[2026-05-26 05:21:54.652] [debug] checkForUpdatesAndNotify called, downloadPromise is null
[2026-05-26 05:31:54.369] [info]  Checking for update
[2026-05-26 05:31:54.369] [info]  Checking for update
[2026-05-26 05:31:54.660] [info]  Update for version 0.55.4 is not available (latest version: 0.55.4, downgrade is allowed).
[2026-05-26 05:31:54.661] [info]  Update not available: {
   "version": "0.55.4",
   "files": [
      {
         "url": "Anytype-0.55.4.AppImage",
         "sha512": "iVhg7x/IcehgFgoqn8NKBJ5Zlh1Ba0LCCfUSUA0vCgLClePi/Wa1B3K+g7FaPJ4caVLEApN+opsMXekenVAZBg==",
         "size": 255921020,
         "blockMapSize": 265104
      },
      {
         "url": "anytype_0.55.4_amd64.deb",
         "sha512": "h9AOC2BuEny0TIDmwtH3X2Z2If/U59v0urgHxEd1ttKDQnVHP3HbdrlSd6gRefM41tEvLs77AlGzVmnDQ2Lv2Q==",
         "size": 213511672
      },
      {
         "url": "anytype_0.55.4_amd64.deb",
         "sha512": "h9AOC2BuEny0TIDmwtH3X2Z2If/U59v0urgHxEd1ttKDQnVHP3HbdrlSd6gRefM41tEvLs77AlGzVmnDQ2Lv2Q==",
         "size": 213511672
      },
      {
         "url": "anytype_0.55.4_amd64.deb",
         "sha512": "h9AOC2BuEny0TIDmwtH3X2Z2If/U59v0urgHxEd1ttKDQnVHP3HbdrlSd6gRefM41tEvLs77AlGzVmnDQ2Lv2Q==",
         "size": 213511672
      },
      {
         "url": "anytype-0.55.4.x86_64.rpm",
         "sha512": "SmrdfZeSInIiRl2uzMLCDYYqz2N3gvzb4AlfD9RZnkGjKHg+N6VkdOD9p2rMGcT3cFISEvpoiFguKBKmkymYWg==",
         "size": 189025877
      },
      {
         "url": "anytype-0.55.4.x86_64.rpm",
         "sha512": "SmrdfZeSInIiRl2uzMLCDYYqz2N3gvzb4AlfD9RZnkGjKHg+N6VkdOD9p2rMGcT3cFISEvpoiFguKBKmkymYWg==",
         "size": 189025877
      },
      {
         "url": "anytype-0.55.4.x86_64.rpm",
         "sha512": "SmrdfZeSInIiRl2uzMLCDYYqz2N3gvzb4AlfD9RZnkGjKHg+N6VkdOD9p2rMGcT3cFISEvpoiFguKBKmkymYWg==",
         "size": 189025877
      }
   ],
   "path": "Anytype-0.55.4.AppImage",
   "sha512": "iVhg7x/IcehgFgoqn8NKBJ5Zlh1Ba0LCCfUSUA0vCgLClePi/Wa1B3K+g7FaPJ4caVLEApN+opsMXekenVAZBg==",
   "releaseDate": "2026-05-05T13:39:49.369Z"
}
[2026-05-26 05:31:54.661] [debug] checkForUpdatesAndNotify called, downloadPromise is null
[2026-05-26 05:41:54.471] [info]  Checking for update
[2026-05-26 05:41:54.471] [info]  Checking for update
[2026-05-26 05:41:54.743] [info]  Update for version 0.55.4 is not available (latest version: 0.55.4, downgrade is allowed).
[2026-05-26 05:41:54.743] [info]  Update not available: {
   "version": "0.55.4",
   "files": [
      {
         "url": "Anytype-0.55.4.AppImage",
         "sha512": "iVhg7x/IcehgFgoqn8NKBJ5Zlh1Ba0LCCfUSUA0vCgLClePi/Wa1B3K+g7FaPJ4caVLEApN+opsMXekenVAZBg==",
         "size": 255921020,
         "blockMapSize": 265104
      },
      {
         "url": "anytype_0.55.4_amd64.deb",
         "sha512": "h9AOC2BuEny0TIDmwtH3X2Z2If/U59v0urgHxEd1ttKDQnVHP3HbdrlSd6gRefM41tEvLs77AlGzVmnDQ2Lv2Q==",
         "size": 213511672
      },
      {
         "url": "anytype_0.55.4_amd64.deb",
         "sha512": "h9AOC2BuEny0TIDmwtH3X2Z2If/U59v0urgHxEd1ttKDQnVHP3HbdrlSd6gRefM41tEvLs77AlGzVmnDQ2Lv2Q==",
         "size": 213511672
      },
      {
         "url": "anytype_0.55.4_amd64.deb",
         "sha512": "h9AOC2BuEny0TIDmwtH3X2Z2If/U59v0urgHxEd1ttKDQnVHP3HbdrlSd6gRefM41tEvLs77AlGzVmnDQ2Lv2Q==",
         "size": 213511672
      },
      {
         "url": "anytype-0.55.4.x86_64.rpm",
         "sha512": "SmrdfZeSInIiRl2uzMLCDYYqz2N3gvzb4AlfD9RZnkGjKHg+N6VkdOD9p2rMGcT3cFISEvpoiFguKBKmkymYWg==",
         "size": 189025877
      },
      {
         "url": "anytype-0.55.4.x86_64.rpm",
         "sha512": "SmrdfZeSInIiRl2uzMLCDYYqz2N3gvzb4AlfD9RZnkGjKHg+N6VkdOD9p2rMGcT3cFISEvpoiFguKBKmkymYWg==",
         "size": 189025877
      },
      {
         "url": "anytype-0.55.4.x86_64.rpm",
         "sha512": "SmrdfZeSInIiRl2uzMLCDYYqz2N3gvzb4AlfD9RZnkGjKHg+N6VkdOD9p2rMGcT3cFISEvpoiFguKBKmkymYWg==",
         "size": 189025877
      }
   ],
   "path": "Anytype-0.55.4.AppImage",
   "sha512": "iVhg7x/IcehgFgoqn8NKBJ5Zlh1Ba0LCCfUSUA0vCgLClePi/Wa1B3K+g7FaPJ4caVLEApN+opsMXekenVAZBg==",
   "releaseDate": "2026-05-05T13:39:49.369Z"
}
[2026-05-26 05:41:54.744] [debug] checkForUpdatesAndNotify called, downloadPromise is null
[2026-05-26 05:51:54.572] [info]  Checking for update
[2026-05-26 05:51:54.572] [info]  Checking for update
[2026-05-26 05:51:54.850] [info]  Update for version 0.55.4 is not available (latest version: 0.55.4, downgrade is allowed).
[2026-05-26 05:51:54.851] [info]  Update not available: {
   "version": "0.55.4",
   "files": [
      {
         "url": "Anytype-0.55.4.AppImage",
         "sha512": "iVhg7x/IcehgFgoqn8NKBJ5Zlh1Ba0LCCfUSUA0vCgLClePi/Wa1B3K+g7FaPJ4caVLEApN+opsMXekenVAZBg==",
         "size": 255921020,
         "blockMapSize": 265104
      },
      {
         "url": "anytype_0.55.4_amd64.deb",
         "sha512": "h9AOC2BuEny0TIDmwtH3X2Z2If/U59v0urgHxEd1ttKDQnVHP3HbdrlSd6gRefM41tEvLs77AlGzVmnDQ2Lv2Q==",
         "size": 213511672
      },
      {
         "url": "anytype_0.55.4_amd64.deb",
         "sha512": "h9AOC2BuEny0TIDmwtH3X2Z2If/U59v0urgHxEd1ttKDQnVHP3HbdrlSd6gRefM41tEvLs77AlGzVmnDQ2Lv2Q==",
         "size": 213511672
      },
      {
         "url": "anytype_0.55.4_amd64.deb",
         "sha512": "h9AOC2BuEny0TIDmwtH3X2Z2If/U59v0urgHxEd1ttKDQnVHP3HbdrlSd6gRefM41tEvLs77AlGzVmnDQ2Lv2Q==",
         "size": 213511672
      },
      {
         "url": "anytype-0.55.4.x86_64.rpm",
         "sha512": "SmrdfZeSInIiRl2uzMLCDYYqz2N3gvzb4AlfD9RZnkGjKHg+N6VkdOD9p2rMGcT3cFISEvpoiFguKBKmkymYWg==",
         "size": 189025877
      },
      {
         "url": "anytype-0.55.4.x86_64.rpm",
         "sha512": "SmrdfZeSInIiRl2uzMLCDYYqz2N3gvzb4AlfD9RZnkGjKHg+N6VkdOD9p2rMGcT3cFISEvpoiFguKBKmkymYWg==",
         "size": 189025877
      },
      {
         "url": "anytype-0.55.4.x86_64.rpm",
         "sha512": "SmrdfZeSInIiRl2uzMLCDYYqz2N3gvzb4AlfD9RZnkGjKHg+N6VkdOD9p2rMGcT3cFISEvpoiFguKBKmkymYWg==",
         "size": 189025877
      }
   ],
   "path": "Anytype-0.55.4.AppImage",
   "sha512": "iVhg7x/IcehgFgoqn8NKBJ5Zlh1Ba0LCCfUSUA0vCgLClePi/Wa1B3K+g7FaPJ4caVLEApN+opsMXekenVAZBg==",
   "releaseDate": "2026-05-05T13:39:49.369Z"
}
[2026-05-26 05:51:54.851] [debug] checkForUpdatesAndNotify called, downloadPromise is null
[2026-05-26 06:01:54.673] [info]  Checking for update
[2026-05-26 06:01:54.674] [info]  Checking for update
[2026-05-26 06:01:54.945] [info]  Update for version 0.55.4 is not available (latest version: 0.55.4, downgrade is allowed).
[2026-05-26 06:01:54.945] [info]  Update not available: {
   "version": "0.55.4",
   "files": [
      {
         "url": "Anytype-0.55.4.AppImage",
         "sha512": "iVhg7x/IcehgFgoqn8NKBJ5Zlh1Ba0LCCfUSUA0vCgLClePi/Wa1B3K+g7FaPJ4caVLEApN+opsMXekenVAZBg==",
         "size": 255921020,
         "blockMapSize": 265104
      },
      {
         "url": "anytype_0.55.4_amd64.deb",
         "sha512": "h9AOC2BuEny0TIDmwtH3X2Z2If/U59v0urgHxEd1ttKDQnVHP3HbdrlSd6gRefM41tEvLs77AlGzVmnDQ2Lv2Q==",
         "size": 213511672
      },
      {
         "url": "anytype_0.55.4_amd64.deb",
         "sha512": "h9AOC2BuEny0TIDmwtH3X2Z2If/U59v0urgHxEd1ttKDQnVHP3HbdrlSd6gRefM41tEvLs77AlGzVmnDQ2Lv2Q==",
         "size": 213511672
      },
      {
         "url": "anytype_0.55.4_amd64.deb",
         "sha512": "h9AOC2BuEny0TIDmwtH3X2Z2If/U59v0urgHxEd1ttKDQnVHP3HbdrlSd6gRefM41tEvLs77AlGzVmnDQ2Lv2Q==",
         "size": 213511672
      },
      {
         "url": "anytype-0.55.4.x86_64.rpm",
         "sha512": "SmrdfZeSInIiRl2uzMLCDYYqz2N3gvzb4AlfD9RZnkGjKHg+N6VkdOD9p2rMGcT3cFISEvpoiFguKBKmkymYWg==",
         "size": 189025877
      },
      {
         "url": "anytype-0.55.4.x86_64.rpm",
         "sha512": "SmrdfZeSInIiRl2uzMLCDYYqz2N3gvzb4AlfD9RZnkGjKHg+N6VkdOD9p2rMGcT3cFISEvpoiFguKBKmkymYWg==",
         "size": 189025877
      },
      {
         "url": "anytype-0.55.4.x86_64.rpm",
         "sha512": "SmrdfZeSInIiRl2uzMLCDYYqz2N3gvzb4AlfD9RZnkGjKHg+N6VkdOD9p2rMGcT3cFISEvpoiFguKBKmkymYWg==",
         "size": 189025877
      }
   ],
   "path": "Anytype-0.55.4.AppImage",
   "sha512": "iVhg7x/IcehgFgoqn8NKBJ5Zlh1Ba0LCCfUSUA0vCgLClePi/Wa1B3K+g7FaPJ4caVLEApN+opsMXekenVAZBg==",
   "releaseDate": "2026-05-05T13:39:49.369Z"
}
[2026-05-26 06:01:54.946] [debug] checkForUpdatesAndNotify called, downloadPromise is null
[2026-05-26 06:11:54.712] [info]  Checking for update
[2026-05-26 06:11:54.712] [info]  Checking for update
[2026-05-26 06:11:54.987] [info]  Update for version 0.55.4 is not available (latest version: 0.55.4, downgrade is allowed).
[2026-05-26 06:11:54.987] [info]  Update not available: {
   "version": "0.55.4",
   "files": [
      {
         "url": "Anytype-0.55.4.AppImage",
         "sha512": "iVhg7x/IcehgFgoqn8NKBJ5Zlh1Ba0LCCfUSUA0vCgLClePi/Wa1B3K+g7FaPJ4caVLEApN+opsMXekenVAZBg==",
         "size": 255921020,
         "blockMapSize": 265104
      },
      {
         "url": "anytype_0.55.4_amd64.deb",
         "sha512": "h9AOC2BuEny0TIDmwtH3X2Z2If/U59v0urgHxEd1ttKDQnVHP3HbdrlSd6gRefM41tEvLs77AlGzVmnDQ2Lv2Q==",
         "size": 213511672
      },
      {
         "url": "anytype_0.55.4_amd64.deb",
         "sha512": "h9AOC2BuEny0TIDmwtH3X2Z2If/U59v0urgHxEd1ttKDQnVHP3HbdrlSd6gRefM41tEvLs77AlGzVmnDQ2Lv2Q==",
         "size": 213511672
      },
      {
         "url": "anytype_0.55.4_amd64.deb",
         "sha512": "h9AOC2BuEny0TIDmwtH3X2Z2If/U59v0urgHxEd1ttKDQnVHP3HbdrlSd6gRefM41tEvLs77AlGzVmnDQ2Lv2Q==",
         "size": 213511672
      },
      {
         "url": "anytype-0.55.4.x86_64.rpm",
         "sha512": "SmrdfZeSInIiRl2uzMLCDYYqz2N3gvzb4AlfD9RZnkGjKHg+N6VkdOD9p2rMGcT3cFISEvpoiFguKBKmkymYWg==",
         "size": 189025877
      },
      {
         "url": "anytype-0.55.4.x86_64.rpm",
         "sha512": "SmrdfZeSInIiRl2uzMLCDYYqz2N3gvzb4AlfD9RZnkGjKHg+N6VkdOD9p2rMGcT3cFISEvpoiFguKBKmkymYWg==",
         "size": 189025877
      },
      {
         "url": "anytype-0.55.4.x86_64.rpm",
         "sha512": "SmrdfZeSInIiRl2uzMLCDYYqz2N3gvzb4AlfD9RZnkGjKHg+N6VkdOD9p2rMGcT3cFISEvpoiFguKBKmkymYWg==",
         "size": 189025877
      }
   ],
   "path": "Anytype-0.55.4.AppImage",
   "sha512": "iVhg7x/IcehgFgoqn8NKBJ5Zlh1Ba0LCCfUSUA0vCgLClePi/Wa1B3K+g7FaPJ4caVLEApN+opsMXekenVAZBg==",
   "releaseDate": "2026-05-05T13:39:49.369Z"
}
[2026-05-26 06:11:54.988] [debug] checkForUpdatesAndNotify called, downloadPromise is null
[2026-05-26 06:21:54.736] [info]  Checking for update
[2026-05-26 06:21:54.736] [info]  Checking for update
[2026-05-26 06:21:55.006] [info]  Update for version 0.55.4 is not available (latest version: 0.55.4, downgrade is allowed).
[2026-05-26 06:21:55.007] [info]  Update not available: {
   "version": "0.55.4",
   "files": [
      {
         "url": "Anytype-0.55.4.AppImage",
         "sha512": "iVhg7x/IcehgFgoqn8NKBJ5Zlh1Ba0LCCfUSUA0vCgLClePi/Wa1B3K+g7FaPJ4caVLEApN+opsMXekenVAZBg==",
         "size": 255921020,
         "blockMapSize": 265104
      },
      {
         "url": "anytype_0.55.4_amd64.deb",
         "sha512": "h9AOC2BuEny0TIDmwtH3X2Z2If/U59v0urgHxEd1ttKDQnVHP3HbdrlSd6gRefM41tEvLs77AlGzVmnDQ2Lv2Q==",
         "size": 213511672
      },
      {
         "url": "anytype_0.55.4_amd64.deb",
         "sha512": "h9AOC2BuEny0TIDmwtH3X2Z2If/U59v0urgHxEd1ttKDQnVHP3HbdrlSd6gRefM41tEvLs77AlGzVmnDQ2Lv2Q==",
         "size": 213511672
      },
      {
         "url": "anytype_0.55.4_amd64.deb",
         "sha512": "h9AOC2BuEny0TIDmwtH3X2Z2If/U59v0urgHxEd1ttKDQnVHP3HbdrlSd6gRefM41tEvLs77AlGzVmnDQ2Lv2Q==",
         "size": 213511672
      },
      {
         "url": "anytype-0.55.4.x86_64.rpm",
         "sha512": "SmrdfZeSInIiRl2uzMLCDYYqz2N3gvzb4AlfD9RZnkGjKHg+N6VkdOD9p2rMGcT3cFISEvpoiFguKBKmkymYWg==",
         "size": 189025877
      },
      {
         "url": "anytype-0.55.4.x86_64.rpm",
         "sha512": "SmrdfZeSInIiRl2uzMLCDYYqz2N3gvzb4AlfD9RZnkGjKHg+N6VkdOD9p2rMGcT3cFISEvpoiFguKBKmkymYWg==",
         "size": 189025877
      },
      {
         "url": "anytype-0.55.4.x86_64.rpm",
         "sha512": "SmrdfZeSInIiRl2uzMLCDYYqz2N3gvzb4AlfD9RZnkGjKHg+N6VkdOD9p2rMGcT3cFISEvpoiFguKBKmkymYWg==",
         "size": 189025877
      }
   ],
   "path": "Anytype-0.55.4.AppImage",
   "sha512": "iVhg7x/IcehgFgoqn8NKBJ5Zlh1Ba0LCCfUSUA0vCgLClePi/Wa1B3K+g7FaPJ4caVLEApN+opsMXekenVAZBg==",
   "releaseDate": "2026-05-05T13:39:49.369Z"
}
[2026-05-26 06:21:55.007] [debug] checkForUpdatesAndNotify called, downloadPromise is null
[2026-05-26 06:31:54.740] [info]  Checking for update
[2026-05-26 06:31:54.740] [info]  Checking for update
[2026-05-26 06:31:55.036] [info]  Update for version 0.55.4 is not available (latest version: 0.55.4, downgrade is allowed).
[2026-05-26 06:31:55.037] [info]  Update not available: {
   "version": "0.55.4",
   "files": [
      {
         "url": "Anytype-0.55.4.AppImage",
         "sha512": "iVhg7x/IcehgFgoqn8NKBJ5Zlh1Ba0LCCfUSUA0vCgLClePi/Wa1B3K+g7FaPJ4caVLEApN+opsMXekenVAZBg==",
         "size": 255921020,
         "blockMapSize": 265104
      },
      {
         "url": "anytype_0.55.4_amd64.deb",
         "sha512": "h9AOC2BuEny0TIDmwtH3X2Z2If/U59v0urgHxEd1ttKDQnVHP3HbdrlSd6gRefM41tEvLs77AlGzVmnDQ2Lv2Q==",
         "size": 213511672
      },
      {
         "url": "anytype_0.55.4_amd64.deb",
         "sha512": "h9AOC2BuEny0TIDmwtH3X2Z2If/U59v0urgHxEd1ttKDQnVHP3HbdrlSd6gRefM41tEvLs77AlGzVmnDQ2Lv2Q==",
         "size": 213511672
      },
      {
         "url": "anytype_0.55.4_amd64.deb",
         "sha512": "h9AOC2BuEny0TIDmwtH3X2Z2If/U59v0urgHxEd1ttKDQnVHP3HbdrlSd6gRefM41tEvLs77AlGzVmnDQ2Lv2Q==",
         "size": 213511672
      },
      {
         "url": "anytype-0.55.4.x86_64.rpm",
         "sha512": "SmrdfZeSInIiRl2uzMLCDYYqz2N3gvzb4AlfD9RZnkGjKHg+N6VkdOD9p2rMGcT3cFISEvpoiFguKBKmkymYWg==",
         "size": 189025877
      },
      {
         "url": "anytype-0.55.4.x86_64.rpm",
         "sha512": "SmrdfZeSInIiRl2uzMLCDYYqz2N3gvzb4AlfD9RZnkGjKHg+N6VkdOD9p2rMGcT3cFISEvpoiFguKBKmkymYWg==",
         "size": 189025877
      },
      {
         "url": "anytype-0.55.4.x86_64.rpm",
         "sha512": "SmrdfZeSInIiRl2uzMLCDYYqz2N3gvzb4AlfD9RZnkGjKHg+N6VkdOD9p2rMGcT3cFISEvpoiFguKBKmkymYWg==",
         "size": 189025877
      }
   ],
   "path": "Anytype-0.55.4.AppImage",
   "sha512": "iVhg7x/IcehgFgoqn8NKBJ5Zlh1Ba0LCCfUSUA0vCgLClePi/Wa1B3K+g7FaPJ4caVLEApN+opsMXekenVAZBg==",
   "releaseDate": "2026-05-05T13:39:49.369Z"
}
[2026-05-26 06:31:55.037] [debug] checkForUpdatesAndNotify called, downloadPromise is null
[2026-05-26 06:41:54.841] [info]  Checking for update
[2026-05-26 06:41:54.841] [info]  Checking for update
[2026-05-26 06:41:55.104] [info]  Update for version 0.55.4 is not available (latest version: 0.55.4, downgrade is allowed).
[2026-05-26 06:41:55.105] [info]  Update not available: {
   "version": "0.55.4",
   "files": [
      {
         "url": "Anytype-0.55.4.AppImage",
         "sha512": "iVhg7x/IcehgFgoqn8NKBJ5Zlh1Ba0LCCfUSUA0vCgLClePi/Wa1B3K+g7FaPJ4caVLEApN+opsMXekenVAZBg==",
         "size": 255921020,
         "blockMapSize": 265104
      },
      {
         "url": "anytype_0.55.4_amd64.deb",
         "sha512": "h9AOC2BuEny0TIDmwtH3X2Z2If/U59v0urgHxEd1ttKDQnVHP3HbdrlSd6gRefM41tEvLs77AlGzVmnDQ2Lv2Q==",
         "size": 213511672
      },
      {
         "url": "anytype_0.55.4_amd64.deb",
         "sha512": "h9AOC2BuEny0TIDmwtH3X2Z2If/U59v0urgHxEd1ttKDQnVHP3HbdrlSd6gRefM41tEvLs77AlGzVmnDQ2Lv2Q==",
         "size": 213511672
      },
      {
         "url": "anytype_0.55.4_amd64.deb",
         "sha512": "h9AOC2BuEny0TIDmwtH3X2Z2If/U59v0urgHxEd1ttKDQnVHP3HbdrlSd6gRefM41tEvLs77AlGzVmnDQ2Lv2Q==",
         "size": 213511672
      },
      {
         "url": "anytype-0.55.4.x86_64.rpm",
         "sha512": "SmrdfZeSInIiRl2uzMLCDYYqz2N3gvzb4AlfD9RZnkGjKHg+N6VkdOD9p2rMGcT3cFISEvpoiFguKBKmkymYWg==",
         "size": 189025877
      },
      {
         "url": "anytype-0.55.4.x86_64.rpm",
         "sha512": "SmrdfZeSInIiRl2uzMLCDYYqz2N3gvzb4AlfD9RZnkGjKHg+N6VkdOD9p2rMGcT3cFISEvpoiFguKBKmkymYWg==",
         "size": 189025877
      },
      {
         "url": "anytype-0.55.4.x86_64.rpm",
         "sha512": "SmrdfZeSInIiRl2uzMLCDYYqz2N3gvzb4AlfD9RZnkGjKHg+N6VkdOD9p2rMGcT3cFISEvpoiFguKBKmkymYWg==",
         "size": 189025877
      }
   ],
   "path": "Anytype-0.55.4.AppImage",
   "sha512": "iVhg7x/IcehgFgoqn8NKBJ5Zlh1Ba0LCCfUSUA0vCgLClePi/Wa1B3K+g7FaPJ4caVLEApN+opsMXekenVAZBg==",
   "releaseDate": "2026-05-05T13:39:49.369Z"
}
[2026-05-26 06:41:55.105] [debug] checkForUpdatesAndNotify called, downloadPromise is null
[2026-05-26 06:51:54.891] [info]  Checking for update
[2026-05-26 06:51:54.891] [info]  Checking for update
[2026-05-26 06:51:55.192] [info]  Update for version 0.55.4 is not available (latest version: 0.55.4, downgrade is allowed).
[2026-05-26 06:51:55.193] [info]  Update not available: {
   "version": "0.55.4",
   "files": [
      {
         "url": "Anytype-0.55.4.AppImage",
         "sha512": "iVhg7x/IcehgFgoqn8NKBJ5Zlh1Ba0LCCfUSUA0vCgLClePi/Wa1B3K+g7FaPJ4caVLEApN+opsMXekenVAZBg==",
         "size": 255921020,
         "blockMapSize": 265104
      },
      {
         "url": "anytype_0.55.4_amd64.deb",
         "sha512": "h9AOC2BuEny0TIDmwtH3X2Z2If/U59v0urgHxEd1ttKDQnVHP3HbdrlSd6gRefM41tEvLs77AlGzVmnDQ2Lv2Q==",
         "size": 213511672
      },
      {
         "url": "anytype_0.55.4_amd64.deb",
         "sha512": "h9AOC2BuEny0TIDmwtH3X2Z2If/U59v0urgHxEd1ttKDQnVHP3HbdrlSd6gRefM41tEvLs77AlGzVmnDQ2Lv2Q==",
         "size": 213511672
      },
      {
         "url": "anytype_0.55.4_amd64.deb",
         "sha512": "h9AOC2BuEny0TIDmwtH3X2Z2If/U59v0urgHxEd1ttKDQnVHP3HbdrlSd6gRefM41tEvLs77AlGzVmnDQ2Lv2Q==",
         "size": 213511672
      },
      {
         "url": "anytype-0.55.4.x86_64.rpm",
         "sha512": "SmrdfZeSInIiRl2uzMLCDYYqz2N3gvzb4AlfD9RZnkGjKHg+N6VkdOD9p2rMGcT3cFISEvpoiFguKBKmkymYWg==",
         "size": 189025877
      },
      {
         "url": "anytype-0.55.4.x86_64.rpm",
         "sha512": "SmrdfZeSInIiRl2uzMLCDYYqz2N3gvzb4AlfD9RZnkGjKHg+N6VkdOD9p2rMGcT3cFISEvpoiFguKBKmkymYWg==",
         "size": 189025877
      },
      {
         "url": "anytype-0.55.4.x86_64.rpm",
         "sha512": "SmrdfZeSInIiRl2uzMLCDYYqz2N3gvzb4AlfD9RZnkGjKHg+N6VkdOD9p2rMGcT3cFISEvpoiFguKBKmkymYWg==",
         "size": 189025877
      }
   ],
   "path": "Anytype-0.55.4.AppImage",
   "sha512": "iVhg7x/IcehgFgoqn8NKBJ5Zlh1Ba0LCCfUSUA0vCgLClePi/Wa1B3K+g7FaPJ4caVLEApN+opsMXekenVAZBg==",
   "releaseDate": "2026-05-05T13:39:49.369Z"
}
[2026-05-26 06:51:55.193] [debug] checkForUpdatesAndNotify called, downloadPromise is null
[2026-05-26 07:01:54.975] [info]  Checking for update
[2026-05-26 07:01:54.975] [info]  Checking for update
[2026-05-26 07:01:55.254] [info]  Update for version 0.55.4 is not available (latest version: 0.55.4, downgrade is allowed).
[2026-05-26 07:01:55.255] [info]  Update not available: {
   "version": "0.55.4",
   "files": [
      {
         "url": "Anytype-0.55.4.AppImage",
         "sha512": "iVhg7x/IcehgFgoqn8NKBJ5Zlh1Ba0LCCfUSUA0vCgLClePi/Wa1B3K+g7FaPJ4caVLEApN+opsMXekenVAZBg==",
         "size": 255921020,
         "blockMapSize": 265104
      },
      {
         "url": "anytype_0.55.4_amd64.deb",
         "sha512": "h9AOC2BuEny0TIDmwtH3X2Z2If/U59v0urgHxEd1ttKDQnVHP3HbdrlSd6gRefM41tEvLs77AlGzVmnDQ2Lv2Q==",
         "size": 213511672
      },
      {
         "url": "anytype_0.55.4_amd64.deb",
         "sha512": "h9AOC2BuEny0TIDmwtH3X2Z2If/U59v0urgHxEd1ttKDQnVHP3HbdrlSd6gRefM41tEvLs77AlGzVmnDQ2Lv2Q==",
         "size": 213511672
      },
      {
         "url": "anytype_0.55.4_amd64.deb",
         "sha512": "h9AOC2BuEny0TIDmwtH3X2Z2If/U59v0urgHxEd1ttKDQnVHP3HbdrlSd6gRefM41tEvLs77AlGzVmnDQ2Lv2Q==",
         "size": 213511672
      },
      {
         "url": "anytype-0.55.4.x86_64.rpm",
         "sha512": "SmrdfZeSInIiRl2uzMLCDYYqz2N3gvzb4AlfD9RZnkGjKHg+N6VkdOD9p2rMGcT3cFISEvpoiFguKBKmkymYWg==",
         "size": 189025877
      },
      {
         "url": "anytype-0.55.4.x86_64.rpm",
         "sha512": "SmrdfZeSInIiRl2uzMLCDYYqz2N3gvzb4AlfD9RZnkGjKHg+N6VkdOD9p2rMGcT3cFISEvpoiFguKBKmkymYWg==",
         "size": 189025877
      },
      {
         "url": "anytype-0.55.4.x86_64.rpm",
         "sha512": "SmrdfZeSInIiRl2uzMLCDYYqz2N3gvzb4AlfD9RZnkGjKHg+N6VkdOD9p2rMGcT3cFISEvpoiFguKBKmkymYWg==",
         "size": 189025877
      }
   ],
   "path": "Anytype-0.55.4.AppImage",
   "sha512": "iVhg7x/IcehgFgoqn8NKBJ5Zlh1Ba0LCCfUSUA0vCgLClePi/Wa1B3K+g7FaPJ4caVLEApN+opsMXekenVAZBg==",
   "releaseDate": "2026-05-05T13:39:49.369Z"
}
[2026-05-26 07:01:55.256] [debug] checkForUpdatesAndNotify called, downloadPromise is null
[2026-05-26 07:11:55.020] [info]  Checking for update
[2026-05-26 07:11:55.020] [info]  Checking for update
[2026-05-26 07:11:55.292] [info]  Update for version 0.55.4 is not available (latest version: 0.55.4, downgrade is allowed).
[2026-05-26 07:11:55.292] [info]  Update not available: {
   "version": "0.55.4",
   "files": [
      {
         "url": "Anytype-0.55.4.AppImage",
         "sha512": "iVhg7x/IcehgFgoqn8NKBJ5Zlh1Ba0LCCfUSUA0vCgLClePi/Wa1B3K+g7FaPJ4caVLEApN+opsMXekenVAZBg==",
         "size": 255921020,
         "blockMapSize": 265104
      },
      {
         "url": "anytype_0.55.4_amd64.deb",
         "sha512": "h9AOC2BuEny0TIDmwtH3X2Z2If/U59v0urgHxEd1ttKDQnVHP3HbdrlSd6gRefM41tEvLs77AlGzVmnDQ2Lv2Q==",
         "size": 213511672
      },
      {
         "url": "anytype_0.55.4_amd64.deb",
         "sha512": "h9AOC2BuEny0TIDmwtH3X2Z2If/U59v0urgHxEd1ttKDQnVHP3HbdrlSd6gRefM41tEvLs77AlGzVmnDQ2Lv2Q==",
         "size": 213511672
      },
      {
         "url": "anytype_0.55.4_amd64.deb",
         "sha512": "h9AOC2BuEny0TIDmwtH3X2Z2If/U59v0urgHxEd1ttKDQnVHP3HbdrlSd6gRefM41tEvLs77AlGzVmnDQ2Lv2Q==",
         "size": 213511672
      },
      {
         "url": "anytype-0.55.4.x86_64.rpm",
         "sha512": "SmrdfZeSInIiRl2uzMLCDYYqz2N3gvzb4AlfD9RZnkGjKHg+N6VkdOD9p2rMGcT3cFISEvpoiFguKBKmkymYWg==",
         "size": 189025877
      },
      {
         "url": "anytype-0.55.4.x86_64.rpm",
         "sha512": "SmrdfZeSInIiRl2uzMLCDYYqz2N3gvzb4AlfD9RZnkGjKHg+N6VkdOD9p2rMGcT3cFISEvpoiFguKBKmkymYWg==",
         "size": 189025877
      },
      {
         "url": "anytype-0.55.4.x86_64.rpm",
         "sha512": "SmrdfZeSInIiRl2uzMLCDYYqz2N3gvzb4AlfD9RZnkGjKHg+N6VkdOD9p2rMGcT3cFISEvpoiFguKBKmkymYWg==",
         "size": 189025877
      }
   ],
   "path": "Anytype-0.55.4.AppImage",
   "sha512": "iVhg7x/IcehgFgoqn8NKBJ5Zlh1Ba0LCCfUSUA0vCgLClePi/Wa1B3K+g7FaPJ4caVLEApN+opsMXekenVAZBg==",
   "releaseDate": "2026-05-05T13:39:49.369Z"
}
[2026-05-26 07:11:55.293] [debug] checkForUpdatesAndNotify called, downloadPromise is null
[2026-05-26 07:21:55.024] [info]  Checking for update
[2026-05-26 07:21:55.025] [info]  Checking for update
[2026-05-26 07:21:55.317] [info]  Update for version 0.55.4 is not available (latest version: 0.55.4, downgrade is allowed).
[2026-05-26 07:21:55.317] [info]  Update not available: {
   "version": "0.55.4",
   "files": [
      {
         "url": "Anytype-0.55.4.AppImage",
         "sha512": "iVhg7x/IcehgFgoqn8NKBJ5Zlh1Ba0LCCfUSUA0vCgLClePi/Wa1B3K+g7FaPJ4caVLEApN+opsMXekenVAZBg==",
         "size": 255921020,
         "blockMapSize": 265104
      },
      {
         "url": "anytype_0.55.4_amd64.deb",
         "sha512": "h9AOC2BuEny0TIDmwtH3X2Z2If/U59v0urgHxEd1ttKDQnVHP3HbdrlSd6gRefM41tEvLs77AlGzVmnDQ2Lv2Q==",
         "size": 213511672
      },
      {
         "url": "anytype_0.55.4_amd64.deb",
         "sha512": "h9AOC2BuEny0TIDmwtH3X2Z2If/U59v0urgHxEd1ttKDQnVHP3HbdrlSd6gRefM41tEvLs77AlGzVmnDQ2Lv2Q==",
         "size": 213511672
      },
      {
         "url": "anytype_0.55.4_amd64.deb",
         "sha512": "h9AOC2BuEny0TIDmwtH3X2Z2If/U59v0urgHxEd1ttKDQnVHP3HbdrlSd6gRefM41tEvLs77AlGzVmnDQ2Lv2Q==",
         "size": 213511672
      },
      {
         "url": "anytype-0.55.4.x86_64.rpm",
         "sha512": "SmrdfZeSInIiRl2uzMLCDYYqz2N3gvzb4AlfD9RZnkGjKHg+N6VkdOD9p2rMGcT3cFISEvpoiFguKBKmkymYWg==",
         "size": 189025877
      },
      {
         "url": "anytype-0.55.4.x86_64.rpm",
         "sha512": "SmrdfZeSInIiRl2uzMLCDYYqz2N3gvzb4AlfD9RZnkGjKHg+N6VkdOD9p2rMGcT3cFISEvpoiFguKBKmkymYWg==",
         "size": 189025877
      },
      {
         "url": "anytype-0.55.4.x86_64.rpm",
         "sha512": "SmrdfZeSInIiRl2uzMLCDYYqz2N3gvzb4AlfD9RZnkGjKHg+N6VkdOD9p2rMGcT3cFISEvpoiFguKBKmkymYWg==",
         "size": 189025877
      }
   ],
   "path": "Anytype-0.55.4.AppImage",
   "sha512": "iVhg7x/IcehgFgoqn8NKBJ5Zlh1Ba0LCCfUSUA0vCgLClePi/Wa1B3K+g7FaPJ4caVLEApN+opsMXekenVAZBg==",
   "releaseDate": "2026-05-05T13:39:49.369Z"
}
[2026-05-26 07:21:55.318] [debug] checkForUpdatesAndNotify called, downloadPromise is null
[2026-05-26 07:31:55.070] [info]  Checking for update
[2026-05-26 07:31:55.071] [info]  Checking for update
[2026-05-26 07:31:55.355] [info]  Update for version 0.55.4 is not available (latest version: 0.55.4, downgrade is allowed).
[2026-05-26 07:31:55.356] [info]  Update not available: {
   "version": "0.55.4",
   "files": [
      {
         "url": "Anytype-0.55.4.AppImage",
         "sha512": "iVhg7x/IcehgFgoqn8NKBJ5Zlh1Ba0LCCfUSUA0vCgLClePi/Wa1B3K+g7FaPJ4caVLEApN+opsMXekenVAZBg==",
         "size": 255921020,
         "blockMapSize": 265104
      },
      {
         "url": "anytype_0.55.4_amd64.deb",
         "sha512": "h9AOC2BuEny0TIDmwtH3X2Z2If/U59v0urgHxEd1ttKDQnVHP3HbdrlSd6gRefM41tEvLs77AlGzVmnDQ2Lv2Q==",
         "size": 213511672
      },
      {
         "url": "anytype_0.55.4_amd64.deb",
         "sha512": "h9AOC2BuEny0TIDmwtH3X2Z2If/U59v0urgHxEd1ttKDQnVHP3HbdrlSd6gRefM41tEvLs77AlGzVmnDQ2Lv2Q==",
         "size": 213511672
      },
      {
         "url": "anytype_0.55.4_amd64.deb",
         "sha512": "h9AOC2BuEny0TIDmwtH3X2Z2If/U59v0urgHxEd1ttKDQnVHP3HbdrlSd6gRefM41tEvLs77AlGzVmnDQ2Lv2Q==",
         "size": 213511672
      },
      {
         "url": "anytype-0.55.4.x86_64.rpm",
         "sha512": "SmrdfZeSInIiRl2uzMLCDYYqz2N3gvzb4AlfD9RZnkGjKHg+N6VkdOD9p2rMGcT3cFISEvpoiFguKBKmkymYWg==",
         "size": 189025877
      },
      {
         "url": "anytype-0.55.4.x86_64.rpm",
         "sha512": "SmrdfZeSInIiRl2uzMLCDYYqz2N3gvzb4AlfD9RZnkGjKHg+N6VkdOD9p2rMGcT3cFISEvpoiFguKBKmkymYWg==",
         "size": 189025877
      },
      {
         "url": "anytype-0.55.4.x86_64.rpm",
         "sha512": "SmrdfZeSInIiRl2uzMLCDYYqz2N3gvzb4AlfD9RZnkGjKHg+N6VkdOD9p2rMGcT3cFISEvpoiFguKBKmkymYWg==",
         "size": 189025877
      }
   ],
   "path": "Anytype-0.55.4.AppImage",
   "sha512": "iVhg7x/IcehgFgoqn8NKBJ5Zlh1Ba0LCCfUSUA0vCgLClePi/Wa1B3K+g7FaPJ4caVLEApN+opsMXekenVAZBg==",
   "releaseDate": "2026-05-05T13:39:49.369Z"
}
[2026-05-26 07:31:55.356] [debug] checkForUpdatesAndNotify called, downloadPromise is null
[2026-05-26 07:41:55.170] [info]  Checking for update
[2026-05-26 07:41:55.171] [info]  Checking for update
[2026-05-26 07:41:55.437] [info]  Update for version 0.55.4 is not available (latest version: 0.55.4, downgrade is allowed).
[2026-05-26 07:41:55.438] [info]  Update not available: {
   "version": "0.55.4",
   "files": [
      {
         "url": "Anytype-0.55.4.AppImage",
         "sha512": "iVhg7x/IcehgFgoqn8NKBJ5Zlh1Ba0LCCfUSUA0vCgLClePi/Wa1B3K+g7FaPJ4caVLEApN+opsMXekenVAZBg==",
         "size": 255921020,
         "blockMapSize": 265104
      },
      {
         "url": "anytype_0.55.4_amd64.deb",
         "sha512": "h9AOC2BuEny0TIDmwtH3X2Z2If/U59v0urgHxEd1ttKDQnVHP3HbdrlSd6gRefM41tEvLs77AlGzVmnDQ2Lv2Q==",
         "size": 213511672
      },
      {
         "url": "anytype_0.55.4_amd64.deb",
         "sha512": "h9AOC2BuEny0TIDmwtH3X2Z2If/U59v0urgHxEd1ttKDQnVHP3HbdrlSd6gRefM41tEvLs77AlGzVmnDQ2Lv2Q==",
         "size": 213511672
      },
      {
         "url": "anytype_0.55.4_amd64.deb",
         "sha512": "h9AOC2BuEny0TIDmwtH3X2Z2If/U59v0urgHxEd1ttKDQnVHP3HbdrlSd6gRefM41tEvLs77AlGzVmnDQ2Lv2Q==",
         "size": 213511672
      },
      {
         "url": "anytype-0.55.4.x86_64.rpm",
         "sha512": "SmrdfZeSInIiRl2uzMLCDYYqz2N3gvzb4AlfD9RZnkGjKHg+N6VkdOD9p2rMGcT3cFISEvpoiFguKBKmkymYWg==",
         "size": 189025877
      },
      {
         "url": "anytype-0.55.4.x86_64.rpm",
         "sha512": "SmrdfZeSInIiRl2uzMLCDYYqz2N3gvzb4AlfD9RZnkGjKHg+N6VkdOD9p2rMGcT3cFISEvpoiFguKBKmkymYWg==",
         "size": 189025877
      },
      {
         "url": "anytype-0.55.4.x86_64.rpm",
         "sha512": "SmrdfZeSInIiRl2uzMLCDYYqz2N3gvzb4AlfD9RZnkGjKHg+N6VkdOD9p2rMGcT3cFISEvpoiFguKBKmkymYWg==",
         "size": 189025877
      }
   ],
   "path": "Anytype-0.55.4.AppImage",
   "sha512": "iVhg7x/IcehgFgoqn8NKBJ5Zlh1Ba0LCCfUSUA0vCgLClePi/Wa1B3K+g7FaPJ4caVLEApN+opsMXekenVAZBg==",
   "releaseDate": "2026-05-05T13:39:49.369Z"
}
[2026-05-26 07:41:55.438] [debug] checkForUpdatesAndNotify called, downloadPromise is null
[2026-05-26 07:51:55.234] [info]  Checking for update
[2026-05-26 07:51:55.235] [info]  Checking for update
[2026-05-26 07:51:55.525] [info]  Update for version 0.55.4 is not available (latest version: 0.55.4, downgrade is allowed).
[2026-05-26 07:51:55.526] [info]  Update not available: {
   "version": "0.55.4",
   "files": [
      {
         "url": "Anytype-0.55.4.AppImage",
         "sha512": "iVhg7x/IcehgFgoqn8NKBJ5Zlh1Ba0LCCfUSUA0vCgLClePi/Wa1B3K+g7FaPJ4caVLEApN+opsMXekenVAZBg==",
         "size": 255921020,
         "blockMapSize": 265104
      },
      {
         "url": "anytype_0.55.4_amd64.deb",
         "sha512": "h9AOC2BuEny0TIDmwtH3X2Z2If/U59v0urgHxEd1ttKDQnVHP3HbdrlSd6gRefM41tEvLs77AlGzVmnDQ2Lv2Q==",
         "size": 213511672
      },
      {
         "url": "anytype_0.55.4_amd64.deb",
         "sha512": "h9AOC2BuEny0TIDmwtH3X2Z2If/U59v0urgHxEd1ttKDQnVHP3HbdrlSd6gRefM41tEvLs77AlGzVmnDQ2Lv2Q==",
         "size": 213511672
      },
      {
         "url": "anytype_0.55.4_amd64.deb",
         "sha512": "h9AOC2BuEny0TIDmwtH3X2Z2If/U59v0urgHxEd1ttKDQnVHP3HbdrlSd6gRefM41tEvLs77AlGzVmnDQ2Lv2Q==",
         "size": 213511672
      },
      {
         "url": "anytype-0.55.4.x86_64.rpm",
         "sha512": "SmrdfZeSInIiRl2uzMLCDYYqz2N3gvzb4AlfD9RZnkGjKHg+N6VkdOD9p2rMGcT3cFISEvpoiFguKBKmkymYWg==",
         "size": 189025877
      },
      {
         "url": "anytype-0.55.4.x86_64.rpm",
         "sha512": "SmrdfZeSInIiRl2uzMLCDYYqz2N3gvzb4AlfD9RZnkGjKHg+N6VkdOD9p2rMGcT3cFISEvpoiFguKBKmkymYWg==",
         "size": 189025877
      },
      {
         "url": "anytype-0.55.4.x86_64.rpm",
         "sha512": "SmrdfZeSInIiRl2uzMLCDYYqz2N3gvzb4AlfD9RZnkGjKHg+N6VkdOD9p2rMGcT3cFISEvpoiFguKBKmkymYWg==",
         "size": 189025877
      }
   ],
   "path": "Anytype-0.55.4.AppImage",
   "sha512": "iVhg7x/IcehgFgoqn8NKBJ5Zlh1Ba0LCCfUSUA0vCgLClePi/Wa1B3K+g7FaPJ4caVLEApN+opsMXekenVAZBg==",
   "releaseDate": "2026-05-05T13:39:49.369Z"
}
[2026-05-26 07:51:55.527] [debug] checkForUpdatesAndNotify called, downloadPromise is null
[2026-05-26 08:01:55.277] [info]  Checking for update
[2026-05-26 08:01:55.278] [info]  Checking for update
[2026-05-26 08:01:55.545] [info]  Update for version 0.55.4 is not available (latest version: 0.55.4, downgrade is allowed).
[2026-05-26 08:01:55.545] [info]  Update not available: {
   "version": "0.55.4",
   "files": [
      {
         "url": "Anytype-0.55.4.AppImage",
         "sha512": "iVhg7x/IcehgFgoqn8NKBJ5Zlh1Ba0LCCfUSUA0vCgLClePi/Wa1B3K+g7FaPJ4caVLEApN+opsMXekenVAZBg==",
         "size": 255921020,
         "blockMapSize": 265104
      },
      {
         "url": "anytype_0.55.4_amd64.deb",
         "sha512": "h9AOC2BuEny0TIDmwtH3X2Z2If/U59v0urgHxEd1ttKDQnVHP3HbdrlSd6gRefM41tEvLs77AlGzVmnDQ2Lv2Q==",
         "size": 213511672
      },
      {
         "url": "anytype_0.55.4_amd64.deb",
         "sha512": "h9AOC2BuEny0TIDmwtH3X2Z2If/U59v0urgHxEd1ttKDQnVHP3HbdrlSd6gRefM41tEvLs77AlGzVmnDQ2Lv2Q==",
         "size": 213511672
      },
      {
         "url": "anytype_0.55.4_amd64.deb",
         "sha512": "h9AOC2BuEny0TIDmwtH3X2Z2If/U59v0urgHxEd1ttKDQnVHP3HbdrlSd6gRefM41tEvLs77AlGzVmnDQ2Lv2Q==",
         "size": 213511672
      },
      {
         "url": "anytype-0.55.4.x86_64.rpm",
         "sha512": "SmrdfZeSInIiRl2uzMLCDYYqz2N3gvzb4AlfD9RZnkGjKHg+N6VkdOD9p2rMGcT3cFISEvpoiFguKBKmkymYWg==",
         "size": 189025877
      },
      {
         "url": "anytype-0.55.4.x86_64.rpm",
         "sha512": "SmrdfZeSInIiRl2uzMLCDYYqz2N3gvzb4AlfD9RZnkGjKHg+N6VkdOD9p2rMGcT3cFISEvpoiFguKBKmkymYWg==",
         "size": 189025877
      },
      {
         "url": "anytype-0.55.4.x86_64.rpm",
         "sha512": "SmrdfZeSInIiRl2uzMLCDYYqz2N3gvzb4AlfD9RZnkGjKHg+N6VkdOD9p2rMGcT3cFISEvpoiFguKBKmkymYWg==",
         "size": 189025877
      }
   ],
   "path": "Anytype-0.55.4.AppImage",
   "sha512": "iVhg7x/IcehgFgoqn8NKBJ5Zlh1Ba0LCCfUSUA0vCgLClePi/Wa1B3K+g7FaPJ4caVLEApN+opsMXekenVAZBg==",
   "releaseDate": "2026-05-05T13:39:49.369Z"
}
[2026-05-26 08:01:55.546] [debug] checkForUpdatesAndNotify called, downloadPromise is null
[2026-05-26 08:11:55.282] [info]  Checking for update
[2026-05-26 08:11:55.283] [info]  Checking for update
[2026-05-26 08:11:55.556] [info]  Update for version 0.55.4 is not available (latest version: 0.55.4, downgrade is allowed).
[2026-05-26 08:11:55.556] [info]  Update not available: {
   "version": "0.55.4",
   "files": [
      {
         "url": "Anytype-0.55.4.AppImage",
         "sha512": "iVhg7x/IcehgFgoqn8NKBJ5Zlh1Ba0LCCfUSUA0vCgLClePi/Wa1B3K+g7FaPJ4caVLEApN+opsMXekenVAZBg==",
         "size": 255921020,
         "blockMapSize": 265104
      },
      {
         "url": "anytype_0.55.4_amd64.deb",
         "sha512": "h9AOC2BuEny0TIDmwtH3X2Z2If/U59v0urgHxEd1ttKDQnVHP3HbdrlSd6gRefM41tEvLs77AlGzVmnDQ2Lv2Q==",
         "size": 213511672
      },
      {
         "url": "anytype_0.55.4_amd64.deb",
         "sha512": "h9AOC2BuEny0TIDmwtH3X2Z2If/U59v0urgHxEd1ttKDQnVHP3HbdrlSd6gRefM41tEvLs77AlGzVmnDQ2Lv2Q==",
         "size": 213511672
      },
      {
         "url": "anytype_0.55.4_amd64.deb",
         "sha512": "h9AOC2BuEny0TIDmwtH3X2Z2If/U59v0urgHxEd1ttKDQnVHP3HbdrlSd6gRefM41tEvLs77AlGzVmnDQ2Lv2Q==",
         "size": 213511672
      },
      {
         "url": "anytype-0.55.4.x86_64.rpm",
         "sha512": "SmrdfZeSInIiRl2uzMLCDYYqz2N3gvzb4AlfD9RZnkGjKHg+N6VkdOD9p2rMGcT3cFISEvpoiFguKBKmkymYWg==",
         "size": 189025877
      },
      {
         "url": "anytype-0.55.4.x86_64.rpm",
         "sha512": "SmrdfZeSInIiRl2uzMLCDYYqz2N3gvzb4AlfD9RZnkGjKHg+N6VkdOD9p2rMGcT3cFISEvpoiFguKBKmkymYWg==",
         "size": 189025877
      },
      {
         "url": "anytype-0.55.4.x86_64.rpm",
         "sha512": "SmrdfZeSInIiRl2uzMLCDYYqz2N3gvzb4AlfD9RZnkGjKHg+N6VkdOD9p2rMGcT3cFISEvpoiFguKBKmkymYWg==",
         "size": 189025877
      }
   ],
   "path": "Anytype-0.55.4.AppImage",
   "sha512": "iVhg7x/IcehgFgoqn8NKBJ5Zlh1Ba0LCCfUSUA0vCgLClePi/Wa1B3K+g7FaPJ4caVLEApN+opsMXekenVAZBg==",
   "releaseDate": "2026-05-05T13:39:49.369Z"
}
[2026-05-26 08:11:55.557] [debug] checkForUpdatesAndNotify called, downloadPromise is null
[2026-05-26 08:21:55.318] [info]  Checking for update
[2026-05-26 08:21:55.318] [info]  Checking for update
[2026-05-26 08:21:55.605] [info]  Update for version 0.55.4 is not available (latest version: 0.55.4, downgrade is allowed).
[2026-05-26 08:21:55.606] [info]  Update not available: {
   "version": "0.55.4",
   "files": [
      {
         "url": "Anytype-0.55.4.AppImage",
         "sha512": "iVhg7x/IcehgFgoqn8NKBJ5Zlh1Ba0LCCfUSUA0vCgLClePi/Wa1B3K+g7FaPJ4caVLEApN+opsMXekenVAZBg==",
         "size": 255921020,
         "blockMapSize": 265104
      },
      {
         "url": "anytype_0.55.4_amd64.deb",
         "sha512": "h9AOC2BuEny0TIDmwtH3X2Z2If/U59v0urgHxEd1ttKDQnVHP3HbdrlSd6gRefM41tEvLs77AlGzVmnDQ2Lv2Q==",
         "size": 213511672
      },
      {
         "url": "anytype_0.55.4_amd64.deb",
         "sha512": "h9AOC2BuEny0TIDmwtH3X2Z2If/U59v0urgHxEd1ttKDQnVHP3HbdrlSd6gRefM41tEvLs77AlGzVmnDQ2Lv2Q==",
         "size": 213511672
      },
      {
         "url": "anytype_0.55.4_amd64.deb",
         "sha512": "h9AOC2BuEny0TIDmwtH3X2Z2If/U59v0urgHxEd1ttKDQnVHP3HbdrlSd6gRefM41tEvLs77AlGzVmnDQ2Lv2Q==",
         "size": 213511672
      },
      {
         "url": "anytype-0.55.4.x86_64.rpm",
         "sha512": "SmrdfZeSInIiRl2uzMLCDYYqz2N3gvzb4AlfD9RZnkGjKHg+N6VkdOD9p2rMGcT3cFISEvpoiFguKBKmkymYWg==",
         "size": 189025877
      },
      {
         "url": "anytype-0.55.4.x86_64.rpm",
         "sha512": "SmrdfZeSInIiRl2uzMLCDYYqz2N3gvzb4AlfD9RZnkGjKHg+N6VkdOD9p2rMGcT3cFISEvpoiFguKBKmkymYWg==",
         "size": 189025877
      },
      {
         "url": "anytype-0.55.4.x86_64.rpm",
         "sha512": "SmrdfZeSInIiRl2uzMLCDYYqz2N3gvzb4AlfD9RZnkGjKHg+N6VkdOD9p2rMGcT3cFISEvpoiFguKBKmkymYWg==",
         "size": 189025877
      }
   ],
   "path": "Anytype-0.55.4.AppImage",
   "sha512": "iVhg7x/IcehgFgoqn8NKBJ5Zlh1Ba0LCCfUSUA0vCgLClePi/Wa1B3K+g7FaPJ4caVLEApN+opsMXekenVAZBg==",
   "releaseDate": "2026-05-05T13:39:49.369Z"
}
[2026-05-26 08:21:55.606] [debug] checkForUpdatesAndNotify called, downloadPromise is null
[2026-05-26 08:31:55.356] [info]  Checking for update
[2026-05-26 08:31:55.357] [info]  Checking for update
[2026-05-26 08:31:55.641] [info]  Update for version 0.55.4 is not available (latest version: 0.55.4, downgrade is allowed).
[2026-05-26 08:31:55.641] [info]  Update not available: {
   "version": "0.55.4",
   "files": [
      {
         "url": "Anytype-0.55.4.AppImage",
         "sha512": "iVhg7x/IcehgFgoqn8NKBJ5Zlh1Ba0LCCfUSUA0vCgLClePi/Wa1B3K+g7FaPJ4caVLEApN+opsMXekenVAZBg==",
         "size": 255921020,
         "blockMapSize": 265104
      },
      {
         "url": "anytype_0.55.4_amd64.deb",
         "sha512": "h9AOC2BuEny0TIDmwtH3X2Z2If/U59v0urgHxEd1ttKDQnVHP3HbdrlSd6gRefM41tEvLs77AlGzVmnDQ2Lv2Q==",
         "size": 213511672
      },
      {
         "url": "anytype_0.55.4_amd64.deb",
         "sha512": "h9AOC2BuEny0TIDmwtH3X2Z2If/U59v0urgHxEd1ttKDQnVHP3HbdrlSd6gRefM41tEvLs77AlGzVmnDQ2Lv2Q==",
         "size": 213511672
      },
      {
         "url": "anytype_0.55.4_amd64.deb",
         "sha512": "h9AOC2BuEny0TIDmwtH3X2Z2If/U59v0urgHxEd1ttKDQnVHP3HbdrlSd6gRefM41tEvLs77AlGzVmnDQ2Lv2Q==",
         "size": 213511672
      },
      {
         "url": "anytype-0.55.4.x86_64.rpm",
         "sha512": "SmrdfZeSInIiRl2uzMLCDYYqz2N3gvzb4AlfD9RZnkGjKHg+N6VkdOD9p2rMGcT3cFISEvpoiFguKBKmkymYWg==",
         "size": 189025877
      },
      {
         "url": "anytype-0.55.4.x86_64.rpm",
         "sha512": "SmrdfZeSInIiRl2uzMLCDYYqz2N3gvzb4AlfD9RZnkGjKHg+N6VkdOD9p2rMGcT3cFISEvpoiFguKBKmkymYWg==",
         "size": 189025877
      },
      {
         "url": "anytype-0.55.4.x86_64.rpm",
         "sha512": "SmrdfZeSInIiRl2uzMLCDYYqz2N3gvzb4AlfD9RZnkGjKHg+N6VkdOD9p2rMGcT3cFISEvpoiFguKBKmkymYWg==",
         "size": 189025877
      }
   ],
   "path": "Anytype-0.55.4.AppImage",
   "sha512": "iVhg7x/IcehgFgoqn8NKBJ5Zlh1Ba0LCCfUSUA0vCgLClePi/Wa1B3K+g7FaPJ4caVLEApN+opsMXekenVAZBg==",
   "releaseDate": "2026-05-05T13:39:49.369Z"
}
[2026-05-26 08:31:55.642] [debug] checkForUpdatesAndNotify called, downloadPromise is null
[2026-05-26 08:41:55.420] [info]  Checking for update
[2026-05-26 08:41:55.421] [info]  Checking for update
[2026-05-26 08:41:55.693] [info]  Update for version 0.55.4 is not available (latest version: 0.55.4, downgrade is allowed).
[2026-05-26 08:41:55.694] [info]  Update not available: {
   "version": "0.55.4",
   "files": [
      {
         "url": "Anytype-0.55.4.AppImage",
         "sha512": "iVhg7x/IcehgFgoqn8NKBJ5Zlh1Ba0LCCfUSUA0vCgLClePi/Wa1B3K+g7FaPJ4caVLEApN+opsMXekenVAZBg==",
         "size": 255921020,
         "blockMapSize": 265104
      },
      {
         "url": "anytype_0.55.4_amd64.deb",
         "sha512": "h9AOC2BuEny0TIDmwtH3X2Z2If/U59v0urgHxEd1ttKDQnVHP3HbdrlSd6gRefM41tEvLs77AlGzVmnDQ2Lv2Q==",
         "size": 213511672
      },
      {
         "url": "anytype_0.55.4_amd64.deb",
         "sha512": "h9AOC2BuEny0TIDmwtH3X2Z2If/U59v0urgHxEd1ttKDQnVHP3HbdrlSd6gRefM41tEvLs77AlGzVmnDQ2Lv2Q==",
         "size": 213511672
      },
      {
         "url": "anytype_0.55.4_amd64.deb",
         "sha512": "h9AOC2BuEny0TIDmwtH3X2Z2If/U59v0urgHxEd1ttKDQnVHP3HbdrlSd6gRefM41tEvLs77AlGzVmnDQ2Lv2Q==",
         "size": 213511672
      },
      {
         "url": "anytype-0.55.4.x86_64.rpm",
         "sha512": "SmrdfZeSInIiRl2uzMLCDYYqz2N3gvzb4AlfD9RZnkGjKHg+N6VkdOD9p2rMGcT3cFISEvpoiFguKBKmkymYWg==",
         "size": 189025877
      },
      {
         "url": "anytype-0.55.4.x86_64.rpm",
         "sha512": "SmrdfZeSInIiRl2uzMLCDYYqz2N3gvzb4AlfD9RZnkGjKHg+N6VkdOD9p2rMGcT3cFISEvpoiFguKBKmkymYWg==",
         "size": 189025877
      },
      {
         "url": "anytype-0.55.4.x86_64.rpm",
         "sha512": "SmrdfZeSInIiRl2uzMLCDYYqz2N3gvzb4AlfD9RZnkGjKHg+N6VkdOD9p2rMGcT3cFISEvpoiFguKBKmkymYWg==",
         "size": 189025877
      }
   ],
   "path": "Anytype-0.55.4.AppImage",
   "sha512": "iVhg7x/IcehgFgoqn8NKBJ5Zlh1Ba0LCCfUSUA0vCgLClePi/Wa1B3K+g7FaPJ4caVLEApN+opsMXekenVAZBg==",
   "releaseDate": "2026-05-05T13:39:49.369Z"
}
[2026-05-26 08:41:55.694] [debug] checkForUpdatesAndNotify called, downloadPromise is null
[2026-05-26 08:51:55.463] [info]  Checking for update
[2026-05-26 08:51:55.463] [info]  Checking for update
[2026-05-26 08:51:56.395] [info]  Update for version 0.55.4 is not available (latest version: 0.55.4, downgrade is allowed).
[2026-05-26 08:51:56.395] [info]  Update not available: {
   "version": "0.55.4",
   "files": [
      {
         "url": "Anytype-0.55.4.AppImage",
         "sha512": "iVhg7x/IcehgFgoqn8NKBJ5Zlh1Ba0LCCfUSUA0vCgLClePi/Wa1B3K+g7FaPJ4caVLEApN+opsMXekenVAZBg==",
         "size": 255921020,
         "blockMapSize": 265104
      },
      {
         "url": "anytype_0.55.4_amd64.deb",
         "sha512": "h9AOC2BuEny0TIDmwtH3X2Z2If/U59v0urgHxEd1ttKDQnVHP3HbdrlSd6gRefM41tEvLs77AlGzVmnDQ2Lv2Q==",
         "size": 213511672
      },
      {
         "url": "anytype_0.55.4_amd64.deb",
         "sha512": "h9AOC2BuEny0TIDmwtH3X2Z2If/U59v0urgHxEd1ttKDQnVHP3HbdrlSd6gRefM41tEvLs77AlGzVmnDQ2Lv2Q==",
         "size": 213511672
      },
      {
         "url": "anytype_0.55.4_amd64.deb",
         "sha512": "h9AOC2BuEny0TIDmwtH3X2Z2If/U59v0urgHxEd1ttKDQnVHP3HbdrlSd6gRefM41tEvLs77AlGzVmnDQ2Lv2Q==",
         "size": 213511672
      },
      {
         "url": "anytype-0.55.4.x86_64.rpm",
         "sha512": "SmrdfZeSInIiRl2uzMLCDYYqz2N3gvzb4AlfD9RZnkGjKHg+N6VkdOD9p2rMGcT3cFISEvpoiFguKBKmkymYWg==",
         "size": 189025877
      },
      {
         "url": "anytype-0.55.4.x86_64.rpm",
         "sha512": "SmrdfZeSInIiRl2uzMLCDYYqz2N3gvzb4AlfD9RZnkGjKHg+N6VkdOD9p2rMGcT3cFISEvpoiFguKBKmkymYWg==",
         "size": 189025877
      },
      {
         "url": "anytype-0.55.4.x86_64.rpm",
         "sha512": "SmrdfZeSInIiRl2uzMLCDYYqz2N3gvzb4AlfD9RZnkGjKHg+N6VkdOD9p2rMGcT3cFISEvpoiFguKBKmkymYWg==",
         "size": 189025877
      }
   ],
   "path": "Anytype-0.55.4.AppImage",
   "sha512": "iVhg7x/IcehgFgoqn8NKBJ5Zlh1Ba0LCCfUSUA0vCgLClePi/Wa1B3K+g7FaPJ4caVLEApN+opsMXekenVAZBg==",
   "releaseDate": "2026-05-05T13:39:49.369Z"
}
[2026-05-26 08:51:56.396] [debug] checkForUpdatesAndNotify called, downloadPromise is null
[2026-05-26 09:01:55.466] [info]  Checking for update
[2026-05-26 09:01:55.467] [info]  Checking for update
[2026-05-26 09:01:55.757] [info]  Update for version 0.55.4 is not available (latest version: 0.55.4, downgrade is allowed).
[2026-05-26 09:01:55.758] [info]  Update not available: {
   "version": "0.55.4",
   "files": [
      {
         "url": "Anytype-0.55.4.AppImage",
         "sha512": "iVhg7x/IcehgFgoqn8NKBJ5Zlh1Ba0LCCfUSUA0vCgLClePi/Wa1B3K+g7FaPJ4caVLEApN+opsMXekenVAZBg==",
         "size": 255921020,
         "blockMapSize": 265104
      },
      {
         "url": "anytype_0.55.4_amd64.deb",
         "sha512": "h9AOC2BuEny0TIDmwtH3X2Z2If/U59v0urgHxEd1ttKDQnVHP3HbdrlSd6gRefM41tEvLs77AlGzVmnDQ2Lv2Q==",
         "size": 213511672
      },
      {
         "url": "anytype_0.55.4_amd64.deb",
         "sha512": "h9AOC2BuEny0TIDmwtH3X2Z2If/U59v0urgHxEd1ttKDQnVHP3HbdrlSd6gRefM41tEvLs77AlGzVmnDQ2Lv2Q==",
         "size": 213511672
      },
      {
         "url": "anytype_0.55.4_amd64.deb",
         "sha512": "h9AOC2BuEny0TIDmwtH3X2Z2If/U59v0urgHxEd1ttKDQnVHP3HbdrlSd6gRefM41tEvLs77AlGzVmnDQ2Lv2Q==",
         "size": 213511672
      },
      {
         "url": "anytype-0.55.4.x86_64.rpm",
         "sha512": "SmrdfZeSInIiRl2uzMLCDYYqz2N3gvzb4AlfD9RZnkGjKHg+N6VkdOD9p2rMGcT3cFISEvpoiFguKBKmkymYWg==",
         "size": 189025877
      },
      {
         "url": "anytype-0.55.4.x86_64.rpm",
         "sha512": "SmrdfZeSInIiRl2uzMLCDYYqz2N3gvzb4AlfD9RZnkGjKHg+N6VkdOD9p2rMGcT3cFISEvpoiFguKBKmkymYWg==",
         "size": 189025877
      },
      {
         "url": "anytype-0.55.4.x86_64.rpm",
         "sha512": "SmrdfZeSInIiRl2uzMLCDYYqz2N3gvzb4AlfD9RZnkGjKHg+N6VkdOD9p2rMGcT3cFISEvpoiFguKBKmkymYWg==",
         "size": 189025877
      }
   ],
   "path": "Anytype-0.55.4.AppImage",
   "sha512": "iVhg7x/IcehgFgoqn8NKBJ5Zlh1Ba0LCCfUSUA0vCgLClePi/Wa1B3K+g7FaPJ4caVLEApN+opsMXekenVAZBg==",
   "releaseDate": "2026-05-05T13:39:49.369Z"
}
[2026-05-26 09:01:55.758] [debug] checkForUpdatesAndNotify called, downloadPromise is null
[2026-05-26 09:11:55.490] [info]  Checking for update
[2026-05-26 09:11:55.491] [info]  Checking for update
[2026-05-26 09:11:55.788] [info]  Update for version 0.55.4 is not available (latest version: 0.55.4, downgrade is allowed).
[2026-05-26 09:11:55.788] [info]  Update not available: {
   "version": "0.55.4",
   "files": [
      {
         "url": "Anytype-0.55.4.AppImage",
         "sha512": "iVhg7x/IcehgFgoqn8NKBJ5Zlh1Ba0LCCfUSUA0vCgLClePi/Wa1B3K+g7FaPJ4caVLEApN+opsMXekenVAZBg==",
         "size": 255921020,
         "blockMapSize": 265104
      },
      {
         "url": "anytype_0.55.4_amd64.deb",
         "sha512": "h9AOC2BuEny0TIDmwtH3X2Z2If/U59v0urgHxEd1ttKDQnVHP3HbdrlSd6gRefM41tEvLs77AlGzVmnDQ2Lv2Q==",
         "size": 213511672
      },
      {
         "url": "anytype_0.55.4_amd64.deb",
         "sha512": "h9AOC2BuEny0TIDmwtH3X2Z2If/U59v0urgHxEd1ttKDQnVHP3HbdrlSd6gRefM41tEvLs77AlGzVmnDQ2Lv2Q==",
         "size": 213511672
      },
      {
         "url": "anytype_0.55.4_amd64.deb",
         "sha512": "h9AOC2BuEny0TIDmwtH3X2Z2If/U59v0urgHxEd1ttKDQnVHP3HbdrlSd6gRefM41tEvLs77AlGzVmnDQ2Lv2Q==",
         "size": 213511672
      },
      {
         "url": "anytype-0.55.4.x86_64.rpm",
         "sha512": "SmrdfZeSInIiRl2uzMLCDYYqz2N3gvzb4AlfD9RZnkGjKHg+N6VkdOD9p2rMGcT3cFISEvpoiFguKBKmkymYWg==",
         "size": 189025877
      },
      {
         "url": "anytype-0.55.4.x86_64.rpm",
         "sha512": "SmrdfZeSInIiRl2uzMLCDYYqz2N3gvzb4AlfD9RZnkGjKHg+N6VkdOD9p2rMGcT3cFISEvpoiFguKBKmkymYWg==",
         "size": 189025877
      },
      {
         "url": "anytype-0.55.4.x86_64.rpm",
         "sha512": "SmrdfZeSInIiRl2uzMLCDYYqz2N3gvzb4AlfD9RZnkGjKHg+N6VkdOD9p2rMGcT3cFISEvpoiFguKBKmkymYWg==",
         "size": 189025877
      }
   ],
   "path": "Anytype-0.55.4.AppImage",
   "sha512": "iVhg7x/IcehgFgoqn8NKBJ5Zlh1Ba0LCCfUSUA0vCgLClePi/Wa1B3K+g7FaPJ4caVLEApN+opsMXekenVAZBg==",
   "releaseDate": "2026-05-05T13:39:49.369Z"
}
[2026-05-26 09:11:55.789] [debug] checkForUpdatesAndNotify called, downloadPromise is null
[2026-05-26 09:21:55.592] [info]  Checking for update
[2026-05-26 09:21:55.592] [info]  Checking for update
[2026-05-26 09:21:55.968] [info]  Update for version 0.55.4 is not available (latest version: 0.55.4, downgrade is allowed).
[2026-05-26 09:21:55.969] [info]  Update not available: {
   "version": "0.55.4",
   "files": [
      {
         "url": "Anytype-0.55.4.AppImage",
         "sha512": "iVhg7x/IcehgFgoqn8NKBJ5Zlh1Ba0LCCfUSUA0vCgLClePi/Wa1B3K+g7FaPJ4caVLEApN+opsMXekenVAZBg==",
         "size": 255921020,
         "blockMapSize": 265104
      },
      {
         "url": "anytype_0.55.4_amd64.deb",
         "sha512": "h9AOC2BuEny0TIDmwtH3X2Z2If/U59v0urgHxEd1ttKDQnVHP3HbdrlSd6gRefM41tEvLs77AlGzVmnDQ2Lv2Q==",
         "size": 213511672
      },
      {
         "url": "anytype_0.55.4_amd64.deb",
         "sha512": "h9AOC2BuEny0TIDmwtH3X2Z2If/U59v0urgHxEd1ttKDQnVHP3HbdrlSd6gRefM41tEvLs77AlGzVmnDQ2Lv2Q==",
         "size": 213511672
      },
      {
         "url": "anytype_0.55.4_amd64.deb",
         "sha512": "h9AOC2BuEny0TIDmwtH3X2Z2If/U59v0urgHxEd1ttKDQnVHP3HbdrlSd6gRefM41tEvLs77AlGzVmnDQ2Lv2Q==",
         "size": 213511672
      },
      {
         "url": "anytype-0.55.4.x86_64.rpm",
         "sha512": "SmrdfZeSInIiRl2uzMLCDYYqz2N3gvzb4AlfD9RZnkGjKHg+N6VkdOD9p2rMGcT3cFISEvpoiFguKBKmkymYWg==",
         "size": 189025877
      },
      {
         "url": "anytype-0.55.4.x86_64.rpm",
         "sha512": "SmrdfZeSInIiRl2uzMLCDYYqz2N3gvzb4AlfD9RZnkGjKHg+N6VkdOD9p2rMGcT3cFISEvpoiFguKBKmkymYWg==",
         "size": 189025877
      },
      {
         "url": "anytype-0.55.4.x86_64.rpm",
         "sha512": "SmrdfZeSInIiRl2uzMLCDYYqz2N3gvzb4AlfD9RZnkGjKHg+N6VkdOD9p2rMGcT3cFISEvpoiFguKBKmkymYWg==",
         "size": 189025877
      }
   ],
   "path": "Anytype-0.55.4.AppImage",
   "sha512": "iVhg7x/IcehgFgoqn8NKBJ5Zlh1Ba0LCCfUSUA0vCgLClePi/Wa1B3K+g7FaPJ4caVLEApN+opsMXekenVAZBg==",
   "releaseDate": "2026-05-05T13:39:49.369Z"
}
[2026-05-26 09:21:55.970] [debug] checkForUpdatesAndNotify called, downloadPromise is null
[2026-05-26 09:31:55.693] [info]  Checking for update
[2026-05-26 09:31:55.693] [info]  Checking for update
[2026-05-26 09:31:56.188] [info]  Update for version 0.55.4 is not available (latest version: 0.55.4, downgrade is allowed).
[2026-05-26 09:31:56.189] [info]  Update not available: {
   "version": "0.55.4",
   "files": [
      {
         "url": "Anytype-0.55.4.AppImage",
         "sha512": "iVhg7x/IcehgFgoqn8NKBJ5Zlh1Ba0LCCfUSUA0vCgLClePi/Wa1B3K+g7FaPJ4caVLEApN+opsMXekenVAZBg==",
         "size": 255921020,
         "blockMapSize": 265104
      },
      {
         "url": "anytype_0.55.4_amd64.deb",
         "sha512": "h9AOC2BuEny0TIDmwtH3X2Z2If/U59v0urgHxEd1ttKDQnVHP3HbdrlSd6gRefM41tEvLs77AlGzVmnDQ2Lv2Q==",
         "size": 213511672
      },
      {
         "url": "anytype_0.55.4_amd64.deb",
         "sha512": "h9AOC2BuEny0TIDmwtH3X2Z2If/U59v0urgHxEd1ttKDQnVHP3HbdrlSd6gRefM41tEvLs77AlGzVmnDQ2Lv2Q==",
         "size": 213511672
      },
      {
         "url": "anytype_0.55.4_amd64.deb",
         "sha512": "h9AOC2BuEny0TIDmwtH3X2Z2If/U59v0urgHxEd1ttKDQnVHP3HbdrlSd6gRefM41tEvLs77AlGzVmnDQ2Lv2Q==",
         "size": 213511672
      },
      {
         "url": "anytype-0.55.4.x86_64.rpm",
         "sha512": "SmrdfZeSInIiRl2uzMLCDYYqz2N3gvzb4AlfD9RZnkGjKHg+N6VkdOD9p2rMGcT3cFISEvpoiFguKBKmkymYWg==",
         "size": 189025877
      },
      {
         "url": "anytype-0.55.4.x86_64.rpm",
         "sha512": "SmrdfZeSInIiRl2uzMLCDYYqz2N3gvzb4AlfD9RZnkGjKHg+N6VkdOD9p2rMGcT3cFISEvpoiFguKBKmkymYWg==",
         "size": 189025877
      },
      {
         "url": "anytype-0.55.4.x86_64.rpm",
         "sha512": "SmrdfZeSInIiRl2uzMLCDYYqz2N3gvzb4AlfD9RZnkGjKHg+N6VkdOD9p2rMGcT3cFISEvpoiFguKBKmkymYWg==",
         "size": 189025877
      }
   ],
   "path": "Anytype-0.55.4.AppImage",
   "sha512": "iVhg7x/IcehgFgoqn8NKBJ5Zlh1Ba0LCCfUSUA0vCgLClePi/Wa1B3K+g7FaPJ4caVLEApN+opsMXekenVAZBg==",
   "releaseDate": "2026-05-05T13:39:49.369Z"
}
[2026-05-26 09:31:56.189] [debug] checkForUpdatesAndNotify called, downloadPromise is null
[2026-05-26 09:41:55.731] [info]  Checking for update
[2026-05-26 09:41:55.731] [info]  Checking for update
[2026-05-26 09:41:56.002] [info]  Update for version 0.55.4 is not available (latest version: 0.55.4, downgrade is allowed).
[2026-05-26 09:41:56.002] [info]  Update not available: {
   "version": "0.55.4",
   "files": [
      {
         "url": "Anytype-0.55.4.AppImage",
         "sha512": "iVhg7x/IcehgFgoqn8NKBJ5Zlh1Ba0LCCfUSUA0vCgLClePi/Wa1B3K+g7FaPJ4caVLEApN+opsMXekenVAZBg==",
         "size": 255921020,
         "blockMapSize": 265104
      },
      {
         "url": "anytype_0.55.4_amd64.deb",
         "sha512": "h9AOC2BuEny0TIDmwtH3X2Z2If/U59v0urgHxEd1ttKDQnVHP3HbdrlSd6gRefM41tEvLs77AlGzVmnDQ2Lv2Q==",
         "size": 213511672
      },
      {
         "url": "anytype_0.55.4_amd64.deb",
         "sha512": "h9AOC2BuEny0TIDmwtH3X2Z2If/U59v0urgHxEd1ttKDQnVHP3HbdrlSd6gRefM41tEvLs77AlGzVmnDQ2Lv2Q==",
         "size": 213511672
      },
      {
         "url": "anytype_0.55.4_amd64.deb",
         "sha512": "h9AOC2BuEny0TIDmwtH3X2Z2If/U59v0urgHxEd1ttKDQnVHP3HbdrlSd6gRefM41tEvLs77AlGzVmnDQ2Lv2Q==",
         "size": 213511672
      },
      {
         "url": "anytype-0.55.4.x86_64.rpm",
         "sha512": "SmrdfZeSInIiRl2uzMLCDYYqz2N3gvzb4AlfD9RZnkGjKHg+N6VkdOD9p2rMGcT3cFISEvpoiFguKBKmkymYWg==",
         "size": 189025877
      },
      {
         "url": "anytype-0.55.4.x86_64.rpm",
         "sha512": "SmrdfZeSInIiRl2uzMLCDYYqz2N3gvzb4AlfD9RZnkGjKHg+N6VkdOD9p2rMGcT3cFISEvpoiFguKBKmkymYWg==",
         "size": 189025877
      },
      {
         "url": "anytype-0.55.4.x86_64.rpm",
         "sha512": "SmrdfZeSInIiRl2uzMLCDYYqz2N3gvzb4AlfD9RZnkGjKHg+N6VkdOD9p2rMGcT3cFISEvpoiFguKBKmkymYWg==",
         "size": 189025877
      }
   ],
   "path": "Anytype-0.55.4.AppImage",
   "sha512": "iVhg7x/IcehgFgoqn8NKBJ5Zlh1Ba0LCCfUSUA0vCgLClePi/Wa1B3K+g7FaPJ4caVLEApN+opsMXekenVAZBg==",
   "releaseDate": "2026-05-05T13:39:49.369Z"
}
[2026-05-26 09:41:56.004] [debug] checkForUpdatesAndNotify called, downloadPromise is null
[2026-05-26 09:51:55.775] [info]  Checking for update
[2026-05-26 09:51:55.775] [info]  Checking for update
[2026-05-26 09:51:56.048] [info]  Update for version 0.55.4 is not available (latest version: 0.55.4, downgrade is allowed).
[2026-05-26 09:51:56.048] [info]  Update not available: {
   "version": "0.55.4",
   "files": [
      {
         "url": "Anytype-0.55.4.AppImage",
         "sha512": "iVhg7x/IcehgFgoqn8NKBJ5Zlh1Ba0LCCfUSUA0vCgLClePi/Wa1B3K+g7FaPJ4caVLEApN+opsMXekenVAZBg==",
         "size": 255921020,
         "blockMapSize": 265104
      },
      {
         "url": "anytype_0.55.4_amd64.deb",
         "sha512": "h9AOC2BuEny0TIDmwtH3X2Z2If/U59v0urgHxEd1ttKDQnVHP3HbdrlSd6gRefM41tEvLs77AlGzVmnDQ2Lv2Q==",
         "size": 213511672
      },
      {
         "url": "anytype_0.55.4_amd64.deb",
         "sha512": "h9AOC2BuEny0TIDmwtH3X2Z2If/U59v0urgHxEd1ttKDQnVHP3HbdrlSd6gRefM41tEvLs77AlGzVmnDQ2Lv2Q==",
         "size": 213511672
      },
      {
         "url": "anytype_0.55.4_amd64.deb",
         "sha512": "h9AOC2BuEny0TIDmwtH3X2Z2If/U59v0urgHxEd1ttKDQnVHP3HbdrlSd6gRefM41tEvLs77AlGzVmnDQ2Lv2Q==",
         "size": 213511672
      },
      {
         "url": "anytype-0.55.4.x86_64.rpm",
         "sha512": "SmrdfZeSInIiRl2uzMLCDYYqz2N3gvzb4AlfD9RZnkGjKHg+N6VkdOD9p2rMGcT3cFISEvpoiFguKBKmkymYWg==",
         "size": 189025877
      },
      {
         "url": "anytype-0.55.4.x86_64.rpm",
         "sha512": "SmrdfZeSInIiRl2uzMLCDYYqz2N3gvzb4AlfD9RZnkGjKHg+N6VkdOD9p2rMGcT3cFISEvpoiFguKBKmkymYWg==",
         "size": 189025877
      },
      {
         "url": "anytype-0.55.4.x86_64.rpm",
         "sha512": "SmrdfZeSInIiRl2uzMLCDYYqz2N3gvzb4AlfD9RZnkGjKHg+N6VkdOD9p2rMGcT3cFISEvpoiFguKBKmkymYWg==",
         "size": 189025877
      }
   ],
   "path": "Anytype-0.55.4.AppImage",
   "sha512": "iVhg7x/IcehgFgoqn8NKBJ5Zlh1Ba0LCCfUSUA0vCgLClePi/Wa1B3K+g7FaPJ4caVLEApN+opsMXekenVAZBg==",
   "releaseDate": "2026-05-05T13:39:49.369Z"
}
[2026-05-26 09:51:56.049] [debug] checkForUpdatesAndNotify called, downloadPromise is null
[2026-05-26 10:01:55.780] [info]  Checking for update
[2026-05-26 10:01:55.780] [info]  Checking for update
[2026-05-26 10:01:56.080] [info]  Update for version 0.55.4 is not available (latest version: 0.55.4, downgrade is allowed).
[2026-05-26 10:01:56.081] [info]  Update not available: {
   "version": "0.55.4",
   "files": [
      {
         "url": "Anytype-0.55.4.AppImage",
         "sha512": "iVhg7x/IcehgFgoqn8NKBJ5Zlh1Ba0LCCfUSUA0vCgLClePi/Wa1B3K+g7FaPJ4caVLEApN+opsMXekenVAZBg==",
         "size": 255921020,
         "blockMapSize": 265104
      },
      {
         "url": "anytype_0.55.4_amd64.deb",
         "sha512": "h9AOC2BuEny0TIDmwtH3X2Z2If/U59v0urgHxEd1ttKDQnVHP3HbdrlSd6gRefM41tEvLs77AlGzVmnDQ2Lv2Q==",
         "size": 213511672
      },
      {
         "url": "anytype_0.55.4_amd64.deb",
         "sha512": "h9AOC2BuEny0TIDmwtH3X2Z2If/U59v0urgHxEd1ttKDQnVHP3HbdrlSd6gRefM41tEvLs77AlGzVmnDQ2Lv2Q==",
         "size": 213511672
      },
      {
         "url": "anytype_0.55.4_amd64.deb",
         "sha512": "h9AOC2BuEny0TIDmwtH3X2Z2If/U59v0urgHxEd1ttKDQnVHP3HbdrlSd6gRefM41tEvLs77AlGzVmnDQ2Lv2Q==",
         "size": 213511672
      },
      {
         "url": "anytype-0.55.4.x86_64.rpm",
         "sha512": "SmrdfZeSInIiRl2uzMLCDYYqz2N3gvzb4AlfD9RZnkGjKHg+N6VkdOD9p2rMGcT3cFISEvpoiFguKBKmkymYWg==",
         "size": 189025877
      },
      {
         "url": "anytype-0.55.4.x86_64.rpm",
         "sha512": "SmrdfZeSInIiRl2uzMLCDYYqz2N3gvzb4AlfD9RZnkGjKHg+N6VkdOD9p2rMGcT3cFISEvpoiFguKBKmkymYWg==",
         "size": 189025877
      },
      {
         "url": "anytype-0.55.4.x86_64.rpm",
         "sha512": "SmrdfZeSInIiRl2uzMLCDYYqz2N3gvzb4AlfD9RZnkGjKHg+N6VkdOD9p2rMGcT3cFISEvpoiFguKBKmkymYWg==",
         "size": 189025877
      }
   ],
   "path": "Anytype-0.55.4.AppImage",
   "sha512": "iVhg7x/IcehgFgoqn8NKBJ5Zlh1Ba0LCCfUSUA0vCgLClePi/Wa1B3K+g7FaPJ4caVLEApN+opsMXekenVAZBg==",
   "releaseDate": "2026-05-05T13:39:49.369Z"
}
[2026-05-26 10:01:56.081] [debug] checkForUpdatesAndNotify called, downloadPromise is null
[2026-05-26 10:11:55.824] [info]  Checking for update
[2026-05-26 10:11:55.825] [info]  Checking for update
[2026-05-26 10:11:56.110] [info]  Update for version 0.55.4 is not available (latest version: 0.55.4, downgrade is allowed).
[2026-05-26 10:11:56.111] [info]  Update not available: {
   "version": "0.55.4",
   "files": [
      {
         "url": "Anytype-0.55.4.AppImage",
         "sha512": "iVhg7x/IcehgFgoqn8NKBJ5Zlh1Ba0LCCfUSUA0vCgLClePi/Wa1B3K+g7FaPJ4caVLEApN+opsMXekenVAZBg==",
         "size": 255921020,
         "blockMapSize": 265104
      },
      {
         "url": "anytype_0.55.4_amd64.deb",
         "sha512": "h9AOC2BuEny0TIDmwtH3X2Z2If/U59v0urgHxEd1ttKDQnVHP3HbdrlSd6gRefM41tEvLs77AlGzVmnDQ2Lv2Q==",
         "size": 213511672
      },
      {
         "url": "anytype_0.55.4_amd64.deb",
         "sha512": "h9AOC2BuEny0TIDmwtH3X2Z2If/U59v0urgHxEd1ttKDQnVHP3HbdrlSd6gRefM41tEvLs77AlGzVmnDQ2Lv2Q==",
         "size": 213511672
      },
      {
         "url": "anytype_0.55.4_amd64.deb",
         "sha512": "h9AOC2BuEny0TIDmwtH3X2Z2If/U59v0urgHxEd1ttKDQnVHP3HbdrlSd6gRefM41tEvLs77AlGzVmnDQ2Lv2Q==",
         "size": 213511672
      },
      {
         "url": "anytype-0.55.4.x86_64.rpm",
         "sha512": "SmrdfZeSInIiRl2uzMLCDYYqz2N3gvzb4AlfD9RZnkGjKHg+N6VkdOD9p2rMGcT3cFISEvpoiFguKBKmkymYWg==",
         "size": 189025877
      },
      {
         "url": "anytype-0.55.4.x86_64.rpm",
         "sha512": "SmrdfZeSInIiRl2uzMLCDYYqz2N3gvzb4AlfD9RZnkGjKHg+N6VkdOD9p2rMGcT3cFISEvpoiFguKBKmkymYWg==",
         "size": 189025877
      },
      {
         "url": "anytype-0.55.4.x86_64.rpm",
         "sha512": "SmrdfZeSInIiRl2uzMLCDYYqz2N3gvzb4AlfD9RZnkGjKHg+N6VkdOD9p2rMGcT3cFISEvpoiFguKBKmkymYWg==",
         "size": 189025877
      }
   ],
   "path": "Anytype-0.55.4.AppImage",
   "sha512": "iVhg7x/IcehgFgoqn8NKBJ5Zlh1Ba0LCCfUSUA0vCgLClePi/Wa1B3K+g7FaPJ4caVLEApN+opsMXekenVAZBg==",
   "releaseDate": "2026-05-05T13:39:49.369Z"
}
[2026-05-26 10:11:56.112] [debug] checkForUpdatesAndNotify called, downloadPromise is null
[2026-05-26 10:21:55.848] [info]  Checking for update
[2026-05-26 10:21:55.848] [info]  Checking for update
[2026-05-26 10:21:56.141] [info]  Update for version 0.55.4 is not available (latest version: 0.55.4, downgrade is allowed).
[2026-05-26 10:21:56.141] [info]  Update not available: {
   "version": "0.55.4",
   "files": [
      {
         "url": "Anytype-0.55.4.AppImage",
         "sha512": "iVhg7x/IcehgFgoqn8NKBJ5Zlh1Ba0LCCfUSUA0vCgLClePi/Wa1B3K+g7FaPJ4caVLEApN+opsMXekenVAZBg==",
         "size": 255921020,
         "blockMapSize": 265104
      },
      {
         "url": "anytype_0.55.4_amd64.deb",
         "sha512": "h9AOC2BuEny0TIDmwtH3X2Z2If/U59v0urgHxEd1ttKDQnVHP3HbdrlSd6gRefM41tEvLs77AlGzVmnDQ2Lv2Q==",
         "size": 213511672
      },
      {
         "url": "anytype_0.55.4_amd64.deb",
         "sha512": "h9AOC2BuEny0TIDmwtH3X2Z2If/U59v0urgHxEd1ttKDQnVHP3HbdrlSd6gRefM41tEvLs77AlGzVmnDQ2Lv2Q==",
         "size": 213511672
      },
      {
         "url": "anytype_0.55.4_amd64.deb",
         "sha512": "h9AOC2BuEny0TIDmwtH3X2Z2If/U59v0urgHxEd1ttKDQnVHP3HbdrlSd6gRefM41tEvLs77AlGzVmnDQ2Lv2Q==",
         "size": 213511672
      },
      {
         "url": "anytype-0.55.4.x86_64.rpm",
         "sha512": "SmrdfZeSInIiRl2uzMLCDYYqz2N3gvzb4AlfD9RZnkGjKHg+N6VkdOD9p2rMGcT3cFISEvpoiFguKBKmkymYWg==",
         "size": 189025877
      },
      {
         "url": "anytype-0.55.4.x86_64.rpm",
         "sha512": "SmrdfZeSInIiRl2uzMLCDYYqz2N3gvzb4AlfD9RZnkGjKHg+N6VkdOD9p2rMGcT3cFISEvpoiFguKBKmkymYWg==",
         "size": 189025877
      },
      {
         "url": "anytype-0.55.4.x86_64.rpm",
         "sha512": "SmrdfZeSInIiRl2uzMLCDYYqz2N3gvzb4AlfD9RZnkGjKHg+N6VkdOD9p2rMGcT3cFISEvpoiFguKBKmkymYWg==",
         "size": 189025877
      }
   ],
   "path": "Anytype-0.55.4.AppImage",
   "sha512": "iVhg7x/IcehgFgoqn8NKBJ5Zlh1Ba0LCCfUSUA0vCgLClePi/Wa1B3K+g7FaPJ4caVLEApN+opsMXekenVAZBg==",
   "releaseDate": "2026-05-05T13:39:49.369Z"
}
[2026-05-26 10:21:56.142] [debug] checkForUpdatesAndNotify called, downloadPromise is null
[2026-05-26 10:31:55.852] [info]  Checking for update
[2026-05-26 10:31:55.852] [info]  Checking for update
[2026-05-26 10:31:56.135] [info]  Update for version 0.55.4 is not available (latest version: 0.55.4, downgrade is allowed).
[2026-05-26 10:31:56.136] [info]  Update not available: {
   "version": "0.55.4",
   "files": [
      {
         "url": "Anytype-0.55.4.AppImage",
         "sha512": "iVhg7x/IcehgFgoqn8NKBJ5Zlh1Ba0LCCfUSUA0vCgLClePi/Wa1B3K+g7FaPJ4caVLEApN+opsMXekenVAZBg==",
         "size": 255921020,
         "blockMapSize": 265104
      },
      {
         "url": "anytype_0.55.4_amd64.deb",
         "sha512": "h9AOC2BuEny0TIDmwtH3X2Z2If/U59v0urgHxEd1ttKDQnVHP3HbdrlSd6gRefM41tEvLs77AlGzVmnDQ2Lv2Q==",
         "size": 213511672
      },
      {
         "url": "anytype_0.55.4_amd64.deb",
         "sha512": "h9AOC2BuEny0TIDmwtH3X2Z2If/U59v0urgHxEd1ttKDQnVHP3HbdrlSd6gRefM41tEvLs77AlGzVmnDQ2Lv2Q==",
         "size": 213511672
      },
      {
         "url": "anytype_0.55.4_amd64.deb",
         "sha512": "h9AOC2BuEny0TIDmwtH3X2Z2If/U59v0urgHxEd1ttKDQnVHP3HbdrlSd6gRefM41tEvLs77AlGzVmnDQ2Lv2Q==",
         "size": 213511672
      },
      {
         "url": "anytype-0.55.4.x86_64.rpm",
         "sha512": "SmrdfZeSInIiRl2uzMLCDYYqz2N3gvzb4AlfD9RZnkGjKHg+N6VkdOD9p2rMGcT3cFISEvpoiFguKBKmkymYWg==",
         "size": 189025877
      },
      {
         "url": "anytype-0.55.4.x86_64.rpm",
         "sha512": "SmrdfZeSInIiRl2uzMLCDYYqz2N3gvzb4AlfD9RZnkGjKHg+N6VkdOD9p2rMGcT3cFISEvpoiFguKBKmkymYWg==",
         "size": 189025877
      },
      {
         "url": "anytype-0.55.4.x86_64.rpm",
         "sha512": "SmrdfZeSInIiRl2uzMLCDYYqz2N3gvzb4AlfD9RZnkGjKHg+N6VkdOD9p2rMGcT3cFISEvpoiFguKBKmkymYWg==",
         "size": 189025877
      }
   ],
   "path": "Anytype-0.55.4.AppImage",
   "sha512": "iVhg7x/IcehgFgoqn8NKBJ5Zlh1Ba0LCCfUSUA0vCgLClePi/Wa1B3K+g7FaPJ4caVLEApN+opsMXekenVAZBg==",
   "releaseDate": "2026-05-05T13:39:49.369Z"
}
[2026-05-26 10:31:56.136] [debug] checkForUpdatesAndNotify called, downloadPromise is null
[2026-05-26 10:41:55.953] [info]  Checking for update
[2026-05-26 10:41:55.953] [info]  Checking for update
[2026-05-26 10:41:56.229] [info]  Update for version 0.55.4 is not available (latest version: 0.55.4, downgrade is allowed).
[2026-05-26 10:41:56.229] [info]  Update not available: {
   "version": "0.55.4",
   "files": [
      {
         "url": "Anytype-0.55.4.AppImage",
         "sha512": "iVhg7x/IcehgFgoqn8NKBJ5Zlh1Ba0LCCfUSUA0vCgLClePi/Wa1B3K+g7FaPJ4caVLEApN+opsMXekenVAZBg==",
         "size": 255921020,
         "blockMapSize": 265104
      },
      {
         "url": "anytype_0.55.4_amd64.deb",
         "sha512": "h9AOC2BuEny0TIDmwtH3X2Z2If/U59v0urgHxEd1ttKDQnVHP3HbdrlSd6gRefM41tEvLs77AlGzVmnDQ2Lv2Q==",
         "size": 213511672
      },
      {
         "url": "anytype_0.55.4_amd64.deb",
         "sha512": "h9AOC2BuEny0TIDmwtH3X2Z2If/U59v0urgHxEd1ttKDQnVHP3HbdrlSd6gRefM41tEvLs77AlGzVmnDQ2Lv2Q==",
         "size": 213511672
      },
      {
         "url": "anytype_0.55.4_amd64.deb",
         "sha512": "h9AOC2BuEny0TIDmwtH3X2Z2If/U59v0urgHxEd1ttKDQnVHP3HbdrlSd6gRefM41tEvLs77AlGzVmnDQ2Lv2Q==",
         "size": 213511672
      },
      {
         "url": "anytype-0.55.4.x86_64.rpm",
         "sha512": "SmrdfZeSInIiRl2uzMLCDYYqz2N3gvzb4AlfD9RZnkGjKHg+N6VkdOD9p2rMGcT3cFISEvpoiFguKBKmkymYWg==",
         "size": 189025877
      },
      {
         "url": "anytype-0.55.4.x86_64.rpm",
         "sha512": "SmrdfZeSInIiRl2uzMLCDYYqz2N3gvzb4AlfD9RZnkGjKHg+N6VkdOD9p2rMGcT3cFISEvpoiFguKBKmkymYWg==",
         "size": 189025877
      },
      {
         "url": "anytype-0.55.4.x86_64.rpm",
         "sha512": "SmrdfZeSInIiRl2uzMLCDYYqz2N3gvzb4AlfD9RZnkGjKHg+N6VkdOD9p2rMGcT3cFISEvpoiFguKBKmkymYWg==",
         "size": 189025877
      }
   ],
   "path": "Anytype-0.55.4.AppImage",
   "sha512": "iVhg7x/IcehgFgoqn8NKBJ5Zlh1Ba0LCCfUSUA0vCgLClePi/Wa1B3K+g7FaPJ4caVLEApN+opsMXekenVAZBg==",
   "releaseDate": "2026-05-05T13:39:49.369Z"
}
[2026-05-26 10:41:56.230] [debug] checkForUpdatesAndNotify called, downloadPromise is null
[2026-05-26 10:51:55.971] [info]  Checking for update
[2026-05-26 10:51:55.971] [info]  Checking for update
[2026-05-26 10:51:56.248] [info]  Update for version 0.55.4 is not available (latest version: 0.55.4, downgrade is allowed).
[2026-05-26 10:51:56.248] [info]  Update not available: {
   "version": "0.55.4",
   "files": [
      {
         "url": "Anytype-0.55.4.AppImage",
         "sha512": "iVhg7x/IcehgFgoqn8NKBJ5Zlh1Ba0LCCfUSUA0vCgLClePi/Wa1B3K+g7FaPJ4caVLEApN+opsMXekenVAZBg==",
         "size": 255921020,
         "blockMapSize": 265104
      },
      {
         "url": "anytype_0.55.4_amd64.deb",
         "sha512": "h9AOC2BuEny0TIDmwtH3X2Z2If/U59v0urgHxEd1ttKDQnVHP3HbdrlSd6gRefM41tEvLs77AlGzVmnDQ2Lv2Q==",
         "size": 213511672
      },
      {
         "url": "anytype_0.55.4_amd64.deb",
         "sha512": "h9AOC2BuEny0TIDmwtH3X2Z2If/U59v0urgHxEd1ttKDQnVHP3HbdrlSd6gRefM41tEvLs77AlGzVmnDQ2Lv2Q==",
         "size": 213511672
      },
      {
         "url": "anytype_0.55.4_amd64.deb",
         "sha512": "h9AOC2BuEny0TIDmwtH3X2Z2If/U59v0urgHxEd1ttKDQnVHP3HbdrlSd6gRefM41tEvLs77AlGzVmnDQ2Lv2Q==",
         "size": 213511672
      },
      {
         "url": "anytype-0.55.4.x86_64.rpm",
         "sha512": "SmrdfZeSInIiRl2uzMLCDYYqz2N3gvzb4AlfD9RZnkGjKHg+N6VkdOD9p2rMGcT3cFISEvpoiFguKBKmkymYWg==",
         "size": 189025877
      },
      {
         "url": "anytype-0.55.4.x86_64.rpm",
         "sha512": "SmrdfZeSInIiRl2uzMLCDYYqz2N3gvzb4AlfD9RZnkGjKHg+N6VkdOD9p2rMGcT3cFISEvpoiFguKBKmkymYWg==",
         "size": 189025877
      },
      {
         "url": "anytype-0.55.4.x86_64.rpm",
         "sha512": "SmrdfZeSInIiRl2uzMLCDYYqz2N3gvzb4AlfD9RZnkGjKHg+N6VkdOD9p2rMGcT3cFISEvpoiFguKBKmkymYWg==",
         "size": 189025877
      }
   ],
   "path": "Anytype-0.55.4.AppImage",
   "sha512": "iVhg7x/IcehgFgoqn8NKBJ5Zlh1Ba0LCCfUSUA0vCgLClePi/Wa1B3K+g7FaPJ4caVLEApN+opsMXekenVAZBg==",
   "releaseDate": "2026-05-05T13:39:49.369Z"
}
[2026-05-26 10:51:56.249] [debug] checkForUpdatesAndNotify called, downloadPromise is null
[2026-05-26 11:01:56.007] [info]  Checking for update
[2026-05-26 11:01:56.008] [info]  Checking for update
[2026-05-26 11:01:56.288] [info]  Update for version 0.55.4 is not available (latest version: 0.55.4, downgrade is allowed).
[2026-05-26 11:01:56.288] [info]  Update not available: {
   "version": "0.55.4",
   "files": [
      {
         "url": "Anytype-0.55.4.AppImage",
         "sha512": "iVhg7x/IcehgFgoqn8NKBJ5Zlh1Ba0LCCfUSUA0vCgLClePi/Wa1B3K+g7FaPJ4caVLEApN+opsMXekenVAZBg==",
         "size": 255921020,
         "blockMapSize": 265104
      },
      {
         "url": "anytype_0.55.4_amd64.deb",
         "sha512": "h9AOC2BuEny0TIDmwtH3X2Z2If/U59v0urgHxEd1ttKDQnVHP3HbdrlSd6gRefM41tEvLs77AlGzVmnDQ2Lv2Q==",
         "size": 213511672
      },
      {
         "url": "anytype_0.55.4_amd64.deb",
         "sha512": "h9AOC2BuEny0TIDmwtH3X2Z2If/U59v0urgHxEd1ttKDQnVHP3HbdrlSd6gRefM41tEvLs77AlGzVmnDQ2Lv2Q==",
         "size": 213511672
      },
      {
         "url": "anytype_0.55.4_amd64.deb",
         "sha512": "h9AOC2BuEny0TIDmwtH3X2Z2If/U59v0urgHxEd1ttKDQnVHP3HbdrlSd6gRefM41tEvLs77AlGzVmnDQ2Lv2Q==",
         "size": 213511672
      },
      {
         "url": "anytype-0.55.4.x86_64.rpm",
         "sha512": "SmrdfZeSInIiRl2uzMLCDYYqz2N3gvzb4AlfD9RZnkGjKHg+N6VkdOD9p2rMGcT3cFISEvpoiFguKBKmkymYWg==",
         "size": 189025877
      },
      {
         "url": "anytype-0.55.4.x86_64.rpm",
         "sha512": "SmrdfZeSInIiRl2uzMLCDYYqz2N3gvzb4AlfD9RZnkGjKHg+N6VkdOD9p2rMGcT3cFISEvpoiFguKBKmkymYWg==",
         "size": 189025877
      },
      {
         "url": "anytype-0.55.4.x86_64.rpm",
         "sha512": "SmrdfZeSInIiRl2uzMLCDYYqz2N3gvzb4AlfD9RZnkGjKHg+N6VkdOD9p2rMGcT3cFISEvpoiFguKBKmkymYWg==",
         "size": 189025877
      }
   ],
   "path": "Anytype-0.55.4.AppImage",
   "sha512": "iVhg7x/IcehgFgoqn8NKBJ5Zlh1Ba0LCCfUSUA0vCgLClePi/Wa1B3K+g7FaPJ4caVLEApN+opsMXekenVAZBg==",
   "releaseDate": "2026-05-05T13:39:49.369Z"
}
[2026-05-26 11:01:56.289] [debug] checkForUpdatesAndNotify called, downloadPromise is null
[2026-05-26 11:11:56.012] [info]  Checking for update
[2026-05-26 11:11:56.012] [info]  Checking for update
[2026-05-26 11:11:56.299] [info]  Update for version 0.55.4 is not available (latest version: 0.55.4, downgrade is allowed).
[2026-05-26 11:11:56.299] [info]  Update not available: {
   "version": "0.55.4",
   "files": [
      {
         "url": "Anytype-0.55.4.AppImage",
         "sha512": "iVhg7x/IcehgFgoqn8NKBJ5Zlh1Ba0LCCfUSUA0vCgLClePi/Wa1B3K+g7FaPJ4caVLEApN+opsMXekenVAZBg==",
         "size": 255921020,
         "blockMapSize": 265104
      },
      {
         "url": "anytype_0.55.4_amd64.deb",
         "sha512": "h9AOC2BuEny0TIDmwtH3X2Z2If/U59v0urgHxEd1ttKDQnVHP3HbdrlSd6gRefM41tEvLs77AlGzVmnDQ2Lv2Q==",
         "size": 213511672
      },
      {
         "url": "anytype_0.55.4_amd64.deb",
         "sha512": "h9AOC2BuEny0TIDmwtH3X2Z2If/U59v0urgHxEd1ttKDQnVHP3HbdrlSd6gRefM41tEvLs77AlGzVmnDQ2Lv2Q==",
         "size": 213511672
      },
      {
         "url": "anytype_0.55.4_amd64.deb",
         "sha512": "h9AOC2BuEny0TIDmwtH3X2Z2If/U59v0urgHxEd1ttKDQnVHP3HbdrlSd6gRefM41tEvLs77AlGzVmnDQ2Lv2Q==",
         "size": 213511672
      },
      {
         "url": "anytype-0.55.4.x86_64.rpm",
         "sha512": "SmrdfZeSInIiRl2uzMLCDYYqz2N3gvzb4AlfD9RZnkGjKHg+N6VkdOD9p2rMGcT3cFISEvpoiFguKBKmkymYWg==",
         "size": 189025877
      },
      {
         "url": "anytype-0.55.4.x86_64.rpm",
         "sha512": "SmrdfZeSInIiRl2uzMLCDYYqz2N3gvzb4AlfD9RZnkGjKHg+N6VkdOD9p2rMGcT3cFISEvpoiFguKBKmkymYWg==",
         "size": 189025877
      },
      {
         "url": "anytype-0.55.4.x86_64.rpm",
         "sha512": "SmrdfZeSInIiRl2uzMLCDYYqz2N3gvzb4AlfD9RZnkGjKHg+N6VkdOD9p2rMGcT3cFISEvpoiFguKBKmkymYWg==",
         "size": 189025877
      }
   ],
   "path": "Anytype-0.55.4.AppImage",
   "sha512": "iVhg7x/IcehgFgoqn8NKBJ5Zlh1Ba0LCCfUSUA0vCgLClePi/Wa1B3K+g7FaPJ4caVLEApN+opsMXekenVAZBg==",
   "releaseDate": "2026-05-05T13:39:49.369Z"
}
[2026-05-26 11:11:56.300] [debug] checkForUpdatesAndNotify called, downloadPromise is null
[2026-05-26 11:21:56.017] [info]  Checking for update
[2026-05-26 11:21:56.018] [info]  Checking for update
[2026-05-26 11:21:56.305] [info]  Update for version 0.55.4 is not available (latest version: 0.55.4, downgrade is allowed).
[2026-05-26 11:21:56.305] [info]  Update not available: {
   "version": "0.55.4",
   "files": [
      {
         "url": "Anytype-0.55.4.AppImage",
         "sha512": "iVhg7x/IcehgFgoqn8NKBJ5Zlh1Ba0LCCfUSUA0vCgLClePi/Wa1B3K+g7FaPJ4caVLEApN+opsMXekenVAZBg==",
         "size": 255921020,
         "blockMapSize": 265104
      },
      {
         "url": "anytype_0.55.4_amd64.deb",
         "sha512": "h9AOC2BuEny0TIDmwtH3X2Z2If/U59v0urgHxEd1ttKDQnVHP3HbdrlSd6gRefM41tEvLs77AlGzVmnDQ2Lv2Q==",
         "size": 213511672
      },
      {
         "url": "anytype_0.55.4_amd64.deb",
         "sha512": "h9AOC2BuEny0TIDmwtH3X2Z2If/U59v0urgHxEd1ttKDQnVHP3HbdrlSd6gRefM41tEvLs77AlGzVmnDQ2Lv2Q==",
         "size": 213511672
      },
      {
         "url": "anytype_0.55.4_amd64.deb",
         "sha512": "h9AOC2BuEny0TIDmwtH3X2Z2If/U59v0urgHxEd1ttKDQnVHP3HbdrlSd6gRefM41tEvLs77AlGzVmnDQ2Lv2Q==",
         "size": 213511672
      },
      {
         "url": "anytype-0.55.4.x86_64.rpm",
         "sha512": "SmrdfZeSInIiRl2uzMLCDYYqz2N3gvzb4AlfD9RZnkGjKHg+N6VkdOD9p2rMGcT3cFISEvpoiFguKBKmkymYWg==",
         "size": 189025877
      },
      {
         "url": "anytype-0.55.4.x86_64.rpm",
         "sha512": "SmrdfZeSInIiRl2uzMLCDYYqz2N3gvzb4AlfD9RZnkGjKHg+N6VkdOD9p2rMGcT3cFISEvpoiFguKBKmkymYWg==",
         "size": 189025877
      },
      {
         "url": "anytype-0.55.4.x86_64.rpm",
         "sha512": "SmrdfZeSInIiRl2uzMLCDYYqz2N3gvzb4AlfD9RZnkGjKHg+N6VkdOD9p2rMGcT3cFISEvpoiFguKBKmkymYWg==",
         "size": 189025877
      }
   ],
   "path": "Anytype-0.55.4.AppImage",
   "sha512": "iVhg7x/IcehgFgoqn8NKBJ5Zlh1Ba0LCCfUSUA0vCgLClePi/Wa1B3K+g7FaPJ4caVLEApN+opsMXekenVAZBg==",
   "releaseDate": "2026-05-05T13:39:49.369Z"
}
[2026-05-26 11:21:56.306] [debug] checkForUpdatesAndNotify called, downloadPromise is null
[2026-05-26 11:31:56.119] [info]  Checking for update
[2026-05-26 11:31:56.119] [info]  Checking for update
[2026-05-26 11:31:56.397] [info]  Update for version 0.55.4 is not available (latest version: 0.55.4, downgrade is allowed).
[2026-05-26 11:31:56.397] [info]  Update not available: {
   "version": "0.55.4",
   "files": [
      {
         "url": "Anytype-0.55.4.AppImage",
         "sha512": "iVhg7x/IcehgFgoqn8NKBJ5Zlh1Ba0LCCfUSUA0vCgLClePi/Wa1B3K+g7FaPJ4caVLEApN+opsMXekenVAZBg==",
         "size": 255921020,
         "blockMapSize": 265104
      },
      {
         "url": "anytype_0.55.4_amd64.deb",
         "sha512": "h9AOC2BuEny0TIDmwtH3X2Z2If/U59v0urgHxEd1ttKDQnVHP3HbdrlSd6gRefM41tEvLs77AlGzVmnDQ2Lv2Q==",
         "size": 213511672
      },
      {
         "url": "anytype_0.55.4_amd64.deb",
         "sha512": "h9AOC2BuEny0TIDmwtH3X2Z2If/U59v0urgHxEd1ttKDQnVHP3HbdrlSd6gRefM41tEvLs77AlGzVmnDQ2Lv2Q==",
         "size": 213511672
      },
      {
         "url": "anytype_0.55.4_amd64.deb",
         "sha512": "h9AOC2BuEny0TIDmwtH3X2Z2If/U59v0urgHxEd1ttKDQnVHP3HbdrlSd6gRefM41tEvLs77AlGzVmnDQ2Lv2Q==",
         "size": 213511672
      },
      {
         "url": "anytype-0.55.4.x86_64.rpm",
         "sha512": "SmrdfZeSInIiRl2uzMLCDYYqz2N3gvzb4AlfD9RZnkGjKHg+N6VkdOD9p2rMGcT3cFISEvpoiFguKBKmkymYWg==",
         "size": 189025877
      },
      {
         "url": "anytype-0.55.4.x86_64.rpm",
         "sha512": "SmrdfZeSInIiRl2uzMLCDYYqz2N3gvzb4AlfD9RZnkGjKHg+N6VkdOD9p2rMGcT3cFISEvpoiFguKBKmkymYWg==",
         "size": 189025877
      },
      {
         "url": "anytype-0.55.4.x86_64.rpm",
         "sha512": "SmrdfZeSInIiRl2uzMLCDYYqz2N3gvzb4AlfD9RZnkGjKHg+N6VkdOD9p2rMGcT3cFISEvpoiFguKBKmkymYWg==",
         "size": 189025877
      }
   ],
   "path": "Anytype-0.55.4.AppImage",
   "sha512": "iVhg7x/IcehgFgoqn8NKBJ5Zlh1Ba0LCCfUSUA0vCgLClePi/Wa1B3K+g7FaPJ4caVLEApN+opsMXekenVAZBg==",
   "releaseDate": "2026-05-05T13:39:49.369Z"
}
[2026-05-26 11:31:56.398] [debug] checkForUpdatesAndNotify called, downloadPromise is null
[2026-05-26 11:41:56.171] [info]  Checking for update
[2026-05-26 11:41:56.172] [info]  Checking for update
[2026-05-26 11:41:56.453] [info]  Update for version 0.55.4 is not available (latest version: 0.55.4, downgrade is allowed).
[2026-05-26 11:41:56.453] [info]  Update not available: {
   "version": "0.55.4",
   "files": [
      {
         "url": "Anytype-0.55.4.AppImage",
         "sha512": "iVhg7x/IcehgFgoqn8NKBJ5Zlh1Ba0LCCfUSUA0vCgLClePi/Wa1B3K+g7FaPJ4caVLEApN+opsMXekenVAZBg==",
         "size": 255921020,
         "blockMapSize": 265104
      },
      {
         "url": "anytype_0.55.4_amd64.deb",
         "sha512": "h9AOC2BuEny0TIDmwtH3X2Z2If/U59v0urgHxEd1ttKDQnVHP3HbdrlSd6gRefM41tEvLs77AlGzVmnDQ2Lv2Q==",
         "size": 213511672
      },
      {
         "url": "anytype_0.55.4_amd64.deb",
         "sha512": "h9AOC2BuEny0TIDmwtH3X2Z2If/U59v0urgHxEd1ttKDQnVHP3HbdrlSd6gRefM41tEvLs77AlGzVmnDQ2Lv2Q==",
         "size": 213511672
      },
      {
         "url": "anytype_0.55.4_amd64.deb",
         "sha512": "h9AOC2BuEny0TIDmwtH3X2Z2If/U59v0urgHxEd1ttKDQnVHP3HbdrlSd6gRefM41tEvLs77AlGzVmnDQ2Lv2Q==",
         "size": 213511672
      },
      {
         "url": "anytype-0.55.4.x86_64.rpm",
         "sha512": "SmrdfZeSInIiRl2uzMLCDYYqz2N3gvzb4AlfD9RZnkGjKHg+N6VkdOD9p2rMGcT3cFISEvpoiFguKBKmkymYWg==",
         "size": 189025877
      },
      {
         "url": "anytype-0.55.4.x86_64.rpm",
         "sha512": "SmrdfZeSInIiRl2uzMLCDYYqz2N3gvzb4AlfD9RZnkGjKHg+N6VkdOD9p2rMGcT3cFISEvpoiFguKBKmkymYWg==",
         "size": 189025877
      },
      {
         "url": "anytype-0.55.4.x86_64.rpm",
         "sha512": "SmrdfZeSInIiRl2uzMLCDYYqz2N3gvzb4AlfD9RZnkGjKHg+N6VkdOD9p2rMGcT3cFISEvpoiFguKBKmkymYWg==",
         "size": 189025877
      }
   ],
   "path": "Anytype-0.55.4.AppImage",
   "sha512": "iVhg7x/IcehgFgoqn8NKBJ5Zlh1Ba0LCCfUSUA0vCgLClePi/Wa1B3K+g7FaPJ4caVLEApN+opsMXekenVAZBg==",
   "releaseDate": "2026-05-05T13:39:49.369Z"
}
[2026-05-26 11:41:56.454] [debug] checkForUpdatesAndNotify called, downloadPromise is null
[2026-05-26 11:51:56.202] [info]  Checking for update
[2026-05-26 11:51:56.203] [info]  Checking for update
[2026-05-26 11:51:56.476] [info]  Update for version 0.55.4 is not available (latest version: 0.55.4, downgrade is allowed).
[2026-05-26 11:51:56.477] [info]  Update not available: {
   "version": "0.55.4",
   "files": [
      {
         "url": "Anytype-0.55.4.AppImage",
         "sha512": "iVhg7x/IcehgFgoqn8NKBJ5Zlh1Ba0LCCfUSUA0vCgLClePi/Wa1B3K+g7FaPJ4caVLEApN+opsMXekenVAZBg==",
         "size": 255921020,
         "blockMapSize": 265104
      },
      {
         "url": "anytype_0.55.4_amd64.deb",
         "sha512": "h9AOC2BuEny0TIDmwtH3X2Z2If/U59v0urgHxEd1ttKDQnVHP3HbdrlSd6gRefM41tEvLs77AlGzVmnDQ2Lv2Q==",
         "size": 213511672
      },
      {
         "url": "anytype_0.55.4_amd64.deb",
         "sha512": "h9AOC2BuEny0TIDmwtH3X2Z2If/U59v0urgHxEd1ttKDQnVHP3HbdrlSd6gRefM41tEvLs77AlGzVmnDQ2Lv2Q==",
         "size": 213511672
      },
      {
         "url": "anytype_0.55.4_amd64.deb",
         "sha512": "h9AOC2BuEny0TIDmwtH3X2Z2If/U59v0urgHxEd1ttKDQnVHP3HbdrlSd6gRefM41tEvLs77AlGzVmnDQ2Lv2Q==",
         "size": 213511672
      },
      {
         "url": "anytype-0.55.4.x86_64.rpm",
         "sha512": "SmrdfZeSInIiRl2uzMLCDYYqz2N3gvzb4AlfD9RZnkGjKHg+N6VkdOD9p2rMGcT3cFISEvpoiFguKBKmkymYWg==",
         "size": 189025877
      },
      {
         "url": "anytype-0.55.4.x86_64.rpm",
         "sha512": "SmrdfZeSInIiRl2uzMLCDYYqz2N3gvzb4AlfD9RZnkGjKHg+N6VkdOD9p2rMGcT3cFISEvpoiFguKBKmkymYWg==",
         "size": 189025877
      },
      {
         "url": "anytype-0.55.4.x86_64.rpm",
         "sha512": "SmrdfZeSInIiRl2uzMLCDYYqz2N3gvzb4AlfD9RZnkGjKHg+N6VkdOD9p2rMGcT3cFISEvpoiFguKBKmkymYWg==",
         "size": 189025877
      }
   ],
   "path": "Anytype-0.55.4.AppImage",
   "sha512": "iVhg7x/IcehgFgoqn8NKBJ5Zlh1Ba0LCCfUSUA0vCgLClePi/Wa1B3K+g7FaPJ4caVLEApN+opsMXekenVAZBg==",
   "releaseDate": "2026-05-05T13:39:49.369Z"
}
[2026-05-26 11:51:56.477] [debug] checkForUpdatesAndNotify called, downloadPromise is null
[2026-05-26 12:01:56.247] [info]  Checking for update
[2026-05-26 12:01:56.248] [info]  Checking for update
[2026-05-26 12:01:56.534] [info]  Update for version 0.55.4 is not available (latest version: 0.55.4, downgrade is allowed).
[2026-05-26 12:01:56.534] [info]  Update not available: {
   "version": "0.55.4",
   "files": [
      {
         "url": "Anytype-0.55.4.AppImage",
         "sha512": "iVhg7x/IcehgFgoqn8NKBJ5Zlh1Ba0LCCfUSUA0vCgLClePi/Wa1B3K+g7FaPJ4caVLEApN+opsMXekenVAZBg==",
         "size": 255921020,
         "blockMapSize": 265104
      },
      {
         "url": "anytype_0.55.4_amd64.deb",
         "sha512": "h9AOC2BuEny0TIDmwtH3X2Z2If/U59v0urgHxEd1ttKDQnVHP3HbdrlSd6gRefM41tEvLs77AlGzVmnDQ2Lv2Q==",
         "size": 213511672
      },
      {
         "url": "anytype_0.55.4_amd64.deb",
         "sha512": "h9AOC2BuEny0TIDmwtH3X2Z2If/U59v0urgHxEd1ttKDQnVHP3HbdrlSd6gRefM41tEvLs77AlGzVmnDQ2Lv2Q==",
         "size": 213511672
      },
      {
         "url": "anytype_0.55.4_amd64.deb",
         "sha512": "h9AOC2BuEny0TIDmwtH3X2Z2If/U59v0urgHxEd1ttKDQnVHP3HbdrlSd6gRefM41tEvLs77AlGzVmnDQ2Lv2Q==",
         "size": 213511672
      },
      {
         "url": "anytype-0.55.4.x86_64.rpm",
         "sha512": "SmrdfZeSInIiRl2uzMLCDYYqz2N3gvzb4AlfD9RZnkGjKHg+N6VkdOD9p2rMGcT3cFISEvpoiFguKBKmkymYWg==",
         "size": 189025877
      },
      {
         "url": "anytype-0.55.4.x86_64.rpm",
         "sha512": "SmrdfZeSInIiRl2uzMLCDYYqz2N3gvzb4AlfD9RZnkGjKHg+N6VkdOD9p2rMGcT3cFISEvpoiFguKBKmkymYWg==",
         "size": 189025877
      },
      {
         "url": "anytype-0.55.4.x86_64.rpm",
         "sha512": "SmrdfZeSInIiRl2uzMLCDYYqz2N3gvzb4AlfD9RZnkGjKHg+N6VkdOD9p2rMGcT3cFISEvpoiFguKBKmkymYWg==",
         "size": 189025877
      }
   ],
   "path": "Anytype-0.55.4.AppImage",
   "sha512": "iVhg7x/IcehgFgoqn8NKBJ5Zlh1Ba0LCCfUSUA0vCgLClePi/Wa1B3K+g7FaPJ4caVLEApN+opsMXekenVAZBg==",
   "releaseDate": "2026-05-05T13:39:49.369Z"
}
[2026-05-26 12:01:56.535] [debug] checkForUpdatesAndNotify called, downloadPromise is null
[2026-05-26 12:11:56.270] [info]  Checking for update
[2026-05-26 12:11:56.271] [info]  Checking for update
[2026-05-26 12:11:56.560] [info]  Update for version 0.55.4 is not available (latest version: 0.55.4, downgrade is allowed).
[2026-05-26 12:11:56.560] [info]  Update not available: {
   "version": "0.55.4",
   "files": [
      {
         "url": "Anytype-0.55.4.AppImage",
         "sha512": "iVhg7x/IcehgFgoqn8NKBJ5Zlh1Ba0LCCfUSUA0vCgLClePi/Wa1B3K+g7FaPJ4caVLEApN+opsMXekenVAZBg==",
         "size": 255921020,
         "blockMapSize": 265104
      },
      {
         "url": "anytype_0.55.4_amd64.deb",
         "sha512": "h9AOC2BuEny0TIDmwtH3X2Z2If/U59v0urgHxEd1ttKDQnVHP3HbdrlSd6gRefM41tEvLs77AlGzVmnDQ2Lv2Q==",
         "size": 213511672
      },
      {
         "url": "anytype_0.55.4_amd64.deb",
         "sha512": "h9AOC2BuEny0TIDmwtH3X2Z2If/U59v0urgHxEd1ttKDQnVHP3HbdrlSd6gRefM41tEvLs77AlGzVmnDQ2Lv2Q==",
         "size": 213511672
      },
      {
         "url": "anytype_0.55.4_amd64.deb",
         "sha512": "h9AOC2BuEny0TIDmwtH3X2Z2If/U59v0urgHxEd1ttKDQnVHP3HbdrlSd6gRefM41tEvLs77AlGzVmnDQ2Lv2Q==",
         "size": 213511672
      },
      {
         "url": "anytype-0.55.4.x86_64.rpm",
         "sha512": "SmrdfZeSInIiRl2uzMLCDYYqz2N3gvzb4AlfD9RZnkGjKHg+N6VkdOD9p2rMGcT3cFISEvpoiFguKBKmkymYWg==",
         "size": 189025877
      },
      {
         "url": "anytype-0.55.4.x86_64.rpm",
         "sha512": "SmrdfZeSInIiRl2uzMLCDYYqz2N3gvzb4AlfD9RZnkGjKHg+N6VkdOD9p2rMGcT3cFISEvpoiFguKBKmkymYWg==",
         "size": 189025877
      },
      {
         "url": "anytype-0.55.4.x86_64.rpm",
         "sha512": "SmrdfZeSInIiRl2uzMLCDYYqz2N3gvzb4AlfD9RZnkGjKHg+N6VkdOD9p2rMGcT3cFISEvpoiFguKBKmkymYWg==",
         "size": 189025877
      }
   ],
   "path": "Anytype-0.55.4.AppImage",
   "sha512": "iVhg7x/IcehgFgoqn8NKBJ5Zlh1Ba0LCCfUSUA0vCgLClePi/Wa1B3K+g7FaPJ4caVLEApN+opsMXekenVAZBg==",
   "releaseDate": "2026-05-05T13:39:49.369Z"
}
[2026-05-26 12:11:56.561] [debug] checkForUpdatesAndNotify called, downloadPromise is null
[2026-05-26 12:21:56.372] [info]  Checking for update
[2026-05-26 12:21:56.373] [info]  Checking for update
[2026-05-26 12:21:56.651] [info]  Update for version 0.55.4 is not available (latest version: 0.55.4, downgrade is allowed).
[2026-05-26 12:21:56.652] [info]  Update not available: {
   "version": "0.55.4",
   "files": [
      {
         "url": "Anytype-0.55.4.AppImage",
         "sha512": "iVhg7x/IcehgFgoqn8NKBJ5Zlh1Ba0LCCfUSUA0vCgLClePi/Wa1B3K+g7FaPJ4caVLEApN+opsMXekenVAZBg==",
         "size": 255921020,
         "blockMapSize": 265104
      },
      {
         "url": "anytype_0.55.4_amd64.deb",
         "sha512": "h9AOC2BuEny0TIDmwtH3X2Z2If/U59v0urgHxEd1ttKDQnVHP3HbdrlSd6gRefM41tEvLs77AlGzVmnDQ2Lv2Q==",
         "size": 213511672
      },
      {
         "url": "anytype_0.55.4_amd64.deb",
         "sha512": "h9AOC2BuEny0TIDmwtH3X2Z2If/U59v0urgHxEd1ttKDQnVHP3HbdrlSd6gRefM41tEvLs77AlGzVmnDQ2Lv2Q==",
         "size": 213511672
      },
      {
         "url": "anytype_0.55.4_amd64.deb",
         "sha512": "h9AOC2BuEny0TIDmwtH3X2Z2If/U59v0urgHxEd1ttKDQnVHP3HbdrlSd6gRefM41tEvLs77AlGzVmnDQ2Lv2Q==",
         "size": 213511672
      },
      {
         "url": "anytype-0.55.4.x86_64.rpm",
         "sha512": "SmrdfZeSInIiRl2uzMLCDYYqz2N3gvzb4AlfD9RZnkGjKHg+N6VkdOD9p2rMGcT3cFISEvpoiFguKBKmkymYWg==",
         "size": 189025877
      },
      {
         "url": "anytype-0.55.4.x86_64.rpm",
         "sha512": "SmrdfZeSInIiRl2uzMLCDYYqz2N3gvzb4AlfD9RZnkGjKHg+N6VkdOD9p2rMGcT3cFISEvpoiFguKBKmkymYWg==",
         "size": 189025877
      },
      {
         "url": "anytype-0.55.4.x86_64.rpm",
         "sha512": "SmrdfZeSInIiRl2uzMLCDYYqz2N3gvzb4AlfD9RZnkGjKHg+N6VkdOD9p2rMGcT3cFISEvpoiFguKBKmkymYWg==",
         "size": 189025877
      }
   ],
   "path": "Anytype-0.55.4.AppImage",
   "sha512": "iVhg7x/IcehgFgoqn8NKBJ5Zlh1Ba0LCCfUSUA0vCgLClePi/Wa1B3K+g7FaPJ4caVLEApN+opsMXekenVAZBg==",
   "releaseDate": "2026-05-05T13:39:49.369Z"
}
[2026-05-26 12:21:56.652] [debug] checkForUpdatesAndNotify called, downloadPromise is null
[2026-05-26 12:31:56.436] [info]  Checking for update
[2026-05-26 12:31:56.437] [info]  Checking for update
[2026-05-26 12:31:57.273] [info]  Update for version 0.55.4 is not available (latest version: 0.55.4, downgrade is allowed).
[2026-05-26 12:31:57.273] [info]  Update not available: {
   "version": "0.55.4",
   "files": [
      {
         "url": "Anytype-0.55.4.AppImage",
         "sha512": "iVhg7x/IcehgFgoqn8NKBJ5Zlh1Ba0LCCfUSUA0vCgLClePi/Wa1B3K+g7FaPJ4caVLEApN+opsMXekenVAZBg==",
         "size": 255921020,
         "blockMapSize": 265104
      },
      {
         "url": "anytype_0.55.4_amd64.deb",
         "sha512": "h9AOC2BuEny0TIDmwtH3X2Z2If/U59v0urgHxEd1ttKDQnVHP3HbdrlSd6gRefM41tEvLs77AlGzVmnDQ2Lv2Q==",
         "size": 213511672
      },
      {
         "url": "anytype_0.55.4_amd64.deb",
         "sha512": "h9AOC2BuEny0TIDmwtH3X2Z2If/U59v0urgHxEd1ttKDQnVHP3HbdrlSd6gRefM41tEvLs77AlGzVmnDQ2Lv2Q==",
         "size": 213511672
      },
      {
         "url": "anytype_0.55.4_amd64.deb",
         "sha512": "h9AOC2BuEny0TIDmwtH3X2Z2If/U59v0urgHxEd1ttKDQnVHP3HbdrlSd6gRefM41tEvLs77AlGzVmnDQ2Lv2Q==",
         "size": 213511672
      },
      {
         "url": "anytype-0.55.4.x86_64.rpm",
         "sha512": "SmrdfZeSInIiRl2uzMLCDYYqz2N3gvzb4AlfD9RZnkGjKHg+N6VkdOD9p2rMGcT3cFISEvpoiFguKBKmkymYWg==",
         "size": 189025877
      },
      {
         "url": "anytype-0.55.4.x86_64.rpm",
         "sha512": "SmrdfZeSInIiRl2uzMLCDYYqz2N3gvzb4AlfD9RZnkGjKHg+N6VkdOD9p2rMGcT3cFISEvpoiFguKBKmkymYWg==",
         "size": 189025877
      },
      {
         "url": "anytype-0.55.4.x86_64.rpm",
         "sha512": "SmrdfZeSInIiRl2uzMLCDYYqz2N3gvzb4AlfD9RZnkGjKHg+N6VkdOD9p2rMGcT3cFISEvpoiFguKBKmkymYWg==",
         "size": 189025877
      }
   ],
   "path": "Anytype-0.55.4.AppImage",
   "sha512": "iVhg7x/IcehgFgoqn8NKBJ5Zlh1Ba0LCCfUSUA0vCgLClePi/Wa1B3K+g7FaPJ4caVLEApN+opsMXekenVAZBg==",
   "releaseDate": "2026-05-05T13:39:49.369Z"
}
[2026-05-26 12:31:57.273] [debug] checkForUpdatesAndNotify called, downloadPromise is null
[2026-05-26 12:41:56.538] [info]  Checking for update
[2026-05-26 12:41:56.539] [info]  Checking for update
[2026-05-26 12:41:56.819] [info]  Update for version 0.55.4 is not available (latest version: 0.55.4, downgrade is allowed).
[2026-05-26 12:41:56.820] [info]  Update not available: {
   "version": "0.55.4",
   "files": [
      {
         "url": "Anytype-0.55.4.AppImage",
         "sha512": "iVhg7x/IcehgFgoqn8NKBJ5Zlh1Ba0LCCfUSUA0vCgLClePi/Wa1B3K+g7FaPJ4caVLEApN+opsMXekenVAZBg==",
         "size": 255921020,
         "blockMapSize": 265104
      },
      {
         "url": "anytype_0.55.4_amd64.deb",
         "sha512": "h9AOC2BuEny0TIDmwtH3X2Z2If/U59v0urgHxEd1ttKDQnVHP3HbdrlSd6gRefM41tEvLs77AlGzVmnDQ2Lv2Q==",
         "size": 213511672
      },
      {
         "url": "anytype_0.55.4_amd64.deb",
         "sha512": "h9AOC2BuEny0TIDmwtH3X2Z2If/U59v0urgHxEd1ttKDQnVHP3HbdrlSd6gRefM41tEvLs77AlGzVmnDQ2Lv2Q==",
         "size": 213511672
      },
      {
         "url": "anytype_0.55.4_amd64.deb",
         "sha512": "h9AOC2BuEny0TIDmwtH3X2Z2If/U59v0urgHxEd1ttKDQnVHP3HbdrlSd6gRefM41tEvLs77AlGzVmnDQ2Lv2Q==",
         "size": 213511672
      },
      {
         "url": "anytype-0.55.4.x86_64.rpm",
         "sha512": "SmrdfZeSInIiRl2uzMLCDYYqz2N3gvzb4AlfD9RZnkGjKHg+N6VkdOD9p2rMGcT3cFISEvpoiFguKBKmkymYWg==",
         "size": 189025877
      },
      {
         "url": "anytype-0.55.4.x86_64.rpm",
         "sha512": "SmrdfZeSInIiRl2uzMLCDYYqz2N3gvzb4AlfD9RZnkGjKHg+N6VkdOD9p2rMGcT3cFISEvpoiFguKBKmkymYWg==",
         "size": 189025877
      },
      {
         "url": "anytype-0.55.4.x86_64.rpm",
         "sha512": "SmrdfZeSInIiRl2uzMLCDYYqz2N3gvzb4AlfD9RZnkGjKHg+N6VkdOD9p2rMGcT3cFISEvpoiFguKBKmkymYWg==",
         "size": 189025877
      }
   ],
   "path": "Anytype-0.55.4.AppImage",
   "sha512": "iVhg7x/IcehgFgoqn8NKBJ5Zlh1Ba0LCCfUSUA0vCgLClePi/Wa1B3K+g7FaPJ4caVLEApN+opsMXekenVAZBg==",
   "releaseDate": "2026-05-05T13:39:49.369Z"
}
[2026-05-26 12:41:56.820] [debug] checkForUpdatesAndNotify called, downloadPromise is null
[2026-05-26 12:51:56.571] [info]  Checking for update
[2026-05-26 12:51:56.571] [info]  Checking for update
[2026-05-26 12:51:56.931] [info]  Update for version 0.55.4 is not available (latest version: 0.55.4, downgrade is allowed).
[2026-05-26 12:51:56.931] [info]  Update not available: {
   "version": "0.55.4",
   "files": [
      {
         "url": "Anytype-0.55.4.AppImage",
         "sha512": "iVhg7x/IcehgFgoqn8NKBJ5Zlh1Ba0LCCfUSUA0vCgLClePi/Wa1B3K+g7FaPJ4caVLEApN+opsMXekenVAZBg==",
         "size": 255921020,
         "blockMapSize": 265104
      },
      {
         "url": "anytype_0.55.4_amd64.deb",
         "sha512": "h9AOC2BuEny0TIDmwtH3X2Z2If/U59v0urgHxEd1ttKDQnVHP3HbdrlSd6gRefM41tEvLs77AlGzVmnDQ2Lv2Q==",
         "size": 213511672
      },
      {
         "url": "anytype_0.55.4_amd64.deb",
         "sha512": "h9AOC2BuEny0TIDmwtH3X2Z2If/U59v0urgHxEd1ttKDQnVHP3HbdrlSd6gRefM41tEvLs77AlGzVmnDQ2Lv2Q==",
         "size": 213511672
      },
      {
         "url": "anytype_0.55.4_amd64.deb",
         "sha512": "h9AOC2BuEny0TIDmwtH3X2Z2If/U59v0urgHxEd1ttKDQnVHP3HbdrlSd6gRefM41tEvLs77AlGzVmnDQ2Lv2Q==",
         "size": 213511672
      },
      {
         "url": "anytype-0.55.4.x86_64.rpm",
         "sha512": "SmrdfZeSInIiRl2uzMLCDYYqz2N3gvzb4AlfD9RZnkGjKHg+N6VkdOD9p2rMGcT3cFISEvpoiFguKBKmkymYWg==",
         "size": 189025877
      },
      {
         "url": "anytype-0.55.4.x86_64.rpm",
         "sha512": "SmrdfZeSInIiRl2uzMLCDYYqz2N3gvzb4AlfD9RZnkGjKHg+N6VkdOD9p2rMGcT3cFISEvpoiFguKBKmkymYWg==",
         "size": 189025877
      },
      {
         "url": "anytype-0.55.4.x86_64.rpm",
         "sha512": "SmrdfZeSInIiRl2uzMLCDYYqz2N3gvzb4AlfD9RZnkGjKHg+N6VkdOD9p2rMGcT3cFISEvpoiFguKBKmkymYWg==",
         "size": 189025877
      }
   ],
   "path": "Anytype-0.55.4.AppImage",
   "sha512": "iVhg7x/IcehgFgoqn8NKBJ5Zlh1Ba0LCCfUSUA0vCgLClePi/Wa1B3K+g7FaPJ4caVLEApN+opsMXekenVAZBg==",
   "releaseDate": "2026-05-05T13:39:49.369Z"
}
[2026-05-26 12:51:56.932] [debug] checkForUpdatesAndNotify called, downloadPromise is null
[2026-05-26 13:01:56.616] [info]  Checking for update
[2026-05-26 13:01:56.617] [info]  Checking for update
[2026-05-26 13:01:56.898] [info]  Update for version 0.55.4 is not available (latest version: 0.55.4, downgrade is allowed).
[2026-05-26 13:01:56.899] [info]  Update not available: {
   "version": "0.55.4",
   "files": [
      {
         "url": "Anytype-0.55.4.AppImage",
         "sha512": "iVhg7x/IcehgFgoqn8NKBJ5Zlh1Ba0LCCfUSUA0vCgLClePi/Wa1B3K+g7FaPJ4caVLEApN+opsMXekenVAZBg==",
         "size": 255921020,
         "blockMapSize": 265104
      },
      {
         "url": "anytype_0.55.4_amd64.deb",
         "sha512": "h9AOC2BuEny0TIDmwtH3X2Z2If/U59v0urgHxEd1ttKDQnVHP3HbdrlSd6gRefM41tEvLs77AlGzVmnDQ2Lv2Q==",
         "size": 213511672
      },
      {
         "url": "anytype_0.55.4_amd64.deb",
         "sha512": "h9AOC2BuEny0TIDmwtH3X2Z2If/U59v0urgHxEd1ttKDQnVHP3HbdrlSd6gRefM41tEvLs77AlGzVmnDQ2Lv2Q==",
         "size": 213511672
      },
      {
         "url": "anytype_0.55.4_amd64.deb",
         "sha512": "h9AOC2BuEny0TIDmwtH3X2Z2If/U59v0urgHxEd1ttKDQnVHP3HbdrlSd6gRefM41tEvLs77AlGzVmnDQ2Lv2Q==",
         "size": 213511672
      },
      {
         "url": "anytype-0.55.4.x86_64.rpm",
         "sha512": "SmrdfZeSInIiRl2uzMLCDYYqz2N3gvzb4AlfD9RZnkGjKHg+N6VkdOD9p2rMGcT3cFISEvpoiFguKBKmkymYWg==",
         "size": 189025877
      },
      {
         "url": "anytype-0.55.4.x86_64.rpm",
         "sha512": "SmrdfZeSInIiRl2uzMLCDYYqz2N3gvzb4AlfD9RZnkGjKHg+N6VkdOD9p2rMGcT3cFISEvpoiFguKBKmkymYWg==",
         "size": 189025877
      },
      {
         "url": "anytype-0.55.4.x86_64.rpm",
         "sha512": "SmrdfZeSInIiRl2uzMLCDYYqz2N3gvzb4AlfD9RZnkGjKHg+N6VkdOD9p2rMGcT3cFISEvpoiFguKBKmkymYWg==",
         "size": 189025877
      }
   ],
   "path": "Anytype-0.55.4.AppImage",
   "sha512": "iVhg7x/IcehgFgoqn8NKBJ5Zlh1Ba0LCCfUSUA0vCgLClePi/Wa1B3K+g7FaPJ4caVLEApN+opsMXekenVAZBg==",
   "releaseDate": "2026-05-05T13:39:49.369Z"
}
[2026-05-26 13:01:56.899] [debug] checkForUpdatesAndNotify called, downloadPromise is null
[2026-05-26 13:11:56.624] [info]  Checking for update
[2026-05-26 13:11:56.625] [info]  Checking for update
[2026-05-26 13:11:56.923] [info]  Update for version 0.55.4 is not available (latest version: 0.55.4, downgrade is allowed).
[2026-05-26 13:11:56.923] [info]  Update not available: {
   "version": "0.55.4",
   "files": [
      {
         "url": "Anytype-0.55.4.AppImage",
         "sha512": "iVhg7x/IcehgFgoqn8NKBJ5Zlh1Ba0LCCfUSUA0vCgLClePi/Wa1B3K+g7FaPJ4caVLEApN+opsMXekenVAZBg==",
         "size": 255921020,
         "blockMapSize": 265104
      },
      {
         "url": "anytype_0.55.4_amd64.deb",
         "sha512": "h9AOC2BuEny0TIDmwtH3X2Z2If/U59v0urgHxEd1ttKDQnVHP3HbdrlSd6gRefM41tEvLs77AlGzVmnDQ2Lv2Q==",
         "size": 213511672
      },
      {
         "url": "anytype_0.55.4_amd64.deb",
         "sha512": "h9AOC2BuEny0TIDmwtH3X2Z2If/U59v0urgHxEd1ttKDQnVHP3HbdrlSd6gRefM41tEvLs77AlGzVmnDQ2Lv2Q==",
         "size": 213511672
      },
      {
         "url": "anytype_0.55.4_amd64.deb",
         "sha512": "h9AOC2BuEny0TIDmwtH3X2Z2If/U59v0urgHxEd1ttKDQnVHP3HbdrlSd6gRefM41tEvLs77AlGzVmnDQ2Lv2Q==",
         "size": 213511672
      },
      {
         "url": "anytype-0.55.4.x86_64.rpm",
         "sha512": "SmrdfZeSInIiRl2uzMLCDYYqz2N3gvzb4AlfD9RZnkGjKHg+N6VkdOD9p2rMGcT3cFISEvpoiFguKBKmkymYWg==",
         "size": 189025877
      },
      {
         "url": "anytype-0.55.4.x86_64.rpm",
         "sha512": "SmrdfZeSInIiRl2uzMLCDYYqz2N3gvzb4AlfD9RZnkGjKHg+N6VkdOD9p2rMGcT3cFISEvpoiFguKBKmkymYWg==",
         "size": 189025877
      },
      {
         "url": "anytype-0.55.4.x86_64.rpm",
         "sha512": "SmrdfZeSInIiRl2uzMLCDYYqz2N3gvzb4AlfD9RZnkGjKHg+N6VkdOD9p2rMGcT3cFISEvpoiFguKBKmkymYWg==",
         "size": 189025877
      }
   ],
   "path": "Anytype-0.55.4.AppImage",
   "sha512": "iVhg7x/IcehgFgoqn8NKBJ5Zlh1Ba0LCCfUSUA0vCgLClePi/Wa1B3K+g7FaPJ4caVLEApN+opsMXekenVAZBg==",
   "releaseDate": "2026-05-05T13:39:49.369Z"
}
[2026-05-26 13:11:56.925] [debug] checkForUpdatesAndNotify called, downloadPromise is null
[2026-05-26 13:21:56.643] [info]  Checking for update
[2026-05-26 13:21:56.644] [info]  Checking for update
[2026-05-26 13:21:56.919] [info]  Update for version 0.55.4 is not available (latest version: 0.55.4, downgrade is allowed).
[2026-05-26 13:21:56.919] [info]  Update not available: {
   "version": "0.55.4",
   "files": [
      {
         "url": "Anytype-0.55.4.AppImage",
         "sha512": "iVhg7x/IcehgFgoqn8NKBJ5Zlh1Ba0LCCfUSUA0vCgLClePi/Wa1B3K+g7FaPJ4caVLEApN+opsMXekenVAZBg==",
         "size": 255921020,
         "blockMapSize": 265104
      },
      {
         "url": "anytype_0.55.4_amd64.deb",
         "sha512": "h9AOC2BuEny0TIDmwtH3X2Z2If/U59v0urgHxEd1ttKDQnVHP3HbdrlSd6gRefM41tEvLs77AlGzVmnDQ2Lv2Q==",
         "size": 213511672
      },
      {
         "url": "anytype_0.55.4_amd64.deb",
         "sha512": "h9AOC2BuEny0TIDmwtH3X2Z2If/U59v0urgHxEd1ttKDQnVHP3HbdrlSd6gRefM41tEvLs77AlGzVmnDQ2Lv2Q==",
         "size": 213511672
      },
      {
         "url": "anytype_0.55.4_amd64.deb",
         "sha512": "h9AOC2BuEny0TIDmwtH3X2Z2If/U59v0urgHxEd1ttKDQnVHP3HbdrlSd6gRefM41tEvLs77AlGzVmnDQ2Lv2Q==",
         "size": 213511672
      },
      {
         "url": "anytype-0.55.4.x86_64.rpm",
         "sha512": "SmrdfZeSInIiRl2uzMLCDYYqz2N3gvzb4AlfD9RZnkGjKHg+N6VkdOD9p2rMGcT3cFISEvpoiFguKBKmkymYWg==",
         "size": 189025877
      },
      {
         "url": "anytype-0.55.4.x86_64.rpm",
         "sha512": "SmrdfZeSInIiRl2uzMLCDYYqz2N3gvzb4AlfD9RZnkGjKHg+N6VkdOD9p2rMGcT3cFISEvpoiFguKBKmkymYWg==",
         "size": 189025877
      },
      {
         "url": "anytype-0.55.4.x86_64.rpm",
         "sha512": "SmrdfZeSInIiRl2uzMLCDYYqz2N3gvzb4AlfD9RZnkGjKHg+N6VkdOD9p2rMGcT3cFISEvpoiFguKBKmkymYWg==",
         "size": 189025877
      }
   ],
   "path": "Anytype-0.55.4.AppImage",
   "sha512": "iVhg7x/IcehgFgoqn8NKBJ5Zlh1Ba0LCCfUSUA0vCgLClePi/Wa1B3K+g7FaPJ4caVLEApN+opsMXekenVAZBg==",
   "releaseDate": "2026-05-05T13:39:49.369Z"
}
[2026-05-26 13:21:56.920] [debug] checkForUpdatesAndNotify called, downloadPromise is null
[2026-05-26 13:31:56.649] [info]  Checking for update
[2026-05-26 13:31:56.650] [info]  Checking for update
[2026-05-26 13:31:56.923] [info]  Update for version 0.55.4 is not available (latest version: 0.55.4, downgrade is allowed).
[2026-05-26 13:31:56.924] [info]  Update not available: {
   "version": "0.55.4",
   "files": [
      {
         "url": "Anytype-0.55.4.AppImage",
         "sha512": "iVhg7x/IcehgFgoqn8NKBJ5Zlh1Ba0LCCfUSUA0vCgLClePi/Wa1B3K+g7FaPJ4caVLEApN+opsMXekenVAZBg==",
         "size": 255921020,
         "blockMapSize": 265104
      },
      {
         "url": "anytype_0.55.4_amd64.deb",
         "sha512": "h9AOC2BuEny0TIDmwtH3X2Z2If/U59v0urgHxEd1ttKDQnVHP3HbdrlSd6gRefM41tEvLs77AlGzVmnDQ2Lv2Q==",
         "size": 213511672
      },
      {
         "url": "anytype_0.55.4_amd64.deb",
         "sha512": "h9AOC2BuEny0TIDmwtH3X2Z2If/U59v0urgHxEd1ttKDQnVHP3HbdrlSd6gRefM41tEvLs77AlGzVmnDQ2Lv2Q==",
         "size": 213511672
      },
      {
         "url": "anytype_0.55.4_amd64.deb",
         "sha512": "h9AOC2BuEny0TIDmwtH3X2Z2If/U59v0urgHxEd1ttKDQnVHP3HbdrlSd6gRefM41tEvLs77AlGzVmnDQ2Lv2Q==",
         "size": 213511672
      },
      {
         "url": "anytype-0.55.4.x86_64.rpm",
         "sha512": "SmrdfZeSInIiRl2uzMLCDYYqz2N3gvzb4AlfD9RZnkGjKHg+N6VkdOD9p2rMGcT3cFISEvpoiFguKBKmkymYWg==",
         "size": 189025877
      },
      {
         "url": "anytype-0.55.4.x86_64.rpm",
         "sha512": "SmrdfZeSInIiRl2uzMLCDYYqz2N3gvzb4AlfD9RZnkGjKHg+N6VkdOD9p2rMGcT3cFISEvpoiFguKBKmkymYWg==",
         "size": 189025877
      },
      {
         "url": "anytype-0.55.4.x86_64.rpm",
         "sha512": "SmrdfZeSInIiRl2uzMLCDYYqz2N3gvzb4AlfD9RZnkGjKHg+N6VkdOD9p2rMGcT3cFISEvpoiFguKBKmkymYWg==",
         "size": 189025877
      }
   ],
   "path": "Anytype-0.55.4.AppImage",
   "sha512": "iVhg7x/IcehgFgoqn8NKBJ5Zlh1Ba0LCCfUSUA0vCgLClePi/Wa1B3K+g7FaPJ4caVLEApN+opsMXekenVAZBg==",
   "releaseDate": "2026-05-05T13:39:49.369Z"
}
[2026-05-26 13:31:56.925] [debug] checkForUpdatesAndNotify called, downloadPromise is null
[2026-05-26 13:41:56.750] [info]  Checking for update
[2026-05-26 13:41:56.751] [info]  Checking for update
[2026-05-26 13:41:57.029] [info]  Update for version 0.55.4 is not available (latest version: 0.55.4, downgrade is allowed).
[2026-05-26 13:41:57.030] [info]  Update not available: {
   "version": "0.55.4",
   "files": [
      {
         "url": "Anytype-0.55.4.AppImage",
         "sha512": "iVhg7x/IcehgFgoqn8NKBJ5Zlh1Ba0LCCfUSUA0vCgLClePi/Wa1B3K+g7FaPJ4caVLEApN+opsMXekenVAZBg==",
         "size": 255921020,
         "blockMapSize": 265104
      },
      {
         "url": "anytype_0.55.4_amd64.deb",
         "sha512": "h9AOC2BuEny0TIDmwtH3X2Z2If/U59v0urgHxEd1ttKDQnVHP3HbdrlSd6gRefM41tEvLs77AlGzVmnDQ2Lv2Q==",
         "size": 213511672
      },
      {
         "url": "anytype_0.55.4_amd64.deb",
         "sha512": "h9AOC2BuEny0TIDmwtH3X2Z2If/U59v0urgHxEd1ttKDQnVHP3HbdrlSd6gRefM41tEvLs77AlGzVmnDQ2Lv2Q==",
         "size": 213511672
      },
      {
         "url": "anytype_0.55.4_amd64.deb",
         "sha512": "h9AOC2BuEny0TIDmwtH3X2Z2If/U59v0urgHxEd1ttKDQnVHP3HbdrlSd6gRefM41tEvLs77AlGzVmnDQ2Lv2Q==",
         "size": 213511672
      },
      {
         "url": "anytype-0.55.4.x86_64.rpm",
         "sha512": "SmrdfZeSInIiRl2uzMLCDYYqz2N3gvzb4AlfD9RZnkGjKHg+N6VkdOD9p2rMGcT3cFISEvpoiFguKBKmkymYWg==",
         "size": 189025877
      },
      {
         "url": "anytype-0.55.4.x86_64.rpm",
         "sha512": "SmrdfZeSInIiRl2uzMLCDYYqz2N3gvzb4AlfD9RZnkGjKHg+N6VkdOD9p2rMGcT3cFISEvpoiFguKBKmkymYWg==",
         "size": 189025877
      },
      {
         "url": "anytype-0.55.4.x86_64.rpm",
         "sha512": "SmrdfZeSInIiRl2uzMLCDYYqz2N3gvzb4AlfD9RZnkGjKHg+N6VkdOD9p2rMGcT3cFISEvpoiFguKBKmkymYWg==",
         "size": 189025877
      }
   ],
   "path": "Anytype-0.55.4.AppImage",
   "sha512": "iVhg7x/IcehgFgoqn8NKBJ5Zlh1Ba0LCCfUSUA0vCgLClePi/Wa1B3K+g7FaPJ4caVLEApN+opsMXekenVAZBg==",
   "releaseDate": "2026-05-05T13:39:49.369Z"
}
[2026-05-26 13:41:57.030] [debug] checkForUpdatesAndNotify called, downloadPromise is null
[2026-05-26 13:51:56.804] [info]  Checking for update
[2026-05-26 13:51:56.804] [info]  Checking for update
[2026-05-26 13:51:57.084] [info]  Update for version 0.55.4 is not available (latest version: 0.55.4, downgrade is allowed).
[2026-05-26 13:51:57.084] [info]  Update not available: {
   "version": "0.55.4",
   "files": [
      {
         "url": "Anytype-0.55.4.AppImage",
         "sha512": "iVhg7x/IcehgFgoqn8NKBJ5Zlh1Ba0LCCfUSUA0vCgLClePi/Wa1B3K+g7FaPJ4caVLEApN+opsMXekenVAZBg==",
         "size": 255921020,
         "blockMapSize": 265104
      },
      {
         "url": "anytype_0.55.4_amd64.deb",
         "sha512": "h9AOC2BuEny0TIDmwtH3X2Z2If/U59v0urgHxEd1ttKDQnVHP3HbdrlSd6gRefM41tEvLs77AlGzVmnDQ2Lv2Q==",
         "size": 213511672
      },
      {
         "url": "anytype_0.55.4_amd64.deb",
         "sha512": "h9AOC2BuEny0TIDmwtH3X2Z2If/U59v0urgHxEd1ttKDQnVHP3HbdrlSd6gRefM41tEvLs77AlGzVmnDQ2Lv2Q==",
         "size": 213511672
      },
      {
         "url": "anytype_0.55.4_amd64.deb",
         "sha512": "h9AOC2BuEny0TIDmwtH3X2Z2If/U59v0urgHxEd1ttKDQnVHP3HbdrlSd6gRefM41tEvLs77AlGzVmnDQ2Lv2Q==",
         "size": 213511672
      },
      {
         "url": "anytype-0.55.4.x86_64.rpm",
         "sha512": "SmrdfZeSInIiRl2uzMLCDYYqz2N3gvzb4AlfD9RZnkGjKHg+N6VkdOD9p2rMGcT3cFISEvpoiFguKBKmkymYWg==",
         "size": 189025877
      },
      {
         "url": "anytype-0.55.4.x86_64.rpm",
         "sha512": "SmrdfZeSInIiRl2uzMLCDYYqz2N3gvzb4AlfD9RZnkGjKHg+N6VkdOD9p2rMGcT3cFISEvpoiFguKBKmkymYWg==",
         "size": 189025877
      },
      {
         "url": "anytype-0.55.4.x86_64.rpm",
         "sha512": "SmrdfZeSInIiRl2uzMLCDYYqz2N3gvzb4AlfD9RZnkGjKHg+N6VkdOD9p2rMGcT3cFISEvpoiFguKBKmkymYWg==",
         "size": 189025877
      }
   ],
   "path": "Anytype-0.55.4.AppImage",
   "sha512": "iVhg7x/IcehgFgoqn8NKBJ5Zlh1Ba0LCCfUSUA0vCgLClePi/Wa1B3K+g7FaPJ4caVLEApN+opsMXekenVAZBg==",
   "releaseDate": "2026-05-05T13:39:49.369Z"
}
[2026-05-26 13:51:57.085] [debug] checkForUpdatesAndNotify called, downloadPromise is null
[2026-05-26 14:01:56.870] [info]  Checking for update
[2026-05-26 14:01:56.870] [info]  Checking for update
[2026-05-26 14:01:57.146] [info]  Update for version 0.55.4 is not available (latest version: 0.55.4, downgrade is allowed).
[2026-05-26 14:01:57.146] [info]  Update not available: {
   "version": "0.55.4",
   "files": [
      {
         "url": "Anytype-0.55.4.AppImage",
         "sha512": "iVhg7x/IcehgFgoqn8NKBJ5Zlh1Ba0LCCfUSUA0vCgLClePi/Wa1B3K+g7FaPJ4caVLEApN+opsMXekenVAZBg==",
         "size": 255921020,
         "blockMapSize": 265104
      },
      {
         "url": "anytype_0.55.4_amd64.deb",
         "sha512": "h9AOC2BuEny0TIDmwtH3X2Z2If/U59v0urgHxEd1ttKDQnVHP3HbdrlSd6gRefM41tEvLs77AlGzVmnDQ2Lv2Q==",
         "size": 213511672
      },
      {
         "url": "anytype_0.55.4_amd64.deb",
         "sha512": "h9AOC2BuEny0TIDmwtH3X2Z2If/U59v0urgHxEd1ttKDQnVHP3HbdrlSd6gRefM41tEvLs77AlGzVmnDQ2Lv2Q==",
         "size": 213511672
      },
      {
         "url": "anytype_0.55.4_amd64.deb",
         "sha512": "h9AOC2BuEny0TIDmwtH3X2Z2If/U59v0urgHxEd1ttKDQnVHP3HbdrlSd6gRefM41tEvLs77AlGzVmnDQ2Lv2Q==",
         "size": 213511672
      },
      {
         "url": "anytype-0.55.4.x86_64.rpm",
         "sha512": "SmrdfZeSInIiRl2uzMLCDYYqz2N3gvzb4AlfD9RZnkGjKHg+N6VkdOD9p2rMGcT3cFISEvpoiFguKBKmkymYWg==",
         "size": 189025877
      },
      {
         "url": "anytype-0.55.4.x86_64.rpm",
         "sha512": "SmrdfZeSInIiRl2uzMLCDYYqz2N3gvzb4AlfD9RZnkGjKHg+N6VkdOD9p2rMGcT3cFISEvpoiFguKBKmkymYWg==",
         "size": 189025877
      },
      {
         "url": "anytype-0.55.4.x86_64.rpm",
         "sha512": "SmrdfZeSInIiRl2uzMLCDYYqz2N3gvzb4AlfD9RZnkGjKHg+N6VkdOD9p2rMGcT3cFISEvpoiFguKBKmkymYWg==",
         "size": 189025877
      }
   ],
   "path": "Anytype-0.55.4.AppImage",
   "sha512": "iVhg7x/IcehgFgoqn8NKBJ5Zlh1Ba0LCCfUSUA0vCgLClePi/Wa1B3K+g7FaPJ4caVLEApN+opsMXekenVAZBg==",
   "releaseDate": "2026-05-05T13:39:49.369Z"
}
[2026-05-26 14:01:57.147] [debug] checkForUpdatesAndNotify called, downloadPromise is null
[2026-05-26 14:11:56.916] [info]  Checking for update
[2026-05-26 14:11:56.916] [info]  Checking for update
[2026-05-26 14:11:57.200] [info]  Update for version 0.55.4 is not available (latest version: 0.55.4, downgrade is allowed).
[2026-05-26 14:11:57.201] [info]  Update not available: {
   "version": "0.55.4",
   "files": [
      {
         "url": "Anytype-0.55.4.AppImage",
         "sha512": "iVhg7x/IcehgFgoqn8NKBJ5Zlh1Ba0LCCfUSUA0vCgLClePi/Wa1B3K+g7FaPJ4caVLEApN+opsMXekenVAZBg==",
         "size": 255921020,
         "blockMapSize": 265104
      },
      {
         "url": "anytype_0.55.4_amd64.deb",
         "sha512": "h9AOC2BuEny0TIDmwtH3X2Z2If/U59v0urgHxEd1ttKDQnVHP3HbdrlSd6gRefM41tEvLs77AlGzVmnDQ2Lv2Q==",
         "size": 213511672
      },
      {
         "url": "anytype_0.55.4_amd64.deb",
         "sha512": "h9AOC2BuEny0TIDmwtH3X2Z2If/U59v0urgHxEd1ttKDQnVHP3HbdrlSd6gRefM41tEvLs77AlGzVmnDQ2Lv2Q==",
         "size": 213511672
      },
      {
         "url": "anytype_0.55.4_amd64.deb",
         "sha512": "h9AOC2BuEny0TIDmwtH3X2Z2If/U59v0urgHxEd1ttKDQnVHP3HbdrlSd6gRefM41tEvLs77AlGzVmnDQ2Lv2Q==",
         "size": 213511672
      },
      {
         "url": "anytype-0.55.4.x86_64.rpm",
         "sha512": "SmrdfZeSInIiRl2uzMLCDYYqz2N3gvzb4AlfD9RZnkGjKHg+N6VkdOD9p2rMGcT3cFISEvpoiFguKBKmkymYWg==",
         "size": 189025877
      },
      {
         "url": "anytype-0.55.4.x86_64.rpm",
         "sha512": "SmrdfZeSInIiRl2uzMLCDYYqz2N3gvzb4AlfD9RZnkGjKHg+N6VkdOD9p2rMGcT3cFISEvpoiFguKBKmkymYWg==",
         "size": 189025877
      },
      {
         "url": "anytype-0.55.4.x86_64.rpm",
         "sha512": "SmrdfZeSInIiRl2uzMLCDYYqz2N3gvzb4AlfD9RZnkGjKHg+N6VkdOD9p2rMGcT3cFISEvpoiFguKBKmkymYWg==",
         "size": 189025877
      }
   ],
   "path": "Anytype-0.55.4.AppImage",
   "sha512": "iVhg7x/IcehgFgoqn8NKBJ5Zlh1Ba0LCCfUSUA0vCgLClePi/Wa1B3K+g7FaPJ4caVLEApN+opsMXekenVAZBg==",
   "releaseDate": "2026-05-05T13:39:49.369Z"
}
[2026-05-26 14:11:57.201] [debug] checkForUpdatesAndNotify called, downloadPromise is null
[2026-05-26 14:21:56.941] [info]  Checking for update
[2026-05-26 14:21:56.941] [info]  Checking for update
[2026-05-26 14:21:57.226] [info]  Update for version 0.55.4 is not available (latest version: 0.55.4, downgrade is allowed).
[2026-05-26 14:21:57.226] [info]  Update not available: {
   "version": "0.55.4",
   "files": [
      {
         "url": "Anytype-0.55.4.AppImage",
         "sha512": "iVhg7x/IcehgFgoqn8NKBJ5Zlh1Ba0LCCfUSUA0vCgLClePi/Wa1B3K+g7FaPJ4caVLEApN+opsMXekenVAZBg==",
         "size": 255921020,
         "blockMapSize": 265104
      },
      {
         "url": "anytype_0.55.4_amd64.deb",
         "sha512": "h9AOC2BuEny0TIDmwtH3X2Z2If/U59v0urgHxEd1ttKDQnVHP3HbdrlSd6gRefM41tEvLs77AlGzVmnDQ2Lv2Q==",
         "size": 213511672
      },
      {
         "url": "anytype_0.55.4_amd64.deb",
         "sha512": "h9AOC2BuEny0TIDmwtH3X2Z2If/U59v0urgHxEd1ttKDQnVHP3HbdrlSd6gRefM41tEvLs77AlGzVmnDQ2Lv2Q==",
         "size": 213511672
      },
      {
         "url": "anytype_0.55.4_amd64.deb",
         "sha512": "h9AOC2BuEny0TIDmwtH3X2Z2If/U59v0urgHxEd1ttKDQnVHP3HbdrlSd6gRefM41tEvLs77AlGzVmnDQ2Lv2Q==",
         "size": 213511672
      },
      {
         "url": "anytype-0.55.4.x86_64.rpm",
         "sha512": "SmrdfZeSInIiRl2uzMLCDYYqz2N3gvzb4AlfD9RZnkGjKHg+N6VkdOD9p2rMGcT3cFISEvpoiFguKBKmkymYWg==",
         "size": 189025877
      },
      {
         "url": "anytype-0.55.4.x86_64.rpm",
         "sha512": "SmrdfZeSInIiRl2uzMLCDYYqz2N3gvzb4AlfD9RZnkGjKHg+N6VkdOD9p2rMGcT3cFISEvpoiFguKBKmkymYWg==",
         "size": 189025877
      },
      {
         "url": "anytype-0.55.4.x86_64.rpm",
         "sha512": "SmrdfZeSInIiRl2uzMLCDYYqz2N3gvzb4AlfD9RZnkGjKHg+N6VkdOD9p2rMGcT3cFISEvpoiFguKBKmkymYWg==",
         "size": 189025877
      }
   ],
   "path": "Anytype-0.55.4.AppImage",
   "sha512": "iVhg7x/IcehgFgoqn8NKBJ5Zlh1Ba0LCCfUSUA0vCgLClePi/Wa1B3K+g7FaPJ4caVLEApN+opsMXekenVAZBg==",
   "releaseDate": "2026-05-05T13:39:49.369Z"
}
[2026-05-26 14:21:57.227] [debug] checkForUpdatesAndNotify called, downloadPromise is null
[2026-05-26 14:31:56.966] [info]  Checking for update
[2026-05-26 14:31:56.966] [info]  Checking for update
[2026-05-26 14:31:57.246] [info]  Update for version 0.55.4 is not available (latest version: 0.55.4, downgrade is allowed).
[2026-05-26 14:31:57.246] [info]  Update not available: {
   "version": "0.55.4",
   "files": [
      {
         "url": "Anytype-0.55.4.AppImage",
         "sha512": "iVhg7x/IcehgFgoqn8NKBJ5Zlh1Ba0LCCfUSUA0vCgLClePi/Wa1B3K+g7FaPJ4caVLEApN+opsMXekenVAZBg==",
         "size": 255921020,
         "blockMapSize": 265104
      },
      {
         "url": "anytype_0.55.4_amd64.deb",
         "sha512": "h9AOC2BuEny0TIDmwtH3X2Z2If/U59v0urgHxEd1ttKDQnVHP3HbdrlSd6gRefM41tEvLs77AlGzVmnDQ2Lv2Q==",
         "size": 213511672
      },
      {
         "url": "anytype_0.55.4_amd64.deb",
         "sha512": "h9AOC2BuEny0TIDmwtH3X2Z2If/U59v0urgHxEd1ttKDQnVHP3HbdrlSd6gRefM41tEvLs77AlGzVmnDQ2Lv2Q==",
         "size": 213511672
      },
      {
         "url": "anytype_0.55.4_amd64.deb",
         "sha512": "h9AOC2BuEny0TIDmwtH3X2Z2If/U59v0urgHxEd1ttKDQnVHP3HbdrlSd6gRefM41tEvLs77AlGzVmnDQ2Lv2Q==",
         "size": 213511672
      },
      {
         "url": "anytype-0.55.4.x86_64.rpm",
         "sha512": "SmrdfZeSInIiRl2uzMLCDYYqz2N3gvzb4AlfD9RZnkGjKHg+N6VkdOD9p2rMGcT3cFISEvpoiFguKBKmkymYWg==",
         "size": 189025877
      },
      {
         "url": "anytype-0.55.4.x86_64.rpm",
         "sha512": "SmrdfZeSInIiRl2uzMLCDYYqz2N3gvzb4AlfD9RZnkGjKHg+N6VkdOD9p2rMGcT3cFISEvpoiFguKBKmkymYWg==",
         "size": 189025877
      },
      {
         "url": "anytype-0.55.4.x86_64.rpm",
         "sha512": "SmrdfZeSInIiRl2uzMLCDYYqz2N3gvzb4AlfD9RZnkGjKHg+N6VkdOD9p2rMGcT3cFISEvpoiFguKBKmkymYWg==",
         "size": 189025877
      }
   ],
   "path": "Anytype-0.55.4.AppImage",
   "sha512": "iVhg7x/IcehgFgoqn8NKBJ5Zlh1Ba0LCCfUSUA0vCgLClePi/Wa1B3K+g7FaPJ4caVLEApN+opsMXekenVAZBg==",
   "releaseDate": "2026-05-05T13:39:49.369Z"
}
[2026-05-26 14:31:57.247] [debug] checkForUpdatesAndNotify called, downloadPromise is null
[2026-05-26 14:41:56.970] [info]  Checking for update
[2026-05-26 14:41:56.970] [info]  Checking for update
[2026-05-26 14:41:57.248] [info]  Update for version 0.55.4 is not available (latest version: 0.55.4, downgrade is allowed).
[2026-05-26 14:41:57.248] [info]  Update not available: {
   "version": "0.55.4",
   "files": [
      {
         "url": "Anytype-0.55.4.AppImage",
         "sha512": "iVhg7x/IcehgFgoqn8NKBJ5Zlh1Ba0LCCfUSUA0vCgLClePi/Wa1B3K+g7FaPJ4caVLEApN+opsMXekenVAZBg==",
         "size": 255921020,
         "blockMapSize": 265104
      },
      {
         "url": "anytype_0.55.4_amd64.deb",
         "sha512": "h9AOC2BuEny0TIDmwtH3X2Z2If/U59v0urgHxEd1ttKDQnVHP3HbdrlSd6gRefM41tEvLs77AlGzVmnDQ2Lv2Q==",
         "size": 213511672
      },
      {
         "url": "anytype_0.55.4_amd64.deb",
         "sha512": "h9AOC2BuEny0TIDmwtH3X2Z2If/U59v0urgHxEd1ttKDQnVHP3HbdrlSd6gRefM41tEvLs77AlGzVmnDQ2Lv2Q==",
         "size": 213511672
      },
      {
         "url": "anytype_0.55.4_amd64.deb",
         "sha512": "h9AOC2BuEny0TIDmwtH3X2Z2If/U59v0urgHxEd1ttKDQnVHP3HbdrlSd6gRefM41tEvLs77AlGzVmnDQ2Lv2Q==",
         "size": 213511672
      },
      {
         "url": "anytype-0.55.4.x86_64.rpm",
         "sha512": "SmrdfZeSInIiRl2uzMLCDYYqz2N3gvzb4AlfD9RZnkGjKHg+N6VkdOD9p2rMGcT3cFISEvpoiFguKBKmkymYWg==",
         "size": 189025877
      },
      {
         "url": "anytype-0.55.4.x86_64.rpm",
         "sha512": "SmrdfZeSInIiRl2uzMLCDYYqz2N3gvzb4AlfD9RZnkGjKHg+N6VkdOD9p2rMGcT3cFISEvpoiFguKBKmkymYWg==",
         "size": 189025877
      },
      {
         "url": "anytype-0.55.4.x86_64.rpm",
         "sha512": "SmrdfZeSInIiRl2uzMLCDYYqz2N3gvzb4AlfD9RZnkGjKHg+N6VkdOD9p2rMGcT3cFISEvpoiFguKBKmkymYWg==",
         "size": 189025877
      }
   ],
   "path": "Anytype-0.55.4.AppImage",
   "sha512": "iVhg7x/IcehgFgoqn8NKBJ5Zlh1Ba0LCCfUSUA0vCgLClePi/Wa1B3K+g7FaPJ4caVLEApN+opsMXekenVAZBg==",
   "releaseDate": "2026-05-05T13:39:49.369Z"
}
[2026-05-26 14:41:57.249] [debug] checkForUpdatesAndNotify called, downloadPromise is null
[2026-05-26 14:51:57.054] [info]  Checking for update
[2026-05-26 14:51:57.055] [info]  Checking for update
[2026-05-26 14:51:57.336] [info]  Update for version 0.55.4 is not available (latest version: 0.55.4, downgrade is allowed).
[2026-05-26 14:51:57.336] [info]  Update not available: {
   "version": "0.55.4",
   "files": [
      {
         "url": "Anytype-0.55.4.AppImage",
         "sha512": "iVhg7x/IcehgFgoqn8NKBJ5Zlh1Ba0LCCfUSUA0vCgLClePi/Wa1B3K+g7FaPJ4caVLEApN+opsMXekenVAZBg==",
         "size": 255921020,
         "blockMapSize": 265104
      },
      {
         "url": "anytype_0.55.4_amd64.deb",
         "sha512": "h9AOC2BuEny0TIDmwtH3X2Z2If/U59v0urgHxEd1ttKDQnVHP3HbdrlSd6gRefM41tEvLs77AlGzVmnDQ2Lv2Q==",
         "size": 213511672
      },
      {
         "url": "anytype_0.55.4_amd64.deb",
         "sha512": "h9AOC2BuEny0TIDmwtH3X2Z2If/U59v0urgHxEd1ttKDQnVHP3HbdrlSd6gRefM41tEvLs77AlGzVmnDQ2Lv2Q==",
         "size": 213511672
      },
      {
         "url": "anytype_0.55.4_amd64.deb",
         "sha512": "h9AOC2BuEny0TIDmwtH3X2Z2If/U59v0urgHxEd1ttKDQnVHP3HbdrlSd6gRefM41tEvLs77AlGzVmnDQ2Lv2Q==",
         "size": 213511672
      },
      {
         "url": "anytype-0.55.4.x86_64.rpm",
         "sha512": "SmrdfZeSInIiRl2uzMLCDYYqz2N3gvzb4AlfD9RZnkGjKHg+N6VkdOD9p2rMGcT3cFISEvpoiFguKBKmkymYWg==",
         "size": 189025877
      },
      {
         "url": "anytype-0.55.4.x86_64.rpm",
         "sha512": "SmrdfZeSInIiRl2uzMLCDYYqz2N3gvzb4AlfD9RZnkGjKHg+N6VkdOD9p2rMGcT3cFISEvpoiFguKBKmkymYWg==",
         "size": 189025877
      },
      {
         "url": "anytype-0.55.4.x86_64.rpm",
         "sha512": "SmrdfZeSInIiRl2uzMLCDYYqz2N3gvzb4AlfD9RZnkGjKHg+N6VkdOD9p2rMGcT3cFISEvpoiFguKBKmkymYWg==",
         "size": 189025877
      }
   ],
   "path": "Anytype-0.55.4.AppImage",
   "sha512": "iVhg7x/IcehgFgoqn8NKBJ5Zlh1Ba0LCCfUSUA0vCgLClePi/Wa1B3K+g7FaPJ4caVLEApN+opsMXekenVAZBg==",
   "releaseDate": "2026-05-05T13:39:49.369Z"
}
[2026-05-26 14:51:57.337] [debug] checkForUpdatesAndNotify called, downloadPromise is null
[2026-05-26 15:01:57.119] [info]  Checking for update
[2026-05-26 15:01:57.120] [info]  Checking for update
[2026-05-26 15:01:57.414] [info]  Update for version 0.55.4 is not available (latest version: 0.55.4, downgrade is allowed).
[2026-05-26 15:01:57.414] [info]  Update not available: {
   "version": "0.55.4",
   "files": [
      {
         "url": "Anytype-0.55.4.AppImage",
         "sha512": "iVhg7x/IcehgFgoqn8NKBJ5Zlh1Ba0LCCfUSUA0vCgLClePi/Wa1B3K+g7FaPJ4caVLEApN+opsMXekenVAZBg==",
         "size": 255921020,
         "blockMapSize": 265104
      },
      {
         "url": "anytype_0.55.4_amd64.deb",
         "sha512": "h9AOC2BuEny0TIDmwtH3X2Z2If/U59v0urgHxEd1ttKDQnVHP3HbdrlSd6gRefM41tEvLs77AlGzVmnDQ2Lv2Q==",
         "size": 213511672
      },
      {
         "url": "anytype_0.55.4_amd64.deb",
         "sha512": "h9AOC2BuEny0TIDmwtH3X2Z2If/U59v0urgHxEd1ttKDQnVHP3HbdrlSd6gRefM41tEvLs77AlGzVmnDQ2Lv2Q==",
         "size": 213511672
      },
      {
         "url": "anytype_0.55.4_amd64.deb",
         "sha512": "h9AOC2BuEny0TIDmwtH3X2Z2If/U59v0urgHxEd1ttKDQnVHP3HbdrlSd6gRefM41tEvLs77AlGzVmnDQ2Lv2Q==",
         "size": 213511672
      },
      {
         "url": "anytype-0.55.4.x86_64.rpm",
         "sha512": "SmrdfZeSInIiRl2uzMLCDYYqz2N3gvzb4AlfD9RZnkGjKHg+N6VkdOD9p2rMGcT3cFISEvpoiFguKBKmkymYWg==",
         "size": 189025877
      },
      {
         "url": "anytype-0.55.4.x86_64.rpm",
         "sha512": "SmrdfZeSInIiRl2uzMLCDYYqz2N3gvzb4AlfD9RZnkGjKHg+N6VkdOD9p2rMGcT3cFISEvpoiFguKBKmkymYWg==",
         "size": 189025877
      },
      {
         "url": "anytype-0.55.4.x86_64.rpm",
         "sha512": "SmrdfZeSInIiRl2uzMLCDYYqz2N3gvzb4AlfD9RZnkGjKHg+N6VkdOD9p2rMGcT3cFISEvpoiFguKBKmkymYWg==",
         "size": 189025877
      }
   ],
   "path": "Anytype-0.55.4.AppImage",
   "sha512": "iVhg7x/IcehgFgoqn8NKBJ5Zlh1Ba0LCCfUSUA0vCgLClePi/Wa1B3K+g7FaPJ4caVLEApN+opsMXekenVAZBg==",
   "releaseDate": "2026-05-05T13:39:49.369Z"
}
[2026-05-26 15:01:57.415] [debug] checkForUpdatesAndNotify called, downloadPromise is null
[2026-05-26 15:11:57.164] [info]  Checking for update
[2026-05-26 15:11:57.165] [info]  Checking for update
[2026-05-26 15:11:57.449] [info]  Update for version 0.55.4 is not available (latest version: 0.55.4, downgrade is allowed).
[2026-05-26 15:11:57.449] [info]  Update not available: {
   "version": "0.55.4",
   "files": [
      {
         "url": "Anytype-0.55.4.AppImage",
         "sha512": "iVhg7x/IcehgFgoqn8NKBJ5Zlh1Ba0LCCfUSUA0vCgLClePi/Wa1B3K+g7FaPJ4caVLEApN+opsMXekenVAZBg==",
         "size": 255921020,
         "blockMapSize": 265104
      },
      {
         "url": "anytype_0.55.4_amd64.deb",
         "sha512": "h9AOC2BuEny0TIDmwtH3X2Z2If/U59v0urgHxEd1ttKDQnVHP3HbdrlSd6gRefM41tEvLs77AlGzVmnDQ2Lv2Q==",
         "size": 213511672
      },
      {
         "url": "anytype_0.55.4_amd64.deb",
         "sha512": "h9AOC2BuEny0TIDmwtH3X2Z2If/U59v0urgHxEd1ttKDQnVHP3HbdrlSd6gRefM41tEvLs77AlGzVmnDQ2Lv2Q==",
         "size": 213511672
      },
      {
         "url": "anytype_0.55.4_amd64.deb",
         "sha512": "h9AOC2BuEny0TIDmwtH3X2Z2If/U59v0urgHxEd1ttKDQnVHP3HbdrlSd6gRefM41tEvLs77AlGzVmnDQ2Lv2Q==",
         "size": 213511672
      },
      {
         "url": "anytype-0.55.4.x86_64.rpm",
         "sha512": "SmrdfZeSInIiRl2uzMLCDYYqz2N3gvzb4AlfD9RZnkGjKHg+N6VkdOD9p2rMGcT3cFISEvpoiFguKBKmkymYWg==",
         "size": 189025877
      },
      {
         "url": "anytype-0.55.4.x86_64.rpm",
         "sha512": "SmrdfZeSInIiRl2uzMLCDYYqz2N3gvzb4AlfD9RZnkGjKHg+N6VkdOD9p2rMGcT3cFISEvpoiFguKBKmkymYWg==",
         "size": 189025877
      },
      {
         "url": "anytype-0.55.4.x86_64.rpm",
         "sha512": "SmrdfZeSInIiRl2uzMLCDYYqz2N3gvzb4AlfD9RZnkGjKHg+N6VkdOD9p2rMGcT3cFISEvpoiFguKBKmkymYWg==",
         "size": 189025877
      }
   ],
   "path": "Anytype-0.55.4.AppImage",
   "sha512": "iVhg7x/IcehgFgoqn8NKBJ5Zlh1Ba0LCCfUSUA0vCgLClePi/Wa1B3K+g7FaPJ4caVLEApN+opsMXekenVAZBg==",
   "releaseDate": "2026-05-05T13:39:49.369Z"
}
[2026-05-26 15:11:57.449] [debug] checkForUpdatesAndNotify called, downloadPromise is null
[2026-05-26 15:21:57.170] [info]  Checking for update
[2026-05-26 15:21:57.170] [info]  Checking for update
[2026-05-26 15:21:57.440] [info]  Update for version 0.55.4 is not available (latest version: 0.55.4, downgrade is allowed).
[2026-05-26 15:21:57.441] [info]  Update not available: {
   "version": "0.55.4",
   "files": [
      {
         "url": "Anytype-0.55.4.AppImage",
         "sha512": "iVhg7x/IcehgFgoqn8NKBJ5Zlh1Ba0LCCfUSUA0vCgLClePi/Wa1B3K+g7FaPJ4caVLEApN+opsMXekenVAZBg==",
         "size": 255921020,
         "blockMapSize": 265104
      },
      {
         "url": "anytype_0.55.4_amd64.deb",
         "sha512": "h9AOC2BuEny0TIDmwtH3X2Z2If/U59v0urgHxEd1ttKDQnVHP3HbdrlSd6gRefM41tEvLs77AlGzVmnDQ2Lv2Q==",
         "size": 213511672
      },
      {
         "url": "anytype_0.55.4_amd64.deb",
         "sha512": "h9AOC2BuEny0TIDmwtH3X2Z2If/U59v0urgHxEd1ttKDQnVHP3HbdrlSd6gRefM41tEvLs77AlGzVmnDQ2Lv2Q==",
         "size": 213511672
      },
      {
         "url": "anytype_0.55.4_amd64.deb",
         "sha512": "h9AOC2BuEny0TIDmwtH3X2Z2If/U59v0urgHxEd1ttKDQnVHP3HbdrlSd6gRefM41tEvLs77AlGzVmnDQ2Lv2Q==",
         "size": 213511672
      },
      {
         "url": "anytype-0.55.4.x86_64.rpm",
         "sha512": "SmrdfZeSInIiRl2uzMLCDYYqz2N3gvzb4AlfD9RZnkGjKHg+N6VkdOD9p2rMGcT3cFISEvpoiFguKBKmkymYWg==",
         "size": 189025877
      },
      {
         "url": "anytype-0.55.4.x86_64.rpm",
         "sha512": "SmrdfZeSInIiRl2uzMLCDYYqz2N3gvzb4AlfD9RZnkGjKHg+N6VkdOD9p2rMGcT3cFISEvpoiFguKBKmkymYWg==",
         "size": 189025877
      },
      {
         "url": "anytype-0.55.4.x86_64.rpm",
         "sha512": "SmrdfZeSInIiRl2uzMLCDYYqz2N3gvzb4AlfD9RZnkGjKHg+N6VkdOD9p2rMGcT3cFISEvpoiFguKBKmkymYWg==",
         "size": 189025877
      }
   ],
   "path": "Anytype-0.55.4.AppImage",
   "sha512": "iVhg7x/IcehgFgoqn8NKBJ5Zlh1Ba0LCCfUSUA0vCgLClePi/Wa1B3K+g7FaPJ4caVLEApN+opsMXekenVAZBg==",
   "releaseDate": "2026-05-05T13:39:49.369Z"
}
[2026-05-26 15:21:57.441] [debug] checkForUpdatesAndNotify called, downloadPromise is null
[2026-05-26 15:31:57.189] [info]  Checking for update
[2026-05-26 15:31:57.189] [info]  Checking for update
[2026-05-26 15:31:57.457] [info]  Update for version 0.55.4 is not available (latest version: 0.55.4, downgrade is allowed).
[2026-05-26 15:31:57.457] [info]  Update not available: {
   "version": "0.55.4",
   "files": [
      {
         "url": "Anytype-0.55.4.AppImage",
         "sha512": "iVhg7x/IcehgFgoqn8NKBJ5Zlh1Ba0LCCfUSUA0vCgLClePi/Wa1B3K+g7FaPJ4caVLEApN+opsMXekenVAZBg==",
         "size": 255921020,
         "blockMapSize": 265104
      },
      {
         "url": "anytype_0.55.4_amd64.deb",
         "sha512": "h9AOC2BuEny0TIDmwtH3X2Z2If/U59v0urgHxEd1ttKDQnVHP3HbdrlSd6gRefM41tEvLs77AlGzVmnDQ2Lv2Q==",
         "size": 213511672
      },
      {
         "url": "anytype_0.55.4_amd64.deb",
         "sha512": "h9AOC2BuEny0TIDmwtH3X2Z2If/U59v0urgHxEd1ttKDQnVHP3HbdrlSd6gRefM41tEvLs77AlGzVmnDQ2Lv2Q==",
         "size": 213511672
      },
      {
         "url": "anytype_0.55.4_amd64.deb",
         "sha512": "h9AOC2BuEny0TIDmwtH3X2Z2If/U59v0urgHxEd1ttKDQnVHP3HbdrlSd6gRefM41tEvLs77AlGzVmnDQ2Lv2Q==",
         "size": 213511672
      },
      {
         "url": "anytype-0.55.4.x86_64.rpm",
         "sha512": "SmrdfZeSInIiRl2uzMLCDYYqz2N3gvzb4AlfD9RZnkGjKHg+N6VkdOD9p2rMGcT3cFISEvpoiFguKBKmkymYWg==",
         "size": 189025877
      },
      {
         "url": "anytype-0.55.4.x86_64.rpm",
         "sha512": "SmrdfZeSInIiRl2uzMLCDYYqz2N3gvzb4AlfD9RZnkGjKHg+N6VkdOD9p2rMGcT3cFISEvpoiFguKBKmkymYWg==",
         "size": 189025877
      },
      {
         "url": "anytype-0.55.4.x86_64.rpm",
         "sha512": "SmrdfZeSInIiRl2uzMLCDYYqz2N3gvzb4AlfD9RZnkGjKHg+N6VkdOD9p2rMGcT3cFISEvpoiFguKBKmkymYWg==",
         "size": 189025877
      }
   ],
   "path": "Anytype-0.55.4.AppImage",
   "sha512": "iVhg7x/IcehgFgoqn8NKBJ5Zlh1Ba0LCCfUSUA0vCgLClePi/Wa1B3K+g7FaPJ4caVLEApN+opsMXekenVAZBg==",
   "releaseDate": "2026-05-05T13:39:49.369Z"
}
[2026-05-26 15:31:57.458] [debug] checkForUpdatesAndNotify called, downloadPromise is null
[2026-05-26 15:41:57.194] [info]  Checking for update
[2026-05-26 15:41:57.194] [info]  Checking for update
[2026-05-26 15:41:57.466] [info]  Update for version 0.55.4 is not available (latest version: 0.55.4, downgrade is allowed).
[2026-05-26 15:41:57.466] [info]  Update not available: {
   "version": "0.55.4",
   "files": [
      {
         "url": "Anytype-0.55.4.AppImage",
         "sha512": "iVhg7x/IcehgFgoqn8NKBJ5Zlh1Ba0LCCfUSUA0vCgLClePi/Wa1B3K+g7FaPJ4caVLEApN+opsMXekenVAZBg==",
         "size": 255921020,
         "blockMapSize": 265104
      },
      {
         "url": "anytype_0.55.4_amd64.deb",
         "sha512": "h9AOC2BuEny0TIDmwtH3X2Z2If/U59v0urgHxEd1ttKDQnVHP3HbdrlSd6gRefM41tEvLs77AlGzVmnDQ2Lv2Q==",
         "size": 213511672
      },
      {
         "url": "anytype_0.55.4_amd64.deb",
         "sha512": "h9AOC2BuEny0TIDmwtH3X2Z2If/U59v0urgHxEd1ttKDQnVHP3HbdrlSd6gRefM41tEvLs77AlGzVmnDQ2Lv2Q==",
         "size": 213511672
      },
      {
         "url": "anytype_0.55.4_amd64.deb",
         "sha512": "h9AOC2BuEny0TIDmwtH3X2Z2If/U59v0urgHxEd1ttKDQnVHP3HbdrlSd6gRefM41tEvLs77AlGzVmnDQ2Lv2Q==",
         "size": 213511672
      },
      {
         "url": "anytype-0.55.4.x86_64.rpm",
         "sha512": "SmrdfZeSInIiRl2uzMLCDYYqz2N3gvzb4AlfD9RZnkGjKHg+N6VkdOD9p2rMGcT3cFISEvpoiFguKBKmkymYWg==",
         "size": 189025877
      },
      {
         "url": "anytype-0.55.4.x86_64.rpm",
         "sha512": "SmrdfZeSInIiRl2uzMLCDYYqz2N3gvzb4AlfD9RZnkGjKHg+N6VkdOD9p2rMGcT3cFISEvpoiFguKBKmkymYWg==",
         "size": 189025877
      },
      {
         "url": "anytype-0.55.4.x86_64.rpm",
         "sha512": "SmrdfZeSInIiRl2uzMLCDYYqz2N3gvzb4AlfD9RZnkGjKHg+N6VkdOD9p2rMGcT3cFISEvpoiFguKBKmkymYWg==",
         "size": 189025877
      }
   ],
   "path": "Anytype-0.55.4.AppImage",
   "sha512": "iVhg7x/IcehgFgoqn8NKBJ5Zlh1Ba0LCCfUSUA0vCgLClePi/Wa1B3K+g7FaPJ4caVLEApN+opsMXekenVAZBg==",
   "releaseDate": "2026-05-05T13:39:49.369Z"
}
[2026-05-26 15:41:57.467] [debug] checkForUpdatesAndNotify called, downloadPromise is null
[2026-05-26 15:51:57.269] [info]  Checking for update
[2026-05-26 15:51:57.269] [info]  Checking for update
[2026-05-26 15:51:57.541] [info]  Update for version 0.55.4 is not available (latest version: 0.55.4, downgrade is allowed).
[2026-05-26 15:51:57.541] [info]  Update not available: {
   "version": "0.55.4",
   "files": [
      {
         "url": "Anytype-0.55.4.AppImage",
         "sha512": "iVhg7x/IcehgFgoqn8NKBJ5Zlh1Ba0LCCfUSUA0vCgLClePi/Wa1B3K+g7FaPJ4caVLEApN+opsMXekenVAZBg==",
         "size": 255921020,
         "blockMapSize": 265104
      },
      {
         "url": "anytype_0.55.4_amd64.deb",
         "sha512": "h9AOC2BuEny0TIDmwtH3X2Z2If/U59v0urgHxEd1ttKDQnVHP3HbdrlSd6gRefM41tEvLs77AlGzVmnDQ2Lv2Q==",
         "size": 213511672
      },
      {
         "url": "anytype_0.55.4_amd64.deb",
         "sha512": "h9AOC2BuEny0TIDmwtH3X2Z2If/U59v0urgHxEd1ttKDQnVHP3HbdrlSd6gRefM41tEvLs77AlGzVmnDQ2Lv2Q==",
         "size": 213511672
      },
      {
         "url": "anytype_0.55.4_amd64.deb",
         "sha512": "h9AOC2BuEny0TIDmwtH3X2Z2If/U59v0urgHxEd1ttKDQnVHP3HbdrlSd6gRefM41tEvLs77AlGzVmnDQ2Lv2Q==",
         "size": 213511672
      },
      {
         "url": "anytype-0.55.4.x86_64.rpm",
         "sha512": "SmrdfZeSInIiRl2uzMLCDYYqz2N3gvzb4AlfD9RZnkGjKHg+N6VkdOD9p2rMGcT3cFISEvpoiFguKBKmkymYWg==",
         "size": 189025877
      },
      {
         "url": "anytype-0.55.4.x86_64.rpm",
         "sha512": "SmrdfZeSInIiRl2uzMLCDYYqz2N3gvzb4AlfD9RZnkGjKHg+N6VkdOD9p2rMGcT3cFISEvpoiFguKBKmkymYWg==",
         "size": 189025877
      },
      {
         "url": "anytype-0.55.4.x86_64.rpm",
         "sha512": "SmrdfZeSInIiRl2uzMLCDYYqz2N3gvzb4AlfD9RZnkGjKHg+N6VkdOD9p2rMGcT3cFISEvpoiFguKBKmkymYWg==",
         "size": 189025877
      }
   ],
   "path": "Anytype-0.55.4.AppImage",
   "sha512": "iVhg7x/IcehgFgoqn8NKBJ5Zlh1Ba0LCCfUSUA0vCgLClePi/Wa1B3K+g7FaPJ4caVLEApN+opsMXekenVAZBg==",
   "releaseDate": "2026-05-05T13:39:49.369Z"
}
[2026-05-26 15:51:57.542] [debug] checkForUpdatesAndNotify called, downloadPromise is null
[2026-05-26 16:01:57.370] [info]  Checking for update
[2026-05-26 16:01:57.371] [info]  Checking for update
[2026-05-26 16:01:57.638] [info]  Update for version 0.55.4 is not available (latest version: 0.55.4, downgrade is allowed).
[2026-05-26 16:01:57.638] [info]  Update not available: {
   "version": "0.55.4",
   "files": [
      {
         "url": "Anytype-0.55.4.AppImage",
         "sha512": "iVhg7x/IcehgFgoqn8NKBJ5Zlh1Ba0LCCfUSUA0vCgLClePi/Wa1B3K+g7FaPJ4caVLEApN+opsMXekenVAZBg==",
         "size": 255921020,
         "blockMapSize": 265104
      },
      {
         "url": "anytype_0.55.4_amd64.deb",
         "sha512": "h9AOC2BuEny0TIDmwtH3X2Z2If/U59v0urgHxEd1ttKDQnVHP3HbdrlSd6gRefM41tEvLs77AlGzVmnDQ2Lv2Q==",
         "size": 213511672
      },
      {
         "url": "anytype_0.55.4_amd64.deb",
         "sha512": "h9AOC2BuEny0TIDmwtH3X2Z2If/U59v0urgHxEd1ttKDQnVHP3HbdrlSd6gRefM41tEvLs77AlGzVmnDQ2Lv2Q==",
         "size": 213511672
      },
      {
         "url": "anytype_0.55.4_amd64.deb",
         "sha512": "h9AOC2BuEny0TIDmwtH3X2Z2If/U59v0urgHxEd1ttKDQnVHP3HbdrlSd6gRefM41tEvLs77AlGzVmnDQ2Lv2Q==",
         "size": 213511672
      },
      {
         "url": "anytype-0.55.4.x86_64.rpm",
         "sha512": "SmrdfZeSInIiRl2uzMLCDYYqz2N3gvzb4AlfD9RZnkGjKHg+N6VkdOD9p2rMGcT3cFISEvpoiFguKBKmkymYWg==",
         "size": 189025877
      },
      {
         "url": "anytype-0.55.4.x86_64.rpm",
         "sha512": "SmrdfZeSInIiRl2uzMLCDYYqz2N3gvzb4AlfD9RZnkGjKHg+N6VkdOD9p2rMGcT3cFISEvpoiFguKBKmkymYWg==",
         "size": 189025877
      },
      {
         "url": "anytype-0.55.4.x86_64.rpm",
         "sha512": "SmrdfZeSInIiRl2uzMLCDYYqz2N3gvzb4AlfD9RZnkGjKHg+N6VkdOD9p2rMGcT3cFISEvpoiFguKBKmkymYWg==",
         "size": 189025877
      }
   ],
   "path": "Anytype-0.55.4.AppImage",
   "sha512": "iVhg7x/IcehgFgoqn8NKBJ5Zlh1Ba0LCCfUSUA0vCgLClePi/Wa1B3K+g7FaPJ4caVLEApN+opsMXekenVAZBg==",
   "releaseDate": "2026-05-05T13:39:49.369Z"
}
[2026-05-26 16:01:57.639] [debug] checkForUpdatesAndNotify called, downloadPromise is null
[2026-05-26 16:11:57.416] [info]  Checking for update
[2026-05-26 16:11:57.416] [info]  Checking for update
[2026-05-26 16:11:58.206] [info]  Update for version 0.55.4 is not available (latest version: 0.55.4, downgrade is allowed).
[2026-05-26 16:11:58.206] [info]  Update not available: {
   "version": "0.55.4",
   "files": [
      {
         "url": "Anytype-0.55.4.AppImage",
         "sha512": "iVhg7x/IcehgFgoqn8NKBJ5Zlh1Ba0LCCfUSUA0vCgLClePi/Wa1B3K+g7FaPJ4caVLEApN+opsMXekenVAZBg==",
         "size": 255921020,
         "blockMapSize": 265104
      },
      {
         "url": "anytype_0.55.4_amd64.deb",
         "sha512": "h9AOC2BuEny0TIDmwtH3X2Z2If/U59v0urgHxEd1ttKDQnVHP3HbdrlSd6gRefM41tEvLs77AlGzVmnDQ2Lv2Q==",
         "size": 213511672
      },
      {
         "url": "anytype_0.55.4_amd64.deb",
         "sha512": "h9AOC2BuEny0TIDmwtH3X2Z2If/U59v0urgHxEd1ttKDQnVHP3HbdrlSd6gRefM41tEvLs77AlGzVmnDQ2Lv2Q==",
         "size": 213511672
      },
      {
         "url": "anytype_0.55.4_amd64.deb",
         "sha512": "h9AOC2BuEny0TIDmwtH3X2Z2If/U59v0urgHxEd1ttKDQnVHP3HbdrlSd6gRefM41tEvLs77AlGzVmnDQ2Lv2Q==",
         "size": 213511672
      },
      {
         "url": "anytype-0.55.4.x86_64.rpm",
         "sha512": "SmrdfZeSInIiRl2uzMLCDYYqz2N3gvzb4AlfD9RZnkGjKHg+N6VkdOD9p2rMGcT3cFISEvpoiFguKBKmkymYWg==",
         "size": 189025877
      },
      {
         "url": "anytype-0.55.4.x86_64.rpm",
         "sha512": "SmrdfZeSInIiRl2uzMLCDYYqz2N3gvzb4AlfD9RZnkGjKHg+N6VkdOD9p2rMGcT3cFISEvpoiFguKBKmkymYWg==",
         "size": 189025877
      },
      {
         "url": "anytype-0.55.4.x86_64.rpm",
         "sha512": "SmrdfZeSInIiRl2uzMLCDYYqz2N3gvzb4AlfD9RZnkGjKHg+N6VkdOD9p2rMGcT3cFISEvpoiFguKBKmkymYWg==",
         "size": 189025877
      }
   ],
   "path": "Anytype-0.55.4.AppImage",
   "sha512": "iVhg7x/IcehgFgoqn8NKBJ5Zlh1Ba0LCCfUSUA0vCgLClePi/Wa1B3K+g7FaPJ4caVLEApN+opsMXekenVAZBg==",
   "releaseDate": "2026-05-05T13:39:49.369Z"
}
[2026-05-26 16:11:58.206] [debug] checkForUpdatesAndNotify called, downloadPromise is null
[2026-05-26 16:21:57.422] [info]  Checking for update
[2026-05-26 16:21:57.422] [info]  Checking for update
[2026-05-26 16:21:57.688] [info]  Update for version 0.55.4 is not available (latest version: 0.55.4, downgrade is allowed).
[2026-05-26 16:21:57.688] [info]  Update not available: {
   "version": "0.55.4",
   "files": [
      {
         "url": "Anytype-0.55.4.AppImage",
         "sha512": "iVhg7x/IcehgFgoqn8NKBJ5Zlh1Ba0LCCfUSUA0vCgLClePi/Wa1B3K+g7FaPJ4caVLEApN+opsMXekenVAZBg==",
         "size": 255921020,
         "blockMapSize": 265104
      },
      {
         "url": "anytype_0.55.4_amd64.deb",
         "sha512": "h9AOC2BuEny0TIDmwtH3X2Z2If/U59v0urgHxEd1ttKDQnVHP3HbdrlSd6gRefM41tEvLs77AlGzVmnDQ2Lv2Q==",
         "size": 213511672
      },
      {
         "url": "anytype_0.55.4_amd64.deb",
         "sha512": "h9AOC2BuEny0TIDmwtH3X2Z2If/U59v0urgHxEd1ttKDQnVHP3HbdrlSd6gRefM41tEvLs77AlGzVmnDQ2Lv2Q==",
         "size": 213511672
      },
      {
         "url": "anytype_0.55.4_amd64.deb",
         "sha512": "h9AOC2BuEny0TIDmwtH3X2Z2If/U59v0urgHxEd1ttKDQnVHP3HbdrlSd6gRefM41tEvLs77AlGzVmnDQ2Lv2Q==",
         "size": 213511672
      },
      {
         "url": "anytype-0.55.4.x86_64.rpm",
         "sha512": "SmrdfZeSInIiRl2uzMLCDYYqz2N3gvzb4AlfD9RZnkGjKHg+N6VkdOD9p2rMGcT3cFISEvpoiFguKBKmkymYWg==",
         "size": 189025877
      },
      {
         "url": "anytype-0.55.4.x86_64.rpm",
         "sha512": "SmrdfZeSInIiRl2uzMLCDYYqz2N3gvzb4AlfD9RZnkGjKHg+N6VkdOD9p2rMGcT3cFISEvpoiFguKBKmkymYWg==",
         "size": 189025877
      },
      {
         "url": "anytype-0.55.4.x86_64.rpm",
         "sha512": "SmrdfZeSInIiRl2uzMLCDYYqz2N3gvzb4AlfD9RZnkGjKHg+N6VkdOD9p2rMGcT3cFISEvpoiFguKBKmkymYWg==",
         "size": 189025877
      }
   ],
   "path": "Anytype-0.55.4.AppImage",
   "sha512": "iVhg7x/IcehgFgoqn8NKBJ5Zlh1Ba0LCCfUSUA0vCgLClePi/Wa1B3K+g7FaPJ4caVLEApN+opsMXekenVAZBg==",
   "releaseDate": "2026-05-05T13:39:49.369Z"
}
[2026-05-26 16:21:57.689] [debug] checkForUpdatesAndNotify called, downloadPromise is null
[2026-05-26 16:31:57.488] [info]  Checking for update
[2026-05-26 16:31:57.489] [info]  Checking for update
[2026-05-26 16:31:57.774] [info]  Update for version 0.55.4 is not available (latest version: 0.55.4, downgrade is allowed).
[2026-05-26 16:31:57.775] [info]  Update not available: {
   "version": "0.55.4",
   "files": [
      {
         "url": "Anytype-0.55.4.AppImage",
         "sha512": "iVhg7x/IcehgFgoqn8NKBJ5Zlh1Ba0LCCfUSUA0vCgLClePi/Wa1B3K+g7FaPJ4caVLEApN+opsMXekenVAZBg==",
         "size": 255921020,
         "blockMapSize": 265104
      },
      {
         "url": "anytype_0.55.4_amd64.deb",
         "sha512": "h9AOC2BuEny0TIDmwtH3X2Z2If/U59v0urgHxEd1ttKDQnVHP3HbdrlSd6gRefM41tEvLs77AlGzVmnDQ2Lv2Q==",
         "size": 213511672
      },
      {
         "url": "anytype_0.55.4_amd64.deb",
         "sha512": "h9AOC2BuEny0TIDmwtH3X2Z2If/U59v0urgHxEd1ttKDQnVHP3HbdrlSd6gRefM41tEvLs77AlGzVmnDQ2Lv2Q==",
         "size": 213511672
      },
      {
         "url": "anytype_0.55.4_amd64.deb",
         "sha512": "h9AOC2BuEny0TIDmwtH3X2Z2If/U59v0urgHxEd1ttKDQnVHP3HbdrlSd6gRefM41tEvLs77AlGzVmnDQ2Lv2Q==",
         "size": 213511672
      },
      {
         "url": "anytype-0.55.4.x86_64.rpm",
         "sha512": "SmrdfZeSInIiRl2uzMLCDYYqz2N3gvzb4AlfD9RZnkGjKHg+N6VkdOD9p2rMGcT3cFISEvpoiFguKBKmkymYWg==",
         "size": 189025877
      },
      {
         "url": "anytype-0.55.4.x86_64.rpm",
         "sha512": "SmrdfZeSInIiRl2uzMLCDYYqz2N3gvzb4AlfD9RZnkGjKHg+N6VkdOD9p2rMGcT3cFISEvpoiFguKBKmkymYWg==",
         "size": 189025877
      },
      {
         "url": "anytype-0.55.4.x86_64.rpm",
         "sha512": "SmrdfZeSInIiRl2uzMLCDYYqz2N3gvzb4AlfD9RZnkGjKHg+N6VkdOD9p2rMGcT3cFISEvpoiFguKBKmkymYWg==",
         "size": 189025877
      }
   ],
   "path": "Anytype-0.55.4.AppImage",
   "sha512": "iVhg7x/IcehgFgoqn8NKBJ5Zlh1Ba0LCCfUSUA0vCgLClePi/Wa1B3K+g7FaPJ4caVLEApN+opsMXekenVAZBg==",
   "releaseDate": "2026-05-05T13:39:49.369Z"
}
[2026-05-26 16:31:57.775] [debug] checkForUpdatesAndNotify called, downloadPromise is null
[2026-05-26 16:41:57.535] [info]  Checking for update
[2026-05-26 16:41:57.536] [info]  Checking for update
[2026-05-26 16:41:57.820] [info]  Update for version 0.55.4 is not available (latest version: 0.55.4, downgrade is allowed).
[2026-05-26 16:41:57.820] [info]  Update not available: {
   "version": "0.55.4",
   "files": [
      {
         "url": "Anytype-0.55.4.AppImage",
         "sha512": "iVhg7x/IcehgFgoqn8NKBJ5Zlh1Ba0LCCfUSUA0vCgLClePi/Wa1B3K+g7FaPJ4caVLEApN+opsMXekenVAZBg==",
         "size": 255921020,
         "blockMapSize": 265104
      },
      {
         "url": "anytype_0.55.4_amd64.deb",
         "sha512": "h9AOC2BuEny0TIDmwtH3X2Z2If/U59v0urgHxEd1ttKDQnVHP3HbdrlSd6gRefM41tEvLs77AlGzVmnDQ2Lv2Q==",
         "size": 213511672
      },
      {
         "url": "anytype_0.55.4_amd64.deb",
         "sha512": "h9AOC2BuEny0TIDmwtH3X2Z2If/U59v0urgHxEd1ttKDQnVHP3HbdrlSd6gRefM41tEvLs77AlGzVmnDQ2Lv2Q==",
         "size": 213511672
      },
      {
         "url": "anytype_0.55.4_amd64.deb",
         "sha512": "h9AOC2BuEny0TIDmwtH3X2Z2If/U59v0urgHxEd1ttKDQnVHP3HbdrlSd6gRefM41tEvLs77AlGzVmnDQ2Lv2Q==",
         "size": 213511672
      },
      {
         "url": "anytype-0.55.4.x86_64.rpm",
         "sha512": "SmrdfZeSInIiRl2uzMLCDYYqz2N3gvzb4AlfD9RZnkGjKHg+N6VkdOD9p2rMGcT3cFISEvpoiFguKBKmkymYWg==",
         "size": 189025877
      },
      {
         "url": "anytype-0.55.4.x86_64.rpm",
         "sha512": "SmrdfZeSInIiRl2uzMLCDYYqz2N3gvzb4AlfD9RZnkGjKHg+N6VkdOD9p2rMGcT3cFISEvpoiFguKBKmkymYWg==",
         "size": 189025877
      },
      {
         "url": "anytype-0.55.4.x86_64.rpm",
         "sha512": "SmrdfZeSInIiRl2uzMLCDYYqz2N3gvzb4AlfD9RZnkGjKHg+N6VkdOD9p2rMGcT3cFISEvpoiFguKBKmkymYWg==",
         "size": 189025877
      }
   ],
   "path": "Anytype-0.55.4.AppImage",
   "sha512": "iVhg7x/IcehgFgoqn8NKBJ5Zlh1Ba0LCCfUSUA0vCgLClePi/Wa1B3K+g7FaPJ4caVLEApN+opsMXekenVAZBg==",
   "releaseDate": "2026-05-05T13:39:49.369Z"
}
[2026-05-26 16:41:57.821] [debug] checkForUpdatesAndNotify called, downloadPromise is null
[2026-05-26 16:51:57.541] [info]  Checking for update
[2026-05-26 16:51:57.542] [info]  Checking for update
[2026-05-26 16:51:57.836] [info]  Update for version 0.55.4 is not available (latest version: 0.55.4, downgrade is allowed).
[2026-05-26 16:51:57.836] [info]  Update not available: {
   "version": "0.55.4",
   "files": [
      {
         "url": "Anytype-0.55.4.AppImage",
         "sha512": "iVhg7x/IcehgFgoqn8NKBJ5Zlh1Ba0LCCfUSUA0vCgLClePi/Wa1B3K+g7FaPJ4caVLEApN+opsMXekenVAZBg==",
         "size": 255921020,
         "blockMapSize": 265104
      },
      {
         "url": "anytype_0.55.4_amd64.deb",
         "sha512": "h9AOC2BuEny0TIDmwtH3X2Z2If/U59v0urgHxEd1ttKDQnVHP3HbdrlSd6gRefM41tEvLs77AlGzVmnDQ2Lv2Q==",
         "size": 213511672
      },
      {
         "url": "anytype_0.55.4_amd64.deb",
         "sha512": "h9AOC2BuEny0TIDmwtH3X2Z2If/U59v0urgHxEd1ttKDQnVHP3HbdrlSd6gRefM41tEvLs77AlGzVmnDQ2Lv2Q==",
         "size": 213511672
      },
      {
         "url": "anytype_0.55.4_amd64.deb",
         "sha512": "h9AOC2BuEny0TIDmwtH3X2Z2If/U59v0urgHxEd1ttKDQnVHP3HbdrlSd6gRefM41tEvLs77AlGzVmnDQ2Lv2Q==",
         "size": 213511672
      },
      {
         "url": "anytype-0.55.4.x86_64.rpm",
         "sha512": "SmrdfZeSInIiRl2uzMLCDYYqz2N3gvzb4AlfD9RZnkGjKHg+N6VkdOD9p2rMGcT3cFISEvpoiFguKBKmkymYWg==",
         "size": 189025877
      },
      {
         "url": "anytype-0.55.4.x86_64.rpm",
         "sha512": "SmrdfZeSInIiRl2uzMLCDYYqz2N3gvzb4AlfD9RZnkGjKHg+N6VkdOD9p2rMGcT3cFISEvpoiFguKBKmkymYWg==",
         "size": 189025877
      },
      {
         "url": "anytype-0.55.4.x86_64.rpm",
         "sha512": "SmrdfZeSInIiRl2uzMLCDYYqz2N3gvzb4AlfD9RZnkGjKHg+N6VkdOD9p2rMGcT3cFISEvpoiFguKBKmkymYWg==",
         "size": 189025877
      }
   ],
   "path": "Anytype-0.55.4.AppImage",
   "sha512": "iVhg7x/IcehgFgoqn8NKBJ5Zlh1Ba0LCCfUSUA0vCgLClePi/Wa1B3K+g7FaPJ4caVLEApN+opsMXekenVAZBg==",
   "releaseDate": "2026-05-05T13:39:49.369Z"
}
[2026-05-26 16:51:57.836] [debug] checkForUpdatesAndNotify called, downloadPromise is null
[2026-05-26 17:01:57.642] [info]  Checking for update
[2026-05-26 17:01:57.642] [info]  Checking for update
[2026-05-26 17:01:58.072] [info]  Update for version 0.55.4 is not available (latest version: 0.55.4, downgrade is allowed).
[2026-05-26 17:01:58.073] [info]  Update not available: {
   "version": "0.55.4",
   "files": [
      {
         "url": "Anytype-0.55.4.AppImage",
         "sha512": "iVhg7x/IcehgFgoqn8NKBJ5Zlh1Ba0LCCfUSUA0vCgLClePi/Wa1B3K+g7FaPJ4caVLEApN+opsMXekenVAZBg==",
         "size": 255921020,
         "blockMapSize": 265104
      },
      {
         "url": "anytype_0.55.4_amd64.deb",
         "sha512": "h9AOC2BuEny0TIDmwtH3X2Z2If/U59v0urgHxEd1ttKDQnVHP3HbdrlSd6gRefM41tEvLs77AlGzVmnDQ2Lv2Q==",
         "size": 213511672
      },
      {
         "url": "anytype_0.55.4_amd64.deb",
         "sha512": "h9AOC2BuEny0TIDmwtH3X2Z2If/U59v0urgHxEd1ttKDQnVHP3HbdrlSd6gRefM41tEvLs77AlGzVmnDQ2Lv2Q==",
         "size": 213511672
      },
      {
         "url": "anytype_0.55.4_amd64.deb",
         "sha512": "h9AOC2BuEny0TIDmwtH3X2Z2If/U59v0urgHxEd1ttKDQnVHP3HbdrlSd6gRefM41tEvLs77AlGzVmnDQ2Lv2Q==",
         "size": 213511672
      },
      {
         "url": "anytype-0.55.4.x86_64.rpm",
         "sha512": "SmrdfZeSInIiRl2uzMLCDYYqz2N3gvzb4AlfD9RZnkGjKHg+N6VkdOD9p2rMGcT3cFISEvpoiFguKBKmkymYWg==",
         "size": 189025877
      },
      {
         "url": "anytype-0.55.4.x86_64.rpm",
         "sha512": "SmrdfZeSInIiRl2uzMLCDYYqz2N3gvzb4AlfD9RZnkGjKHg+N6VkdOD9p2rMGcT3cFISEvpoiFguKBKmkymYWg==",
         "size": 189025877
      },
      {
         "url": "anytype-0.55.4.x86_64.rpm",
         "sha512": "SmrdfZeSInIiRl2uzMLCDYYqz2N3gvzb4AlfD9RZnkGjKHg+N6VkdOD9p2rMGcT3cFISEvpoiFguKBKmkymYWg==",
         "size": 189025877
      }
   ],
   "path": "Anytype-0.55.4.AppImage",
   "sha512": "iVhg7x/IcehgFgoqn8NKBJ5Zlh1Ba0LCCfUSUA0vCgLClePi/Wa1B3K+g7FaPJ4caVLEApN+opsMXekenVAZBg==",
   "releaseDate": "2026-05-05T13:39:49.369Z"
}
[2026-05-26 17:01:58.073] [debug] checkForUpdatesAndNotify called, downloadPromise is null
[2026-05-26 17:11:57.681] [info]  Checking for update
[2026-05-26 17:11:57.681] [info]  Checking for update
[2026-05-26 17:11:57.977] [info]  Update for version 0.55.4 is not available (latest version: 0.55.4, downgrade is allowed).
[2026-05-26 17:11:57.977] [info]  Update not available: {
   "version": "0.55.4",
   "files": [
      {
         "url": "Anytype-0.55.4.AppImage",
         "sha512": "iVhg7x/IcehgFgoqn8NKBJ5Zlh1Ba0LCCfUSUA0vCgLClePi/Wa1B3K+g7FaPJ4caVLEApN+opsMXekenVAZBg==",
         "size": 255921020,
         "blockMapSize": 265104
      },
      {
         "url": "anytype_0.55.4_amd64.deb",
         "sha512": "h9AOC2BuEny0TIDmwtH3X2Z2If/U59v0urgHxEd1ttKDQnVHP3HbdrlSd6gRefM41tEvLs77AlGzVmnDQ2Lv2Q==",
         "size": 213511672
      },
      {
         "url": "anytype_0.55.4_amd64.deb",
         "sha512": "h9AOC2BuEny0TIDmwtH3X2Z2If/U59v0urgHxEd1ttKDQnVHP3HbdrlSd6gRefM41tEvLs77AlGzVmnDQ2Lv2Q==",
         "size": 213511672
      },
      {
         "url": "anytype_0.55.4_amd64.deb",
         "sha512": "h9AOC2BuEny0TIDmwtH3X2Z2If/U59v0urgHxEd1ttKDQnVHP3HbdrlSd6gRefM41tEvLs77AlGzVmnDQ2Lv2Q==",
         "size": 213511672
      },
      {
         "url": "anytype-0.55.4.x86_64.rpm",
         "sha512": "SmrdfZeSInIiRl2uzMLCDYYqz2N3gvzb4AlfD9RZnkGjKHg+N6VkdOD9p2rMGcT3cFISEvpoiFguKBKmkymYWg==",
         "size": 189025877
      },
      {
         "url": "anytype-0.55.4.x86_64.rpm",
         "sha512": "SmrdfZeSInIiRl2uzMLCDYYqz2N3gvzb4AlfD9RZnkGjKHg+N6VkdOD9p2rMGcT3cFISEvpoiFguKBKmkymYWg==",
         "size": 189025877
      },
      {
         "url": "anytype-0.55.4.x86_64.rpm",
         "sha512": "SmrdfZeSInIiRl2uzMLCDYYqz2N3gvzb4AlfD9RZnkGjKHg+N6VkdOD9p2rMGcT3cFISEvpoiFguKBKmkymYWg==",
         "size": 189025877
      }
   ],
   "path": "Anytype-0.55.4.AppImage",
   "sha512": "iVhg7x/IcehgFgoqn8NKBJ5Zlh1Ba0LCCfUSUA0vCgLClePi/Wa1B3K+g7FaPJ4caVLEApN+opsMXekenVAZBg==",
   "releaseDate": "2026-05-05T13:39:49.369Z"
}
[2026-05-26 17:11:57.977] [debug] checkForUpdatesAndNotify called, downloadPromise is null
[2026-05-26 17:21:57.727] [info]  Checking for update
[2026-05-26 17:21:57.728] [info]  Checking for update
[2026-05-26 17:21:58.010] [info]  Update for version 0.55.4 is not available (latest version: 0.55.4, downgrade is allowed).
[2026-05-26 17:21:58.010] [info]  Update not available: {
   "version": "0.55.4",
   "files": [
      {
         "url": "Anytype-0.55.4.AppImage",
         "sha512": "iVhg7x/IcehgFgoqn8NKBJ5Zlh1Ba0LCCfUSUA0vCgLClePi/Wa1B3K+g7FaPJ4caVLEApN+opsMXekenVAZBg==",
         "size": 255921020,
         "blockMapSize": 265104
      },
      {
         "url": "anytype_0.55.4_amd64.deb",
         "sha512": "h9AOC2BuEny0TIDmwtH3X2Z2If/U59v0urgHxEd1ttKDQnVHP3HbdrlSd6gRefM41tEvLs77AlGzVmnDQ2Lv2Q==",
         "size": 213511672
      },
      {
         "url": "anytype_0.55.4_amd64.deb",
         "sha512": "h9AOC2BuEny0TIDmwtH3X2Z2If/U59v0urgHxEd1ttKDQnVHP3HbdrlSd6gRefM41tEvLs77AlGzVmnDQ2Lv2Q==",
         "size": 213511672
      },
      {
         "url": "anytype_0.55.4_amd64.deb",
         "sha512": "h9AOC2BuEny0TIDmwtH3X2Z2If/U59v0urgHxEd1ttKDQnVHP3HbdrlSd6gRefM41tEvLs77AlGzVmnDQ2Lv2Q==",
         "size": 213511672
      },
      {
         "url": "anytype-0.55.4.x86_64.rpm",
         "sha512": "SmrdfZeSInIiRl2uzMLCDYYqz2N3gvzb4AlfD9RZnkGjKHg+N6VkdOD9p2rMGcT3cFISEvpoiFguKBKmkymYWg==",
         "size": 189025877
      },
      {
         "url": "anytype-0.55.4.x86_64.rpm",
         "sha512": "SmrdfZeSInIiRl2uzMLCDYYqz2N3gvzb4AlfD9RZnkGjKHg+N6VkdOD9p2rMGcT3cFISEvpoiFguKBKmkymYWg==",
         "size": 189025877
      },
      {
         "url": "anytype-0.55.4.x86_64.rpm",
         "sha512": "SmrdfZeSInIiRl2uzMLCDYYqz2N3gvzb4AlfD9RZnkGjKHg+N6VkdOD9p2rMGcT3cFISEvpoiFguKBKmkymYWg==",
         "size": 189025877
      }
   ],
   "path": "Anytype-0.55.4.AppImage",
   "sha512": "iVhg7x/IcehgFgoqn8NKBJ5Zlh1Ba0LCCfUSUA0vCgLClePi/Wa1B3K+g7FaPJ4caVLEApN+opsMXekenVAZBg==",
   "releaseDate": "2026-05-05T13:39:49.369Z"
}
[2026-05-26 17:21:58.011] [debug] checkForUpdatesAndNotify called, downloadPromise is null
[2026-05-26 17:31:57.734] [info]  Checking for update
[2026-05-26 17:31:57.734] [info]  Checking for update
[2026-05-26 17:31:58.010] [info]  Update for version 0.55.4 is not available (latest version: 0.55.4, downgrade is allowed).
[2026-05-26 17:31:58.011] [info]  Update not available: {
   "version": "0.55.4",
   "files": [
      {
         "url": "Anytype-0.55.4.AppImage",
         "sha512": "iVhg7x/IcehgFgoqn8NKBJ5Zlh1Ba0LCCfUSUA0vCgLClePi/Wa1B3K+g7FaPJ4caVLEApN+opsMXekenVAZBg==",
         "size": 255921020,
         "blockMapSize": 265104
      },
      {
         "url": "anytype_0.55.4_amd64.deb",
         "sha512": "h9AOC2BuEny0TIDmwtH3X2Z2If/U59v0urgHxEd1ttKDQnVHP3HbdrlSd6gRefM41tEvLs77AlGzVmnDQ2Lv2Q==",
         "size": 213511672
      },
      {
         "url": "anytype_0.55.4_amd64.deb",
         "sha512": "h9AOC2BuEny0TIDmwtH3X2Z2If/U59v0urgHxEd1ttKDQnVHP3HbdrlSd6gRefM41tEvLs77AlGzVmnDQ2Lv2Q==",
         "size": 213511672
      },
      {
         "url": "anytype_0.55.4_amd64.deb",
         "sha512": "h9AOC2BuEny0TIDmwtH3X2Z2If/U59v0urgHxEd1ttKDQnVHP3HbdrlSd6gRefM41tEvLs77AlGzVmnDQ2Lv2Q==",
         "size": 213511672
      },
      {
         "url": "anytype-0.55.4.x86_64.rpm",
         "sha512": "SmrdfZeSInIiRl2uzMLCDYYqz2N3gvzb4AlfD9RZnkGjKHg+N6VkdOD9p2rMGcT3cFISEvpoiFguKBKmkymYWg==",
         "size": 189025877
      },
      {
         "url": "anytype-0.55.4.x86_64.rpm",
         "sha512": "SmrdfZeSInIiRl2uzMLCDYYqz2N3gvzb4AlfD9RZnkGjKHg+N6VkdOD9p2rMGcT3cFISEvpoiFguKBKmkymYWg==",
         "size": 189025877
      },
      {
         "url": "anytype-0.55.4.x86_64.rpm",
         "sha512": "SmrdfZeSInIiRl2uzMLCDYYqz2N3gvzb4AlfD9RZnkGjKHg+N6VkdOD9p2rMGcT3cFISEvpoiFguKBKmkymYWg==",
         "size": 189025877
      }
   ],
   "path": "Anytype-0.55.4.AppImage",
   "sha512": "iVhg7x/IcehgFgoqn8NKBJ5Zlh1Ba0LCCfUSUA0vCgLClePi/Wa1B3K+g7FaPJ4caVLEApN+opsMXekenVAZBg==",
   "releaseDate": "2026-05-05T13:39:49.369Z"
}
[2026-05-26 17:31:58.011] [debug] checkForUpdatesAndNotify called, downloadPromise is null
[2026-05-26 17:41:57.781] [info]  Checking for update
[2026-05-26 17:41:57.781] [info]  Checking for update
[2026-05-26 17:41:58.058] [info]  Update for version 0.55.4 is not available (latest version: 0.55.4, downgrade is allowed).
[2026-05-26 17:41:58.059] [info]  Update not available: {
   "version": "0.55.4",
   "files": [
      {
         "url": "Anytype-0.55.4.AppImage",
         "sha512": "iVhg7x/IcehgFgoqn8NKBJ5Zlh1Ba0LCCfUSUA0vCgLClePi/Wa1B3K+g7FaPJ4caVLEApN+opsMXekenVAZBg==",
         "size": 255921020,
         "blockMapSize": 265104
      },
      {
         "url": "anytype_0.55.4_amd64.deb",
         "sha512": "h9AOC2BuEny0TIDmwtH3X2Z2If/U59v0urgHxEd1ttKDQnVHP3HbdrlSd6gRefM41tEvLs77AlGzVmnDQ2Lv2Q==",
         "size": 213511672
      },
      {
         "url": "anytype_0.55.4_amd64.deb",
         "sha512": "h9AOC2BuEny0TIDmwtH3X2Z2If/U59v0urgHxEd1ttKDQnVHP3HbdrlSd6gRefM41tEvLs77AlGzVmnDQ2Lv2Q==",
         "size": 213511672
      },
      {
         "url": "anytype_0.55.4_amd64.deb",
         "sha512": "h9AOC2BuEny0TIDmwtH3X2Z2If/U59v0urgHxEd1ttKDQnVHP3HbdrlSd6gRefM41tEvLs77AlGzVmnDQ2Lv2Q==",
         "size": 213511672
      },
      {
         "url": "anytype-0.55.4.x86_64.rpm",
         "sha512": "SmrdfZeSInIiRl2uzMLCDYYqz2N3gvzb4AlfD9RZnkGjKHg+N6VkdOD9p2rMGcT3cFISEvpoiFguKBKmkymYWg==",
         "size": 189025877
      },
      {
         "url": "anytype-0.55.4.x86_64.rpm",
         "sha512": "SmrdfZeSInIiRl2uzMLCDYYqz2N3gvzb4AlfD9RZnkGjKHg+N6VkdOD9p2rMGcT3cFISEvpoiFguKBKmkymYWg==",
         "size": 189025877
      },
      {
         "url": "anytype-0.55.4.x86_64.rpm",
         "sha512": "SmrdfZeSInIiRl2uzMLCDYYqz2N3gvzb4AlfD9RZnkGjKHg+N6VkdOD9p2rMGcT3cFISEvpoiFguKBKmkymYWg==",
         "size": 189025877
      }
   ],
   "path": "Anytype-0.55.4.AppImage",
   "sha512": "iVhg7x/IcehgFgoqn8NKBJ5Zlh1Ba0LCCfUSUA0vCgLClePi/Wa1B3K+g7FaPJ4caVLEApN+opsMXekenVAZBg==",
   "releaseDate": "2026-05-05T13:39:49.369Z"
}
[2026-05-26 17:41:58.059] [debug] checkForUpdatesAndNotify called, downloadPromise is null
[2026-05-26 17:51:57.788] [info]  Checking for update
[2026-05-26 17:51:57.788] [info]  Checking for update
[2026-05-26 17:51:58.115] [info]  Update for version 0.55.4 is not available (latest version: 0.55.4, downgrade is allowed).
[2026-05-26 17:51:58.115] [info]  Update not available: {
   "version": "0.55.4",
   "files": [
      {
         "url": "Anytype-0.55.4.AppImage",
         "sha512": "iVhg7x/IcehgFgoqn8NKBJ5Zlh1Ba0LCCfUSUA0vCgLClePi/Wa1B3K+g7FaPJ4caVLEApN+opsMXekenVAZBg==",
         "size": 255921020,
         "blockMapSize": 265104
      },
      {
         "url": "anytype_0.55.4_amd64.deb",
         "sha512": "h9AOC2BuEny0TIDmwtH3X2Z2If/U59v0urgHxEd1ttKDQnVHP3HbdrlSd6gRefM41tEvLs77AlGzVmnDQ2Lv2Q==",
         "size": 213511672
      },
      {
         "url": "anytype_0.55.4_amd64.deb",
         "sha512": "h9AOC2BuEny0TIDmwtH3X2Z2If/U59v0urgHxEd1ttKDQnVHP3HbdrlSd6gRefM41tEvLs77AlGzVmnDQ2Lv2Q==",
         "size": 213511672
      },
      {
         "url": "anytype_0.55.4_amd64.deb",
         "sha512": "h9AOC2BuEny0TIDmwtH3X2Z2If/U59v0urgHxEd1ttKDQnVHP3HbdrlSd6gRefM41tEvLs77AlGzVmnDQ2Lv2Q==",
         "size": 213511672
      },
      {
         "url": "anytype-0.55.4.x86_64.rpm",
         "sha512": "SmrdfZeSInIiRl2uzMLCDYYqz2N3gvzb4AlfD9RZnkGjKHg+N6VkdOD9p2rMGcT3cFISEvpoiFguKBKmkymYWg==",
         "size": 189025877
      },
      {
         "url": "anytype-0.55.4.x86_64.rpm",
         "sha512": "SmrdfZeSInIiRl2uzMLCDYYqz2N3gvzb4AlfD9RZnkGjKHg+N6VkdOD9p2rMGcT3cFISEvpoiFguKBKmkymYWg==",
         "size": 189025877
      },
      {
         "url": "anytype-0.55.4.x86_64.rpm",
         "sha512": "SmrdfZeSInIiRl2uzMLCDYYqz2N3gvzb4AlfD9RZnkGjKHg+N6VkdOD9p2rMGcT3cFISEvpoiFguKBKmkymYWg==",
         "size": 189025877
      }
   ],
   "path": "Anytype-0.55.4.AppImage",
   "sha512": "iVhg7x/IcehgFgoqn8NKBJ5Zlh1Ba0LCCfUSUA0vCgLClePi/Wa1B3K+g7FaPJ4caVLEApN+opsMXekenVAZBg==",
   "releaseDate": "2026-05-05T13:39:49.369Z"
}
[2026-05-26 17:51:58.116] [debug] checkForUpdatesAndNotify called, downloadPromise is null
[2026-05-26 18:01:57.889] [info]  Checking for update
[2026-05-26 18:01:57.889] [info]  Checking for update
[2026-05-26 18:01:58.474] [info]  Update for version 0.55.4 is not available (latest version: 0.55.4, downgrade is allowed).
[2026-05-26 18:01:58.475] [info]  Update not available: {
   "version": "0.55.4",
   "files": [
      {
         "url": "Anytype-0.55.4.AppImage",
         "sha512": "iVhg7x/IcehgFgoqn8NKBJ5Zlh1Ba0LCCfUSUA0vCgLClePi/Wa1B3K+g7FaPJ4caVLEApN+opsMXekenVAZBg==",
         "size": 255921020,
         "blockMapSize": 265104
      },
      {
         "url": "anytype_0.55.4_amd64.deb",
         "sha512": "h9AOC2BuEny0TIDmwtH3X2Z2If/U59v0urgHxEd1ttKDQnVHP3HbdrlSd6gRefM41tEvLs77AlGzVmnDQ2Lv2Q==",
         "size": 213511672
      },
      {
         "url": "anytype_0.55.4_amd64.deb",
         "sha512": "h9AOC2BuEny0TIDmwtH3X2Z2If/U59v0urgHxEd1ttKDQnVHP3HbdrlSd6gRefM41tEvLs77AlGzVmnDQ2Lv2Q==",
         "size": 213511672
      },
      {
         "url": "anytype_0.55.4_amd64.deb",
         "sha512": "h9AOC2BuEny0TIDmwtH3X2Z2If/U59v0urgHxEd1ttKDQnVHP3HbdrlSd6gRefM41tEvLs77AlGzVmnDQ2Lv2Q==",
         "size": 213511672
      },
      {
         "url": "anytype-0.55.4.x86_64.rpm",
         "sha512": "SmrdfZeSInIiRl2uzMLCDYYqz2N3gvzb4AlfD9RZnkGjKHg+N6VkdOD9p2rMGcT3cFISEvpoiFguKBKmkymYWg==",
         "size": 189025877
      },
      {
         "url": "anytype-0.55.4.x86_64.rpm",
         "sha512": "SmrdfZeSInIiRl2uzMLCDYYqz2N3gvzb4AlfD9RZnkGjKHg+N6VkdOD9p2rMGcT3cFISEvpoiFguKBKmkymYWg==",
         "size": 189025877
      },
      {
         "url": "anytype-0.55.4.x86_64.rpm",
         "sha512": "SmrdfZeSInIiRl2uzMLCDYYqz2N3gvzb4AlfD9RZnkGjKHg+N6VkdOD9p2rMGcT3cFISEvpoiFguKBKmkymYWg==",
         "size": 189025877
      }
   ],
   "path": "Anytype-0.55.4.AppImage",
   "sha512": "iVhg7x/IcehgFgoqn8NKBJ5Zlh1Ba0LCCfUSUA0vCgLClePi/Wa1B3K+g7FaPJ4caVLEApN+opsMXekenVAZBg==",
   "releaseDate": "2026-05-05T13:39:49.369Z"
}
[2026-05-26 18:01:58.475] [debug] checkForUpdatesAndNotify called, downloadPromise is null
[2026-05-26 18:11:57.927] [info]  Checking for update
[2026-05-26 18:11:57.927] [info]  Checking for update
[2026-05-26 18:11:58.250] [info]  Update for version 0.55.4 is not available (latest version: 0.55.4, downgrade is allowed).
[2026-05-26 18:11:58.250] [info]  Update not available: {
   "version": "0.55.4",
   "files": [
      {
         "url": "Anytype-0.55.4.AppImage",
         "sha512": "iVhg7x/IcehgFgoqn8NKBJ5Zlh1Ba0LCCfUSUA0vCgLClePi/Wa1B3K+g7FaPJ4caVLEApN+opsMXekenVAZBg==",
         "size": 255921020,
         "blockMapSize": 265104
      },
      {
         "url": "anytype_0.55.4_amd64.deb",
         "sha512": "h9AOC2BuEny0TIDmwtH3X2Z2If/U59v0urgHxEd1ttKDQnVHP3HbdrlSd6gRefM41tEvLs77AlGzVmnDQ2Lv2Q==",
         "size": 213511672
      },
      {
         "url": "anytype_0.55.4_amd64.deb",
         "sha512": "h9AOC2BuEny0TIDmwtH3X2Z2If/U59v0urgHxEd1ttKDQnVHP3HbdrlSd6gRefM41tEvLs77AlGzVmnDQ2Lv2Q==",
         "size": 213511672
      },
      {
         "url": "anytype_0.55.4_amd64.deb",
         "sha512": "h9AOC2BuEny0TIDmwtH3X2Z2If/U59v0urgHxEd1ttKDQnVHP3HbdrlSd6gRefM41tEvLs77AlGzVmnDQ2Lv2Q==",
         "size": 213511672
      },
      {
         "url": "anytype-0.55.4.x86_64.rpm",
         "sha512": "SmrdfZeSInIiRl2uzMLCDYYqz2N3gvzb4AlfD9RZnkGjKHg+N6VkdOD9p2rMGcT3cFISEvpoiFguKBKmkymYWg==",
         "size": 189025877
      },
      {
         "url": "anytype-0.55.4.x86_64.rpm",
         "sha512": "SmrdfZeSInIiRl2uzMLCDYYqz2N3gvzb4AlfD9RZnkGjKHg+N6VkdOD9p2rMGcT3cFISEvpoiFguKBKmkymYWg==",
         "size": 189025877
      },
      {
         "url": "anytype-0.55.4.x86_64.rpm",
         "sha512": "SmrdfZeSInIiRl2uzMLCDYYqz2N3gvzb4AlfD9RZnkGjKHg+N6VkdOD9p2rMGcT3cFISEvpoiFguKBKmkymYWg==",
         "size": 189025877
      }
   ],
   "path": "Anytype-0.55.4.AppImage",
   "sha512": "iVhg7x/IcehgFgoqn8NKBJ5Zlh1Ba0LCCfUSUA0vCgLClePi/Wa1B3K+g7FaPJ4caVLEApN+opsMXekenVAZBg==",
   "releaseDate": "2026-05-05T13:39:49.369Z"
}
[2026-05-26 18:11:58.251] [debug] checkForUpdatesAndNotify called, downloadPromise is null
[2026-05-26 18:21:57.970] [info]  Checking for update
[2026-05-26 18:21:57.971] [info]  Checking for update
[2026-05-26 18:21:58.252] [info]  Update for version 0.55.4 is not available (latest version: 0.55.4, downgrade is allowed).
[2026-05-26 18:21:58.253] [info]  Update not available: {
   "version": "0.55.4",
   "files": [
      {
         "url": "Anytype-0.55.4.AppImage",
         "sha512": "iVhg7x/IcehgFgoqn8NKBJ5Zlh1Ba0LCCfUSUA0vCgLClePi/Wa1B3K+g7FaPJ4caVLEApN+opsMXekenVAZBg==",
         "size": 255921020,
         "blockMapSize": 265104
      },
      {
         "url": "anytype_0.55.4_amd64.deb",
         "sha512": "h9AOC2BuEny0TIDmwtH3X2Z2If/U59v0urgHxEd1ttKDQnVHP3HbdrlSd6gRefM41tEvLs77AlGzVmnDQ2Lv2Q==",
         "size": 213511672
      },
      {
         "url": "anytype_0.55.4_amd64.deb",
         "sha512": "h9AOC2BuEny0TIDmwtH3X2Z2If/U59v0urgHxEd1ttKDQnVHP3HbdrlSd6gRefM41tEvLs77AlGzVmnDQ2Lv2Q==",
         "size": 213511672
      },
      {
         "url": "anytype_0.55.4_amd64.deb",
         "sha512": "h9AOC2BuEny0TIDmwtH3X2Z2If/U59v0urgHxEd1ttKDQnVHP3HbdrlSd6gRefM41tEvLs77AlGzVmnDQ2Lv2Q==",
         "size": 213511672
      },
      {
         "url": "anytype-0.55.4.x86_64.rpm",
         "sha512": "SmrdfZeSInIiRl2uzMLCDYYqz2N3gvzb4AlfD9RZnkGjKHg+N6VkdOD9p2rMGcT3cFISEvpoiFguKBKmkymYWg==",
         "size": 189025877
      },
      {
         "url": "anytype-0.55.4.x86_64.rpm",
         "sha512": "SmrdfZeSInIiRl2uzMLCDYYqz2N3gvzb4AlfD9RZnkGjKHg+N6VkdOD9p2rMGcT3cFISEvpoiFguKBKmkymYWg==",
         "size": 189025877
      },
      {
         "url": "anytype-0.55.4.x86_64.rpm",
         "sha512": "SmrdfZeSInIiRl2uzMLCDYYqz2N3gvzb4AlfD9RZnkGjKHg+N6VkdOD9p2rMGcT3cFISEvpoiFguKBKmkymYWg==",
         "size": 189025877
      }
   ],
   "path": "Anytype-0.55.4.AppImage",
   "sha512": "iVhg7x/IcehgFgoqn8NKBJ5Zlh1Ba0LCCfUSUA0vCgLClePi/Wa1B3K+g7FaPJ4caVLEApN+opsMXekenVAZBg==",
   "releaseDate": "2026-05-05T13:39:49.369Z"
}
[2026-05-26 18:21:58.253] [debug] checkForUpdatesAndNotify called, downloadPromise is null
[2026-05-26 18:31:58.071] [info]  Checking for update
[2026-05-26 18:31:58.071] [info]  Checking for update
[2026-05-26 18:31:58.349] [info]  Update for version 0.55.4 is not available (latest version: 0.55.4, downgrade is allowed).
[2026-05-26 18:31:58.350] [info]  Update not available: {
   "version": "0.55.4",
   "files": [
      {
         "url": "Anytype-0.55.4.AppImage",
         "sha512": "iVhg7x/IcehgFgoqn8NKBJ5Zlh1Ba0LCCfUSUA0vCgLClePi/Wa1B3K+g7FaPJ4caVLEApN+opsMXekenVAZBg==",
         "size": 255921020,
         "blockMapSize": 265104
      },
      {
         "url": "anytype_0.55.4_amd64.deb",
         "sha512": "h9AOC2BuEny0TIDmwtH3X2Z2If/U59v0urgHxEd1ttKDQnVHP3HbdrlSd6gRefM41tEvLs77AlGzVmnDQ2Lv2Q==",
         "size": 213511672
      },
      {
         "url": "anytype_0.55.4_amd64.deb",
         "sha512": "h9AOC2BuEny0TIDmwtH3X2Z2If/U59v0urgHxEd1ttKDQnVHP3HbdrlSd6gRefM41tEvLs77AlGzVmnDQ2Lv2Q==",
         "size": 213511672
      },
      {
         "url": "anytype_0.55.4_amd64.deb",
         "sha512": "h9AOC2BuEny0TIDmwtH3X2Z2If/U59v0urgHxEd1ttKDQnVHP3HbdrlSd6gRefM41tEvLs77AlGzVmnDQ2Lv2Q==",
         "size": 213511672
      },
      {
         "url": "anytype-0.55.4.x86_64.rpm",
         "sha512": "SmrdfZeSInIiRl2uzMLCDYYqz2N3gvzb4AlfD9RZnkGjKHg+N6VkdOD9p2rMGcT3cFISEvpoiFguKBKmkymYWg==",
         "size": 189025877
      },
      {
         "url": "anytype-0.55.4.x86_64.rpm",
         "sha512": "SmrdfZeSInIiRl2uzMLCDYYqz2N3gvzb4AlfD9RZnkGjKHg+N6VkdOD9p2rMGcT3cFISEvpoiFguKBKmkymYWg==",
         "size": 189025877
      },
      {
         "url": "anytype-0.55.4.x86_64.rpm",
         "sha512": "SmrdfZeSInIiRl2uzMLCDYYqz2N3gvzb4AlfD9RZnkGjKHg+N6VkdOD9p2rMGcT3cFISEvpoiFguKBKmkymYWg==",
         "size": 189025877
      }
   ],
   "path": "Anytype-0.55.4.AppImage",
   "sha512": "iVhg7x/IcehgFgoqn8NKBJ5Zlh1Ba0LCCfUSUA0vCgLClePi/Wa1B3K+g7FaPJ4caVLEApN+opsMXekenVAZBg==",
   "releaseDate": "2026-05-05T13:39:49.369Z"
}
[2026-05-26 18:31:58.350] [debug] checkForUpdatesAndNotify called, downloadPromise is null
[2026-05-26 18:41:58.159] [info]  Checking for update
[2026-05-26 18:41:58.159] [info]  Checking for update
[2026-05-26 18:41:58.429] [info]  Update for version 0.55.4 is not available (latest version: 0.55.4, downgrade is allowed).
[2026-05-26 18:41:58.429] [info]  Update not available: {
   "version": "0.55.4",
   "files": [
      {
         "url": "Anytype-0.55.4.AppImage",
         "sha512": "iVhg7x/IcehgFgoqn8NKBJ5Zlh1Ba0LCCfUSUA0vCgLClePi/Wa1B3K+g7FaPJ4caVLEApN+opsMXekenVAZBg==",
         "size": 255921020,
         "blockMapSize": 265104
      },
      {
         "url": "anytype_0.55.4_amd64.deb",
         "sha512": "h9AOC2BuEny0TIDmwtH3X2Z2If/U59v0urgHxEd1ttKDQnVHP3HbdrlSd6gRefM41tEvLs77AlGzVmnDQ2Lv2Q==",
         "size": 213511672
      },
      {
         "url": "anytype_0.55.4_amd64.deb",
         "sha512": "h9AOC2BuEny0TIDmwtH3X2Z2If/U59v0urgHxEd1ttKDQnVHP3HbdrlSd6gRefM41tEvLs77AlGzVmnDQ2Lv2Q==",
         "size": 213511672
      },
      {
         "url": "anytype_0.55.4_amd64.deb",
         "sha512": "h9AOC2BuEny0TIDmwtH3X2Z2If/U59v0urgHxEd1ttKDQnVHP3HbdrlSd6gRefM41tEvLs77AlGzVmnDQ2Lv2Q==",
         "size": 213511672
      },
      {
         "url": "anytype-0.55.4.x86_64.rpm",
         "sha512": "SmrdfZeSInIiRl2uzMLCDYYqz2N3gvzb4AlfD9RZnkGjKHg+N6VkdOD9p2rMGcT3cFISEvpoiFguKBKmkymYWg==",
         "size": 189025877
      },
      {
         "url": "anytype-0.55.4.x86_64.rpm",
         "sha512": "SmrdfZeSInIiRl2uzMLCDYYqz2N3gvzb4AlfD9RZnkGjKHg+N6VkdOD9p2rMGcT3cFISEvpoiFguKBKmkymYWg==",
         "size": 189025877
      },
      {
         "url": "anytype-0.55.4.x86_64.rpm",
         "sha512": "SmrdfZeSInIiRl2uzMLCDYYqz2N3gvzb4AlfD9RZnkGjKHg+N6VkdOD9p2rMGcT3cFISEvpoiFguKBKmkymYWg==",
         "size": 189025877
      }
   ],
   "path": "Anytype-0.55.4.AppImage",
   "sha512": "iVhg7x/IcehgFgoqn8NKBJ5Zlh1Ba0LCCfUSUA0vCgLClePi/Wa1B3K+g7FaPJ4caVLEApN+opsMXekenVAZBg==",
   "releaseDate": "2026-05-05T13:39:49.369Z"
}
[2026-05-26 18:41:58.430] [debug] checkForUpdatesAndNotify called, downloadPromise is null
[2026-05-26 18:51:58.225] [info]  Checking for update
[2026-05-26 18:51:58.226] [info]  Checking for update
[2026-05-26 18:51:58.747] [info]  Update for version 0.55.4 is not available (latest version: 0.55.4, downgrade is allowed).
[2026-05-26 18:51:58.747] [info]  Update not available: {
   "version": "0.55.4",
   "files": [
      {
         "url": "Anytype-0.55.4.AppImage",
         "sha512": "iVhg7x/IcehgFgoqn8NKBJ5Zlh1Ba0LCCfUSUA0vCgLClePi/Wa1B3K+g7FaPJ4caVLEApN+opsMXekenVAZBg==",
         "size": 255921020,
         "blockMapSize": 265104
      },
      {
         "url": "anytype_0.55.4_amd64.deb",
         "sha512": "h9AOC2BuEny0TIDmwtH3X2Z2If/U59v0urgHxEd1ttKDQnVHP3HbdrlSd6gRefM41tEvLs77AlGzVmnDQ2Lv2Q==",
         "size": 213511672
      },
      {
         "url": "anytype_0.55.4_amd64.deb",
         "sha512": "h9AOC2BuEny0TIDmwtH3X2Z2If/U59v0urgHxEd1ttKDQnVHP3HbdrlSd6gRefM41tEvLs77AlGzVmnDQ2Lv2Q==",
         "size": 213511672
      },
      {
         "url": "anytype_0.55.4_amd64.deb",
         "sha512": "h9AOC2BuEny0TIDmwtH3X2Z2If/U59v0urgHxEd1ttKDQnVHP3HbdrlSd6gRefM41tEvLs77AlGzVmnDQ2Lv2Q==",
         "size": 213511672
      },
      {
         "url": "anytype-0.55.4.x86_64.rpm",
         "sha512": "SmrdfZeSInIiRl2uzMLCDYYqz2N3gvzb4AlfD9RZnkGjKHg+N6VkdOD9p2rMGcT3cFISEvpoiFguKBKmkymYWg==",
         "size": 189025877
      },
      {
         "url": "anytype-0.55.4.x86_64.rpm",
         "sha512": "SmrdfZeSInIiRl2uzMLCDYYqz2N3gvzb4AlfD9RZnkGjKHg+N6VkdOD9p2rMGcT3cFISEvpoiFguKBKmkymYWg==",
         "size": 189025877
      },
      {
         "url": "anytype-0.55.4.x86_64.rpm",
         "sha512": "SmrdfZeSInIiRl2uzMLCDYYqz2N3gvzb4AlfD9RZnkGjKHg+N6VkdOD9p2rMGcT3cFISEvpoiFguKBKmkymYWg==",
         "size": 189025877
      }
   ],
   "path": "Anytype-0.55.4.AppImage",
   "sha512": "iVhg7x/IcehgFgoqn8NKBJ5Zlh1Ba0LCCfUSUA0vCgLClePi/Wa1B3K+g7FaPJ4caVLEApN+opsMXekenVAZBg==",
   "releaseDate": "2026-05-05T13:39:49.369Z"
}
[2026-05-26 18:51:58.748] [debug] checkForUpdatesAndNotify called, downloadPromise is null
[2026-05-26 19:01:58.271] [info]  Checking for update
[2026-05-26 19:01:58.271] [info]  Checking for update
[2026-05-26 19:01:58.552] [info]  Update for version 0.55.4 is not available (latest version: 0.55.4, downgrade is allowed).
[2026-05-26 19:01:58.552] [info]  Update not available: {
   "version": "0.55.4",
   "files": [
      {
         "url": "Anytype-0.55.4.AppImage",
         "sha512": "iVhg7x/IcehgFgoqn8NKBJ5Zlh1Ba0LCCfUSUA0vCgLClePi/Wa1B3K+g7FaPJ4caVLEApN+opsMXekenVAZBg==",
         "size": 255921020,
         "blockMapSize": 265104
      },
      {
         "url": "anytype_0.55.4_amd64.deb",
         "sha512": "h9AOC2BuEny0TIDmwtH3X2Z2If/U59v0urgHxEd1ttKDQnVHP3HbdrlSd6gRefM41tEvLs77AlGzVmnDQ2Lv2Q==",
         "size": 213511672
      },
      {
         "url": "anytype_0.55.4_amd64.deb",
         "sha512": "h9AOC2BuEny0TIDmwtH3X2Z2If/U59v0urgHxEd1ttKDQnVHP3HbdrlSd6gRefM41tEvLs77AlGzVmnDQ2Lv2Q==",
         "size": 213511672
      },
      {
         "url": "anytype_0.55.4_amd64.deb",
         "sha512": "h9AOC2BuEny0TIDmwtH3X2Z2If/U59v0urgHxEd1ttKDQnVHP3HbdrlSd6gRefM41tEvLs77AlGzVmnDQ2Lv2Q==",
         "size": 213511672
      },
      {
         "url": "anytype-0.55.4.x86_64.rpm",
         "sha512": "SmrdfZeSInIiRl2uzMLCDYYqz2N3gvzb4AlfD9RZnkGjKHg+N6VkdOD9p2rMGcT3cFISEvpoiFguKBKmkymYWg==",
         "size": 189025877
      },
      {
         "url": "anytype-0.55.4.x86_64.rpm",
         "sha512": "SmrdfZeSInIiRl2uzMLCDYYqz2N3gvzb4AlfD9RZnkGjKHg+N6VkdOD9p2rMGcT3cFISEvpoiFguKBKmkymYWg==",
         "size": 189025877
      },
      {
         "url": "anytype-0.55.4.x86_64.rpm",
         "sha512": "SmrdfZeSInIiRl2uzMLCDYYqz2N3gvzb4AlfD9RZnkGjKHg+N6VkdOD9p2rMGcT3cFISEvpoiFguKBKmkymYWg==",
         "size": 189025877
      }
   ],
   "path": "Anytype-0.55.4.AppImage",
   "sha512": "iVhg7x/IcehgFgoqn8NKBJ5Zlh1Ba0LCCfUSUA0vCgLClePi/Wa1B3K+g7FaPJ4caVLEApN+opsMXekenVAZBg==",
   "releaseDate": "2026-05-05T13:39:49.369Z"
}
[2026-05-26 19:01:58.552] [debug] checkForUpdatesAndNotify called, downloadPromise is null
[2026-05-26 19:11:58.278] [info]  Checking for update
[2026-05-26 19:11:58.279] [info]  Checking for update
[2026-05-26 19:11:58.563] [info]  Update for version 0.55.4 is not available (latest version: 0.55.4, downgrade is allowed).
[2026-05-26 19:11:58.563] [info]  Update not available: {
   "version": "0.55.4",
   "files": [
      {
         "url": "Anytype-0.55.4.AppImage",
         "sha512": "iVhg7x/IcehgFgoqn8NKBJ5Zlh1Ba0LCCfUSUA0vCgLClePi/Wa1B3K+g7FaPJ4caVLEApN+opsMXekenVAZBg==",
         "size": 255921020,
         "blockMapSize": 265104
      },
      {
         "url": "anytype_0.55.4_amd64.deb",
         "sha512": "h9AOC2BuEny0TIDmwtH3X2Z2If/U59v0urgHxEd1ttKDQnVHP3HbdrlSd6gRefM41tEvLs77AlGzVmnDQ2Lv2Q==",
         "size": 213511672
      },
      {
         "url": "anytype_0.55.4_amd64.deb",
         "sha512": "h9AOC2BuEny0TIDmwtH3X2Z2If/U59v0urgHxEd1ttKDQnVHP3HbdrlSd6gRefM41tEvLs77AlGzVmnDQ2Lv2Q==",
         "size": 213511672
      },
      {
         "url": "anytype_0.55.4_amd64.deb",
         "sha512": "h9AOC2BuEny0TIDmwtH3X2Z2If/U59v0urgHxEd1ttKDQnVHP3HbdrlSd6gRefM41tEvLs77AlGzVmnDQ2Lv2Q==",
         "size": 213511672
      },
      {
         "url": "anytype-0.55.4.x86_64.rpm",
         "sha512": "SmrdfZeSInIiRl2uzMLCDYYqz2N3gvzb4AlfD9RZnkGjKHg+N6VkdOD9p2rMGcT3cFISEvpoiFguKBKmkymYWg==",
         "size": 189025877
      },
      {
         "url": "anytype-0.55.4.x86_64.rpm",
         "sha512": "SmrdfZeSInIiRl2uzMLCDYYqz2N3gvzb4AlfD9RZnkGjKHg+N6VkdOD9p2rMGcT3cFISEvpoiFguKBKmkymYWg==",
         "size": 189025877
      },
      {
         "url": "anytype-0.55.4.x86_64.rpm",
         "sha512": "SmrdfZeSInIiRl2uzMLCDYYqz2N3gvzb4AlfD9RZnkGjKHg+N6VkdOD9p2rMGcT3cFISEvpoiFguKBKmkymYWg==",
         "size": 189025877
      }
   ],
   "path": "Anytype-0.55.4.AppImage",
   "sha512": "iVhg7x/IcehgFgoqn8NKBJ5Zlh1Ba0LCCfUSUA0vCgLClePi/Wa1B3K+g7FaPJ4caVLEApN+opsMXekenVAZBg==",
   "releaseDate": "2026-05-05T13:39:49.369Z"
}
[2026-05-26 19:11:58.564] [debug] checkForUpdatesAndNotify called, downloadPromise is null
[2026-05-26 19:15:51.109] [info]  closeMain: undefined
[2026-05-26 19:21:58.304] [info]  Checking for update
[2026-05-26 19:21:58.304] [info]  Checking for update
[2026-05-26 19:21:58.685] [info]  Update for version 0.55.4 is not available (latest version: 0.55.4, downgrade is allowed).
[2026-05-26 19:21:58.685] [info]  Update not available: {
   "version": "0.55.4",
   "files": [
      {
         "url": "Anytype-0.55.4.AppImage",
         "sha512": "iVhg7x/IcehgFgoqn8NKBJ5Zlh1Ba0LCCfUSUA0vCgLClePi/Wa1B3K+g7FaPJ4caVLEApN+opsMXekenVAZBg==",
         "size": 255921020,
         "blockMapSize": 265104
      },
      {
         "url": "anytype_0.55.4_amd64.deb",
         "sha512": "h9AOC2BuEny0TIDmwtH3X2Z2If/U59v0urgHxEd1ttKDQnVHP3HbdrlSd6gRefM41tEvLs77AlGzVmnDQ2Lv2Q==",
         "size": 213511672
      },
      {
         "url": "anytype_0.55.4_amd64.deb",
         "sha512": "h9AOC2BuEny0TIDmwtH3X2Z2If/U59v0urgHxEd1ttKDQnVHP3HbdrlSd6gRefM41tEvLs77AlGzVmnDQ2Lv2Q==",
         "size": 213511672
      },
      {
         "url": "anytype_0.55.4_amd64.deb",
         "sha512": "h9AOC2BuEny0TIDmwtH3X2Z2If/U59v0urgHxEd1ttKDQnVHP3HbdrlSd6gRefM41tEvLs77AlGzVmnDQ2Lv2Q==",
         "size": 213511672
      },
      {
         "url": "anytype-0.55.4.x86_64.rpm",
         "sha512": "SmrdfZeSInIiRl2uzMLCDYYqz2N3gvzb4AlfD9RZnkGjKHg+N6VkdOD9p2rMGcT3cFISEvpoiFguKBKmkymYWg==",
         "size": 189025877
      },
      {
         "url": "anytype-0.55.4.x86_64.rpm",
         "sha512": "SmrdfZeSInIiRl2uzMLCDYYqz2N3gvzb4AlfD9RZnkGjKHg+N6VkdOD9p2rMGcT3cFISEvpoiFguKBKmkymYWg==",
         "size": 189025877
      },
      {
         "url": "anytype-0.55.4.x86_64.rpm",
         "sha512": "SmrdfZeSInIiRl2uzMLCDYYqz2N3gvzb4AlfD9RZnkGjKHg+N6VkdOD9p2rMGcT3cFISEvpoiFguKBKmkymYWg==",
         "size": 189025877
      }
   ],
   "path": "Anytype-0.55.4.AppImage",
   "sha512": "iVhg7x/IcehgFgoqn8NKBJ5Zlh1Ba0LCCfUSUA0vCgLClePi/Wa1B3K+g7FaPJ4caVLEApN+opsMXekenVAZBg==",
   "releaseDate": "2026-05-05T13:39:49.369Z"
}
[2026-05-26 19:21:58.686] [debug] checkForUpdatesAndNotify called, downloadPromise is null
[2026-05-26 19:31:58.370] [info]  Checking for update
[2026-05-26 19:31:58.371] [info]  Checking for update
[2026-05-26 19:31:58.663] [info]  Update for version 0.55.4 is not available (latest version: 0.55.4, downgrade is allowed).
[2026-05-26 19:31:58.663] [info]  Update not available: {
   "version": "0.55.4",
   "files": [
      {
         "url": "Anytype-0.55.4.AppImage",
         "sha512": "iVhg7x/IcehgFgoqn8NKBJ5Zlh1Ba0LCCfUSUA0vCgLClePi/Wa1B3K+g7FaPJ4caVLEApN+opsMXekenVAZBg==",
         "size": 255921020,
         "blockMapSize": 265104
      },
      {
         "url": "anytype_0.55.4_amd64.deb",
         "sha512": "h9AOC2BuEny0TIDmwtH3X2Z2If/U59v0urgHxEd1ttKDQnVHP3HbdrlSd6gRefM41tEvLs77AlGzVmnDQ2Lv2Q==",
         "size": 213511672
      },
      {
         "url": "anytype_0.55.4_amd64.deb",
         "sha512": "h9AOC2BuEny0TIDmwtH3X2Z2If/U59v0urgHxEd1ttKDQnVHP3HbdrlSd6gRefM41tEvLs77AlGzVmnDQ2Lv2Q==",
         "size": 213511672
      },
      {
         "url": "anytype_0.55.4_amd64.deb",
         "sha512": "h9AOC2BuEny0TIDmwtH3X2Z2If/U59v0urgHxEd1ttKDQnVHP3HbdrlSd6gRefM41tEvLs77AlGzVmnDQ2Lv2Q==",
         "size": 213511672
      },
      {
         "url": "anytype-0.55.4.x86_64.rpm",
         "sha512": "SmrdfZeSInIiRl2uzMLCDYYqz2N3gvzb4AlfD9RZnkGjKHg+N6VkdOD9p2rMGcT3cFISEvpoiFguKBKmkymYWg==",
         "size": 189025877
      },
      {
         "url": "anytype-0.55.4.x86_64.rpm",
         "sha512": "SmrdfZeSInIiRl2uzMLCDYYqz2N3gvzb4AlfD9RZnkGjKHg+N6VkdOD9p2rMGcT3cFISEvpoiFguKBKmkymYWg==",
         "size": 189025877
      },
      {
         "url": "anytype-0.55.4.x86_64.rpm",
         "sha512": "SmrdfZeSInIiRl2uzMLCDYYqz2N3gvzb4AlfD9RZnkGjKHg+N6VkdOD9p2rMGcT3cFISEvpoiFguKBKmkymYWg==",
         "size": 189025877
      }
   ],
   "path": "Anytype-0.55.4.AppImage",
   "sha512": "iVhg7x/IcehgFgoqn8NKBJ5Zlh1Ba0LCCfUSUA0vCgLClePi/Wa1B3K+g7FaPJ4caVLEApN+opsMXekenVAZBg==",
   "releaseDate": "2026-05-05T13:39:49.369Z"
}
[2026-05-26 19:31:58.663] [debug] checkForUpdatesAndNotify called, downloadPromise is null
[2026-05-26 19:41:58.470] [info]  Checking for update
[2026-05-26 19:41:58.471] [info]  Checking for update
[2026-05-26 19:41:58.762] [info]  Update for version 0.55.4 is not available (latest version: 0.55.4, downgrade is allowed).
[2026-05-26 19:41:58.762] [info]  Update not available: {
   "version": "0.55.4",
   "files": [
      {
         "url": "Anytype-0.55.4.AppImage",
         "sha512": "iVhg7x/IcehgFgoqn8NKBJ5Zlh1Ba0LCCfUSUA0vCgLClePi/Wa1B3K+g7FaPJ4caVLEApN+opsMXekenVAZBg==",
         "size": 255921020,
         "blockMapSize": 265104
      },
      {
         "url": "anytype_0.55.4_amd64.deb",
         "sha512": "h9AOC2BuEny0TIDmwtH3X2Z2If/U59v0urgHxEd1ttKDQnVHP3HbdrlSd6gRefM41tEvLs77AlGzVmnDQ2Lv2Q==",
         "size": 213511672
      },
      {
         "url": "anytype_0.55.4_amd64.deb",
         "sha512": "h9AOC2BuEny0TIDmwtH3X2Z2If/U59v0urgHxEd1ttKDQnVHP3HbdrlSd6gRefM41tEvLs77AlGzVmnDQ2Lv2Q==",
         "size": 213511672
      },
      {
         "url": "anytype_0.55.4_amd64.deb",
         "sha512": "h9AOC2BuEny0TIDmwtH3X2Z2If/U59v0urgHxEd1ttKDQnVHP3HbdrlSd6gRefM41tEvLs77AlGzVmnDQ2Lv2Q==",
         "size": 213511672
      },
      {
         "url": "anytype-0.55.4.x86_64.rpm",
         "sha512": "SmrdfZeSInIiRl2uzMLCDYYqz2N3gvzb4AlfD9RZnkGjKHg+N6VkdOD9p2rMGcT3cFISEvpoiFguKBKmkymYWg==",
         "size": 189025877
      },
      {
         "url": "anytype-0.55.4.x86_64.rpm",
         "sha512": "SmrdfZeSInIiRl2uzMLCDYYqz2N3gvzb4AlfD9RZnkGjKHg+N6VkdOD9p2rMGcT3cFISEvpoiFguKBKmkymYWg==",
         "size": 189025877
      },
      {
         "url": "anytype-0.55.4.x86_64.rpm",
         "sha512": "SmrdfZeSInIiRl2uzMLCDYYqz2N3gvzb4AlfD9RZnkGjKHg+N6VkdOD9p2rMGcT3cFISEvpoiFguKBKmkymYWg==",
         "size": 189025877
      }
   ],
   "path": "Anytype-0.55.4.AppImage",
   "sha512": "iVhg7x/IcehgFgoqn8NKBJ5Zlh1Ba0LCCfUSUA0vCgLClePi/Wa1B3K+g7FaPJ4caVLEApN+opsMXekenVAZBg==",
   "releaseDate": "2026-05-05T13:39:49.369Z"
}
[2026-05-26 19:41:58.762] [debug] checkForUpdatesAndNotify called, downloadPromise is null
[2026-05-26 19:51:58.518] [info]  Checking for update
[2026-05-26 19:51:58.518] [info]  Checking for update
[2026-05-26 19:51:59.117] [info]  Update for version 0.55.4 is not available (latest version: 0.55.4, downgrade is allowed).
[2026-05-26 19:51:59.117] [info]  Update not available: {
   "version": "0.55.4",
   "files": [
      {
         "url": "Anytype-0.55.4.AppImage",
         "sha512": "iVhg7x/IcehgFgoqn8NKBJ5Zlh1Ba0LCCfUSUA0vCgLClePi/Wa1B3K+g7FaPJ4caVLEApN+opsMXekenVAZBg==",
         "size": 255921020,
         "blockMapSize": 265104
      },
      {
         "url": "anytype_0.55.4_amd64.deb",
         "sha512": "h9AOC2BuEny0TIDmwtH3X2Z2If/U59v0urgHxEd1ttKDQnVHP3HbdrlSd6gRefM41tEvLs77AlGzVmnDQ2Lv2Q==",
         "size": 213511672
      },
      {
         "url": "anytype_0.55.4_amd64.deb",
         "sha512": "h9AOC2BuEny0TIDmwtH3X2Z2If/U59v0urgHxEd1ttKDQnVHP3HbdrlSd6gRefM41tEvLs77AlGzVmnDQ2Lv2Q==",
         "size": 213511672
      },
      {
         "url": "anytype_0.55.4_amd64.deb",
         "sha512": "h9AOC2BuEny0TIDmwtH3X2Z2If/U59v0urgHxEd1ttKDQnVHP3HbdrlSd6gRefM41tEvLs77AlGzVmnDQ2Lv2Q==",
         "size": 213511672
      },
      {
         "url": "anytype-0.55.4.x86_64.rpm",
         "sha512": "SmrdfZeSInIiRl2uzMLCDYYqz2N3gvzb4AlfD9RZnkGjKHg+N6VkdOD9p2rMGcT3cFISEvpoiFguKBKmkymYWg==",
         "size": 189025877
      },
      {
         "url": "anytype-0.55.4.x86_64.rpm",
         "sha512": "SmrdfZeSInIiRl2uzMLCDYYqz2N3gvzb4AlfD9RZnkGjKHg+N6VkdOD9p2rMGcT3cFISEvpoiFguKBKmkymYWg==",
         "size": 189025877
      },
      {
         "url": "anytype-0.55.4.x86_64.rpm",
         "sha512": "SmrdfZeSInIiRl2uzMLCDYYqz2N3gvzb4AlfD9RZnkGjKHg+N6VkdOD9p2rMGcT3cFISEvpoiFguKBKmkymYWg==",
         "size": 189025877
      }
   ],
   "path": "Anytype-0.55.4.AppImage",
   "sha512": "iVhg7x/IcehgFgoqn8NKBJ5Zlh1Ba0LCCfUSUA0vCgLClePi/Wa1B3K+g7FaPJ4caVLEApN+opsMXekenVAZBg==",
   "releaseDate": "2026-05-05T13:39:49.369Z"
}
[2026-05-26 19:51:59.117] [debug] checkForUpdatesAndNotify called, downloadPromise is null
[2026-05-26 20:01:58.566] [info]  Checking for update
[2026-05-26 20:01:58.566] [info]  Checking for update
[2026-05-26 20:01:58.853] [info]  Update for version 0.55.4 is not available (latest version: 0.55.4, downgrade is allowed).
[2026-05-26 20:01:58.853] [info]  Update not available: {
   "version": "0.55.4",
   "files": [
      {
         "url": "Anytype-0.55.4.AppImage",
         "sha512": "iVhg7x/IcehgFgoqn8NKBJ5Zlh1Ba0LCCfUSUA0vCgLClePi/Wa1B3K+g7FaPJ4caVLEApN+opsMXekenVAZBg==",
         "size": 255921020,
         "blockMapSize": 265104
      },
      {
         "url": "anytype_0.55.4_amd64.deb",
         "sha512": "h9AOC2BuEny0TIDmwtH3X2Z2If/U59v0urgHxEd1ttKDQnVHP3HbdrlSd6gRefM41tEvLs77AlGzVmnDQ2Lv2Q==",
         "size": 213511672
      },
      {
         "url": "anytype_0.55.4_amd64.deb",
         "sha512": "h9AOC2BuEny0TIDmwtH3X2Z2If/U59v0urgHxEd1ttKDQnVHP3HbdrlSd6gRefM41tEvLs77AlGzVmnDQ2Lv2Q==",
         "size": 213511672
      },
      {
         "url": "anytype_0.55.4_amd64.deb",
         "sha512": "h9AOC2BuEny0TIDmwtH3X2Z2If/U59v0urgHxEd1ttKDQnVHP3HbdrlSd6gRefM41tEvLs77AlGzVmnDQ2Lv2Q==",
         "size": 213511672
      },
      {
         "url": "anytype-0.55.4.x86_64.rpm",
         "sha512": "SmrdfZeSInIiRl2uzMLCDYYqz2N3gvzb4AlfD9RZnkGjKHg+N6VkdOD9p2rMGcT3cFISEvpoiFguKBKmkymYWg==",
         "size": 189025877
      },
      {
         "url": "anytype-0.55.4.x86_64.rpm",
         "sha512": "SmrdfZeSInIiRl2uzMLCDYYqz2N3gvzb4AlfD9RZnkGjKHg+N6VkdOD9p2rMGcT3cFISEvpoiFguKBKmkymYWg==",
         "size": 189025877
      },
      {
         "url": "anytype-0.55.4.x86_64.rpm",
         "sha512": "SmrdfZeSInIiRl2uzMLCDYYqz2N3gvzb4AlfD9RZnkGjKHg+N6VkdOD9p2rMGcT3cFISEvpoiFguKBKmkymYWg==",
         "size": 189025877
      }
   ],
   "path": "Anytype-0.55.4.AppImage",
   "sha512": "iVhg7x/IcehgFgoqn8NKBJ5Zlh1Ba0LCCfUSUA0vCgLClePi/Wa1B3K+g7FaPJ4caVLEApN+opsMXekenVAZBg==",
   "releaseDate": "2026-05-05T13:39:49.369Z"
}
[2026-05-26 20:01:58.854] [debug] checkForUpdatesAndNotify called, downloadPromise is null
[2026-05-26 20:11:58.573] [info]  Checking for update
[2026-05-26 20:11:58.573] [info]  Checking for update
[2026-05-26 20:11:58.846] [info]  Update for version 0.55.4 is not available (latest version: 0.55.4, downgrade is allowed).
[2026-05-26 20:11:58.847] [info]  Update not available: {
   "version": "0.55.4",
   "files": [
      {
         "url": "Anytype-0.55.4.AppImage",
         "sha512": "iVhg7x/IcehgFgoqn8NKBJ5Zlh1Ba0LCCfUSUA0vCgLClePi/Wa1B3K+g7FaPJ4caVLEApN+opsMXekenVAZBg==",
         "size": 255921020,
         "blockMapSize": 265104
      },
      {
         "url": "anytype_0.55.4_amd64.deb",
         "sha512": "h9AOC2BuEny0TIDmwtH3X2Z2If/U59v0urgHxEd1ttKDQnVHP3HbdrlSd6gRefM41tEvLs77AlGzVmnDQ2Lv2Q==",
         "size": 213511672
      },
      {
         "url": "anytype_0.55.4_amd64.deb",
         "sha512": "h9AOC2BuEny0TIDmwtH3X2Z2If/U59v0urgHxEd1ttKDQnVHP3HbdrlSd6gRefM41tEvLs77AlGzVmnDQ2Lv2Q==",
         "size": 213511672
      },
      {
         "url": "anytype_0.55.4_amd64.deb",
         "sha512": "h9AOC2BuEny0TIDmwtH3X2Z2If/U59v0urgHxEd1ttKDQnVHP3HbdrlSd6gRefM41tEvLs77AlGzVmnDQ2Lv2Q==",
         "size": 213511672
      },
      {
         "url": "anytype-0.55.4.x86_64.rpm",
         "sha512": "SmrdfZeSInIiRl2uzMLCDYYqz2N3gvzb4AlfD9RZnkGjKHg+N6VkdOD9p2rMGcT3cFISEvpoiFguKBKmkymYWg==",
         "size": 189025877
      },
      {
         "url": "anytype-0.55.4.x86_64.rpm",
         "sha512": "SmrdfZeSInIiRl2uzMLCDYYqz2N3gvzb4AlfD9RZnkGjKHg+N6VkdOD9p2rMGcT3cFISEvpoiFguKBKmkymYWg==",
         "size": 189025877
      },
      {
         "url": "anytype-0.55.4.x86_64.rpm",
         "sha512": "SmrdfZeSInIiRl2uzMLCDYYqz2N3gvzb4AlfD9RZnkGjKHg+N6VkdOD9p2rMGcT3cFISEvpoiFguKBKmkymYWg==",
         "size": 189025877
      }
   ],
   "path": "Anytype-0.55.4.AppImage",
   "sha512": "iVhg7x/IcehgFgoqn8NKBJ5Zlh1Ba0LCCfUSUA0vCgLClePi/Wa1B3K+g7FaPJ4caVLEApN+opsMXekenVAZBg==",
   "releaseDate": "2026-05-05T13:39:49.369Z"
}
[2026-05-26 20:11:58.847] [debug] checkForUpdatesAndNotify called, downloadPromise is null
[2026-05-26 20:21:58.592] [info]  Checking for update
[2026-05-26 20:21:58.592] [info]  Checking for update
[2026-05-26 20:21:58.863] [info]  Update for version 0.55.4 is not available (latest version: 0.55.4, downgrade is allowed).
[2026-05-26 20:21:58.863] [info]  Update not available: {
   "version": "0.55.4",
   "files": [
      {
         "url": "Anytype-0.55.4.AppImage",
         "sha512": "iVhg7x/IcehgFgoqn8NKBJ5Zlh1Ba0LCCfUSUA0vCgLClePi/Wa1B3K+g7FaPJ4caVLEApN+opsMXekenVAZBg==",
         "size": 255921020,
         "blockMapSize": 265104
      },
      {
         "url": "anytype_0.55.4_amd64.deb",
         "sha512": "h9AOC2BuEny0TIDmwtH3X2Z2If/U59v0urgHxEd1ttKDQnVHP3HbdrlSd6gRefM41tEvLs77AlGzVmnDQ2Lv2Q==",
         "size": 213511672
      },
      {
         "url": "anytype_0.55.4_amd64.deb",
         "sha512": "h9AOC2BuEny0TIDmwtH3X2Z2If/U59v0urgHxEd1ttKDQnVHP3HbdrlSd6gRefM41tEvLs77AlGzVmnDQ2Lv2Q==",
         "size": 213511672
      },
      {
         "url": "anytype_0.55.4_amd64.deb",
         "sha512": "h9AOC2BuEny0TIDmwtH3X2Z2If/U59v0urgHxEd1ttKDQnVHP3HbdrlSd6gRefM41tEvLs77AlGzVmnDQ2Lv2Q==",
         "size": 213511672
      },
      {
         "url": "anytype-0.55.4.x86_64.rpm",
         "sha512": "SmrdfZeSInIiRl2uzMLCDYYqz2N3gvzb4AlfD9RZnkGjKHg+N6VkdOD9p2rMGcT3cFISEvpoiFguKBKmkymYWg==",
         "size": 189025877
      },
      {
         "url": "anytype-0.55.4.x86_64.rpm",
         "sha512": "SmrdfZeSInIiRl2uzMLCDYYqz2N3gvzb4AlfD9RZnkGjKHg+N6VkdOD9p2rMGcT3cFISEvpoiFguKBKmkymYWg==",
         "size": 189025877
      },
      {
         "url": "anytype-0.55.4.x86_64.rpm",
         "sha512": "SmrdfZeSInIiRl2uzMLCDYYqz2N3gvzb4AlfD9RZnkGjKHg+N6VkdOD9p2rMGcT3cFISEvpoiFguKBKmkymYWg==",
         "size": 189025877
      }
   ],
   "path": "Anytype-0.55.4.AppImage",
   "sha512": "iVhg7x/IcehgFgoqn8NKBJ5Zlh1Ba0LCCfUSUA0vCgLClePi/Wa1B3K+g7FaPJ4caVLEApN+opsMXekenVAZBg==",
   "releaseDate": "2026-05-05T13:39:49.369Z"
}
[2026-05-26 20:21:58.864] [debug] checkForUpdatesAndNotify called, downloadPromise is null
[2026-05-26 20:31:58.646] [info]  Checking for update
[2026-05-26 20:31:58.647] [info]  Checking for update
[2026-05-26 20:31:58.958] [info]  Update for version 0.55.4 is not available (latest version: 0.55.4, downgrade is allowed).
[2026-05-26 20:31:58.959] [info]  Update not available: {
   "version": "0.55.4",
   "files": [
      {
         "url": "Anytype-0.55.4.AppImage",
         "sha512": "iVhg7x/IcehgFgoqn8NKBJ5Zlh1Ba0LCCfUSUA0vCgLClePi/Wa1B3K+g7FaPJ4caVLEApN+opsMXekenVAZBg==",
         "size": 255921020,
         "blockMapSize": 265104
      },
      {
         "url": "anytype_0.55.4_amd64.deb",
         "sha512": "h9AOC2BuEny0TIDmwtH3X2Z2If/U59v0urgHxEd1ttKDQnVHP3HbdrlSd6gRefM41tEvLs77AlGzVmnDQ2Lv2Q==",
         "size": 213511672
      },
      {
         "url": "anytype_0.55.4_amd64.deb",
         "sha512": "h9AOC2BuEny0TIDmwtH3X2Z2If/U59v0urgHxEd1ttKDQnVHP3HbdrlSd6gRefM41tEvLs77AlGzVmnDQ2Lv2Q==",
         "size": 213511672
      },
      {
         "url": "anytype_0.55.4_amd64.deb",
         "sha512": "h9AOC2BuEny0TIDmwtH3X2Z2If/U59v0urgHxEd1ttKDQnVHP3HbdrlSd6gRefM41tEvLs77AlGzVmnDQ2Lv2Q==",
         "size": 213511672
      },
      {
         "url": "anytype-0.55.4.x86_64.rpm",
         "sha512": "SmrdfZeSInIiRl2uzMLCDYYqz2N3gvzb4AlfD9RZnkGjKHg+N6VkdOD9p2rMGcT3cFISEvpoiFguKBKmkymYWg==",
         "size": 189025877
      },
      {
         "url": "anytype-0.55.4.x86_64.rpm",
         "sha512": "SmrdfZeSInIiRl2uzMLCDYYqz2N3gvzb4AlfD9RZnkGjKHg+N6VkdOD9p2rMGcT3cFISEvpoiFguKBKmkymYWg==",
         "size": 189025877
      },
      {
         "url": "anytype-0.55.4.x86_64.rpm",
         "sha512": "SmrdfZeSInIiRl2uzMLCDYYqz2N3gvzb4AlfD9RZnkGjKHg+N6VkdOD9p2rMGcT3cFISEvpoiFguKBKmkymYWg==",
         "size": 189025877
      }
   ],
   "path": "Anytype-0.55.4.AppImage",
   "sha512": "iVhg7x/IcehgFgoqn8NKBJ5Zlh1Ba0LCCfUSUA0vCgLClePi/Wa1B3K+g7FaPJ4caVLEApN+opsMXekenVAZBg==",
   "releaseDate": "2026-05-05T13:39:49.369Z"
}
[2026-05-26 20:31:58.959] [debug] checkForUpdatesAndNotify called, downloadPromise is null
[2026-05-26 20:41:58.748] [info]  Checking for update
[2026-05-26 20:41:58.748] [info]  Checking for update
[2026-05-26 20:41:59.035] [info]  Update for version 0.55.4 is not available (latest version: 0.55.4, downgrade is allowed).
[2026-05-26 20:41:59.035] [info]  Update not available: {
   "version": "0.55.4",
   "files": [
      {
         "url": "Anytype-0.55.4.AppImage",
         "sha512": "iVhg7x/IcehgFgoqn8NKBJ5Zlh1Ba0LCCfUSUA0vCgLClePi/Wa1B3K+g7FaPJ4caVLEApN+opsMXekenVAZBg==",
         "size": 255921020,
         "blockMapSize": 265104
      },
      {
         "url": "anytype_0.55.4_amd64.deb",
         "sha512": "h9AOC2BuEny0TIDmwtH3X2Z2If/U59v0urgHxEd1ttKDQnVHP3HbdrlSd6gRefM41tEvLs77AlGzVmnDQ2Lv2Q==",
         "size": 213511672
      },
      {
         "url": "anytype_0.55.4_amd64.deb",
         "sha512": "h9AOC2BuEny0TIDmwtH3X2Z2If/U59v0urgHxEd1ttKDQnVHP3HbdrlSd6gRefM41tEvLs77AlGzVmnDQ2Lv2Q==",
         "size": 213511672
      },
      {
         "url": "anytype_0.55.4_amd64.deb",
         "sha512": "h9AOC2BuEny0TIDmwtH3X2Z2If/U59v0urgHxEd1ttKDQnVHP3HbdrlSd6gRefM41tEvLs77AlGzVmnDQ2Lv2Q==",
         "size": 213511672
      },
      {
         "url": "anytype-0.55.4.x86_64.rpm",
         "sha512": "SmrdfZeSInIiRl2uzMLCDYYqz2N3gvzb4AlfD9RZnkGjKHg+N6VkdOD9p2rMGcT3cFISEvpoiFguKBKmkymYWg==",
         "size": 189025877
      },
      {
         "url": "anytype-0.55.4.x86_64.rpm",
         "sha512": "SmrdfZeSInIiRl2uzMLCDYYqz2N3gvzb4AlfD9RZnkGjKHg+N6VkdOD9p2rMGcT3cFISEvpoiFguKBKmkymYWg==",
         "size": 189025877
      },
      {
         "url": "anytype-0.55.4.x86_64.rpm",
         "sha512": "SmrdfZeSInIiRl2uzMLCDYYqz2N3gvzb4AlfD9RZnkGjKHg+N6VkdOD9p2rMGcT3cFISEvpoiFguKBKmkymYWg==",
         "size": 189025877
      }
   ],
   "path": "Anytype-0.55.4.AppImage",
   "sha512": "iVhg7x/IcehgFgoqn8NKBJ5Zlh1Ba0LCCfUSUA0vCgLClePi/Wa1B3K+g7FaPJ4caVLEApN+opsMXekenVAZBg==",
   "releaseDate": "2026-05-05T13:39:49.369Z"
}
[2026-05-26 20:41:59.036] [debug] checkForUpdatesAndNotify called, downloadPromise is null
[2026-05-26 20:51:58.771] [info]  Checking for update
[2026-05-26 20:51:58.771] [info]  Checking for update
[2026-05-26 20:51:59.047] [info]  Update for version 0.55.4 is not available (latest version: 0.55.4, downgrade is allowed).
[2026-05-26 20:51:59.048] [info]  Update not available: {
   "version": "0.55.4",
   "files": [
      {
         "url": "Anytype-0.55.4.AppImage",
         "sha512": "iVhg7x/IcehgFgoqn8NKBJ5Zlh1Ba0LCCfUSUA0vCgLClePi/Wa1B3K+g7FaPJ4caVLEApN+opsMXekenVAZBg==",
         "size": 255921020,
         "blockMapSize": 265104
      },
      {
         "url": "anytype_0.55.4_amd64.deb",
         "sha512": "h9AOC2BuEny0TIDmwtH3X2Z2If/U59v0urgHxEd1ttKDQnVHP3HbdrlSd6gRefM41tEvLs77AlGzVmnDQ2Lv2Q==",
         "size": 213511672
      },
      {
         "url": "anytype_0.55.4_amd64.deb",
         "sha512": "h9AOC2BuEny0TIDmwtH3X2Z2If/U59v0urgHxEd1ttKDQnVHP3HbdrlSd6gRefM41tEvLs77AlGzVmnDQ2Lv2Q==",
         "size": 213511672
      },
      {
         "url": "anytype_0.55.4_amd64.deb",
         "sha512": "h9AOC2BuEny0TIDmwtH3X2Z2If/U59v0urgHxEd1ttKDQnVHP3HbdrlSd6gRefM41tEvLs77AlGzVmnDQ2Lv2Q==",
         "size": 213511672
      },
      {
         "url": "anytype-0.55.4.x86_64.rpm",
         "sha512": "SmrdfZeSInIiRl2uzMLCDYYqz2N3gvzb4AlfD9RZnkGjKHg+N6VkdOD9p2rMGcT3cFISEvpoiFguKBKmkymYWg==",
         "size": 189025877
      },
      {
         "url": "anytype-0.55.4.x86_64.rpm",
         "sha512": "SmrdfZeSInIiRl2uzMLCDYYqz2N3gvzb4AlfD9RZnkGjKHg+N6VkdOD9p2rMGcT3cFISEvpoiFguKBKmkymYWg==",
         "size": 189025877
      },
      {
         "url": "anytype-0.55.4.x86_64.rpm",
         "sha512": "SmrdfZeSInIiRl2uzMLCDYYqz2N3gvzb4AlfD9RZnkGjKHg+N6VkdOD9p2rMGcT3cFISEvpoiFguKBKmkymYWg==",
         "size": 189025877
      }
   ],
   "path": "Anytype-0.55.4.AppImage",
   "sha512": "iVhg7x/IcehgFgoqn8NKBJ5Zlh1Ba0LCCfUSUA0vCgLClePi/Wa1B3K+g7FaPJ4caVLEApN+opsMXekenVAZBg==",
   "releaseDate": "2026-05-05T13:39:49.369Z"
}
[2026-05-26 20:51:59.048] [debug] checkForUpdatesAndNotify called, downloadPromise is null
[2026-05-26 21:01:58.818] [info]  Checking for update
[2026-05-26 21:01:58.818] [info]  Checking for update
[2026-05-26 21:01:59.104] [info]  Update for version 0.55.4 is not available (latest version: 0.55.4, downgrade is allowed).
[2026-05-26 21:01:59.104] [info]  Update not available: {
   "version": "0.55.4",
   "files": [
      {
         "url": "Anytype-0.55.4.AppImage",
         "sha512": "iVhg7x/IcehgFgoqn8NKBJ5Zlh1Ba0LCCfUSUA0vCgLClePi/Wa1B3K+g7FaPJ4caVLEApN+opsMXekenVAZBg==",
         "size": 255921020,
         "blockMapSize": 265104
      },
      {
         "url": "anytype_0.55.4_amd64.deb",
         "sha512": "h9AOC2BuEny0TIDmwtH3X2Z2If/U59v0urgHxEd1ttKDQnVHP3HbdrlSd6gRefM41tEvLs77AlGzVmnDQ2Lv2Q==",
         "size": 213511672
      },
      {
         "url": "anytype_0.55.4_amd64.deb",
         "sha512": "h9AOC2BuEny0TIDmwtH3X2Z2If/U59v0urgHxEd1ttKDQnVHP3HbdrlSd6gRefM41tEvLs77AlGzVmnDQ2Lv2Q==",
         "size": 213511672
      },
      {
         "url": "anytype_0.55.4_amd64.deb",
         "sha512": "h9AOC2BuEny0TIDmwtH3X2Z2If/U59v0urgHxEd1ttKDQnVHP3HbdrlSd6gRefM41tEvLs77AlGzVmnDQ2Lv2Q==",
         "size": 213511672
      },
      {
         "url": "anytype-0.55.4.x86_64.rpm",
         "sha512": "SmrdfZeSInIiRl2uzMLCDYYqz2N3gvzb4AlfD9RZnkGjKHg+N6VkdOD9p2rMGcT3cFISEvpoiFguKBKmkymYWg==",
         "size": 189025877
      },
      {
         "url": "anytype-0.55.4.x86_64.rpm",
         "sha512": "SmrdfZeSInIiRl2uzMLCDYYqz2N3gvzb4AlfD9RZnkGjKHg+N6VkdOD9p2rMGcT3cFISEvpoiFguKBKmkymYWg==",
         "size": 189025877
      },
      {
         "url": "anytype-0.55.4.x86_64.rpm",
         "sha512": "SmrdfZeSInIiRl2uzMLCDYYqz2N3gvzb4AlfD9RZnkGjKHg+N6VkdOD9p2rMGcT3cFISEvpoiFguKBKmkymYWg==",
         "size": 189025877
      }
   ],
   "path": "Anytype-0.55.4.AppImage",
   "sha512": "iVhg7x/IcehgFgoqn8NKBJ5Zlh1Ba0LCCfUSUA0vCgLClePi/Wa1B3K+g7FaPJ4caVLEApN+opsMXekenVAZBg==",
   "releaseDate": "2026-05-05T13:39:49.369Z"
}
[2026-05-26 21:01:59.105] [debug] checkForUpdatesAndNotify called, downloadPromise is null
[2026-05-26 21:11:58.845] [info]  Checking for update
[2026-05-26 21:11:58.845] [info]  Checking for update
[2026-05-26 21:11:59.131] [info]  Update for version 0.55.4 is not available (latest version: 0.55.4, downgrade is allowed).
[2026-05-26 21:11:59.131] [info]  Update not available: {
   "version": "0.55.4",
   "files": [
      {
         "url": "Anytype-0.55.4.AppImage",
         "sha512": "iVhg7x/IcehgFgoqn8NKBJ5Zlh1Ba0LCCfUSUA0vCgLClePi/Wa1B3K+g7FaPJ4caVLEApN+opsMXekenVAZBg==",
         "size": 255921020,
         "blockMapSize": 265104
      },
      {
         "url": "anytype_0.55.4_amd64.deb",
         "sha512": "h9AOC2BuEny0TIDmwtH3X2Z2If/U59v0urgHxEd1ttKDQnVHP3HbdrlSd6gRefM41tEvLs77AlGzVmnDQ2Lv2Q==",
         "size": 213511672
      },
      {
         "url": "anytype_0.55.4_amd64.deb",
         "sha512": "h9AOC2BuEny0TIDmwtH3X2Z2If/U59v0urgHxEd1ttKDQnVHP3HbdrlSd6gRefM41tEvLs77AlGzVmnDQ2Lv2Q==",
         "size": 213511672
      },
      {
         "url": "anytype_0.55.4_amd64.deb",
         "sha512": "h9AOC2BuEny0TIDmwtH3X2Z2If/U59v0urgHxEd1ttKDQnVHP3HbdrlSd6gRefM41tEvLs77AlGzVmnDQ2Lv2Q==",
         "size": 213511672
      },
      {
         "url": "anytype-0.55.4.x86_64.rpm",
         "sha512": "SmrdfZeSInIiRl2uzMLCDYYqz2N3gvzb4AlfD9RZnkGjKHg+N6VkdOD9p2rMGcT3cFISEvpoiFguKBKmkymYWg==",
         "size": 189025877
      },
      {
         "url": "anytype-0.55.4.x86_64.rpm",
         "sha512": "SmrdfZeSInIiRl2uzMLCDYYqz2N3gvzb4AlfD9RZnkGjKHg+N6VkdOD9p2rMGcT3cFISEvpoiFguKBKmkymYWg==",
         "size": 189025877
      },
      {
         "url": "anytype-0.55.4.x86_64.rpm",
         "sha512": "SmrdfZeSInIiRl2uzMLCDYYqz2N3gvzb4AlfD9RZnkGjKHg+N6VkdOD9p2rMGcT3cFISEvpoiFguKBKmkymYWg==",
         "size": 189025877
      }
   ],
   "path": "Anytype-0.55.4.AppImage",
   "sha512": "iVhg7x/IcehgFgoqn8NKBJ5Zlh1Ba0LCCfUSUA0vCgLClePi/Wa1B3K+g7FaPJ4caVLEApN+opsMXekenVAZBg==",
   "releaseDate": "2026-05-05T13:39:49.369Z"
}
[2026-05-26 21:11:59.131] [debug] checkForUpdatesAndNotify called, downloadPromise is null
[2026-05-26 21:21:58.852] [info]  Checking for update
[2026-05-26 21:21:58.852] [info]  Checking for update
[2026-05-26 21:21:59.126] [info]  Update for version 0.55.4 is not available (latest version: 0.55.4, downgrade is allowed).
[2026-05-26 21:21:59.127] [info]  Update not available: {
   "version": "0.55.4",
   "files": [
      {
         "url": "Anytype-0.55.4.AppImage",
         "sha512": "iVhg7x/IcehgFgoqn8NKBJ5Zlh1Ba0LCCfUSUA0vCgLClePi/Wa1B3K+g7FaPJ4caVLEApN+opsMXekenVAZBg==",
         "size": 255921020,
         "blockMapSize": 265104
      },
      {
         "url": "anytype_0.55.4_amd64.deb",
         "sha512": "h9AOC2BuEny0TIDmwtH3X2Z2If/U59v0urgHxEd1ttKDQnVHP3HbdrlSd6gRefM41tEvLs77AlGzVmnDQ2Lv2Q==",
         "size": 213511672
      },
      {
         "url": "anytype_0.55.4_amd64.deb",
         "sha512": "h9AOC2BuEny0TIDmwtH3X2Z2If/U59v0urgHxEd1ttKDQnVHP3HbdrlSd6gRefM41tEvLs77AlGzVmnDQ2Lv2Q==",
         "size": 213511672
      },
      {
         "url": "anytype_0.55.4_amd64.deb",
         "sha512": "h9AOC2BuEny0TIDmwtH3X2Z2If/U59v0urgHxEd1ttKDQnVHP3HbdrlSd6gRefM41tEvLs77AlGzVmnDQ2Lv2Q==",
         "size": 213511672
      },
      {
         "url": "anytype-0.55.4.x86_64.rpm",
         "sha512": "SmrdfZeSInIiRl2uzMLCDYYqz2N3gvzb4AlfD9RZnkGjKHg+N6VkdOD9p2rMGcT3cFISEvpoiFguKBKmkymYWg==",
         "size": 189025877
      },
      {
         "url": "anytype-0.55.4.x86_64.rpm",
         "sha512": "SmrdfZeSInIiRl2uzMLCDYYqz2N3gvzb4AlfD9RZnkGjKHg+N6VkdOD9p2rMGcT3cFISEvpoiFguKBKmkymYWg==",
         "size": 189025877
      },
      {
         "url": "anytype-0.55.4.x86_64.rpm",
         "sha512": "SmrdfZeSInIiRl2uzMLCDYYqz2N3gvzb4AlfD9RZnkGjKHg+N6VkdOD9p2rMGcT3cFISEvpoiFguKBKmkymYWg==",
         "size": 189025877
      }
   ],
   "path": "Anytype-0.55.4.AppImage",
   "sha512": "iVhg7x/IcehgFgoqn8NKBJ5Zlh1Ba0LCCfUSUA0vCgLClePi/Wa1B3K+g7FaPJ4caVLEApN+opsMXekenVAZBg==",
   "releaseDate": "2026-05-05T13:39:49.369Z"
}
[2026-05-26 21:21:59.127] [debug] checkForUpdatesAndNotify called, downloadPromise is null
[2026-05-26 21:31:58.953] [info]  Checking for update
[2026-05-26 21:31:58.953] [info]  Checking for update
[2026-05-26 21:31:59.236] [info]  Update for version 0.55.4 is not available (latest version: 0.55.4, downgrade is allowed).
[2026-05-26 21:31:59.237] [info]  Update not available: {
   "version": "0.55.4",
   "files": [
      {
         "url": "Anytype-0.55.4.AppImage",
         "sha512": "iVhg7x/IcehgFgoqn8NKBJ5Zlh1Ba0LCCfUSUA0vCgLClePi/Wa1B3K+g7FaPJ4caVLEApN+opsMXekenVAZBg==",
         "size": 255921020,
         "blockMapSize": 265104
      },
      {
         "url": "anytype_0.55.4_amd64.deb",
         "sha512": "h9AOC2BuEny0TIDmwtH3X2Z2If/U59v0urgHxEd1ttKDQnVHP3HbdrlSd6gRefM41tEvLs77AlGzVmnDQ2Lv2Q==",
         "size": 213511672
      },
      {
         "url": "anytype_0.55.4_amd64.deb",
         "sha512": "h9AOC2BuEny0TIDmwtH3X2Z2If/U59v0urgHxEd1ttKDQnVHP3HbdrlSd6gRefM41tEvLs77AlGzVmnDQ2Lv2Q==",
         "size": 213511672
      },
      {
         "url": "anytype_0.55.4_amd64.deb",
         "sha512": "h9AOC2BuEny0TIDmwtH3X2Z2If/U59v0urgHxEd1ttKDQnVHP3HbdrlSd6gRefM41tEvLs77AlGzVmnDQ2Lv2Q==",
         "size": 213511672
      },
      {
         "url": "anytype-0.55.4.x86_64.rpm",
         "sha512": "SmrdfZeSInIiRl2uzMLCDYYqz2N3gvzb4AlfD9RZnkGjKHg+N6VkdOD9p2rMGcT3cFISEvpoiFguKBKmkymYWg==",
         "size": 189025877
      },
      {
         "url": "anytype-0.55.4.x86_64.rpm",
         "sha512": "SmrdfZeSInIiRl2uzMLCDYYqz2N3gvzb4AlfD9RZnkGjKHg+N6VkdOD9p2rMGcT3cFISEvpoiFguKBKmkymYWg==",
         "size": 189025877
      },
      {
         "url": "anytype-0.55.4.x86_64.rpm",
         "sha512": "SmrdfZeSInIiRl2uzMLCDYYqz2N3gvzb4AlfD9RZnkGjKHg+N6VkdOD9p2rMGcT3cFISEvpoiFguKBKmkymYWg==",
         "size": 189025877
      }
   ],
   "path": "Anytype-0.55.4.AppImage",
   "sha512": "iVhg7x/IcehgFgoqn8NKBJ5Zlh1Ba0LCCfUSUA0vCgLClePi/Wa1B3K+g7FaPJ4caVLEApN+opsMXekenVAZBg==",
   "releaseDate": "2026-05-05T13:39:49.369Z"
}
[2026-05-26 21:31:59.237] [debug] checkForUpdatesAndNotify called, downloadPromise is null
[2026-05-26 21:41:59.013] [info]  Checking for update
[2026-05-26 21:41:59.013] [info]  Checking for update
[2026-05-26 21:42:00.056] [info]  Update for version 0.55.4 is not available (latest version: 0.55.4, downgrade is allowed).
[2026-05-26 21:42:00.056] [info]  Update not available: {
   "version": "0.55.4",
   "files": [
      {
         "url": "Anytype-0.55.4.AppImage",
         "sha512": "iVhg7x/IcehgFgoqn8NKBJ5Zlh1Ba0LCCfUSUA0vCgLClePi/Wa1B3K+g7FaPJ4caVLEApN+opsMXekenVAZBg==",
         "size": 255921020,
         "blockMapSize": 265104
      },
      {
         "url": "anytype_0.55.4_amd64.deb",
         "sha512": "h9AOC2BuEny0TIDmwtH3X2Z2If/U59v0urgHxEd1ttKDQnVHP3HbdrlSd6gRefM41tEvLs77AlGzVmnDQ2Lv2Q==",
         "size": 213511672
      },
      {
         "url": "anytype_0.55.4_amd64.deb",
         "sha512": "h9AOC2BuEny0TIDmwtH3X2Z2If/U59v0urgHxEd1ttKDQnVHP3HbdrlSd6gRefM41tEvLs77AlGzVmnDQ2Lv2Q==",
         "size": 213511672
      },
      {
         "url": "anytype_0.55.4_amd64.deb",
         "sha512": "h9AOC2BuEny0TIDmwtH3X2Z2If/U59v0urgHxEd1ttKDQnVHP3HbdrlSd6gRefM41tEvLs77AlGzVmnDQ2Lv2Q==",
         "size": 213511672
      },
      {
         "url": "anytype-0.55.4.x86_64.rpm",
         "sha512": "SmrdfZeSInIiRl2uzMLCDYYqz2N3gvzb4AlfD9RZnkGjKHg+N6VkdOD9p2rMGcT3cFISEvpoiFguKBKmkymYWg==",
         "size": 189025877
      },
      {
         "url": "anytype-0.55.4.x86_64.rpm",
         "sha512": "SmrdfZeSInIiRl2uzMLCDYYqz2N3gvzb4AlfD9RZnkGjKHg+N6VkdOD9p2rMGcT3cFISEvpoiFguKBKmkymYWg==",
         "size": 189025877
      },
      {
         "url": "anytype-0.55.4.x86_64.rpm",
         "sha512": "SmrdfZeSInIiRl2uzMLCDYYqz2N3gvzb4AlfD9RZnkGjKHg+N6VkdOD9p2rMGcT3cFISEvpoiFguKBKmkymYWg==",
         "size": 189025877
      }
   ],
   "path": "Anytype-0.55.4.AppImage",
   "sha512": "iVhg7x/IcehgFgoqn8NKBJ5Zlh1Ba0LCCfUSUA0vCgLClePi/Wa1B3K+g7FaPJ4caVLEApN+opsMXekenVAZBg==",
   "releaseDate": "2026-05-05T13:39:49.369Z"
}
[2026-05-26 21:42:00.057] [debug] checkForUpdatesAndNotify called, downloadPromise is null
[2026-05-26 21:51:59.071] [info]  Checking for update
[2026-05-26 21:51:59.071] [info]  Checking for update
[2026-05-26 21:51:59.350] [info]  Update for version 0.55.4 is not available (latest version: 0.55.4, downgrade is allowed).
[2026-05-26 21:51:59.351] [info]  Update not available: {
   "version": "0.55.4",
   "files": [
      {
         "url": "Anytype-0.55.4.AppImage",
         "sha512": "iVhg7x/IcehgFgoqn8NKBJ5Zlh1Ba0LCCfUSUA0vCgLClePi/Wa1B3K+g7FaPJ4caVLEApN+opsMXekenVAZBg==",
         "size": 255921020,
         "blockMapSize": 265104
      },
      {
         "url": "anytype_0.55.4_amd64.deb",
         "sha512": "h9AOC2BuEny0TIDmwtH3X2Z2If/U59v0urgHxEd1ttKDQnVHP3HbdrlSd6gRefM41tEvLs77AlGzVmnDQ2Lv2Q==",
         "size": 213511672
      },
      {
         "url": "anytype_0.55.4_amd64.deb",
         "sha512": "h9AOC2BuEny0TIDmwtH3X2Z2If/U59v0urgHxEd1ttKDQnVHP3HbdrlSd6gRefM41tEvLs77AlGzVmnDQ2Lv2Q==",
         "size": 213511672
      },
      {
         "url": "anytype_0.55.4_amd64.deb",
         "sha512": "h9AOC2BuEny0TIDmwtH3X2Z2If/U59v0urgHxEd1ttKDQnVHP3HbdrlSd6gRefM41tEvLs77AlGzVmnDQ2Lv2Q==",
         "size": 213511672
      },
      {
         "url": "anytype-0.55.4.x86_64.rpm",
         "sha512": "SmrdfZeSInIiRl2uzMLCDYYqz2N3gvzb4AlfD9RZnkGjKHg+N6VkdOD9p2rMGcT3cFISEvpoiFguKBKmkymYWg==",
         "size": 189025877
      },
      {
         "url": "anytype-0.55.4.x86_64.rpm",
         "sha512": "SmrdfZeSInIiRl2uzMLCDYYqz2N3gvzb4AlfD9RZnkGjKHg+N6VkdOD9p2rMGcT3cFISEvpoiFguKBKmkymYWg==",
         "size": 189025877
      },
      {
         "url": "anytype-0.55.4.x86_64.rpm",
         "sha512": "SmrdfZeSInIiRl2uzMLCDYYqz2N3gvzb4AlfD9RZnkGjKHg+N6VkdOD9p2rMGcT3cFISEvpoiFguKBKmkymYWg==",
         "size": 189025877
      }
   ],
   "path": "Anytype-0.55.4.AppImage",
   "sha512": "iVhg7x/IcehgFgoqn8NKBJ5Zlh1Ba0LCCfUSUA0vCgLClePi/Wa1B3K+g7FaPJ4caVLEApN+opsMXekenVAZBg==",
   "releaseDate": "2026-05-05T13:39:49.369Z"
}
[2026-05-26 21:51:59.351] [debug] checkForUpdatesAndNotify called, downloadPromise is null
[2026-05-26 22:01:59.116] [info]  Checking for update
[2026-05-26 22:01:59.117] [info]  Checking for update
[2026-05-26 22:01:59.411] [info]  Update for version 0.55.4 is not available (latest version: 0.55.4, downgrade is allowed).
[2026-05-26 22:01:59.411] [info]  Update not available: {
   "version": "0.55.4",
   "files": [
      {
         "url": "Anytype-0.55.4.AppImage",
         "sha512": "iVhg7x/IcehgFgoqn8NKBJ5Zlh1Ba0LCCfUSUA0vCgLClePi/Wa1B3K+g7FaPJ4caVLEApN+opsMXekenVAZBg==",
         "size": 255921020,
         "blockMapSize": 265104
      },
      {
         "url": "anytype_0.55.4_amd64.deb",
         "sha512": "h9AOC2BuEny0TIDmwtH3X2Z2If/U59v0urgHxEd1ttKDQnVHP3HbdrlSd6gRefM41tEvLs77AlGzVmnDQ2Lv2Q==",
         "size": 213511672
      },
      {
         "url": "anytype_0.55.4_amd64.deb",
         "sha512": "h9AOC2BuEny0TIDmwtH3X2Z2If/U59v0urgHxEd1ttKDQnVHP3HbdrlSd6gRefM41tEvLs77AlGzVmnDQ2Lv2Q==",
         "size": 213511672
      },
      {
         "url": "anytype_0.55.4_amd64.deb",
         "sha512": "h9AOC2BuEny0TIDmwtH3X2Z2If/U59v0urgHxEd1ttKDQnVHP3HbdrlSd6gRefM41tEvLs77AlGzVmnDQ2Lv2Q==",
         "size": 213511672
      },
      {
         "url": "anytype-0.55.4.x86_64.rpm",
         "sha512": "SmrdfZeSInIiRl2uzMLCDYYqz2N3gvzb4AlfD9RZnkGjKHg+N6VkdOD9p2rMGcT3cFISEvpoiFguKBKmkymYWg==",
         "size": 189025877
      },
      {
         "url": "anytype-0.55.4.x86_64.rpm",
         "sha512": "SmrdfZeSInIiRl2uzMLCDYYqz2N3gvzb4AlfD9RZnkGjKHg+N6VkdOD9p2rMGcT3cFISEvpoiFguKBKmkymYWg==",
         "size": 189025877
      },
      {
         "url": "anytype-0.55.4.x86_64.rpm",
         "sha512": "SmrdfZeSInIiRl2uzMLCDYYqz2N3gvzb4AlfD9RZnkGjKHg+N6VkdOD9p2rMGcT3cFISEvpoiFguKBKmkymYWg==",
         "size": 189025877
      }
   ],
   "path": "Anytype-0.55.4.AppImage",
   "sha512": "iVhg7x/IcehgFgoqn8NKBJ5Zlh1Ba0LCCfUSUA0vCgLClePi/Wa1B3K+g7FaPJ4caVLEApN+opsMXekenVAZBg==",
   "releaseDate": "2026-05-05T13:39:49.369Z"
}
[2026-05-26 22:01:59.412] [debug] checkForUpdatesAndNotify called, downloadPromise is null
[2026-05-26 22:11:59.144] [info]  Checking for update
[2026-05-26 22:11:59.145] [info]  Checking for update
[2026-05-26 22:11:59.429] [info]  Update for version 0.55.4 is not available (latest version: 0.55.4, downgrade is allowed).
[2026-05-26 22:11:59.429] [info]  Update not available: {
   "version": "0.55.4",
   "files": [
      {
         "url": "Anytype-0.55.4.AppImage",
         "sha512": "iVhg7x/IcehgFgoqn8NKBJ5Zlh1Ba0LCCfUSUA0vCgLClePi/Wa1B3K+g7FaPJ4caVLEApN+opsMXekenVAZBg==",
         "size": 255921020,
         "blockMapSize": 265104
      },
      {
         "url": "anytype_0.55.4_amd64.deb",
         "sha512": "h9AOC2BuEny0TIDmwtH3X2Z2If/U59v0urgHxEd1ttKDQnVHP3HbdrlSd6gRefM41tEvLs77AlGzVmnDQ2Lv2Q==",
         "size": 213511672
      },
      {
         "url": "anytype_0.55.4_amd64.deb",
         "sha512": "h9AOC2BuEny0TIDmwtH3X2Z2If/U59v0urgHxEd1ttKDQnVHP3HbdrlSd6gRefM41tEvLs77AlGzVmnDQ2Lv2Q==",
         "size": 213511672
      },
      {
         "url": "anytype_0.55.4_amd64.deb",
         "sha512": "h9AOC2BuEny0TIDmwtH3X2Z2If/U59v0urgHxEd1ttKDQnVHP3HbdrlSd6gRefM41tEvLs77AlGzVmnDQ2Lv2Q==",
         "size": 213511672
      },
      {
         "url": "anytype-0.55.4.x86_64.rpm",
         "sha512": "SmrdfZeSInIiRl2uzMLCDYYqz2N3gvzb4AlfD9RZnkGjKHg+N6VkdOD9p2rMGcT3cFISEvpoiFguKBKmkymYWg==",
         "size": 189025877
      },
      {
         "url": "anytype-0.55.4.x86_64.rpm",
         "sha512": "SmrdfZeSInIiRl2uzMLCDYYqz2N3gvzb4AlfD9RZnkGjKHg+N6VkdOD9p2rMGcT3cFISEvpoiFguKBKmkymYWg==",
         "size": 189025877
      },
      {
         "url": "anytype-0.55.4.x86_64.rpm",
         "sha512": "SmrdfZeSInIiRl2uzMLCDYYqz2N3gvzb4AlfD9RZnkGjKHg+N6VkdOD9p2rMGcT3cFISEvpoiFguKBKmkymYWg==",
         "size": 189025877
      }
   ],
   "path": "Anytype-0.55.4.AppImage",
   "sha512": "iVhg7x/IcehgFgoqn8NKBJ5Zlh1Ba0LCCfUSUA0vCgLClePi/Wa1B3K+g7FaPJ4caVLEApN+opsMXekenVAZBg==",
   "releaseDate": "2026-05-05T13:39:49.369Z"
}
[2026-05-26 22:11:59.430] [debug] checkForUpdatesAndNotify called, downloadPromise is null
[2026-05-26 22:21:59.170] [info]  Checking for update
[2026-05-26 22:21:59.171] [info]  Checking for update
[2026-05-26 22:21:59.445] [info]  Update for version 0.55.4 is not available (latest version: 0.55.4, downgrade is allowed).
[2026-05-26 22:21:59.445] [info]  Update not available: {
   "version": "0.55.4",
   "files": [
      {
         "url": "Anytype-0.55.4.AppImage",
         "sha512": "iVhg7x/IcehgFgoqn8NKBJ5Zlh1Ba0LCCfUSUA0vCgLClePi/Wa1B3K+g7FaPJ4caVLEApN+opsMXekenVAZBg==",
         "size": 255921020,
         "blockMapSize": 265104
      },
      {
         "url": "anytype_0.55.4_amd64.deb",
         "sha512": "h9AOC2BuEny0TIDmwtH3X2Z2If/U59v0urgHxEd1ttKDQnVHP3HbdrlSd6gRefM41tEvLs77AlGzVmnDQ2Lv2Q==",
         "size": 213511672
      },
      {
         "url": "anytype_0.55.4_amd64.deb",
         "sha512": "h9AOC2BuEny0TIDmwtH3X2Z2If/U59v0urgHxEd1ttKDQnVHP3HbdrlSd6gRefM41tEvLs77AlGzVmnDQ2Lv2Q==",
         "size": 213511672
      },
      {
         "url": "anytype_0.55.4_amd64.deb",
         "sha512": "h9AOC2BuEny0TIDmwtH3X2Z2If/U59v0urgHxEd1ttKDQnVHP3HbdrlSd6gRefM41tEvLs77AlGzVmnDQ2Lv2Q==",
         "size": 213511672
      },
      {
         "url": "anytype-0.55.4.x86_64.rpm",
         "sha512": "SmrdfZeSInIiRl2uzMLCDYYqz2N3gvzb4AlfD9RZnkGjKHg+N6VkdOD9p2rMGcT3cFISEvpoiFguKBKmkymYWg==",
         "size": 189025877
      },
      {
         "url": "anytype-0.55.4.x86_64.rpm",
         "sha512": "SmrdfZeSInIiRl2uzMLCDYYqz2N3gvzb4AlfD9RZnkGjKHg+N6VkdOD9p2rMGcT3cFISEvpoiFguKBKmkymYWg==",
         "size": 189025877
      },
      {
         "url": "anytype-0.55.4.x86_64.rpm",
         "sha512": "SmrdfZeSInIiRl2uzMLCDYYqz2N3gvzb4AlfD9RZnkGjKHg+N6VkdOD9p2rMGcT3cFISEvpoiFguKBKmkymYWg==",
         "size": 189025877
      }
   ],
   "path": "Anytype-0.55.4.AppImage",
   "sha512": "iVhg7x/IcehgFgoqn8NKBJ5Zlh1Ba0LCCfUSUA0vCgLClePi/Wa1B3K+g7FaPJ4caVLEApN+opsMXekenVAZBg==",
   "releaseDate": "2026-05-05T13:39:49.369Z"
}
[2026-05-26 22:21:59.446] [debug] checkForUpdatesAndNotify called, downloadPromise is null
[2026-05-26 22:31:59.259] [info]  Checking for update
[2026-05-26 22:31:59.259] [info]  Checking for update
[2026-05-26 22:31:59.546] [info]  Update for version 0.55.4 is not available (latest version: 0.55.4, downgrade is allowed).
[2026-05-26 22:31:59.546] [info]  Update not available: {
   "version": "0.55.4",
   "files": [
      {
         "url": "Anytype-0.55.4.AppImage",
         "sha512": "iVhg7x/IcehgFgoqn8NKBJ5Zlh1Ba0LCCfUSUA0vCgLClePi/Wa1B3K+g7FaPJ4caVLEApN+opsMXekenVAZBg==",
         "size": 255921020,
         "blockMapSize": 265104
      },
      {
         "url": "anytype_0.55.4_amd64.deb",
         "sha512": "h9AOC2BuEny0TIDmwtH3X2Z2If/U59v0urgHxEd1ttKDQnVHP3HbdrlSd6gRefM41tEvLs77AlGzVmnDQ2Lv2Q==",
         "size": 213511672
      },
      {
         "url": "anytype_0.55.4_amd64.deb",
         "sha512": "h9AOC2BuEny0TIDmwtH3X2Z2If/U59v0urgHxEd1ttKDQnVHP3HbdrlSd6gRefM41tEvLs77AlGzVmnDQ2Lv2Q==",
         "size": 213511672
      },
      {
         "url": "anytype_0.55.4_amd64.deb",
         "sha512": "h9AOC2BuEny0TIDmwtH3X2Z2If/U59v0urgHxEd1ttKDQnVHP3HbdrlSd6gRefM41tEvLs77AlGzVmnDQ2Lv2Q==",
         "size": 213511672
      },
      {
         "url": "anytype-0.55.4.x86_64.rpm",
         "sha512": "SmrdfZeSInIiRl2uzMLCDYYqz2N3gvzb4AlfD9RZnkGjKHg+N6VkdOD9p2rMGcT3cFISEvpoiFguKBKmkymYWg==",
         "size": 189025877
      },
      {
         "url": "anytype-0.55.4.x86_64.rpm",
         "sha512": "SmrdfZeSInIiRl2uzMLCDYYqz2N3gvzb4AlfD9RZnkGjKHg+N6VkdOD9p2rMGcT3cFISEvpoiFguKBKmkymYWg==",
         "size": 189025877
      },
      {
         "url": "anytype-0.55.4.x86_64.rpm",
         "sha512": "SmrdfZeSInIiRl2uzMLCDYYqz2N3gvzb4AlfD9RZnkGjKHg+N6VkdOD9p2rMGcT3cFISEvpoiFguKBKmkymYWg==",
         "size": 189025877
      }
   ],
   "path": "Anytype-0.55.4.AppImage",
   "sha512": "iVhg7x/IcehgFgoqn8NKBJ5Zlh1Ba0LCCfUSUA0vCgLClePi/Wa1B3K+g7FaPJ4caVLEApN+opsMXekenVAZBg==",
   "releaseDate": "2026-05-05T13:39:49.369Z"
}
[2026-05-26 22:31:59.547] [debug] checkForUpdatesAndNotify called, downloadPromise is null
[2026-05-26 22:41:59.348] [info]  Checking for update
[2026-05-26 22:41:59.349] [info]  Checking for update
[2026-05-26 22:41:59.622] [info]  Update for version 0.55.4 is not available (latest version: 0.55.4, downgrade is allowed).
[2026-05-26 22:41:59.622] [info]  Update not available: {
   "version": "0.55.4",
   "files": [
      {
         "url": "Anytype-0.55.4.AppImage",
         "sha512": "iVhg7x/IcehgFgoqn8NKBJ5Zlh1Ba0LCCfUSUA0vCgLClePi/Wa1B3K+g7FaPJ4caVLEApN+opsMXekenVAZBg==",
         "size": 255921020,
         "blockMapSize": 265104
      },
      {
         "url": "anytype_0.55.4_amd64.deb",
         "sha512": "h9AOC2BuEny0TIDmwtH3X2Z2If/U59v0urgHxEd1ttKDQnVHP3HbdrlSd6gRefM41tEvLs77AlGzVmnDQ2Lv2Q==",
         "size": 213511672
      },
      {
         "url": "anytype_0.55.4_amd64.deb",
         "sha512": "h9AOC2BuEny0TIDmwtH3X2Z2If/U59v0urgHxEd1ttKDQnVHP3HbdrlSd6gRefM41tEvLs77AlGzVmnDQ2Lv2Q==",
         "size": 213511672
      },
      {
         "url": "anytype_0.55.4_amd64.deb",
         "sha512": "h9AOC2BuEny0TIDmwtH3X2Z2If/U59v0urgHxEd1ttKDQnVHP3HbdrlSd6gRefM41tEvLs77AlGzVmnDQ2Lv2Q==",
         "size": 213511672
      },
      {
         "url": "anytype-0.55.4.x86_64.rpm",
         "sha512": "SmrdfZeSInIiRl2uzMLCDYYqz2N3gvzb4AlfD9RZnkGjKHg+N6VkdOD9p2rMGcT3cFISEvpoiFguKBKmkymYWg==",
         "size": 189025877
      },
      {
         "url": "anytype-0.55.4.x86_64.rpm",
         "sha512": "SmrdfZeSInIiRl2uzMLCDYYqz2N3gvzb4AlfD9RZnkGjKHg+N6VkdOD9p2rMGcT3cFISEvpoiFguKBKmkymYWg==",
         "size": 189025877
      },
      {
         "url": "anytype-0.55.4.x86_64.rpm",
         "sha512": "SmrdfZeSInIiRl2uzMLCDYYqz2N3gvzb4AlfD9RZnkGjKHg+N6VkdOD9p2rMGcT3cFISEvpoiFguKBKmkymYWg==",
         "size": 189025877
      }
   ],
   "path": "Anytype-0.55.4.AppImage",
   "sha512": "iVhg7x/IcehgFgoqn8NKBJ5Zlh1Ba0LCCfUSUA0vCgLClePi/Wa1B3K+g7FaPJ4caVLEApN+opsMXekenVAZBg==",
   "releaseDate": "2026-05-05T13:39:49.369Z"
}
[2026-05-26 22:41:59.622] [debug] checkForUpdatesAndNotify called, downloadPromise is null
[2026-05-26 22:51:59.415] [info]  Checking for update
[2026-05-26 22:51:59.416] [info]  Checking for update
[2026-05-26 22:51:59.700] [info]  Update for version 0.55.4 is not available (latest version: 0.55.4, downgrade is allowed).
[2026-05-26 22:51:59.701] [info]  Update not available: {
   "version": "0.55.4",
   "files": [
      {
         "url": "Anytype-0.55.4.AppImage",
         "sha512": "iVhg7x/IcehgFgoqn8NKBJ5Zlh1Ba0LCCfUSUA0vCgLClePi/Wa1B3K+g7FaPJ4caVLEApN+opsMXekenVAZBg==",
         "size": 255921020,
         "blockMapSize": 265104
      },
      {
         "url": "anytype_0.55.4_amd64.deb",
         "sha512": "h9AOC2BuEny0TIDmwtH3X2Z2If/U59v0urgHxEd1ttKDQnVHP3HbdrlSd6gRefM41tEvLs77AlGzVmnDQ2Lv2Q==",
         "size": 213511672
      },
      {
         "url": "anytype_0.55.4_amd64.deb",
         "sha512": "h9AOC2BuEny0TIDmwtH3X2Z2If/U59v0urgHxEd1ttKDQnVHP3HbdrlSd6gRefM41tEvLs77AlGzVmnDQ2Lv2Q==",
         "size": 213511672
      },
      {
         "url": "anytype_0.55.4_amd64.deb",
         "sha512": "h9AOC2BuEny0TIDmwtH3X2Z2If/U59v0urgHxEd1ttKDQnVHP3HbdrlSd6gRefM41tEvLs77AlGzVmnDQ2Lv2Q==",
         "size": 213511672
      },
      {
         "url": "anytype-0.55.4.x86_64.rpm",
         "sha512": "SmrdfZeSInIiRl2uzMLCDYYqz2N3gvzb4AlfD9RZnkGjKHg+N6VkdOD9p2rMGcT3cFISEvpoiFguKBKmkymYWg==",
         "size": 189025877
      },
      {
         "url": "anytype-0.55.4.x86_64.rpm",
         "sha512": "SmrdfZeSInIiRl2uzMLCDYYqz2N3gvzb4AlfD9RZnkGjKHg+N6VkdOD9p2rMGcT3cFISEvpoiFguKBKmkymYWg==",
         "size": 189025877
      },
      {
         "url": "anytype-0.55.4.x86_64.rpm",
         "sha512": "SmrdfZeSInIiRl2uzMLCDYYqz2N3gvzb4AlfD9RZnkGjKHg+N6VkdOD9p2rMGcT3cFISEvpoiFguKBKmkymYWg==",
         "size": 189025877
      }
   ],
   "path": "Anytype-0.55.4.AppImage",
   "sha512": "iVhg7x/IcehgFgoqn8NKBJ5Zlh1Ba0LCCfUSUA0vCgLClePi/Wa1B3K+g7FaPJ4caVLEApN+opsMXekenVAZBg==",
   "releaseDate": "2026-05-05T13:39:49.369Z"
}
[2026-05-26 22:51:59.701] [debug] checkForUpdatesAndNotify called, downloadPromise is null
[2026-05-26 23:01:59.432] [info]  Checking for update
[2026-05-26 23:01:59.433] [info]  Checking for update
[2026-05-26 23:01:59.712] [info]  Update for version 0.55.4 is not available (latest version: 0.55.4, downgrade is allowed).
[2026-05-26 23:01:59.712] [info]  Update not available: {
   "version": "0.55.4",
   "files": [
      {
         "url": "Anytype-0.55.4.AppImage",
         "sha512": "iVhg7x/IcehgFgoqn8NKBJ5Zlh1Ba0LCCfUSUA0vCgLClePi/Wa1B3K+g7FaPJ4caVLEApN+opsMXekenVAZBg==",
         "size": 255921020,
         "blockMapSize": 265104
      },
      {
         "url": "anytype_0.55.4_amd64.deb",
         "sha512": "h9AOC2BuEny0TIDmwtH3X2Z2If/U59v0urgHxEd1ttKDQnVHP3HbdrlSd6gRefM41tEvLs77AlGzVmnDQ2Lv2Q==",
         "size": 213511672
      },
      {
         "url": "anytype_0.55.4_amd64.deb",
         "sha512": "h9AOC2BuEny0TIDmwtH3X2Z2If/U59v0urgHxEd1ttKDQnVHP3HbdrlSd6gRefM41tEvLs77AlGzVmnDQ2Lv2Q==",
         "size": 213511672
      },
      {
         "url": "anytype_0.55.4_amd64.deb",
         "sha512": "h9AOC2BuEny0TIDmwtH3X2Z2If/U59v0urgHxEd1ttKDQnVHP3HbdrlSd6gRefM41tEvLs77AlGzVmnDQ2Lv2Q==",
         "size": 213511672
      },
      {
         "url": "anytype-0.55.4.x86_64.rpm",
         "sha512": "SmrdfZeSInIiRl2uzMLCDYYqz2N3gvzb4AlfD9RZnkGjKHg+N6VkdOD9p2rMGcT3cFISEvpoiFguKBKmkymYWg==",
         "size": 189025877
      },
      {
         "url": "anytype-0.55.4.x86_64.rpm",
         "sha512": "SmrdfZeSInIiRl2uzMLCDYYqz2N3gvzb4AlfD9RZnkGjKHg+N6VkdOD9p2rMGcT3cFISEvpoiFguKBKmkymYWg==",
         "size": 189025877
      },
      {
         "url": "anytype-0.55.4.x86_64.rpm",
         "sha512": "SmrdfZeSInIiRl2uzMLCDYYqz2N3gvzb4AlfD9RZnkGjKHg+N6VkdOD9p2rMGcT3cFISEvpoiFguKBKmkymYWg==",
         "size": 189025877
      }
   ],
   "path": "Anytype-0.55.4.AppImage",
   "sha512": "iVhg7x/IcehgFgoqn8NKBJ5Zlh1Ba0LCCfUSUA0vCgLClePi/Wa1B3K+g7FaPJ4caVLEApN+opsMXekenVAZBg==",
   "releaseDate": "2026-05-05T13:39:49.369Z"
}
[2026-05-26 23:01:59.713] [debug] checkForUpdatesAndNotify called, downloadPromise is null
[2026-05-26 23:11:59.470] [info]  Checking for update
[2026-05-26 23:11:59.471] [info]  Checking for update
[2026-05-26 23:11:59.738] [info]  Update for version 0.55.4 is not available (latest version: 0.55.4, downgrade is allowed).
[2026-05-26 23:11:59.738] [info]  Update not available: {
   "version": "0.55.4",
   "files": [
      {
         "url": "Anytype-0.55.4.AppImage",
         "sha512": "iVhg7x/IcehgFgoqn8NKBJ5Zlh1Ba0LCCfUSUA0vCgLClePi/Wa1B3K+g7FaPJ4caVLEApN+opsMXekenVAZBg==",
         "size": 255921020,
         "blockMapSize": 265104
      },
      {
         "url": "anytype_0.55.4_amd64.deb",
         "sha512": "h9AOC2BuEny0TIDmwtH3X2Z2If/U59v0urgHxEd1ttKDQnVHP3HbdrlSd6gRefM41tEvLs77AlGzVmnDQ2Lv2Q==",
         "size": 213511672
      },
      {
         "url": "anytype_0.55.4_amd64.deb",
         "sha512": "h9AOC2BuEny0TIDmwtH3X2Z2If/U59v0urgHxEd1ttKDQnVHP3HbdrlSd6gRefM41tEvLs77AlGzVmnDQ2Lv2Q==",
         "size": 213511672
      },
      {
         "url": "anytype_0.55.4_amd64.deb",
         "sha512": "h9AOC2BuEny0TIDmwtH3X2Z2If/U59v0urgHxEd1ttKDQnVHP3HbdrlSd6gRefM41tEvLs77AlGzVmnDQ2Lv2Q==",
         "size": 213511672
      },
      {
         "url": "anytype-0.55.4.x86_64.rpm",
         "sha512": "SmrdfZeSInIiRl2uzMLCDYYqz2N3gvzb4AlfD9RZnkGjKHg+N6VkdOD9p2rMGcT3cFISEvpoiFguKBKmkymYWg==",
         "size": 189025877
      },
      {
         "url": "anytype-0.55.4.x86_64.rpm",
         "sha512": "SmrdfZeSInIiRl2uzMLCDYYqz2N3gvzb4AlfD9RZnkGjKHg+N6VkdOD9p2rMGcT3cFISEvpoiFguKBKmkymYWg==",
         "size": 189025877
      },
      {
         "url": "anytype-0.55.4.x86_64.rpm",
         "sha512": "SmrdfZeSInIiRl2uzMLCDYYqz2N3gvzb4AlfD9RZnkGjKHg+N6VkdOD9p2rMGcT3cFISEvpoiFguKBKmkymYWg==",
         "size": 189025877
      }
   ],
   "path": "Anytype-0.55.4.AppImage",
   "sha512": "iVhg7x/IcehgFgoqn8NKBJ5Zlh1Ba0LCCfUSUA0vCgLClePi/Wa1B3K+g7FaPJ4caVLEApN+opsMXekenVAZBg==",
   "releaseDate": "2026-05-05T13:39:49.369Z"
}
[2026-05-26 23:11:59.738] [debug] checkForUpdatesAndNotify called, downloadPromise is null
[2026-05-26 23:21:59.570] [info]  Checking for update
[2026-05-26 23:21:59.571] [info]  Checking for update
[2026-05-26 23:21:59.876] [info]  Update for version 0.55.4 is not available (latest version: 0.55.4, downgrade is allowed).
[2026-05-26 23:21:59.876] [info]  Update not available: {
   "version": "0.55.4",
   "files": [
      {
         "url": "Anytype-0.55.4.AppImage",
         "sha512": "iVhg7x/IcehgFgoqn8NKBJ5Zlh1Ba0LCCfUSUA0vCgLClePi/Wa1B3K+g7FaPJ4caVLEApN+opsMXekenVAZBg==",
         "size": 255921020,
         "blockMapSize": 265104
      },
      {
         "url": "anytype_0.55.4_amd64.deb",
         "sha512": "h9AOC2BuEny0TIDmwtH3X2Z2If/U59v0urgHxEd1ttKDQnVHP3HbdrlSd6gRefM41tEvLs77AlGzVmnDQ2Lv2Q==",
         "size": 213511672
      },
      {
         "url": "anytype_0.55.4_amd64.deb",
         "sha512": "h9AOC2BuEny0TIDmwtH3X2Z2If/U59v0urgHxEd1ttKDQnVHP3HbdrlSd6gRefM41tEvLs77AlGzVmnDQ2Lv2Q==",
         "size": 213511672
      },
      {
         "url": "anytype_0.55.4_amd64.deb",
         "sha512": "h9AOC2BuEny0TIDmwtH3X2Z2If/U59v0urgHxEd1ttKDQnVHP3HbdrlSd6gRefM41tEvLs77AlGzVmnDQ2Lv2Q==",
         "size": 213511672
      },
      {
         "url": "anytype-0.55.4.x86_64.rpm",
         "sha512": "SmrdfZeSInIiRl2uzMLCDYYqz2N3gvzb4AlfD9RZnkGjKHg+N6VkdOD9p2rMGcT3cFISEvpoiFguKBKmkymYWg==",
         "size": 189025877
      },
      {
         "url": "anytype-0.55.4.x86_64.rpm",
         "sha512": "SmrdfZeSInIiRl2uzMLCDYYqz2N3gvzb4AlfD9RZnkGjKHg+N6VkdOD9p2rMGcT3cFISEvpoiFguKBKmkymYWg==",
         "size": 189025877
      },
      {
         "url": "anytype-0.55.4.x86_64.rpm",
         "sha512": "SmrdfZeSInIiRl2uzMLCDYYqz2N3gvzb4AlfD9RZnkGjKHg+N6VkdOD9p2rMGcT3cFISEvpoiFguKBKmkymYWg==",
         "size": 189025877
      }
   ],
   "path": "Anytype-0.55.4.AppImage",
   "sha512": "iVhg7x/IcehgFgoqn8NKBJ5Zlh1Ba0LCCfUSUA0vCgLClePi/Wa1B3K+g7FaPJ4caVLEApN+opsMXekenVAZBg==",
   "releaseDate": "2026-05-05T13:39:49.369Z"
}
[2026-05-26 23:21:59.877] [debug] checkForUpdatesAndNotify called, downloadPromise is null
[2026-05-26 23:31:59.671] [info]  Checking for update
[2026-05-26 23:31:59.671] [info]  Checking for update
[2026-05-26 23:31:59.959] [info]  Update for version 0.55.4 is not available (latest version: 0.55.4, downgrade is allowed).
[2026-05-26 23:31:59.959] [info]  Update not available: {
   "version": "0.55.4",
   "files": [
      {
         "url": "Anytype-0.55.4.AppImage",
         "sha512": "iVhg7x/IcehgFgoqn8NKBJ5Zlh1Ba0LCCfUSUA0vCgLClePi/Wa1B3K+g7FaPJ4caVLEApN+opsMXekenVAZBg==",
         "size": 255921020,
         "blockMapSize": 265104
      },
      {
         "url": "anytype_0.55.4_amd64.deb",
         "sha512": "h9AOC2BuEny0TIDmwtH3X2Z2If/U59v0urgHxEd1ttKDQnVHP3HbdrlSd6gRefM41tEvLs77AlGzVmnDQ2Lv2Q==",
         "size": 213511672
      },
      {
         "url": "anytype_0.55.4_amd64.deb",
         "sha512": "h9AOC2BuEny0TIDmwtH3X2Z2If/U59v0urgHxEd1ttKDQnVHP3HbdrlSd6gRefM41tEvLs77AlGzVmnDQ2Lv2Q==",
         "size": 213511672
      },
      {
         "url": "anytype_0.55.4_amd64.deb",
         "sha512": "h9AOC2BuEny0TIDmwtH3X2Z2If/U59v0urgHxEd1ttKDQnVHP3HbdrlSd6gRefM41tEvLs77AlGzVmnDQ2Lv2Q==",
         "size": 213511672
      },
      {
         "url": "anytype-0.55.4.x86_64.rpm",
         "sha512": "SmrdfZeSInIiRl2uzMLCDYYqz2N3gvzb4AlfD9RZnkGjKHg+N6VkdOD9p2rMGcT3cFISEvpoiFguKBKmkymYWg==",
         "size": 189025877
      },
      {
         "url": "anytype-0.55.4.x86_64.rpm",
         "sha512": "SmrdfZeSInIiRl2uzMLCDYYqz2N3gvzb4AlfD9RZnkGjKHg+N6VkdOD9p2rMGcT3cFISEvpoiFguKBKmkymYWg==",
         "size": 189025877
      },
      {
         "url": "anytype-0.55.4.x86_64.rpm",
         "sha512": "SmrdfZeSInIiRl2uzMLCDYYqz2N3gvzb4AlfD9RZnkGjKHg+N6VkdOD9p2rMGcT3cFISEvpoiFguKBKmkymYWg==",
         "size": 189025877
      }
   ],
   "path": "Anytype-0.55.4.AppImage",
   "sha512": "iVhg7x/IcehgFgoqn8NKBJ5Zlh1Ba0LCCfUSUA0vCgLClePi/Wa1B3K+g7FaPJ4caVLEApN+opsMXekenVAZBg==",
   "releaseDate": "2026-05-05T13:39:49.369Z"
}
[2026-05-26 23:31:59.960] [debug] checkForUpdatesAndNotify called, downloadPromise is null
[2026-05-26 23:41:59.704] [info]  Checking for update
[2026-05-26 23:41:59.704] [info]  Checking for update
[2026-05-26 23:41:59.974] [info]  Update for version 0.55.4 is not available (latest version: 0.55.4, downgrade is allowed).
[2026-05-26 23:41:59.974] [info]  Update not available: {
   "version": "0.55.4",
   "files": [
      {
         "url": "Anytype-0.55.4.AppImage",
         "sha512": "iVhg7x/IcehgFgoqn8NKBJ5Zlh1Ba0LCCfUSUA0vCgLClePi/Wa1B3K+g7FaPJ4caVLEApN+opsMXekenVAZBg==",
         "size": 255921020,
         "blockMapSize": 265104
      },
      {
         "url": "anytype_0.55.4_amd64.deb",
         "sha512": "h9AOC2BuEny0TIDmwtH3X2Z2If/U59v0urgHxEd1ttKDQnVHP3HbdrlSd6gRefM41tEvLs77AlGzVmnDQ2Lv2Q==",
         "size": 213511672
      },
      {
         "url": "anytype_0.55.4_amd64.deb",
         "sha512": "h9AOC2BuEny0TIDmwtH3X2Z2If/U59v0urgHxEd1ttKDQnVHP3HbdrlSd6gRefM41tEvLs77AlGzVmnDQ2Lv2Q==",
         "size": 213511672
      },
      {
         "url": "anytype_0.55.4_amd64.deb",
         "sha512": "h9AOC2BuEny0TIDmwtH3X2Z2If/U59v0urgHxEd1ttKDQnVHP3HbdrlSd6gRefM41tEvLs77AlGzVmnDQ2Lv2Q==",
         "size": 213511672
      },
      {
         "url": "anytype-0.55.4.x86_64.rpm",
         "sha512": "SmrdfZeSInIiRl2uzMLCDYYqz2N3gvzb4AlfD9RZnkGjKHg+N6VkdOD9p2rMGcT3cFISEvpoiFguKBKmkymYWg==",
         "size": 189025877
      },
      {
         "url": "anytype-0.55.4.x86_64.rpm",
         "sha512": "SmrdfZeSInIiRl2uzMLCDYYqz2N3gvzb4AlfD9RZnkGjKHg+N6VkdOD9p2rMGcT3cFISEvpoiFguKBKmkymYWg==",
         "size": 189025877
      },
      {
         "url": "anytype-0.55.4.x86_64.rpm",
         "sha512": "SmrdfZeSInIiRl2uzMLCDYYqz2N3gvzb4AlfD9RZnkGjKHg+N6VkdOD9p2rMGcT3cFISEvpoiFguKBKmkymYWg==",
         "size": 189025877
      }
   ],
   "path": "Anytype-0.55.4.AppImage",
   "sha512": "iVhg7x/IcehgFgoqn8NKBJ5Zlh1Ba0LCCfUSUA0vCgLClePi/Wa1B3K+g7FaPJ4caVLEApN+opsMXekenVAZBg==",
   "releaseDate": "2026-05-05T13:39:49.369Z"
}
[2026-05-26 23:41:59.974] [debug] checkForUpdatesAndNotify called, downloadPromise is null
[2026-05-26 23:51:59.805] [info]  Checking for update
[2026-05-26 23:51:59.806] [info]  Checking for update
[2026-05-26 23:52:00.073] [info]  Update for version 0.55.4 is not available (latest version: 0.55.4, downgrade is allowed).
[2026-05-26 23:52:00.073] [info]  Update not available: {
   "version": "0.55.4",
   "files": [
      {
         "url": "Anytype-0.55.4.AppImage",
         "sha512": "iVhg7x/IcehgFgoqn8NKBJ5Zlh1Ba0LCCfUSUA0vCgLClePi/Wa1B3K+g7FaPJ4caVLEApN+opsMXekenVAZBg==",
         "size": 255921020,
         "blockMapSize": 265104
      },
      {
         "url": "anytype_0.55.4_amd64.deb",
         "sha512": "h9AOC2BuEny0TIDmwtH3X2Z2If/U59v0urgHxEd1ttKDQnVHP3HbdrlSd6gRefM41tEvLs77AlGzVmnDQ2Lv2Q==",
         "size": 213511672
      },
      {
         "url": "anytype_0.55.4_amd64.deb",
         "sha512": "h9AOC2BuEny0TIDmwtH3X2Z2If/U59v0urgHxEd1ttKDQnVHP3HbdrlSd6gRefM41tEvLs77AlGzVmnDQ2Lv2Q==",
         "size": 213511672
      },
      {
         "url": "anytype_0.55.4_amd64.deb",
         "sha512": "h9AOC2BuEny0TIDmwtH3X2Z2If/U59v0urgHxEd1ttKDQnVHP3HbdrlSd6gRefM41tEvLs77AlGzVmnDQ2Lv2Q==",
         "size": 213511672
      },
      {
         "url": "anytype-0.55.4.x86_64.rpm",
         "sha512": "SmrdfZeSInIiRl2uzMLCDYYqz2N3gvzb4AlfD9RZnkGjKHg+N6VkdOD9p2rMGcT3cFISEvpoiFguKBKmkymYWg==",
         "size": 189025877
      },
      {
         "url": "anytype-0.55.4.x86_64.rpm",
         "sha512": "SmrdfZeSInIiRl2uzMLCDYYqz2N3gvzb4AlfD9RZnkGjKHg+N6VkdOD9p2rMGcT3cFISEvpoiFguKBKmkymYWg==",
         "size": 189025877
      },
      {
         "url": "anytype-0.55.4.x86_64.rpm",
         "sha512": "SmrdfZeSInIiRl2uzMLCDYYqz2N3gvzb4AlfD9RZnkGjKHg+N6VkdOD9p2rMGcT3cFISEvpoiFguKBKmkymYWg==",
         "size": 189025877
      }
   ],
   "path": "Anytype-0.55.4.AppImage",
   "sha512": "iVhg7x/IcehgFgoqn8NKBJ5Zlh1Ba0LCCfUSUA0vCgLClePi/Wa1B3K+g7FaPJ4caVLEApN+opsMXekenVAZBg==",
   "releaseDate": "2026-05-05T13:39:49.369Z"
}
[2026-05-26 23:52:00.074] [debug] checkForUpdatesAndNotify called, downloadPromise is null
[2026-05-27 00:01:59.881] [info]  Checking for update
[2026-05-27 00:01:59.882] [info]  Checking for update
[2026-05-27 00:02:00.164] [info]  Update for version 0.55.4 is not available (latest version: 0.55.4, downgrade is allowed).
[2026-05-27 00:02:00.164] [info]  Update not available: {
   "version": "0.55.4",
   "files": [
      {
         "url": "Anytype-0.55.4.AppImage",
         "sha512": "iVhg7x/IcehgFgoqn8NKBJ5Zlh1Ba0LCCfUSUA0vCgLClePi/Wa1B3K+g7FaPJ4caVLEApN+opsMXekenVAZBg==",
         "size": 255921020,
         "blockMapSize": 265104
      },
      {
         "url": "anytype_0.55.4_amd64.deb",
         "sha512": "h9AOC2BuEny0TIDmwtH3X2Z2If/U59v0urgHxEd1ttKDQnVHP3HbdrlSd6gRefM41tEvLs77AlGzVmnDQ2Lv2Q==",
         "size": 213511672
      },
      {
         "url": "anytype_0.55.4_amd64.deb",
         "sha512": "h9AOC2BuEny0TIDmwtH3X2Z2If/U59v0urgHxEd1ttKDQnVHP3HbdrlSd6gRefM41tEvLs77AlGzVmnDQ2Lv2Q==",
         "size": 213511672
      },
      {
         "url": "anytype_0.55.4_amd64.deb",
         "sha512": "h9AOC2BuEny0TIDmwtH3X2Z2If/U59v0urgHxEd1ttKDQnVHP3HbdrlSd6gRefM41tEvLs77AlGzVmnDQ2Lv2Q==",
         "size": 213511672
      },
      {
         "url": "anytype-0.55.4.x86_64.rpm",
         "sha512": "SmrdfZeSInIiRl2uzMLCDYYqz2N3gvzb4AlfD9RZnkGjKHg+N6VkdOD9p2rMGcT3cFISEvpoiFguKBKmkymYWg==",
         "size": 189025877
      },
      {
         "url": "anytype-0.55.4.x86_64.rpm",
         "sha512": "SmrdfZeSInIiRl2uzMLCDYYqz2N3gvzb4AlfD9RZnkGjKHg+N6VkdOD9p2rMGcT3cFISEvpoiFguKBKmkymYWg==",
         "size": 189025877
      },
      {
         "url": "anytype-0.55.4.x86_64.rpm",
         "sha512": "SmrdfZeSInIiRl2uzMLCDYYqz2N3gvzb4AlfD9RZnkGjKHg+N6VkdOD9p2rMGcT3cFISEvpoiFguKBKmkymYWg==",
         "size": 189025877
      }
   ],
   "path": "Anytype-0.55.4.AppImage",
   "sha512": "iVhg7x/IcehgFgoqn8NKBJ5Zlh1Ba0LCCfUSUA0vCgLClePi/Wa1B3K+g7FaPJ4caVLEApN+opsMXekenVAZBg==",
   "releaseDate": "2026-05-05T13:39:49.369Z"
}
[2026-05-27 00:02:00.164] [debug] checkForUpdatesAndNotify called, downloadPromise is null
[2026-05-27 00:11:59.982] [info]  Checking for update
[2026-05-27 00:11:59.982] [info]  Checking for update
[2026-05-27 00:12:00.267] [info]  Update for version 0.55.4 is not available (latest version: 0.55.4, downgrade is allowed).
[2026-05-27 00:12:00.267] [info]  Update not available: {
   "version": "0.55.4",
   "files": [
      {
         "url": "Anytype-0.55.4.AppImage",
         "sha512": "iVhg7x/IcehgFgoqn8NKBJ5Zlh1Ba0LCCfUSUA0vCgLClePi/Wa1B3K+g7FaPJ4caVLEApN+opsMXekenVAZBg==",
         "size": 255921020,
         "blockMapSize": 265104
      },
      {
         "url": "anytype_0.55.4_amd64.deb",
         "sha512": "h9AOC2BuEny0TIDmwtH3X2Z2If/U59v0urgHxEd1ttKDQnVHP3HbdrlSd6gRefM41tEvLs77AlGzVmnDQ2Lv2Q==",
         "size": 213511672
      },
      {
         "url": "anytype_0.55.4_amd64.deb",
         "sha512": "h9AOC2BuEny0TIDmwtH3X2Z2If/U59v0urgHxEd1ttKDQnVHP3HbdrlSd6gRefM41tEvLs77AlGzVmnDQ2Lv2Q==",
         "size": 213511672
      },
      {
         "url": "anytype_0.55.4_amd64.deb",
         "sha512": "h9AOC2BuEny0TIDmwtH3X2Z2If/U59v0urgHxEd1ttKDQnVHP3HbdrlSd6gRefM41tEvLs77AlGzVmnDQ2Lv2Q==",
         "size": 213511672
      },
      {
         "url": "anytype-0.55.4.x86_64.rpm",
         "sha512": "SmrdfZeSInIiRl2uzMLCDYYqz2N3gvzb4AlfD9RZnkGjKHg+N6VkdOD9p2rMGcT3cFISEvpoiFguKBKmkymYWg==",
         "size": 189025877
      },
      {
         "url": "anytype-0.55.4.x86_64.rpm",
         "sha512": "SmrdfZeSInIiRl2uzMLCDYYqz2N3gvzb4AlfD9RZnkGjKHg+N6VkdOD9p2rMGcT3cFISEvpoiFguKBKmkymYWg==",
         "size": 189025877
      },
      {
         "url": "anytype-0.55.4.x86_64.rpm",
         "sha512": "SmrdfZeSInIiRl2uzMLCDYYqz2N3gvzb4AlfD9RZnkGjKHg+N6VkdOD9p2rMGcT3cFISEvpoiFguKBKmkymYWg==",
         "size": 189025877
      }
   ],
   "path": "Anytype-0.55.4.AppImage",
   "sha512": "iVhg7x/IcehgFgoqn8NKBJ5Zlh1Ba0LCCfUSUA0vCgLClePi/Wa1B3K+g7FaPJ4caVLEApN+opsMXekenVAZBg==",
   "releaseDate": "2026-05-05T13:39:49.369Z"
}
[2026-05-27 00:12:00.268] [debug] checkForUpdatesAndNotify called, downloadPromise is null
[2026-05-27 00:22:00.031] [info]  Checking for update
[2026-05-27 00:22:00.032] [info]  Checking for update
[2026-05-27 00:22:00.388] [info]  Update for version 0.55.4 is not available (latest version: 0.55.4, downgrade is allowed).
[2026-05-27 00:22:00.388] [info]  Update not available: {
   "version": "0.55.4",
   "files": [
      {
         "url": "Anytype-0.55.4.AppImage",
         "sha512": "iVhg7x/IcehgFgoqn8NKBJ5Zlh1Ba0LCCfUSUA0vCgLClePi/Wa1B3K+g7FaPJ4caVLEApN+opsMXekenVAZBg==",
         "size": 255921020,
         "blockMapSize": 265104
      },
      {
         "url": "anytype_0.55.4_amd64.deb",
         "sha512": "h9AOC2BuEny0TIDmwtH3X2Z2If/U59v0urgHxEd1ttKDQnVHP3HbdrlSd6gRefM41tEvLs77AlGzVmnDQ2Lv2Q==",
         "size": 213511672
      },
      {
         "url": "anytype_0.55.4_amd64.deb",
         "sha512": "h9AOC2BuEny0TIDmwtH3X2Z2If/U59v0urgHxEd1ttKDQnVHP3HbdrlSd6gRefM41tEvLs77AlGzVmnDQ2Lv2Q==",
         "size": 213511672
      },
      {
         "url": "anytype_0.55.4_amd64.deb",
         "sha512": "h9AOC2BuEny0TIDmwtH3X2Z2If/U59v0urgHxEd1ttKDQnVHP3HbdrlSd6gRefM41tEvLs77AlGzVmnDQ2Lv2Q==",
         "size": 213511672
      },
      {
         "url": "anytype-0.55.4.x86_64.rpm",
         "sha512": "SmrdfZeSInIiRl2uzMLCDYYqz2N3gvzb4AlfD9RZnkGjKHg+N6VkdOD9p2rMGcT3cFISEvpoiFguKBKmkymYWg==",
         "size": 189025877
      },
      {
         "url": "anytype-0.55.4.x86_64.rpm",
         "sha512": "SmrdfZeSInIiRl2uzMLCDYYqz2N3gvzb4AlfD9RZnkGjKHg+N6VkdOD9p2rMGcT3cFISEvpoiFguKBKmkymYWg==",
         "size": 189025877
      },
      {
         "url": "anytype-0.55.4.x86_64.rpm",
         "sha512": "SmrdfZeSInIiRl2uzMLCDYYqz2N3gvzb4AlfD9RZnkGjKHg+N6VkdOD9p2rMGcT3cFISEvpoiFguKBKmkymYWg==",
         "size": 189025877
      }
   ],
   "path": "Anytype-0.55.4.AppImage",
   "sha512": "iVhg7x/IcehgFgoqn8NKBJ5Zlh1Ba0LCCfUSUA0vCgLClePi/Wa1B3K+g7FaPJ4caVLEApN+opsMXekenVAZBg==",
   "releaseDate": "2026-05-05T13:39:49.369Z"
}
[2026-05-27 00:22:00.389] [debug] checkForUpdatesAndNotify called, downloadPromise is null
[2026-05-27 00:32:00.038] [info]  Checking for update
[2026-05-27 00:32:00.039] [info]  Checking for update
[2026-05-27 00:32:00.320] [info]  Update for version 0.55.4 is not available (latest version: 0.55.4, downgrade is allowed).
[2026-05-27 00:32:00.321] [info]  Update not available: {
   "version": "0.55.4",
   "files": [
      {
         "url": "Anytype-0.55.4.AppImage",
         "sha512": "iVhg7x/IcehgFgoqn8NKBJ5Zlh1Ba0LCCfUSUA0vCgLClePi/Wa1B3K+g7FaPJ4caVLEApN+opsMXekenVAZBg==",
         "size": 255921020,
         "blockMapSize": 265104
      },
      {
         "url": "anytype_0.55.4_amd64.deb",
         "sha512": "h9AOC2BuEny0TIDmwtH3X2Z2If/U59v0urgHxEd1ttKDQnVHP3HbdrlSd6gRefM41tEvLs77AlGzVmnDQ2Lv2Q==",
         "size": 213511672
      },
      {
         "url": "anytype_0.55.4_amd64.deb",
         "sha512": "h9AOC2BuEny0TIDmwtH3X2Z2If/U59v0urgHxEd1ttKDQnVHP3HbdrlSd6gRefM41tEvLs77AlGzVmnDQ2Lv2Q==",
         "size": 213511672
      },
      {
         "url": "anytype_0.55.4_amd64.deb",
         "sha512": "h9AOC2BuEny0TIDmwtH3X2Z2If/U59v0urgHxEd1ttKDQnVHP3HbdrlSd6gRefM41tEvLs77AlGzVmnDQ2Lv2Q==",
         "size": 213511672
      },
      {
         "url": "anytype-0.55.4.x86_64.rpm",
         "sha512": "SmrdfZeSInIiRl2uzMLCDYYqz2N3gvzb4AlfD9RZnkGjKHg+N6VkdOD9p2rMGcT3cFISEvpoiFguKBKmkymYWg==",
         "size": 189025877
      },
      {
         "url": "anytype-0.55.4.x86_64.rpm",
         "sha512": "SmrdfZeSInIiRl2uzMLCDYYqz2N3gvzb4AlfD9RZnkGjKHg+N6VkdOD9p2rMGcT3cFISEvpoiFguKBKmkymYWg==",
         "size": 189025877
      },
      {
         "url": "anytype-0.55.4.x86_64.rpm",
         "sha512": "SmrdfZeSInIiRl2uzMLCDYYqz2N3gvzb4AlfD9RZnkGjKHg+N6VkdOD9p2rMGcT3cFISEvpoiFguKBKmkymYWg==",
         "size": 189025877
      }
   ],
   "path": "Anytype-0.55.4.AppImage",
   "sha512": "iVhg7x/IcehgFgoqn8NKBJ5Zlh1Ba0LCCfUSUA0vCgLClePi/Wa1B3K+g7FaPJ4caVLEApN+opsMXekenVAZBg==",
   "releaseDate": "2026-05-05T13:39:49.369Z"
}
[2026-05-27 00:32:00.321] [debug] checkForUpdatesAndNotify called, downloadPromise is null
[2026-05-27 00:42:00.071] [info]  Checking for update
[2026-05-27 00:42:00.071] [info]  Checking for update
[2026-05-27 00:42:00.349] [info]  Update for version 0.55.4 is not available (latest version: 0.55.4, downgrade is allowed).
[2026-05-27 00:42:00.350] [info]  Update not available: {
   "version": "0.55.4",
   "files": [
      {
         "url": "Anytype-0.55.4.AppImage",
         "sha512": "iVhg7x/IcehgFgoqn8NKBJ5Zlh1Ba0LCCfUSUA0vCgLClePi/Wa1B3K+g7FaPJ4caVLEApN+opsMXekenVAZBg==",
         "size": 255921020,
         "blockMapSize": 265104
      },
      {
         "url": "anytype_0.55.4_amd64.deb",
         "sha512": "h9AOC2BuEny0TIDmwtH3X2Z2If/U59v0urgHxEd1ttKDQnVHP3HbdrlSd6gRefM41tEvLs77AlGzVmnDQ2Lv2Q==",
         "size": 213511672
      },
      {
         "url": "anytype_0.55.4_amd64.deb",
         "sha512": "h9AOC2BuEny0TIDmwtH3X2Z2If/U59v0urgHxEd1ttKDQnVHP3HbdrlSd6gRefM41tEvLs77AlGzVmnDQ2Lv2Q==",
         "size": 213511672
      },
      {
         "url": "anytype_0.55.4_amd64.deb",
         "sha512": "h9AOC2BuEny0TIDmwtH3X2Z2If/U59v0urgHxEd1ttKDQnVHP3HbdrlSd6gRefM41tEvLs77AlGzVmnDQ2Lv2Q==",
         "size": 213511672
      },
      {
         "url": "anytype-0.55.4.x86_64.rpm",
         "sha512": "SmrdfZeSInIiRl2uzMLCDYYqz2N3gvzb4AlfD9RZnkGjKHg+N6VkdOD9p2rMGcT3cFISEvpoiFguKBKmkymYWg==",
         "size": 189025877
      },
      {
         "url": "anytype-0.55.4.x86_64.rpm",
         "sha512": "SmrdfZeSInIiRl2uzMLCDYYqz2N3gvzb4AlfD9RZnkGjKHg+N6VkdOD9p2rMGcT3cFISEvpoiFguKBKmkymYWg==",
         "size": 189025877
      },
      {
         "url": "anytype-0.55.4.x86_64.rpm",
         "sha512": "SmrdfZeSInIiRl2uzMLCDYYqz2N3gvzb4AlfD9RZnkGjKHg+N6VkdOD9p2rMGcT3cFISEvpoiFguKBKmkymYWg==",
         "size": 189025877
      }
   ],
   "path": "Anytype-0.55.4.AppImage",
   "sha512": "iVhg7x/IcehgFgoqn8NKBJ5Zlh1Ba0LCCfUSUA0vCgLClePi/Wa1B3K+g7FaPJ4caVLEApN+opsMXekenVAZBg==",
   "releaseDate": "2026-05-05T13:39:49.369Z"
}
[2026-05-27 00:42:00.350] [debug] checkForUpdatesAndNotify called, downloadPromise is null
[2026-05-27 00:52:00.081] [info]  Checking for update
[2026-05-27 00:52:00.081] [info]  Checking for update
[2026-05-27 00:52:00.353] [info]  Update for version 0.55.4 is not available (latest version: 0.55.4, downgrade is allowed).
[2026-05-27 00:52:00.354] [info]  Update not available: {
   "version": "0.55.4",
   "files": [
      {
         "url": "Anytype-0.55.4.AppImage",
         "sha512": "iVhg7x/IcehgFgoqn8NKBJ5Zlh1Ba0LCCfUSUA0vCgLClePi/Wa1B3K+g7FaPJ4caVLEApN+opsMXekenVAZBg==",
         "size": 255921020,
         "blockMapSize": 265104
      },
      {
         "url": "anytype_0.55.4_amd64.deb",
         "sha512": "h9AOC2BuEny0TIDmwtH3X2Z2If/U59v0urgHxEd1ttKDQnVHP3HbdrlSd6gRefM41tEvLs77AlGzVmnDQ2Lv2Q==",
         "size": 213511672
      },
      {
         "url": "anytype_0.55.4_amd64.deb",
         "sha512": "h9AOC2BuEny0TIDmwtH3X2Z2If/U59v0urgHxEd1ttKDQnVHP3HbdrlSd6gRefM41tEvLs77AlGzVmnDQ2Lv2Q==",
         "size": 213511672
      },
      {
         "url": "anytype_0.55.4_amd64.deb",
         "sha512": "h9AOC2BuEny0TIDmwtH3X2Z2If/U59v0urgHxEd1ttKDQnVHP3HbdrlSd6gRefM41tEvLs77AlGzVmnDQ2Lv2Q==",
         "size": 213511672
      },
      {
         "url": "anytype-0.55.4.x86_64.rpm",
         "sha512": "SmrdfZeSInIiRl2uzMLCDYYqz2N3gvzb4AlfD9RZnkGjKHg+N6VkdOD9p2rMGcT3cFISEvpoiFguKBKmkymYWg==",
         "size": 189025877
      },
      {
         "url": "anytype-0.55.4.x86_64.rpm",
         "sha512": "SmrdfZeSInIiRl2uzMLCDYYqz2N3gvzb4AlfD9RZnkGjKHg+N6VkdOD9p2rMGcT3cFISEvpoiFguKBKmkymYWg==",
         "size": 189025877
      },
      {
         "url": "anytype-0.55.4.x86_64.rpm",
         "sha512": "SmrdfZeSInIiRl2uzMLCDYYqz2N3gvzb4AlfD9RZnkGjKHg+N6VkdOD9p2rMGcT3cFISEvpoiFguKBKmkymYWg==",
         "size": 189025877
      }
   ],
   "path": "Anytype-0.55.4.AppImage",
   "sha512": "iVhg7x/IcehgFgoqn8NKBJ5Zlh1Ba0LCCfUSUA0vCgLClePi/Wa1B3K+g7FaPJ4caVLEApN+opsMXekenVAZBg==",
   "releaseDate": "2026-05-05T13:39:49.369Z"
}
[2026-05-27 00:52:00.354] [debug] checkForUpdatesAndNotify called, downloadPromise is null
[2026-05-27 01:02:00.181] [info]  Checking for update
[2026-05-27 01:02:00.181] [info]  Checking for update
[2026-05-27 01:02:00.467] [info]  Update for version 0.55.4 is not available (latest version: 0.55.4, downgrade is allowed).
[2026-05-27 01:02:00.468] [info]  Update not available: {
   "version": "0.55.4",
   "files": [
      {
         "url": "Anytype-0.55.4.AppImage",
         "sha512": "iVhg7x/IcehgFgoqn8NKBJ5Zlh1Ba0LCCfUSUA0vCgLClePi/Wa1B3K+g7FaPJ4caVLEApN+opsMXekenVAZBg==",
         "size": 255921020,
         "blockMapSize": 265104
      },
      {
         "url": "anytype_0.55.4_amd64.deb",
         "sha512": "h9AOC2BuEny0TIDmwtH3X2Z2If/U59v0urgHxEd1ttKDQnVHP3HbdrlSd6gRefM41tEvLs77AlGzVmnDQ2Lv2Q==",
         "size": 213511672
      },
      {
         "url": "anytype_0.55.4_amd64.deb",
         "sha512": "h9AOC2BuEny0TIDmwtH3X2Z2If/U59v0urgHxEd1ttKDQnVHP3HbdrlSd6gRefM41tEvLs77AlGzVmnDQ2Lv2Q==",
         "size": 213511672
      },
      {
         "url": "anytype_0.55.4_amd64.deb",
         "sha512": "h9AOC2BuEny0TIDmwtH3X2Z2If/U59v0urgHxEd1ttKDQnVHP3HbdrlSd6gRefM41tEvLs77AlGzVmnDQ2Lv2Q==",
         "size": 213511672
      },
      {
         "url": "anytype-0.55.4.x86_64.rpm",
         "sha512": "SmrdfZeSInIiRl2uzMLCDYYqz2N3gvzb4AlfD9RZnkGjKHg+N6VkdOD9p2rMGcT3cFISEvpoiFguKBKmkymYWg==",
         "size": 189025877
      },
      {
         "url": "anytype-0.55.4.x86_64.rpm",
         "sha512": "SmrdfZeSInIiRl2uzMLCDYYqz2N3gvzb4AlfD9RZnkGjKHg+N6VkdOD9p2rMGcT3cFISEvpoiFguKBKmkymYWg==",
         "size": 189025877
      },
      {
         "url": "anytype-0.55.4.x86_64.rpm",
         "sha512": "SmrdfZeSInIiRl2uzMLCDYYqz2N3gvzb4AlfD9RZnkGjKHg+N6VkdOD9p2rMGcT3cFISEvpoiFguKBKmkymYWg==",
         "size": 189025877
      }
   ],
   "path": "Anytype-0.55.4.AppImage",
   "sha512": "iVhg7x/IcehgFgoqn8NKBJ5Zlh1Ba0LCCfUSUA0vCgLClePi/Wa1B3K+g7FaPJ4caVLEApN+opsMXekenVAZBg==",
   "releaseDate": "2026-05-05T13:39:49.369Z"
}
[2026-05-27 01:02:00.469] [debug] checkForUpdatesAndNotify called, downloadPromise is null
[2026-05-27 01:12:00.241] [info]  Checking for update
[2026-05-27 01:12:00.241] [info]  Checking for update
[2026-05-27 01:12:00.706] [info]  Update for version 0.55.4 is not available (latest version: 0.55.4, downgrade is allowed).
[2026-05-27 01:12:00.706] [info]  Update not available: {
   "version": "0.55.4",
   "files": [
      {
         "url": "Anytype-0.55.4.AppImage",
         "sha512": "iVhg7x/IcehgFgoqn8NKBJ5Zlh1Ba0LCCfUSUA0vCgLClePi/Wa1B3K+g7FaPJ4caVLEApN+opsMXekenVAZBg==",
         "size": 255921020,
         "blockMapSize": 265104
      },
      {
         "url": "anytype_0.55.4_amd64.deb",
         "sha512": "h9AOC2BuEny0TIDmwtH3X2Z2If/U59v0urgHxEd1ttKDQnVHP3HbdrlSd6gRefM41tEvLs77AlGzVmnDQ2Lv2Q==",
         "size": 213511672
      },
      {
         "url": "anytype_0.55.4_amd64.deb",
         "sha512": "h9AOC2BuEny0TIDmwtH3X2Z2If/U59v0urgHxEd1ttKDQnVHP3HbdrlSd6gRefM41tEvLs77AlGzVmnDQ2Lv2Q==",
         "size": 213511672
      },
      {
         "url": "anytype_0.55.4_amd64.deb",
         "sha512": "h9AOC2BuEny0TIDmwtH3X2Z2If/U59v0urgHxEd1ttKDQnVHP3HbdrlSd6gRefM41tEvLs77AlGzVmnDQ2Lv2Q==",
         "size": 213511672
      },
      {
         "url": "anytype-0.55.4.x86_64.rpm",
         "sha512": "SmrdfZeSInIiRl2uzMLCDYYqz2N3gvzb4AlfD9RZnkGjKHg+N6VkdOD9p2rMGcT3cFISEvpoiFguKBKmkymYWg==",
         "size": 189025877
      },
      {
         "url": "anytype-0.55.4.x86_64.rpm",
         "sha512": "SmrdfZeSInIiRl2uzMLCDYYqz2N3gvzb4AlfD9RZnkGjKHg+N6VkdOD9p2rMGcT3cFISEvpoiFguKBKmkymYWg==",
         "size": 189025877
      },
      {
         "url": "anytype-0.55.4.x86_64.rpm",
         "sha512": "SmrdfZeSInIiRl2uzMLCDYYqz2N3gvzb4AlfD9RZnkGjKHg+N6VkdOD9p2rMGcT3cFISEvpoiFguKBKmkymYWg==",
         "size": 189025877
      }
   ],
   "path": "Anytype-0.55.4.AppImage",
   "sha512": "iVhg7x/IcehgFgoqn8NKBJ5Zlh1Ba0LCCfUSUA0vCgLClePi/Wa1B3K+g7FaPJ4caVLEApN+opsMXekenVAZBg==",
   "releaseDate": "2026-05-05T13:39:49.369Z"
}
[2026-05-27 01:12:00.707] [debug] checkForUpdatesAndNotify called, downloadPromise is null
[2026-05-27 01:22:00.250] [info]  Checking for update
[2026-05-27 01:22:00.250] [info]  Checking for update
[2026-05-27 01:22:00.536] [info]  Update for version 0.55.4 is not available (latest version: 0.55.4, downgrade is allowed).
[2026-05-27 01:22:00.536] [info]  Update not available: {
   "version": "0.55.4",
   "files": [
      {
         "url": "Anytype-0.55.4.AppImage",
         "sha512": "iVhg7x/IcehgFgoqn8NKBJ5Zlh1Ba0LCCfUSUA0vCgLClePi/Wa1B3K+g7FaPJ4caVLEApN+opsMXekenVAZBg==",
         "size": 255921020,
         "blockMapSize": 265104
      },
      {
         "url": "anytype_0.55.4_amd64.deb",
         "sha512": "h9AOC2BuEny0TIDmwtH3X2Z2If/U59v0urgHxEd1ttKDQnVHP3HbdrlSd6gRefM41tEvLs77AlGzVmnDQ2Lv2Q==",
         "size": 213511672
      },
      {
         "url": "anytype_0.55.4_amd64.deb",
         "sha512": "h9AOC2BuEny0TIDmwtH3X2Z2If/U59v0urgHxEd1ttKDQnVHP3HbdrlSd6gRefM41tEvLs77AlGzVmnDQ2Lv2Q==",
         "size": 213511672
      },
      {
         "url": "anytype_0.55.4_amd64.deb",
         "sha512": "h9AOC2BuEny0TIDmwtH3X2Z2If/U59v0urgHxEd1ttKDQnVHP3HbdrlSd6gRefM41tEvLs77AlGzVmnDQ2Lv2Q==",
         "size": 213511672
      },
      {
         "url": "anytype-0.55.4.x86_64.rpm",
         "sha512": "SmrdfZeSInIiRl2uzMLCDYYqz2N3gvzb4AlfD9RZnkGjKHg+N6VkdOD9p2rMGcT3cFISEvpoiFguKBKmkymYWg==",
         "size": 189025877
      },
      {
         "url": "anytype-0.55.4.x86_64.rpm",
         "sha512": "SmrdfZeSInIiRl2uzMLCDYYqz2N3gvzb4AlfD9RZnkGjKHg+N6VkdOD9p2rMGcT3cFISEvpoiFguKBKmkymYWg==",
         "size": 189025877
      },
      {
         "url": "anytype-0.55.4.x86_64.rpm",
         "sha512": "SmrdfZeSInIiRl2uzMLCDYYqz2N3gvzb4AlfD9RZnkGjKHg+N6VkdOD9p2rMGcT3cFISEvpoiFguKBKmkymYWg==",
         "size": 189025877
      }
   ],
   "path": "Anytype-0.55.4.AppImage",
   "sha512": "iVhg7x/IcehgFgoqn8NKBJ5Zlh1Ba0LCCfUSUA0vCgLClePi/Wa1B3K+g7FaPJ4caVLEApN+opsMXekenVAZBg==",
   "releaseDate": "2026-05-05T13:39:49.369Z"
}
[2026-05-27 01:22:00.537] [debug] checkForUpdatesAndNotify called, downloadPromise is null
[2026-05-27 01:32:00.352] [info]  Checking for update
[2026-05-27 01:32:00.353] [info]  Checking for update
[2026-05-27 01:32:00.631] [info]  Update for version 0.55.4 is not available (latest version: 0.55.4, downgrade is allowed).
[2026-05-27 01:32:00.631] [info]  Update not available: {
   "version": "0.55.4",
   "files": [
      {
         "url": "Anytype-0.55.4.AppImage",
         "sha512": "iVhg7x/IcehgFgoqn8NKBJ5Zlh1Ba0LCCfUSUA0vCgLClePi/Wa1B3K+g7FaPJ4caVLEApN+opsMXekenVAZBg==",
         "size": 255921020,
         "blockMapSize": 265104
      },
      {
         "url": "anytype_0.55.4_amd64.deb",
         "sha512": "h9AOC2BuEny0TIDmwtH3X2Z2If/U59v0urgHxEd1ttKDQnVHP3HbdrlSd6gRefM41tEvLs77AlGzVmnDQ2Lv2Q==",
         "size": 213511672
      },
      {
         "url": "anytype_0.55.4_amd64.deb",
         "sha512": "h9AOC2BuEny0TIDmwtH3X2Z2If/U59v0urgHxEd1ttKDQnVHP3HbdrlSd6gRefM41tEvLs77AlGzVmnDQ2Lv2Q==",
         "size": 213511672
      },
      {
         "url": "anytype_0.55.4_amd64.deb",
         "sha512": "h9AOC2BuEny0TIDmwtH3X2Z2If/U59v0urgHxEd1ttKDQnVHP3HbdrlSd6gRefM41tEvLs77AlGzVmnDQ2Lv2Q==",
         "size": 213511672
      },
      {
         "url": "anytype-0.55.4.x86_64.rpm",
         "sha512": "SmrdfZeSInIiRl2uzMLCDYYqz2N3gvzb4AlfD9RZnkGjKHg+N6VkdOD9p2rMGcT3cFISEvpoiFguKBKmkymYWg==",
         "size": 189025877
      },
      {
         "url": "anytype-0.55.4.x86_64.rpm",
         "sha512": "SmrdfZeSInIiRl2uzMLCDYYqz2N3gvzb4AlfD9RZnkGjKHg+N6VkdOD9p2rMGcT3cFISEvpoiFguKBKmkymYWg==",
         "size": 189025877
      },
      {
         "url": "anytype-0.55.4.x86_64.rpm",
         "sha512": "SmrdfZeSInIiRl2uzMLCDYYqz2N3gvzb4AlfD9RZnkGjKHg+N6VkdOD9p2rMGcT3cFISEvpoiFguKBKmkymYWg==",
         "size": 189025877
      }
   ],
   "path": "Anytype-0.55.4.AppImage",
   "sha512": "iVhg7x/IcehgFgoqn8NKBJ5Zlh1Ba0LCCfUSUA0vCgLClePi/Wa1B3K+g7FaPJ4caVLEApN+opsMXekenVAZBg==",
   "releaseDate": "2026-05-05T13:39:49.369Z"
}
[2026-05-27 01:32:00.632] [debug] checkForUpdatesAndNotify called, downloadPromise is null
[2026-05-27 01:42:00.454] [info]  Checking for update
[2026-05-27 01:42:00.455] [info]  Checking for update
[2026-05-27 01:42:00.743] [info]  Update for version 0.55.4 is not available (latest version: 0.55.4, downgrade is allowed).
[2026-05-27 01:42:00.743] [info]  Update not available: {
   "version": "0.55.4",
   "files": [
      {
         "url": "Anytype-0.55.4.AppImage",
         "sha512": "iVhg7x/IcehgFgoqn8NKBJ5Zlh1Ba0LCCfUSUA0vCgLClePi/Wa1B3K+g7FaPJ4caVLEApN+opsMXekenVAZBg==",
         "size": 255921020,
         "blockMapSize": 265104
      },
      {
         "url": "anytype_0.55.4_amd64.deb",
         "sha512": "h9AOC2BuEny0TIDmwtH3X2Z2If/U59v0urgHxEd1ttKDQnVHP3HbdrlSd6gRefM41tEvLs77AlGzVmnDQ2Lv2Q==",
         "size": 213511672
      },
      {
         "url": "anytype_0.55.4_amd64.deb",
         "sha512": "h9AOC2BuEny0TIDmwtH3X2Z2If/U59v0urgHxEd1ttKDQnVHP3HbdrlSd6gRefM41tEvLs77AlGzVmnDQ2Lv2Q==",
         "size": 213511672
      },
      {
         "url": "anytype_0.55.4_amd64.deb",
         "sha512": "h9AOC2BuEny0TIDmwtH3X2Z2If/U59v0urgHxEd1ttKDQnVHP3HbdrlSd6gRefM41tEvLs77AlGzVmnDQ2Lv2Q==",
         "size": 213511672
      },
      {
         "url": "anytype-0.55.4.x86_64.rpm",
         "sha512": "SmrdfZeSInIiRl2uzMLCDYYqz2N3gvzb4AlfD9RZnkGjKHg+N6VkdOD9p2rMGcT3cFISEvpoiFguKBKmkymYWg==",
         "size": 189025877
      },
      {
         "url": "anytype-0.55.4.x86_64.rpm",
         "sha512": "SmrdfZeSInIiRl2uzMLCDYYqz2N3gvzb4AlfD9RZnkGjKHg+N6VkdOD9p2rMGcT3cFISEvpoiFguKBKmkymYWg==",
         "size": 189025877
      },
      {
         "url": "anytype-0.55.4.x86_64.rpm",
         "sha512": "SmrdfZeSInIiRl2uzMLCDYYqz2N3gvzb4AlfD9RZnkGjKHg+N6VkdOD9p2rMGcT3cFISEvpoiFguKBKmkymYWg==",
         "size": 189025877
      }
   ],
   "path": "Anytype-0.55.4.AppImage",
   "sha512": "iVhg7x/IcehgFgoqn8NKBJ5Zlh1Ba0LCCfUSUA0vCgLClePi/Wa1B3K+g7FaPJ4caVLEApN+opsMXekenVAZBg==",
   "releaseDate": "2026-05-05T13:39:49.369Z"
}
[2026-05-27 01:42:00.744] [debug] checkForUpdatesAndNotify called, downloadPromise is null
[2026-05-27 01:52:00.550] [info]  Checking for update
[2026-05-27 01:52:00.550] [info]  Checking for update
[2026-05-27 01:52:00.843] [info]  Update for version 0.55.4 is not available (latest version: 0.55.4, downgrade is allowed).
[2026-05-27 01:52:00.843] [info]  Update not available: {
   "version": "0.55.4",
   "files": [
      {
         "url": "Anytype-0.55.4.AppImage",
         "sha512": "iVhg7x/IcehgFgoqn8NKBJ5Zlh1Ba0LCCfUSUA0vCgLClePi/Wa1B3K+g7FaPJ4caVLEApN+opsMXekenVAZBg==",
         "size": 255921020,
         "blockMapSize": 265104
      },
      {
         "url": "anytype_0.55.4_amd64.deb",
         "sha512": "h9AOC2BuEny0TIDmwtH3X2Z2If/U59v0urgHxEd1ttKDQnVHP3HbdrlSd6gRefM41tEvLs77AlGzVmnDQ2Lv2Q==",
         "size": 213511672
      },
      {
         "url": "anytype_0.55.4_amd64.deb",
         "sha512": "h9AOC2BuEny0TIDmwtH3X2Z2If/U59v0urgHxEd1ttKDQnVHP3HbdrlSd6gRefM41tEvLs77AlGzVmnDQ2Lv2Q==",
         "size": 213511672
      },
      {
         "url": "anytype_0.55.4_amd64.deb",
         "sha512": "h9AOC2BuEny0TIDmwtH3X2Z2If/U59v0urgHxEd1ttKDQnVHP3HbdrlSd6gRefM41tEvLs77AlGzVmnDQ2Lv2Q==",
         "size": 213511672
      },
      {
         "url": "anytype-0.55.4.x86_64.rpm",
         "sha512": "SmrdfZeSInIiRl2uzMLCDYYqz2N3gvzb4AlfD9RZnkGjKHg+N6VkdOD9p2rMGcT3cFISEvpoiFguKBKmkymYWg==",
         "size": 189025877
      },
      {
         "url": "anytype-0.55.4.x86_64.rpm",
         "sha512": "SmrdfZeSInIiRl2uzMLCDYYqz2N3gvzb4AlfD9RZnkGjKHg+N6VkdOD9p2rMGcT3cFISEvpoiFguKBKmkymYWg==",
         "size": 189025877
      },
      {
         "url": "anytype-0.55.4.x86_64.rpm",
         "sha512": "SmrdfZeSInIiRl2uzMLCDYYqz2N3gvzb4AlfD9RZnkGjKHg+N6VkdOD9p2rMGcT3cFISEvpoiFguKBKmkymYWg==",
         "size": 189025877
      }
   ],
   "path": "Anytype-0.55.4.AppImage",
   "sha512": "iVhg7x/IcehgFgoqn8NKBJ5Zlh1Ba0LCCfUSUA0vCgLClePi/Wa1B3K+g7FaPJ4caVLEApN+opsMXekenVAZBg==",
   "releaseDate": "2026-05-05T13:39:49.369Z"
}
[2026-05-27 01:52:00.843] [debug] checkForUpdatesAndNotify called, downloadPromise is null
[2026-05-27 02:02:00.597] [info]  Checking for update
[2026-05-27 02:02:00.597] [info]  Checking for update
[2026-05-27 02:02:00.889] [info]  Update for version 0.55.4 is not available (latest version: 0.55.4, downgrade is allowed).
[2026-05-27 02:02:00.889] [info]  Update not available: {
   "version": "0.55.4",
   "files": [
      {
         "url": "Anytype-0.55.4.AppImage",
         "sha512": "iVhg7x/IcehgFgoqn8NKBJ5Zlh1Ba0LCCfUSUA0vCgLClePi/Wa1B3K+g7FaPJ4caVLEApN+opsMXekenVAZBg==",
         "size": 255921020,
         "blockMapSize": 265104
      },
      {
         "url": "anytype_0.55.4_amd64.deb",
         "sha512": "h9AOC2BuEny0TIDmwtH3X2Z2If/U59v0urgHxEd1ttKDQnVHP3HbdrlSd6gRefM41tEvLs77AlGzVmnDQ2Lv2Q==",
         "size": 213511672
      },
      {
         "url": "anytype_0.55.4_amd64.deb",
         "sha512": "h9AOC2BuEny0TIDmwtH3X2Z2If/U59v0urgHxEd1ttKDQnVHP3HbdrlSd6gRefM41tEvLs77AlGzVmnDQ2Lv2Q==",
         "size": 213511672
      },
      {
         "url": "anytype_0.55.4_amd64.deb",
         "sha512": "h9AOC2BuEny0TIDmwtH3X2Z2If/U59v0urgHxEd1ttKDQnVHP3HbdrlSd6gRefM41tEvLs77AlGzVmnDQ2Lv2Q==",
         "size": 213511672
      },
      {
         "url": "anytype-0.55.4.x86_64.rpm",
         "sha512": "SmrdfZeSInIiRl2uzMLCDYYqz2N3gvzb4AlfD9RZnkGjKHg+N6VkdOD9p2rMGcT3cFISEvpoiFguKBKmkymYWg==",
         "size": 189025877
      },
      {
         "url": "anytype-0.55.4.x86_64.rpm",
         "sha512": "SmrdfZeSInIiRl2uzMLCDYYqz2N3gvzb4AlfD9RZnkGjKHg+N6VkdOD9p2rMGcT3cFISEvpoiFguKBKmkymYWg==",
         "size": 189025877
      },
      {
         "url": "anytype-0.55.4.x86_64.rpm",
         "sha512": "SmrdfZeSInIiRl2uzMLCDYYqz2N3gvzb4AlfD9RZnkGjKHg+N6VkdOD9p2rMGcT3cFISEvpoiFguKBKmkymYWg==",
         "size": 189025877
      }
   ],
   "path": "Anytype-0.55.4.AppImage",
   "sha512": "iVhg7x/IcehgFgoqn8NKBJ5Zlh1Ba0LCCfUSUA0vCgLClePi/Wa1B3K+g7FaPJ4caVLEApN+opsMXekenVAZBg==",
   "releaseDate": "2026-05-05T13:39:49.369Z"
}
[2026-05-27 02:02:00.890] [debug] checkForUpdatesAndNotify called, downloadPromise is null
[2026-05-27 02:12:00.607] [info]  Checking for update
[2026-05-27 02:12:00.608] [info]  Checking for update
[2026-05-27 02:12:00.884] [info]  Update for version 0.55.4 is not available (latest version: 0.55.4, downgrade is allowed).
[2026-05-27 02:12:00.885] [info]  Update not available: {
   "version": "0.55.4",
   "files": [
      {
         "url": "Anytype-0.55.4.AppImage",
         "sha512": "iVhg7x/IcehgFgoqn8NKBJ5Zlh1Ba0LCCfUSUA0vCgLClePi/Wa1B3K+g7FaPJ4caVLEApN+opsMXekenVAZBg==",
         "size": 255921020,
         "blockMapSize": 265104
      },
      {
         "url": "anytype_0.55.4_amd64.deb",
         "sha512": "h9AOC2BuEny0TIDmwtH3X2Z2If/U59v0urgHxEd1ttKDQnVHP3HbdrlSd6gRefM41tEvLs77AlGzVmnDQ2Lv2Q==",
         "size": 213511672
      },
      {
         "url": "anytype_0.55.4_amd64.deb",
         "sha512": "h9AOC2BuEny0TIDmwtH3X2Z2If/U59v0urgHxEd1ttKDQnVHP3HbdrlSd6gRefM41tEvLs77AlGzVmnDQ2Lv2Q==",
         "size": 213511672
      },
      {
         "url": "anytype_0.55.4_amd64.deb",
         "sha512": "h9AOC2BuEny0TIDmwtH3X2Z2If/U59v0urgHxEd1ttKDQnVHP3HbdrlSd6gRefM41tEvLs77AlGzVmnDQ2Lv2Q==",
         "size": 213511672
      },
      {
         "url": "anytype-0.55.4.x86_64.rpm",
         "sha512": "SmrdfZeSInIiRl2uzMLCDYYqz2N3gvzb4AlfD9RZnkGjKHg+N6VkdOD9p2rMGcT3cFISEvpoiFguKBKmkymYWg==",
         "size": 189025877
      },
      {
         "url": "anytype-0.55.4.x86_64.rpm",
         "sha512": "SmrdfZeSInIiRl2uzMLCDYYqz2N3gvzb4AlfD9RZnkGjKHg+N6VkdOD9p2rMGcT3cFISEvpoiFguKBKmkymYWg==",
         "size": 189025877
      },
      {
         "url": "anytype-0.55.4.x86_64.rpm",
         "sha512": "SmrdfZeSInIiRl2uzMLCDYYqz2N3gvzb4AlfD9RZnkGjKHg+N6VkdOD9p2rMGcT3cFISEvpoiFguKBKmkymYWg==",
         "size": 189025877
      }
   ],
   "path": "Anytype-0.55.4.AppImage",
   "sha512": "iVhg7x/IcehgFgoqn8NKBJ5Zlh1Ba0LCCfUSUA0vCgLClePi/Wa1B3K+g7FaPJ4caVLEApN+opsMXekenVAZBg==",
   "releaseDate": "2026-05-05T13:39:49.369Z"
}
[2026-05-27 02:12:00.885] [debug] checkForUpdatesAndNotify called, downloadPromise is null
[2026-05-27 02:22:00.618] [info]  Checking for update
[2026-05-27 02:22:00.618] [info]  Checking for update
[2026-05-27 02:22:00.884] [info]  Update for version 0.55.4 is not available (latest version: 0.55.4, downgrade is allowed).
[2026-05-27 02:22:00.884] [info]  Update not available: {
   "version": "0.55.4",
   "files": [
      {
         "url": "Anytype-0.55.4.AppImage",
         "sha512": "iVhg7x/IcehgFgoqn8NKBJ5Zlh1Ba0LCCfUSUA0vCgLClePi/Wa1B3K+g7FaPJ4caVLEApN+opsMXekenVAZBg==",
         "size": 255921020,
         "blockMapSize": 265104
      },
      {
         "url": "anytype_0.55.4_amd64.deb",
         "sha512": "h9AOC2BuEny0TIDmwtH3X2Z2If/U59v0urgHxEd1ttKDQnVHP3HbdrlSd6gRefM41tEvLs77AlGzVmnDQ2Lv2Q==",
         "size": 213511672
      },
      {
         "url": "anytype_0.55.4_amd64.deb",
         "sha512": "h9AOC2BuEny0TIDmwtH3X2Z2If/U59v0urgHxEd1ttKDQnVHP3HbdrlSd6gRefM41tEvLs77AlGzVmnDQ2Lv2Q==",
         "size": 213511672
      },
      {
         "url": "anytype_0.55.4_amd64.deb",
         "sha512": "h9AOC2BuEny0TIDmwtH3X2Z2If/U59v0urgHxEd1ttKDQnVHP3HbdrlSd6gRefM41tEvLs77AlGzVmnDQ2Lv2Q==",
         "size": 213511672
      },
      {
         "url": "anytype-0.55.4.x86_64.rpm",
         "sha512": "SmrdfZeSInIiRl2uzMLCDYYqz2N3gvzb4AlfD9RZnkGjKHg+N6VkdOD9p2rMGcT3cFISEvpoiFguKBKmkymYWg==",
         "size": 189025877
      },
      {
         "url": "anytype-0.55.4.x86_64.rpm",
         "sha512": "SmrdfZeSInIiRl2uzMLCDYYqz2N3gvzb4AlfD9RZnkGjKHg+N6VkdOD9p2rMGcT3cFISEvpoiFguKBKmkymYWg==",
         "size": 189025877
      },
      {
         "url": "anytype-0.55.4.x86_64.rpm",
         "sha512": "SmrdfZeSInIiRl2uzMLCDYYqz2N3gvzb4AlfD9RZnkGjKHg+N6VkdOD9p2rMGcT3cFISEvpoiFguKBKmkymYWg==",
         "size": 189025877
      }
   ],
   "path": "Anytype-0.55.4.AppImage",
   "sha512": "iVhg7x/IcehgFgoqn8NKBJ5Zlh1Ba0LCCfUSUA0vCgLClePi/Wa1B3K+g7FaPJ4caVLEApN+opsMXekenVAZBg==",
   "releaseDate": "2026-05-05T13:39:49.369Z"
}
[2026-05-27 02:22:00.885] [debug] checkForUpdatesAndNotify called, downloadPromise is null
[2026-05-27 02:32:00.719] [info]  Checking for update
[2026-05-27 02:32:00.720] [info]  Checking for update
[2026-05-27 02:32:01.007] [info]  Update for version 0.55.4 is not available (latest version: 0.55.4, downgrade is allowed).
[2026-05-27 02:32:01.007] [info]  Update not available: {
   "version": "0.55.4",
   "files": [
      {
         "url": "Anytype-0.55.4.AppImage",
         "sha512": "iVhg7x/IcehgFgoqn8NKBJ5Zlh1Ba0LCCfUSUA0vCgLClePi/Wa1B3K+g7FaPJ4caVLEApN+opsMXekenVAZBg==",
         "size": 255921020,
         "blockMapSize": 265104
      },
      {
         "url": "anytype_0.55.4_amd64.deb",
         "sha512": "h9AOC2BuEny0TIDmwtH3X2Z2If/U59v0urgHxEd1ttKDQnVHP3HbdrlSd6gRefM41tEvLs77AlGzVmnDQ2Lv2Q==",
         "size": 213511672
      },
      {
         "url": "anytype_0.55.4_amd64.deb",
         "sha512": "h9AOC2BuEny0TIDmwtH3X2Z2If/U59v0urgHxEd1ttKDQnVHP3HbdrlSd6gRefM41tEvLs77AlGzVmnDQ2Lv2Q==",
         "size": 213511672
      },
      {
         "url": "anytype_0.55.4_amd64.deb",
         "sha512": "h9AOC2BuEny0TIDmwtH3X2Z2If/U59v0urgHxEd1ttKDQnVHP3HbdrlSd6gRefM41tEvLs77AlGzVmnDQ2Lv2Q==",
         "size": 213511672
      },
      {
         "url": "anytype-0.55.4.x86_64.rpm",
         "sha512": "SmrdfZeSInIiRl2uzMLCDYYqz2N3gvzb4AlfD9RZnkGjKHg+N6VkdOD9p2rMGcT3cFISEvpoiFguKBKmkymYWg==",
         "size": 189025877
      },
      {
         "url": "anytype-0.55.4.x86_64.rpm",
         "sha512": "SmrdfZeSInIiRl2uzMLCDYYqz2N3gvzb4AlfD9RZnkGjKHg+N6VkdOD9p2rMGcT3cFISEvpoiFguKBKmkymYWg==",
         "size": 189025877
      },
      {
         "url": "anytype-0.55.4.x86_64.rpm",
         "sha512": "SmrdfZeSInIiRl2uzMLCDYYqz2N3gvzb4AlfD9RZnkGjKHg+N6VkdOD9p2rMGcT3cFISEvpoiFguKBKmkymYWg==",
         "size": 189025877
      }
   ],
   "path": "Anytype-0.55.4.AppImage",
   "sha512": "iVhg7x/IcehgFgoqn8NKBJ5Zlh1Ba0LCCfUSUA0vCgLClePi/Wa1B3K+g7FaPJ4caVLEApN+opsMXekenVAZBg==",
   "releaseDate": "2026-05-05T13:39:49.369Z"
}
[2026-05-27 02:32:01.008] [debug] checkForUpdatesAndNotify called, downloadPromise is null
[2026-05-27 02:42:00.770] [info]  Checking for update
[2026-05-27 02:42:00.771] [info]  Checking for update
[2026-05-27 02:42:01.035] [info]  Update for version 0.55.4 is not available (latest version: 0.55.4, downgrade is allowed).
[2026-05-27 02:42:01.035] [info]  Update not available: {
   "version": "0.55.4",
   "files": [
      {
         "url": "Anytype-0.55.4.AppImage",
         "sha512": "iVhg7x/IcehgFgoqn8NKBJ5Zlh1Ba0LCCfUSUA0vCgLClePi/Wa1B3K+g7FaPJ4caVLEApN+opsMXekenVAZBg==",
         "size": 255921020,
         "blockMapSize": 265104
      },
      {
         "url": "anytype_0.55.4_amd64.deb",
         "sha512": "h9AOC2BuEny0TIDmwtH3X2Z2If/U59v0urgHxEd1ttKDQnVHP3HbdrlSd6gRefM41tEvLs77AlGzVmnDQ2Lv2Q==",
         "size": 213511672
      },
      {
         "url": "anytype_0.55.4_amd64.deb",
         "sha512": "h9AOC2BuEny0TIDmwtH3X2Z2If/U59v0urgHxEd1ttKDQnVHP3HbdrlSd6gRefM41tEvLs77AlGzVmnDQ2Lv2Q==",
         "size": 213511672
      },
      {
         "url": "anytype_0.55.4_amd64.deb",
         "sha512": "h9AOC2BuEny0TIDmwtH3X2Z2If/U59v0urgHxEd1ttKDQnVHP3HbdrlSd6gRefM41tEvLs77AlGzVmnDQ2Lv2Q==",
         "size": 213511672
      },
      {
         "url": "anytype-0.55.4.x86_64.rpm",
         "sha512": "SmrdfZeSInIiRl2uzMLCDYYqz2N3gvzb4AlfD9RZnkGjKHg+N6VkdOD9p2rMGcT3cFISEvpoiFguKBKmkymYWg==",
         "size": 189025877
      },
      {
         "url": "anytype-0.55.4.x86_64.rpm",
         "sha512": "SmrdfZeSInIiRl2uzMLCDYYqz2N3gvzb4AlfD9RZnkGjKHg+N6VkdOD9p2rMGcT3cFISEvpoiFguKBKmkymYWg==",
         "size": 189025877
      },
      {
         "url": "anytype-0.55.4.x86_64.rpm",
         "sha512": "SmrdfZeSInIiRl2uzMLCDYYqz2N3gvzb4AlfD9RZnkGjKHg+N6VkdOD9p2rMGcT3cFISEvpoiFguKBKmkymYWg==",
         "size": 189025877
      }
   ],
   "path": "Anytype-0.55.4.AppImage",
   "sha512": "iVhg7x/IcehgFgoqn8NKBJ5Zlh1Ba0LCCfUSUA0vCgLClePi/Wa1B3K+g7FaPJ4caVLEApN+opsMXekenVAZBg==",
   "releaseDate": "2026-05-05T13:39:49.369Z"
}
[2026-05-27 02:42:01.035] [debug] checkForUpdatesAndNotify called, downloadPromise is null
[2026-05-27 02:52:00.781] [info]  Checking for update
[2026-05-27 02:52:00.782] [info]  Checking for update
[2026-05-27 02:52:01.065] [info]  Update for version 0.55.4 is not available (latest version: 0.55.4, downgrade is allowed).
[2026-05-27 02:52:01.065] [info]  Update not available: {
   "version": "0.55.4",
   "files": [
      {
         "url": "Anytype-0.55.4.AppImage",
         "sha512": "iVhg7x/IcehgFgoqn8NKBJ5Zlh1Ba0LCCfUSUA0vCgLClePi/Wa1B3K+g7FaPJ4caVLEApN+opsMXekenVAZBg==",
         "size": 255921020,
         "blockMapSize": 265104
      },
      {
         "url": "anytype_0.55.4_amd64.deb",
         "sha512": "h9AOC2BuEny0TIDmwtH3X2Z2If/U59v0urgHxEd1ttKDQnVHP3HbdrlSd6gRefM41tEvLs77AlGzVmnDQ2Lv2Q==",
         "size": 213511672
      },
      {
         "url": "anytype_0.55.4_amd64.deb",
         "sha512": "h9AOC2BuEny0TIDmwtH3X2Z2If/U59v0urgHxEd1ttKDQnVHP3HbdrlSd6gRefM41tEvLs77AlGzVmnDQ2Lv2Q==",
         "size": 213511672
      },
      {
         "url": "anytype_0.55.4_amd64.deb",
         "sha512": "h9AOC2BuEny0TIDmwtH3X2Z2If/U59v0urgHxEd1ttKDQnVHP3HbdrlSd6gRefM41tEvLs77AlGzVmnDQ2Lv2Q==",
         "size": 213511672
      },
      {
         "url": "anytype-0.55.4.x86_64.rpm",
         "sha512": "SmrdfZeSInIiRl2uzMLCDYYqz2N3gvzb4AlfD9RZnkGjKHg+N6VkdOD9p2rMGcT3cFISEvpoiFguKBKmkymYWg==",
         "size": 189025877
      },
      {
         "url": "anytype-0.55.4.x86_64.rpm",
         "sha512": "SmrdfZeSInIiRl2uzMLCDYYqz2N3gvzb4AlfD9RZnkGjKHg+N6VkdOD9p2rMGcT3cFISEvpoiFguKBKmkymYWg==",
         "size": 189025877
      },
      {
         "url": "anytype-0.55.4.x86_64.rpm",
         "sha512": "SmrdfZeSInIiRl2uzMLCDYYqz2N3gvzb4AlfD9RZnkGjKHg+N6VkdOD9p2rMGcT3cFISEvpoiFguKBKmkymYWg==",
         "size": 189025877
      }
   ],
   "path": "Anytype-0.55.4.AppImage",
   "sha512": "iVhg7x/IcehgFgoqn8NKBJ5Zlh1Ba0LCCfUSUA0vCgLClePi/Wa1B3K+g7FaPJ4caVLEApN+opsMXekenVAZBg==",
   "releaseDate": "2026-05-05T13:39:49.369Z"
}
[2026-05-27 02:52:01.066] [debug] checkForUpdatesAndNotify called, downloadPromise is null
[2026-05-27 03:02:00.811] [info]  Checking for update
[2026-05-27 03:02:00.812] [info]  Checking for update
[2026-05-27 03:02:01.097] [info]  Update for version 0.55.4 is not available (latest version: 0.55.4, downgrade is allowed).
[2026-05-27 03:02:01.098] [info]  Update not available: {
   "version": "0.55.4",
   "files": [
      {
         "url": "Anytype-0.55.4.AppImage",
         "sha512": "iVhg7x/IcehgFgoqn8NKBJ5Zlh1Ba0LCCfUSUA0vCgLClePi/Wa1B3K+g7FaPJ4caVLEApN+opsMXekenVAZBg==",
         "size": 255921020,
         "blockMapSize": 265104
      },
      {
         "url": "anytype_0.55.4_amd64.deb",
         "sha512": "h9AOC2BuEny0TIDmwtH3X2Z2If/U59v0urgHxEd1ttKDQnVHP3HbdrlSd6gRefM41tEvLs77AlGzVmnDQ2Lv2Q==",
         "size": 213511672
      },
      {
         "url": "anytype_0.55.4_amd64.deb",
         "sha512": "h9AOC2BuEny0TIDmwtH3X2Z2If/U59v0urgHxEd1ttKDQnVHP3HbdrlSd6gRefM41tEvLs77AlGzVmnDQ2Lv2Q==",
         "size": 213511672
      },
      {
         "url": "anytype_0.55.4_amd64.deb",
         "sha512": "h9AOC2BuEny0TIDmwtH3X2Z2If/U59v0urgHxEd1ttKDQnVHP3HbdrlSd6gRefM41tEvLs77AlGzVmnDQ2Lv2Q==",
         "size": 213511672
      },
      {
         "url": "anytype-0.55.4.x86_64.rpm",
         "sha512": "SmrdfZeSInIiRl2uzMLCDYYqz2N3gvzb4AlfD9RZnkGjKHg+N6VkdOD9p2rMGcT3cFISEvpoiFguKBKmkymYWg==",
         "size": 189025877
      },
      {
         "url": "anytype-0.55.4.x86_64.rpm",
         "sha512": "SmrdfZeSInIiRl2uzMLCDYYqz2N3gvzb4AlfD9RZnkGjKHg+N6VkdOD9p2rMGcT3cFISEvpoiFguKBKmkymYWg==",
         "size": 189025877
      },
      {
         "url": "anytype-0.55.4.x86_64.rpm",
         "sha512": "SmrdfZeSInIiRl2uzMLCDYYqz2N3gvzb4AlfD9RZnkGjKHg+N6VkdOD9p2rMGcT3cFISEvpoiFguKBKmkymYWg==",
         "size": 189025877
      }
   ],
   "path": "Anytype-0.55.4.AppImage",
   "sha512": "iVhg7x/IcehgFgoqn8NKBJ5Zlh1Ba0LCCfUSUA0vCgLClePi/Wa1B3K+g7FaPJ4caVLEApN+opsMXekenVAZBg==",
   "releaseDate": "2026-05-05T13:39:49.369Z"
}
[2026-05-27 03:02:01.098] [debug] checkForUpdatesAndNotify called, downloadPromise is null
[2026-05-27 03:12:00.841] [info]  Checking for update
[2026-05-27 03:12:00.841] [info]  Checking for update
[2026-05-27 03:12:01.117] [info]  Update for version 0.55.4 is not available (latest version: 0.55.4, downgrade is allowed).
[2026-05-27 03:12:01.118] [info]  Update not available: {
   "version": "0.55.4",
   "files": [
      {
         "url": "Anytype-0.55.4.AppImage",
         "sha512": "iVhg7x/IcehgFgoqn8NKBJ5Zlh1Ba0LCCfUSUA0vCgLClePi/Wa1B3K+g7FaPJ4caVLEApN+opsMXekenVAZBg==",
         "size": 255921020,
         "blockMapSize": 265104
      },
      {
         "url": "anytype_0.55.4_amd64.deb",
         "sha512": "h9AOC2BuEny0TIDmwtH3X2Z2If/U59v0urgHxEd1ttKDQnVHP3HbdrlSd6gRefM41tEvLs77AlGzVmnDQ2Lv2Q==",
         "size": 213511672
      },
      {
         "url": "anytype_0.55.4_amd64.deb",
         "sha512": "h9AOC2BuEny0TIDmwtH3X2Z2If/U59v0urgHxEd1ttKDQnVHP3HbdrlSd6gRefM41tEvLs77AlGzVmnDQ2Lv2Q==",
         "size": 213511672
      },
      {
         "url": "anytype_0.55.4_amd64.deb",
         "sha512": "h9AOC2BuEny0TIDmwtH3X2Z2If/U59v0urgHxEd1ttKDQnVHP3HbdrlSd6gRefM41tEvLs77AlGzVmnDQ2Lv2Q==",
         "size": 213511672
      },
      {
         "url": "anytype-0.55.4.x86_64.rpm",
         "sha512": "SmrdfZeSInIiRl2uzMLCDYYqz2N3gvzb4AlfD9RZnkGjKHg+N6VkdOD9p2rMGcT3cFISEvpoiFguKBKmkymYWg==",
         "size": 189025877
      },
      {
         "url": "anytype-0.55.4.x86_64.rpm",
         "sha512": "SmrdfZeSInIiRl2uzMLCDYYqz2N3gvzb4AlfD9RZnkGjKHg+N6VkdOD9p2rMGcT3cFISEvpoiFguKBKmkymYWg==",
         "size": 189025877
      },
      {
         "url": "anytype-0.55.4.x86_64.rpm",
         "sha512": "SmrdfZeSInIiRl2uzMLCDYYqz2N3gvzb4AlfD9RZnkGjKHg+N6VkdOD9p2rMGcT3cFISEvpoiFguKBKmkymYWg==",
         "size": 189025877
      }
   ],
   "path": "Anytype-0.55.4.AppImage",
   "sha512": "iVhg7x/IcehgFgoqn8NKBJ5Zlh1Ba0LCCfUSUA0vCgLClePi/Wa1B3K+g7FaPJ4caVLEApN+opsMXekenVAZBg==",
   "releaseDate": "2026-05-05T13:39:49.369Z"
}
[2026-05-27 03:12:01.118] [debug] checkForUpdatesAndNotify called, downloadPromise is null
[2026-05-27 03:22:00.943] [info]  Checking for update
[2026-05-27 03:22:00.943] [info]  Checking for update
[2026-05-27 03:22:01.226] [info]  Update for version 0.55.4 is not available (latest version: 0.55.4, downgrade is allowed).
[2026-05-27 03:22:01.226] [info]  Update not available: {
   "version": "0.55.4",
   "files": [
      {
         "url": "Anytype-0.55.4.AppImage",
         "sha512": "iVhg7x/IcehgFgoqn8NKBJ5Zlh1Ba0LCCfUSUA0vCgLClePi/Wa1B3K+g7FaPJ4caVLEApN+opsMXekenVAZBg==",
         "size": 255921020,
         "blockMapSize": 265104
      },
      {
         "url": "anytype_0.55.4_amd64.deb",
         "sha512": "h9AOC2BuEny0TIDmwtH3X2Z2If/U59v0urgHxEd1ttKDQnVHP3HbdrlSd6gRefM41tEvLs77AlGzVmnDQ2Lv2Q==",
         "size": 213511672
      },
      {
         "url": "anytype_0.55.4_amd64.deb",
         "sha512": "h9AOC2BuEny0TIDmwtH3X2Z2If/U59v0urgHxEd1ttKDQnVHP3HbdrlSd6gRefM41tEvLs77AlGzVmnDQ2Lv2Q==",
         "size": 213511672
      },
      {
         "url": "anytype_0.55.4_amd64.deb",
         "sha512": "h9AOC2BuEny0TIDmwtH3X2Z2If/U59v0urgHxEd1ttKDQnVHP3HbdrlSd6gRefM41tEvLs77AlGzVmnDQ2Lv2Q==",
         "size": 213511672
      },
      {
         "url": "anytype-0.55.4.x86_64.rpm",
         "sha512": "SmrdfZeSInIiRl2uzMLCDYYqz2N3gvzb4AlfD9RZnkGjKHg+N6VkdOD9p2rMGcT3cFISEvpoiFguKBKmkymYWg==",
         "size": 189025877
      },
      {
         "url": "anytype-0.55.4.x86_64.rpm",
         "sha512": "SmrdfZeSInIiRl2uzMLCDYYqz2N3gvzb4AlfD9RZnkGjKHg+N6VkdOD9p2rMGcT3cFISEvpoiFguKBKmkymYWg==",
         "size": 189025877
      },
      {
         "url": "anytype-0.55.4.x86_64.rpm",
         "sha512": "SmrdfZeSInIiRl2uzMLCDYYqz2N3gvzb4AlfD9RZnkGjKHg+N6VkdOD9p2rMGcT3cFISEvpoiFguKBKmkymYWg==",
         "size": 189025877
      }
   ],
   "path": "Anytype-0.55.4.AppImage",
   "sha512": "iVhg7x/IcehgFgoqn8NKBJ5Zlh1Ba0LCCfUSUA0vCgLClePi/Wa1B3K+g7FaPJ4caVLEApN+opsMXekenVAZBg==",
   "releaseDate": "2026-05-05T13:39:49.369Z"
}
[2026-05-27 03:22:01.227] [debug] checkForUpdatesAndNotify called, downloadPromise is null
[2026-05-27 08:14:38.195] [info]  [PowerMonitor] resume
[2026-05-27 08:24:32.359] [info]  Checking for update
[2026-05-27 08:24:32.361] [info]  Checking for update
[2026-05-27 08:24:32.635] [info]  Update for version 0.55.4 is not available (latest version: 0.55.4, downgrade is allowed).
[2026-05-27 08:24:32.636] [info]  Update not available: {
   "version": "0.55.4",
   "files": [
      {
         "url": "Anytype-0.55.4.AppImage",
         "sha512": "iVhg7x/IcehgFgoqn8NKBJ5Zlh1Ba0LCCfUSUA0vCgLClePi/Wa1B3K+g7FaPJ4caVLEApN+opsMXekenVAZBg==",
         "size": 255921020,
         "blockMapSize": 265104
      },
      {
         "url": "anytype_0.55.4_amd64.deb",
         "sha512": "h9AOC2BuEny0TIDmwtH3X2Z2If/U59v0urgHxEd1ttKDQnVHP3HbdrlSd6gRefM41tEvLs77AlGzVmnDQ2Lv2Q==",
         "size": 213511672
      },
      {
         "url": "anytype_0.55.4_amd64.deb",
         "sha512": "h9AOC2BuEny0TIDmwtH3X2Z2If/U59v0urgHxEd1ttKDQnVHP3HbdrlSd6gRefM41tEvLs77AlGzVmnDQ2Lv2Q==",
         "size": 213511672
      },
      {
         "url": "anytype_0.55.4_amd64.deb",
         "sha512": "h9AOC2BuEny0TIDmwtH3X2Z2If/U59v0urgHxEd1ttKDQnVHP3HbdrlSd6gRefM41tEvLs77AlGzVmnDQ2Lv2Q==",
         "size": 213511672
      },
      {
         "url": "anytype-0.55.4.x86_64.rpm",
         "sha512": "SmrdfZeSInIiRl2uzMLCDYYqz2N3gvzb4AlfD9RZnkGjKHg+N6VkdOD9p2rMGcT3cFISEvpoiFguKBKmkymYWg==",
         "size": 189025877
      },
      {
         "url": "anytype-0.55.4.x86_64.rpm",
         "sha512": "SmrdfZeSInIiRl2uzMLCDYYqz2N3gvzb4AlfD9RZnkGjKHg+N6VkdOD9p2rMGcT3cFISEvpoiFguKBKmkymYWg==",
         "size": 189025877
      },
      {
         "url": "anytype-0.55.4.x86_64.rpm",
         "sha512": "SmrdfZeSInIiRl2uzMLCDYYqz2N3gvzb4AlfD9RZnkGjKHg+N6VkdOD9p2rMGcT3cFISEvpoiFguKBKmkymYWg==",
         "size": 189025877
      }
   ],
   "path": "Anytype-0.55.4.AppImage",
   "sha512": "iVhg7x/IcehgFgoqn8NKBJ5Zlh1Ba0LCCfUSUA0vCgLClePi/Wa1B3K+g7FaPJ4caVLEApN+opsMXekenVAZBg==",
   "releaseDate": "2026-05-05T13:39:49.369Z"
}
[2026-05-27 08:24:32.636] [debug] checkForUpdatesAndNotify called, downloadPromise is null
[2026-05-27 08:34:32.403] [info]  Checking for update
[2026-05-27 08:34:32.404] [info]  Checking for update
[2026-05-27 08:34:32.683] [info]  Update for version 0.55.4 is not available (latest version: 0.55.4, downgrade is allowed).
[2026-05-27 08:34:32.683] [info]  Update not available: {
   "version": "0.55.4",
   "files": [
      {
         "url": "Anytype-0.55.4.AppImage",
         "sha512": "iVhg7x/IcehgFgoqn8NKBJ5Zlh1Ba0LCCfUSUA0vCgLClePi/Wa1B3K+g7FaPJ4caVLEApN+opsMXekenVAZBg==",
         "size": 255921020,
         "blockMapSize": 265104
      },
      {
         "url": "anytype_0.55.4_amd64.deb",
         "sha512": "h9AOC2BuEny0TIDmwtH3X2Z2If/U59v0urgHxEd1ttKDQnVHP3HbdrlSd6gRefM41tEvLs77AlGzVmnDQ2Lv2Q==",
         "size": 213511672
      },
      {
         "url": "anytype_0.55.4_amd64.deb",
         "sha512": "h9AOC2BuEny0TIDmwtH3X2Z2If/U59v0urgHxEd1ttKDQnVHP3HbdrlSd6gRefM41tEvLs77AlGzVmnDQ2Lv2Q==",
         "size": 213511672
      },
      {
         "url": "anytype_0.55.4_amd64.deb",
         "sha512": "h9AOC2BuEny0TIDmwtH3X2Z2If/U59v0urgHxEd1ttKDQnVHP3HbdrlSd6gRefM41tEvLs77AlGzVmnDQ2Lv2Q==",
         "size": 213511672
      },
      {
         "url": "anytype-0.55.4.x86_64.rpm",
         "sha512": "SmrdfZeSInIiRl2uzMLCDYYqz2N3gvzb4AlfD9RZnkGjKHg+N6VkdOD9p2rMGcT3cFISEvpoiFguKBKmkymYWg==",
         "size": 189025877
      },
      {
         "url": "anytype-0.55.4.x86_64.rpm",
         "sha512": "SmrdfZeSInIiRl2uzMLCDYYqz2N3gvzb4AlfD9RZnkGjKHg+N6VkdOD9p2rMGcT3cFISEvpoiFguKBKmkymYWg==",
         "size": 189025877
      },
      {
         "url": "anytype-0.55.4.x86_64.rpm",
         "sha512": "SmrdfZeSInIiRl2uzMLCDYYqz2N3gvzb4AlfD9RZnkGjKHg+N6VkdOD9p2rMGcT3cFISEvpoiFguKBKmkymYWg==",
         "size": 189025877
      }
   ],
   "path": "Anytype-0.55.4.AppImage",
   "sha512": "iVhg7x/IcehgFgoqn8NKBJ5Zlh1Ba0LCCfUSUA0vCgLClePi/Wa1B3K+g7FaPJ4caVLEApN+opsMXekenVAZBg==",
   "releaseDate": "2026-05-05T13:39:49.369Z"
}
[2026-05-27 08:34:32.684] [debug] checkForUpdatesAndNotify called, downloadPromise is null
[2026-05-27 08:44:32.433] [info]  Checking for update
[2026-05-27 08:44:32.436] [info]  Checking for update
[2026-05-27 08:44:32.857] [info]  Update for version 0.55.4 is not available (latest version: 0.55.4, downgrade is allowed).
[2026-05-27 08:44:32.857] [info]  Update not available: {
   "version": "0.55.4",
   "files": [
      {
         "url": "Anytype-0.55.4.AppImage",
         "sha512": "iVhg7x/IcehgFgoqn8NKBJ5Zlh1Ba0LCCfUSUA0vCgLClePi/Wa1B3K+g7FaPJ4caVLEApN+opsMXekenVAZBg==",
         "size": 255921020,
         "blockMapSize": 265104
      },
      {
         "url": "anytype_0.55.4_amd64.deb",
         "sha512": "h9AOC2BuEny0TIDmwtH3X2Z2If/U59v0urgHxEd1ttKDQnVHP3HbdrlSd6gRefM41tEvLs77AlGzVmnDQ2Lv2Q==",
         "size": 213511672
      },
      {
         "url": "anytype_0.55.4_amd64.deb",
         "sha512": "h9AOC2BuEny0TIDmwtH3X2Z2If/U59v0urgHxEd1ttKDQnVHP3HbdrlSd6gRefM41tEvLs77AlGzVmnDQ2Lv2Q==",
         "size": 213511672
      },
      {
         "url": "anytype_0.55.4_amd64.deb",
         "sha512": "h9AOC2BuEny0TIDmwtH3X2Z2If/U59v0urgHxEd1ttKDQnVHP3HbdrlSd6gRefM41tEvLs77AlGzVmnDQ2Lv2Q==",
         "size": 213511672
      },
      {
         "url": "anytype-0.55.4.x86_64.rpm",
         "sha512": "SmrdfZeSInIiRl2uzMLCDYYqz2N3gvzb4AlfD9RZnkGjKHg+N6VkdOD9p2rMGcT3cFISEvpoiFguKBKmkymYWg==",
         "size": 189025877
      },
      {
         "url": "anytype-0.55.4.x86_64.rpm",
         "sha512": "SmrdfZeSInIiRl2uzMLCDYYqz2N3gvzb4AlfD9RZnkGjKHg+N6VkdOD9p2rMGcT3cFISEvpoiFguKBKmkymYWg==",
         "size": 189025877
      },
      {
         "url": "anytype-0.55.4.x86_64.rpm",
         "sha512": "SmrdfZeSInIiRl2uzMLCDYYqz2N3gvzb4AlfD9RZnkGjKHg+N6VkdOD9p2rMGcT3cFISEvpoiFguKBKmkymYWg==",
         "size": 189025877
      }
   ],
   "path": "Anytype-0.55.4.AppImage",
   "sha512": "iVhg7x/IcehgFgoqn8NKBJ5Zlh1Ba0LCCfUSUA0vCgLClePi/Wa1B3K+g7FaPJ4caVLEApN+opsMXekenVAZBg==",
   "releaseDate": "2026-05-05T13:39:49.369Z"
}
[2026-05-27 08:44:32.858] [debug] checkForUpdatesAndNotify called, downloadPromise is null
[2026-05-27 08:54:32.445] [info]  Checking for update
[2026-05-27 08:54:32.446] [info]  Checking for update
[2026-05-27 08:54:32.747] [info]  Update for version 0.55.4 is not available (latest version: 0.55.4, downgrade is allowed).
[2026-05-27 08:54:32.748] [info]  Update not available: {
   "version": "0.55.4",
   "files": [
      {
         "url": "Anytype-0.55.4.AppImage",
         "sha512": "iVhg7x/IcehgFgoqn8NKBJ5Zlh1Ba0LCCfUSUA0vCgLClePi/Wa1B3K+g7FaPJ4caVLEApN+opsMXekenVAZBg==",
         "size": 255921020,
         "blockMapSize": 265104
      },
      {
         "url": "anytype_0.55.4_amd64.deb",
         "sha512": "h9AOC2BuEny0TIDmwtH3X2Z2If/U59v0urgHxEd1ttKDQnVHP3HbdrlSd6gRefM41tEvLs77AlGzVmnDQ2Lv2Q==",
         "size": 213511672
      },
      {
         "url": "anytype_0.55.4_amd64.deb",
         "sha512": "h9AOC2BuEny0TIDmwtH3X2Z2If/U59v0urgHxEd1ttKDQnVHP3HbdrlSd6gRefM41tEvLs77AlGzVmnDQ2Lv2Q==",
         "size": 213511672
      },
      {
         "url": "anytype_0.55.4_amd64.deb",
         "sha512": "h9AOC2BuEny0TIDmwtH3X2Z2If/U59v0urgHxEd1ttKDQnVHP3HbdrlSd6gRefM41tEvLs77AlGzVmnDQ2Lv2Q==",
         "size": 213511672
      },
      {
         "url": "anytype-0.55.4.x86_64.rpm",
         "sha512": "SmrdfZeSInIiRl2uzMLCDYYqz2N3gvzb4AlfD9RZnkGjKHg+N6VkdOD9p2rMGcT3cFISEvpoiFguKBKmkymYWg==",
         "size": 189025877
      },
      {
         "url": "anytype-0.55.4.x86_64.rpm",
         "sha512": "SmrdfZeSInIiRl2uzMLCDYYqz2N3gvzb4AlfD9RZnkGjKHg+N6VkdOD9p2rMGcT3cFISEvpoiFguKBKmkymYWg==",
         "size": 189025877
      },
      {
         "url": "anytype-0.55.4.x86_64.rpm",
         "sha512": "SmrdfZeSInIiRl2uzMLCDYYqz2N3gvzb4AlfD9RZnkGjKHg+N6VkdOD9p2rMGcT3cFISEvpoiFguKBKmkymYWg==",
         "size": 189025877
      }
   ],
   "path": "Anytype-0.55.4.AppImage",
   "sha512": "iVhg7x/IcehgFgoqn8NKBJ5Zlh1Ba0LCCfUSUA0vCgLClePi/Wa1B3K+g7FaPJ4caVLEApN+opsMXekenVAZBg==",
   "releaseDate": "2026-05-05T13:39:49.369Z"
}
[2026-05-27 08:54:32.749] [debug] checkForUpdatesAndNotify called, downloadPromise is null
[2026-05-27 09:04:32.454] [info]  Checking for update
[2026-05-27 09:04:32.454] [info]  Checking for update
[2026-05-27 09:04:32.724] [info]  Update for version 0.55.4 is not available (latest version: 0.55.4, downgrade is allowed).
[2026-05-27 09:04:32.725] [info]  Update not available: {
   "version": "0.55.4",
   "files": [
      {
         "url": "Anytype-0.55.4.AppImage",
         "sha512": "iVhg7x/IcehgFgoqn8NKBJ5Zlh1Ba0LCCfUSUA0vCgLClePi/Wa1B3K+g7FaPJ4caVLEApN+opsMXekenVAZBg==",
         "size": 255921020,
         "blockMapSize": 265104
      },
      {
         "url": "anytype_0.55.4_amd64.deb",
         "sha512": "h9AOC2BuEny0TIDmwtH3X2Z2If/U59v0urgHxEd1ttKDQnVHP3HbdrlSd6gRefM41tEvLs77AlGzVmnDQ2Lv2Q==",
         "size": 213511672
      },
      {
         "url": "anytype_0.55.4_amd64.deb",
         "sha512": "h9AOC2BuEny0TIDmwtH3X2Z2If/U59v0urgHxEd1ttKDQnVHP3HbdrlSd6gRefM41tEvLs77AlGzVmnDQ2Lv2Q==",
         "size": 213511672
      },
      {
         "url": "anytype_0.55.4_amd64.deb",
         "sha512": "h9AOC2BuEny0TIDmwtH3X2Z2If/U59v0urgHxEd1ttKDQnVHP3HbdrlSd6gRefM41tEvLs77AlGzVmnDQ2Lv2Q==",
         "size": 213511672
      },
      {
         "url": "anytype-0.55.4.x86_64.rpm",
         "sha512": "SmrdfZeSInIiRl2uzMLCDYYqz2N3gvzb4AlfD9RZnkGjKHg+N6VkdOD9p2rMGcT3cFISEvpoiFguKBKmkymYWg==",
         "size": 189025877
      },
      {
         "url": "anytype-0.55.4.x86_64.rpm",
         "sha512": "SmrdfZeSInIiRl2uzMLCDYYqz2N3gvzb4AlfD9RZnkGjKHg+N6VkdOD9p2rMGcT3cFISEvpoiFguKBKmkymYWg==",
         "size": 189025877
      },
      {
         "url": "anytype-0.55.4.x86_64.rpm",
         "sha512": "SmrdfZeSInIiRl2uzMLCDYYqz2N3gvzb4AlfD9RZnkGjKHg+N6VkdOD9p2rMGcT3cFISEvpoiFguKBKmkymYWg==",
         "size": 189025877
      }
   ],
   "path": "Anytype-0.55.4.AppImage",
   "sha512": "iVhg7x/IcehgFgoqn8NKBJ5Zlh1Ba0LCCfUSUA0vCgLClePi/Wa1B3K+g7FaPJ4caVLEApN+opsMXekenVAZBg==",
   "releaseDate": "2026-05-05T13:39:49.369Z"
}
[2026-05-27 09:04:32.726] [debug] checkForUpdatesAndNotify called, downloadPromise is null
[2026-05-27 09:14:32.554] [info]  Checking for update
[2026-05-27 09:14:32.555] [info]  Checking for update
[2026-05-27 09:14:32.854] [info]  Update for version 0.55.4 is not available (latest version: 0.55.4, downgrade is allowed).
[2026-05-27 09:14:32.855] [info]  Update not available: {
   "version": "0.55.4",
   "files": [
      {
         "url": "Anytype-0.55.4.AppImage",
         "sha512": "iVhg7x/IcehgFgoqn8NKBJ5Zlh1Ba0LCCfUSUA0vCgLClePi/Wa1B3K+g7FaPJ4caVLEApN+opsMXekenVAZBg==",
         "size": 255921020,
         "blockMapSize": 265104
      },
      {
         "url": "anytype_0.55.4_amd64.deb",
         "sha512": "h9AOC2BuEny0TIDmwtH3X2Z2If/U59v0urgHxEd1ttKDQnVHP3HbdrlSd6gRefM41tEvLs77AlGzVmnDQ2Lv2Q==",
         "size": 213511672
      },
      {
         "url": "anytype_0.55.4_amd64.deb",
         "sha512": "h9AOC2BuEny0TIDmwtH3X2Z2If/U59v0urgHxEd1ttKDQnVHP3HbdrlSd6gRefM41tEvLs77AlGzVmnDQ2Lv2Q==",
         "size": 213511672
      },
      {
         "url": "anytype_0.55.4_amd64.deb",
         "sha512": "h9AOC2BuEny0TIDmwtH3X2Z2If/U59v0urgHxEd1ttKDQnVHP3HbdrlSd6gRefM41tEvLs77AlGzVmnDQ2Lv2Q==",
         "size": 213511672
      },
      {
         "url": "anytype-0.55.4.x86_64.rpm",
         "sha512": "SmrdfZeSInIiRl2uzMLCDYYqz2N3gvzb4AlfD9RZnkGjKHg+N6VkdOD9p2rMGcT3cFISEvpoiFguKBKmkymYWg==",
         "size": 189025877
      },
      {
         "url": "anytype-0.55.4.x86_64.rpm",
         "sha512": "SmrdfZeSInIiRl2uzMLCDYYqz2N3gvzb4AlfD9RZnkGjKHg+N6VkdOD9p2rMGcT3cFISEvpoiFguKBKmkymYWg==",
         "size": 189025877
      },
      {
         "url": "anytype-0.55.4.x86_64.rpm",
         "sha512": "SmrdfZeSInIiRl2uzMLCDYYqz2N3gvzb4AlfD9RZnkGjKHg+N6VkdOD9p2rMGcT3cFISEvpoiFguKBKmkymYWg==",
         "size": 189025877
      }
   ],
   "path": "Anytype-0.55.4.AppImage",
   "sha512": "iVhg7x/IcehgFgoqn8NKBJ5Zlh1Ba0LCCfUSUA0vCgLClePi/Wa1B3K+g7FaPJ4caVLEApN+opsMXekenVAZBg==",
   "releaseDate": "2026-05-05T13:39:49.369Z"
}
[2026-05-27 09:14:32.856] [debug] checkForUpdatesAndNotify called, downloadPromise is null
[2026-05-27 09:24:32.603] [info]  Checking for update
[2026-05-27 09:24:32.604] [info]  Checking for update
[2026-05-27 09:24:32.900] [info]  Update for version 0.55.4 is not available (latest version: 0.55.4, downgrade is allowed).
[2026-05-27 09:24:32.900] [info]  Update not available: {
   "version": "0.55.4",
   "files": [
      {
         "url": "Anytype-0.55.4.AppImage",
         "sha512": "iVhg7x/IcehgFgoqn8NKBJ5Zlh1Ba0LCCfUSUA0vCgLClePi/Wa1B3K+g7FaPJ4caVLEApN+opsMXekenVAZBg==",
         "size": 255921020,
         "blockMapSize": 265104
      },
      {
         "url": "anytype_0.55.4_amd64.deb",
         "sha512": "h9AOC2BuEny0TIDmwtH3X2Z2If/U59v0urgHxEd1ttKDQnVHP3HbdrlSd6gRefM41tEvLs77AlGzVmnDQ2Lv2Q==",
         "size": 213511672
      },
      {
         "url": "anytype_0.55.4_amd64.deb",
         "sha512": "h9AOC2BuEny0TIDmwtH3X2Z2If/U59v0urgHxEd1ttKDQnVHP3HbdrlSd6gRefM41tEvLs77AlGzVmnDQ2Lv2Q==",
         "size": 213511672
      },
      {
         "url": "anytype_0.55.4_amd64.deb",
         "sha512": "h9AOC2BuEny0TIDmwtH3X2Z2If/U59v0urgHxEd1ttKDQnVHP3HbdrlSd6gRefM41tEvLs77AlGzVmnDQ2Lv2Q==",
         "size": 213511672
      },
      {
         "url": "anytype-0.55.4.x86_64.rpm",
         "sha512": "SmrdfZeSInIiRl2uzMLCDYYqz2N3gvzb4AlfD9RZnkGjKHg+N6VkdOD9p2rMGcT3cFISEvpoiFguKBKmkymYWg==",
         "size": 189025877
      },
      {
         "url": "anytype-0.55.4.x86_64.rpm",
         "sha512": "SmrdfZeSInIiRl2uzMLCDYYqz2N3gvzb4AlfD9RZnkGjKHg+N6VkdOD9p2rMGcT3cFISEvpoiFguKBKmkymYWg==",
         "size": 189025877
      },
      {
         "url": "anytype-0.55.4.x86_64.rpm",
         "sha512": "SmrdfZeSInIiRl2uzMLCDYYqz2N3gvzb4AlfD9RZnkGjKHg+N6VkdOD9p2rMGcT3cFISEvpoiFguKBKmkymYWg==",
         "size": 189025877
      }
   ],
   "path": "Anytype-0.55.4.AppImage",
   "sha512": "iVhg7x/IcehgFgoqn8NKBJ5Zlh1Ba0LCCfUSUA0vCgLClePi/Wa1B3K+g7FaPJ4caVLEApN+opsMXekenVAZBg==",
   "releaseDate": "2026-05-05T13:39:49.369Z"
}
[2026-05-27 09:24:32.901] [debug] checkForUpdatesAndNotify called, downloadPromise is null
[2026-05-27 09:34:32.634] [info]  Checking for update
[2026-05-27 09:34:32.635] [info]  Checking for update
[2026-05-27 09:34:32.894] [info]  Update for version 0.55.4 is not available (latest version: 0.55.4, downgrade is allowed).
[2026-05-27 09:34:32.895] [info]  Update not available: {
   "version": "0.55.4",
   "files": [
      {
         "url": "Anytype-0.55.4.AppImage",
         "sha512": "iVhg7x/IcehgFgoqn8NKBJ5Zlh1Ba0LCCfUSUA0vCgLClePi/Wa1B3K+g7FaPJ4caVLEApN+opsMXekenVAZBg==",
         "size": 255921020,
         "blockMapSize": 265104
      },
      {
         "url": "anytype_0.55.4_amd64.deb",
         "sha512": "h9AOC2BuEny0TIDmwtH3X2Z2If/U59v0urgHxEd1ttKDQnVHP3HbdrlSd6gRefM41tEvLs77AlGzVmnDQ2Lv2Q==",
         "size": 213511672
      },
      {
         "url": "anytype_0.55.4_amd64.deb",
         "sha512": "h9AOC2BuEny0TIDmwtH3X2Z2If/U59v0urgHxEd1ttKDQnVHP3HbdrlSd6gRefM41tEvLs77AlGzVmnDQ2Lv2Q==",
         "size": 213511672
      },
      {
         "url": "anytype_0.55.4_amd64.deb",
         "sha512": "h9AOC2BuEny0TIDmwtH3X2Z2If/U59v0urgHxEd1ttKDQnVHP3HbdrlSd6gRefM41tEvLs77AlGzVmnDQ2Lv2Q==",
         "size": 213511672
      },
      {
         "url": "anytype-0.55.4.x86_64.rpm",
         "sha512": "SmrdfZeSInIiRl2uzMLCDYYqz2N3gvzb4AlfD9RZnkGjKHg+N6VkdOD9p2rMGcT3cFISEvpoiFguKBKmkymYWg==",
         "size": 189025877
      },
      {
         "url": "anytype-0.55.4.x86_64.rpm",
         "sha512": "SmrdfZeSInIiRl2uzMLCDYYqz2N3gvzb4AlfD9RZnkGjKHg+N6VkdOD9p2rMGcT3cFISEvpoiFguKBKmkymYWg==",
         "size": 189025877
      },
      {
         "url": "anytype-0.55.4.x86_64.rpm",
         "sha512": "SmrdfZeSInIiRl2uzMLCDYYqz2N3gvzb4AlfD9RZnkGjKHg+N6VkdOD9p2rMGcT3cFISEvpoiFguKBKmkymYWg==",
         "size": 189025877
      }
   ],
   "path": "Anytype-0.55.4.AppImage",
   "sha512": "iVhg7x/IcehgFgoqn8NKBJ5Zlh1Ba0LCCfUSUA0vCgLClePi/Wa1B3K+g7FaPJ4caVLEApN+opsMXekenVAZBg==",
   "releaseDate": "2026-05-05T13:39:49.369Z"
}
[2026-05-27 09:34:32.895] [debug] checkForUpdatesAndNotify called, downloadPromise is null
[2026-05-27 09:44:32.704] [info]  Checking for update
[2026-05-27 09:44:32.705] [info]  Checking for update
[2026-05-27 09:44:32.973] [info]  Update for version 0.55.4 is not available (latest version: 0.55.4, downgrade is allowed).
[2026-05-27 09:44:32.973] [info]  Update not available: {
   "version": "0.55.4",
   "files": [
      {
         "url": "Anytype-0.55.4.AppImage",
         "sha512": "iVhg7x/IcehgFgoqn8NKBJ5Zlh1Ba0LCCfUSUA0vCgLClePi/Wa1B3K+g7FaPJ4caVLEApN+opsMXekenVAZBg==",
         "size": 255921020,
         "blockMapSize": 265104
      },
      {
         "url": "anytype_0.55.4_amd64.deb",
         "sha512": "h9AOC2BuEny0TIDmwtH3X2Z2If/U59v0urgHxEd1ttKDQnVHP3HbdrlSd6gRefM41tEvLs77AlGzVmnDQ2Lv2Q==",
         "size": 213511672
      },
      {
         "url": "anytype_0.55.4_amd64.deb",
         "sha512": "h9AOC2BuEny0TIDmwtH3X2Z2If/U59v0urgHxEd1ttKDQnVHP3HbdrlSd6gRefM41tEvLs77AlGzVmnDQ2Lv2Q==",
         "size": 213511672
      },
      {
         "url": "anytype_0.55.4_amd64.deb",
         "sha512": "h9AOC2BuEny0TIDmwtH3X2Z2If/U59v0urgHxEd1ttKDQnVHP3HbdrlSd6gRefM41tEvLs77AlGzVmnDQ2Lv2Q==",
         "size": 213511672
      },
      {
         "url": "anytype-0.55.4.x86_64.rpm",
         "sha512": "SmrdfZeSInIiRl2uzMLCDYYqz2N3gvzb4AlfD9RZnkGjKHg+N6VkdOD9p2rMGcT3cFISEvpoiFguKBKmkymYWg==",
         "size": 189025877
      },
      {
         "url": "anytype-0.55.4.x86_64.rpm",
         "sha512": "SmrdfZeSInIiRl2uzMLCDYYqz2N3gvzb4AlfD9RZnkGjKHg+N6VkdOD9p2rMGcT3cFISEvpoiFguKBKmkymYWg==",
         "size": 189025877
      },
      {
         "url": "anytype-0.55.4.x86_64.rpm",
         "sha512": "SmrdfZeSInIiRl2uzMLCDYYqz2N3gvzb4AlfD9RZnkGjKHg+N6VkdOD9p2rMGcT3cFISEvpoiFguKBKmkymYWg==",
         "size": 189025877
      }
   ],
   "path": "Anytype-0.55.4.AppImage",
   "sha512": "iVhg7x/IcehgFgoqn8NKBJ5Zlh1Ba0LCCfUSUA0vCgLClePi/Wa1B3K+g7FaPJ4caVLEApN+opsMXekenVAZBg==",
   "releaseDate": "2026-05-05T13:39:49.369Z"
}
[2026-05-27 09:44:32.974] [debug] checkForUpdatesAndNotify called, downloadPromise is null
[2026-05-27 09:54:32.714] [info]  Checking for update
[2026-05-27 09:54:32.714] [info]  Checking for update
[2026-05-27 09:54:32.990] [info]  Update for version 0.55.4 is not available (latest version: 0.55.4, downgrade is allowed).
[2026-05-27 09:54:32.990] [info]  Update not available: {
   "version": "0.55.4",
   "files": [
      {
         "url": "Anytype-0.55.4.AppImage",
         "sha512": "iVhg7x/IcehgFgoqn8NKBJ5Zlh1Ba0LCCfUSUA0vCgLClePi/Wa1B3K+g7FaPJ4caVLEApN+opsMXekenVAZBg==",
         "size": 255921020,
         "blockMapSize": 265104
      },
      {
         "url": "anytype_0.55.4_amd64.deb",
         "sha512": "h9AOC2BuEny0TIDmwtH3X2Z2If/U59v0urgHxEd1ttKDQnVHP3HbdrlSd6gRefM41tEvLs77AlGzVmnDQ2Lv2Q==",
         "size": 213511672
      },
      {
         "url": "anytype_0.55.4_amd64.deb",
         "sha512": "h9AOC2BuEny0TIDmwtH3X2Z2If/U59v0urgHxEd1ttKDQnVHP3HbdrlSd6gRefM41tEvLs77AlGzVmnDQ2Lv2Q==",
         "size": 213511672
      },
      {
         "url": "anytype_0.55.4_amd64.deb",
         "sha512": "h9AOC2BuEny0TIDmwtH3X2Z2If/U59v0urgHxEd1ttKDQnVHP3HbdrlSd6gRefM41tEvLs77AlGzVmnDQ2Lv2Q==",
         "size": 213511672
      },
      {
         "url": "anytype-0.55.4.x86_64.rpm",
         "sha512": "SmrdfZeSInIiRl2uzMLCDYYqz2N3gvzb4AlfD9RZnkGjKHg+N6VkdOD9p2rMGcT3cFISEvpoiFguKBKmkymYWg==",
         "size": 189025877
      },
      {
         "url": "anytype-0.55.4.x86_64.rpm",
         "sha512": "SmrdfZeSInIiRl2uzMLCDYYqz2N3gvzb4AlfD9RZnkGjKHg+N6VkdOD9p2rMGcT3cFISEvpoiFguKBKmkymYWg==",
         "size": 189025877
      },
      {
         "url": "anytype-0.55.4.x86_64.rpm",
         "sha512": "SmrdfZeSInIiRl2uzMLCDYYqz2N3gvzb4AlfD9RZnkGjKHg+N6VkdOD9p2rMGcT3cFISEvpoiFguKBKmkymYWg==",
         "size": 189025877
      }
   ],
   "path": "Anytype-0.55.4.AppImage",
   "sha512": "iVhg7x/IcehgFgoqn8NKBJ5Zlh1Ba0LCCfUSUA0vCgLClePi/Wa1B3K+g7FaPJ4caVLEApN+opsMXekenVAZBg==",
   "releaseDate": "2026-05-05T13:39:49.369Z"
}
[2026-05-27 09:54:32.991] [debug] checkForUpdatesAndNotify called, downloadPromise is null
[2026-05-27 10:04:32.763] [info]  Checking for update
[2026-05-27 10:04:32.764] [info]  Checking for update
[2026-05-27 10:04:33.033] [info]  Update for version 0.55.4 is not available (latest version: 0.55.4, downgrade is allowed).
[2026-05-27 10:04:33.034] [info]  Update not available: {
   "version": "0.55.4",
   "files": [
      {
         "url": "Anytype-0.55.4.AppImage",
         "sha512": "iVhg7x/IcehgFgoqn8NKBJ5Zlh1Ba0LCCfUSUA0vCgLClePi/Wa1B3K+g7FaPJ4caVLEApN+opsMXekenVAZBg==",
         "size": 255921020,
         "blockMapSize": 265104
      },
      {
         "url": "anytype_0.55.4_amd64.deb",
         "sha512": "h9AOC2BuEny0TIDmwtH3X2Z2If/U59v0urgHxEd1ttKDQnVHP3HbdrlSd6gRefM41tEvLs77AlGzVmnDQ2Lv2Q==",
         "size": 213511672
      },
      {
         "url": "anytype_0.55.4_amd64.deb",
         "sha512": "h9AOC2BuEny0TIDmwtH3X2Z2If/U59v0urgHxEd1ttKDQnVHP3HbdrlSd6gRefM41tEvLs77AlGzVmnDQ2Lv2Q==",
         "size": 213511672
      },
      {
         "url": "anytype_0.55.4_amd64.deb",
         "sha512": "h9AOC2BuEny0TIDmwtH3X2Z2If/U59v0urgHxEd1ttKDQnVHP3HbdrlSd6gRefM41tEvLs77AlGzVmnDQ2Lv2Q==",
         "size": 213511672
      },
      {
         "url": "anytype-0.55.4.x86_64.rpm",
         "sha512": "SmrdfZeSInIiRl2uzMLCDYYqz2N3gvzb4AlfD9RZnkGjKHg+N6VkdOD9p2rMGcT3cFISEvpoiFguKBKmkymYWg==",
         "size": 189025877
      },
      {
         "url": "anytype-0.55.4.x86_64.rpm",
         "sha512": "SmrdfZeSInIiRl2uzMLCDYYqz2N3gvzb4AlfD9RZnkGjKHg+N6VkdOD9p2rMGcT3cFISEvpoiFguKBKmkymYWg==",
         "size": 189025877
      },
      {
         "url": "anytype-0.55.4.x86_64.rpm",
         "sha512": "SmrdfZeSInIiRl2uzMLCDYYqz2N3gvzb4AlfD9RZnkGjKHg+N6VkdOD9p2rMGcT3cFISEvpoiFguKBKmkymYWg==",
         "size": 189025877
      }
   ],
   "path": "Anytype-0.55.4.AppImage",
   "sha512": "iVhg7x/IcehgFgoqn8NKBJ5Zlh1Ba0LCCfUSUA0vCgLClePi/Wa1B3K+g7FaPJ4caVLEApN+opsMXekenVAZBg==",
   "releaseDate": "2026-05-05T13:39:49.369Z"
}
[2026-05-27 10:04:33.034] [debug] checkForUpdatesAndNotify called, downloadPromise is null
[2026-05-27 10:14:32.774] [info]  Checking for update
[2026-05-27 10:14:32.774] [info]  Checking for update
[2026-05-27 10:14:33.048] [info]  Update for version 0.55.4 is not available (latest version: 0.55.4, downgrade is allowed).
[2026-05-27 10:14:33.048] [info]  Update not available: {
   "version": "0.55.4",
   "files": [
      {
         "url": "Anytype-0.55.4.AppImage",
         "sha512": "iVhg7x/IcehgFgoqn8NKBJ5Zlh1Ba0LCCfUSUA0vCgLClePi/Wa1B3K+g7FaPJ4caVLEApN+opsMXekenVAZBg==",
         "size": 255921020,
         "blockMapSize": 265104
      },
      {
         "url": "anytype_0.55.4_amd64.deb",
         "sha512": "h9AOC2BuEny0TIDmwtH3X2Z2If/U59v0urgHxEd1ttKDQnVHP3HbdrlSd6gRefM41tEvLs77AlGzVmnDQ2Lv2Q==",
         "size": 213511672
      },
      {
         "url": "anytype_0.55.4_amd64.deb",
         "sha512": "h9AOC2BuEny0TIDmwtH3X2Z2If/U59v0urgHxEd1ttKDQnVHP3HbdrlSd6gRefM41tEvLs77AlGzVmnDQ2Lv2Q==",
         "size": 213511672
      },
      {
         "url": "anytype_0.55.4_amd64.deb",
         "sha512": "h9AOC2BuEny0TIDmwtH3X2Z2If/U59v0urgHxEd1ttKDQnVHP3HbdrlSd6gRefM41tEvLs77AlGzVmnDQ2Lv2Q==",
         "size": 213511672
      },
      {
         "url": "anytype-0.55.4.x86_64.rpm",
         "sha512": "SmrdfZeSInIiRl2uzMLCDYYqz2N3gvzb4AlfD9RZnkGjKHg+N6VkdOD9p2rMGcT3cFISEvpoiFguKBKmkymYWg==",
         "size": 189025877
      },
      {
         "url": "anytype-0.55.4.x86_64.rpm",
         "sha512": "SmrdfZeSInIiRl2uzMLCDYYqz2N3gvzb4AlfD9RZnkGjKHg+N6VkdOD9p2rMGcT3cFISEvpoiFguKBKmkymYWg==",
         "size": 189025877
      },
      {
         "url": "anytype-0.55.4.x86_64.rpm",
         "sha512": "SmrdfZeSInIiRl2uzMLCDYYqz2N3gvzb4AlfD9RZnkGjKHg+N6VkdOD9p2rMGcT3cFISEvpoiFguKBKmkymYWg==",
         "size": 189025877
      }
   ],
   "path": "Anytype-0.55.4.AppImage",
   "sha512": "iVhg7x/IcehgFgoqn8NKBJ5Zlh1Ba0LCCfUSUA0vCgLClePi/Wa1B3K+g7FaPJ4caVLEApN+opsMXekenVAZBg==",
   "releaseDate": "2026-05-05T13:39:49.369Z"
}
[2026-05-27 10:14:33.049] [debug] checkForUpdatesAndNotify called, downloadPromise is null
[2026-05-27 10:24:32.827] [info]  Checking for update
[2026-05-27 10:24:32.828] [info]  Checking for update
[2026-05-27 10:24:33.104] [info]  Update for version 0.55.4 is not available (latest version: 0.55.4, downgrade is allowed).
[2026-05-27 10:24:33.104] [info]  Update not available: {
   "version": "0.55.4",
   "files": [
      {
         "url": "Anytype-0.55.4.AppImage",
         "sha512": "iVhg7x/IcehgFgoqn8NKBJ5Zlh1Ba0LCCfUSUA0vCgLClePi/Wa1B3K+g7FaPJ4caVLEApN+opsMXekenVAZBg==",
         "size": 255921020,
         "blockMapSize": 265104
      },
      {
         "url": "anytype_0.55.4_amd64.deb",
         "sha512": "h9AOC2BuEny0TIDmwtH3X2Z2If/U59v0urgHxEd1ttKDQnVHP3HbdrlSd6gRefM41tEvLs77AlGzVmnDQ2Lv2Q==",
         "size": 213511672
      },
      {
         "url": "anytype_0.55.4_amd64.deb",
         "sha512": "h9AOC2BuEny0TIDmwtH3X2Z2If/U59v0urgHxEd1ttKDQnVHP3HbdrlSd6gRefM41tEvLs77AlGzVmnDQ2Lv2Q==",
         "size": 213511672
      },
      {
         "url": "anytype_0.55.4_amd64.deb",
         "sha512": "h9AOC2BuEny0TIDmwtH3X2Z2If/U59v0urgHxEd1ttKDQnVHP3HbdrlSd6gRefM41tEvLs77AlGzVmnDQ2Lv2Q==",
         "size": 213511672
      },
      {
         "url": "anytype-0.55.4.x86_64.rpm",
         "sha512": "SmrdfZeSInIiRl2uzMLCDYYqz2N3gvzb4AlfD9RZnkGjKHg+N6VkdOD9p2rMGcT3cFISEvpoiFguKBKmkymYWg==",
         "size": 189025877
      },
      {
         "url": "anytype-0.55.4.x86_64.rpm",
         "sha512": "SmrdfZeSInIiRl2uzMLCDYYqz2N3gvzb4AlfD9RZnkGjKHg+N6VkdOD9p2rMGcT3cFISEvpoiFguKBKmkymYWg==",
         "size": 189025877
      },
      {
         "url": "anytype-0.55.4.x86_64.rpm",
         "sha512": "SmrdfZeSInIiRl2uzMLCDYYqz2N3gvzb4AlfD9RZnkGjKHg+N6VkdOD9p2rMGcT3cFISEvpoiFguKBKmkymYWg==",
         "size": 189025877
      }
   ],
   "path": "Anytype-0.55.4.AppImage",
   "sha512": "iVhg7x/IcehgFgoqn8NKBJ5Zlh1Ba0LCCfUSUA0vCgLClePi/Wa1B3K+g7FaPJ4caVLEApN+opsMXekenVAZBg==",
   "releaseDate": "2026-05-05T13:39:49.369Z"
}
[2026-05-27 10:24:33.105] [debug] checkForUpdatesAndNotify called, downloadPromise is null
[2026-05-27 10:34:32.917] [info]  Checking for update
[2026-05-27 10:34:32.917] [info]  Checking for update
[2026-05-27 10:34:33.175] [info]  Update for version 0.55.4 is not available (latest version: 0.55.4, downgrade is allowed).
[2026-05-27 10:34:33.175] [info]  Update not available: {
   "version": "0.55.4",
   "files": [
      {
         "url": "Anytype-0.55.4.AppImage",
         "sha512": "iVhg7x/IcehgFgoqn8NKBJ5Zlh1Ba0LCCfUSUA0vCgLClePi/Wa1B3K+g7FaPJ4caVLEApN+opsMXekenVAZBg==",
         "size": 255921020,
         "blockMapSize": 265104
      },
      {
         "url": "anytype_0.55.4_amd64.deb",
         "sha512": "h9AOC2BuEny0TIDmwtH3X2Z2If/U59v0urgHxEd1ttKDQnVHP3HbdrlSd6gRefM41tEvLs77AlGzVmnDQ2Lv2Q==",
         "size": 213511672
      },
      {
         "url": "anytype_0.55.4_amd64.deb",
         "sha512": "h9AOC2BuEny0TIDmwtH3X2Z2If/U59v0urgHxEd1ttKDQnVHP3HbdrlSd6gRefM41tEvLs77AlGzVmnDQ2Lv2Q==",
         "size": 213511672
      },
      {
         "url": "anytype_0.55.4_amd64.deb",
         "sha512": "h9AOC2BuEny0TIDmwtH3X2Z2If/U59v0urgHxEd1ttKDQnVHP3HbdrlSd6gRefM41tEvLs77AlGzVmnDQ2Lv2Q==",
         "size": 213511672
      },
      {
         "url": "anytype-0.55.4.x86_64.rpm",
         "sha512": "SmrdfZeSInIiRl2uzMLCDYYqz2N3gvzb4AlfD9RZnkGjKHg+N6VkdOD9p2rMGcT3cFISEvpoiFguKBKmkymYWg==",
         "size": 189025877
      },
      {
         "url": "anytype-0.55.4.x86_64.rpm",
         "sha512": "SmrdfZeSInIiRl2uzMLCDYYqz2N3gvzb4AlfD9RZnkGjKHg+N6VkdOD9p2rMGcT3cFISEvpoiFguKBKmkymYWg==",
         "size": 189025877
      },
      {
         "url": "anytype-0.55.4.x86_64.rpm",
         "sha512": "SmrdfZeSInIiRl2uzMLCDYYqz2N3gvzb4AlfD9RZnkGjKHg+N6VkdOD9p2rMGcT3cFISEvpoiFguKBKmkymYWg==",
         "size": 189025877
      }
   ],
   "path": "Anytype-0.55.4.AppImage",
   "sha512": "iVhg7x/IcehgFgoqn8NKBJ5Zlh1Ba0LCCfUSUA0vCgLClePi/Wa1B3K+g7FaPJ4caVLEApN+opsMXekenVAZBg==",
   "releaseDate": "2026-05-05T13:39:49.369Z"
}
[2026-05-27 10:34:33.175] [debug] checkForUpdatesAndNotify called, downloadPromise is null
[2026-05-27 10:44:32.968] [info]  Checking for update
[2026-05-27 10:44:32.969] [info]  Checking for update
[2026-05-27 10:44:33.245] [info]  Update for version 0.55.4 is not available (latest version: 0.55.4, downgrade is allowed).
[2026-05-27 10:44:33.246] [info]  Update not available: {
   "version": "0.55.4",
   "files": [
      {
         "url": "Anytype-0.55.4.AppImage",
         "sha512": "iVhg7x/IcehgFgoqn8NKBJ5Zlh1Ba0LCCfUSUA0vCgLClePi/Wa1B3K+g7FaPJ4caVLEApN+opsMXekenVAZBg==",
         "size": 255921020,
         "blockMapSize": 265104
      },
      {
         "url": "anytype_0.55.4_amd64.deb",
         "sha512": "h9AOC2BuEny0TIDmwtH3X2Z2If/U59v0urgHxEd1ttKDQnVHP3HbdrlSd6gRefM41tEvLs77AlGzVmnDQ2Lv2Q==",
         "size": 213511672
      },
      {
         "url": "anytype_0.55.4_amd64.deb",
         "sha512": "h9AOC2BuEny0TIDmwtH3X2Z2If/U59v0urgHxEd1ttKDQnVHP3HbdrlSd6gRefM41tEvLs77AlGzVmnDQ2Lv2Q==",
         "size": 213511672
      },
      {
         "url": "anytype_0.55.4_amd64.deb",
         "sha512": "h9AOC2BuEny0TIDmwtH3X2Z2If/U59v0urgHxEd1ttKDQnVHP3HbdrlSd6gRefM41tEvLs77AlGzVmnDQ2Lv2Q==",
         "size": 213511672
      },
      {
         "url": "anytype-0.55.4.x86_64.rpm",
         "sha512": "SmrdfZeSInIiRl2uzMLCDYYqz2N3gvzb4AlfD9RZnkGjKHg+N6VkdOD9p2rMGcT3cFISEvpoiFguKBKmkymYWg==",
         "size": 189025877
      },
      {
         "url": "anytype-0.55.4.x86_64.rpm",
         "sha512": "SmrdfZeSInIiRl2uzMLCDYYqz2N3gvzb4AlfD9RZnkGjKHg+N6VkdOD9p2rMGcT3cFISEvpoiFguKBKmkymYWg==",
         "size": 189025877
      },
      {
         "url": "anytype-0.55.4.x86_64.rpm",
         "sha512": "SmrdfZeSInIiRl2uzMLCDYYqz2N3gvzb4AlfD9RZnkGjKHg+N6VkdOD9p2rMGcT3cFISEvpoiFguKBKmkymYWg==",
         "size": 189025877
      }
   ],
   "path": "Anytype-0.55.4.AppImage",
   "sha512": "iVhg7x/IcehgFgoqn8NKBJ5Zlh1Ba0LCCfUSUA0vCgLClePi/Wa1B3K+g7FaPJ4caVLEApN+opsMXekenVAZBg==",
   "releaseDate": "2026-05-05T13:39:49.369Z"
}
[2026-05-27 10:44:33.247] [debug] checkForUpdatesAndNotify called, downloadPromise is null
[2026-05-27 10:54:33.000] [info]  Checking for update
[2026-05-27 10:54:33.000] [info]  Checking for update
[2026-05-27 10:54:33.295] [info]  Update for version 0.55.4 is not available (latest version: 0.55.4, downgrade is allowed).
[2026-05-27 10:54:33.296] [info]  Update not available: {
   "version": "0.55.4",
   "files": [
      {
         "url": "Anytype-0.55.4.AppImage",
         "sha512": "iVhg7x/IcehgFgoqn8NKBJ5Zlh1Ba0LCCfUSUA0vCgLClePi/Wa1B3K+g7FaPJ4caVLEApN+opsMXekenVAZBg==",
         "size": 255921020,
         "blockMapSize": 265104
      },
      {
         "url": "anytype_0.55.4_amd64.deb",
         "sha512": "h9AOC2BuEny0TIDmwtH3X2Z2If/U59v0urgHxEd1ttKDQnVHP3HbdrlSd6gRefM41tEvLs77AlGzVmnDQ2Lv2Q==",
         "size": 213511672
      },
      {
         "url": "anytype_0.55.4_amd64.deb",
         "sha512": "h9AOC2BuEny0TIDmwtH3X2Z2If/U59v0urgHxEd1ttKDQnVHP3HbdrlSd6gRefM41tEvLs77AlGzVmnDQ2Lv2Q==",
         "size": 213511672
      },
      {
         "url": "anytype_0.55.4_amd64.deb",
         "sha512": "h9AOC2BuEny0TIDmwtH3X2Z2If/U59v0urgHxEd1ttKDQnVHP3HbdrlSd6gRefM41tEvLs77AlGzVmnDQ2Lv2Q==",
         "size": 213511672
      },
      {
         "url": "anytype-0.55.4.x86_64.rpm",
         "sha512": "SmrdfZeSInIiRl2uzMLCDYYqz2N3gvzb4AlfD9RZnkGjKHg+N6VkdOD9p2rMGcT3cFISEvpoiFguKBKmkymYWg==",
         "size": 189025877
      },
      {
         "url": "anytype-0.55.4.x86_64.rpm",
         "sha512": "SmrdfZeSInIiRl2uzMLCDYYqz2N3gvzb4AlfD9RZnkGjKHg+N6VkdOD9p2rMGcT3cFISEvpoiFguKBKmkymYWg==",
         "size": 189025877
      },
      {
         "url": "anytype-0.55.4.x86_64.rpm",
         "sha512": "SmrdfZeSInIiRl2uzMLCDYYqz2N3gvzb4AlfD9RZnkGjKHg+N6VkdOD9p2rMGcT3cFISEvpoiFguKBKmkymYWg==",
         "size": 189025877
      }
   ],
   "path": "Anytype-0.55.4.AppImage",
   "sha512": "iVhg7x/IcehgFgoqn8NKBJ5Zlh1Ba0LCCfUSUA0vCgLClePi/Wa1B3K+g7FaPJ4caVLEApN+opsMXekenVAZBg==",
   "releaseDate": "2026-05-05T13:39:49.369Z"
}
[2026-05-27 10:54:33.297] [debug] checkForUpdatesAndNotify called, downloadPromise is null
[2026-05-27 11:04:33.010] [info]  Checking for update
[2026-05-27 11:04:33.011] [info]  Checking for update
[2026-05-27 11:04:33.378] [info]  Update for version 0.55.4 is not available (latest version: 0.55.4, downgrade is allowed).
[2026-05-27 11:04:33.378] [info]  Update not available: {
   "version": "0.55.4",
   "files": [
      {
         "url": "Anytype-0.55.4.AppImage",
         "sha512": "iVhg7x/IcehgFgoqn8NKBJ5Zlh1Ba0LCCfUSUA0vCgLClePi/Wa1B3K+g7FaPJ4caVLEApN+opsMXekenVAZBg==",
         "size": 255921020,
         "blockMapSize": 265104
      },
      {
         "url": "anytype_0.55.4_amd64.deb",
         "sha512": "h9AOC2BuEny0TIDmwtH3X2Z2If/U59v0urgHxEd1ttKDQnVHP3HbdrlSd6gRefM41tEvLs77AlGzVmnDQ2Lv2Q==",
         "size": 213511672
      },
      {
         "url": "anytype_0.55.4_amd64.deb",
         "sha512": "h9AOC2BuEny0TIDmwtH3X2Z2If/U59v0urgHxEd1ttKDQnVHP3HbdrlSd6gRefM41tEvLs77AlGzVmnDQ2Lv2Q==",
         "size": 213511672
      },
      {
         "url": "anytype_0.55.4_amd64.deb",
         "sha512": "h9AOC2BuEny0TIDmwtH3X2Z2If/U59v0urgHxEd1ttKDQnVHP3HbdrlSd6gRefM41tEvLs77AlGzVmnDQ2Lv2Q==",
         "size": 213511672
      },
      {
         "url": "anytype-0.55.4.x86_64.rpm",
         "sha512": "SmrdfZeSInIiRl2uzMLCDYYqz2N3gvzb4AlfD9RZnkGjKHg+N6VkdOD9p2rMGcT3cFISEvpoiFguKBKmkymYWg==",
         "size": 189025877
      },
      {
         "url": "anytype-0.55.4.x86_64.rpm",
         "sha512": "SmrdfZeSInIiRl2uzMLCDYYqz2N3gvzb4AlfD9RZnkGjKHg+N6VkdOD9p2rMGcT3cFISEvpoiFguKBKmkymYWg==",
         "size": 189025877
      },
      {
         "url": "anytype-0.55.4.x86_64.rpm",
         "sha512": "SmrdfZeSInIiRl2uzMLCDYYqz2N3gvzb4AlfD9RZnkGjKHg+N6VkdOD9p2rMGcT3cFISEvpoiFguKBKmkymYWg==",
         "size": 189025877
      }
   ],
   "path": "Anytype-0.55.4.AppImage",
   "sha512": "iVhg7x/IcehgFgoqn8NKBJ5Zlh1Ba0LCCfUSUA0vCgLClePi/Wa1B3K+g7FaPJ4caVLEApN+opsMXekenVAZBg==",
   "releaseDate": "2026-05-05T13:39:49.369Z"
}
[2026-05-27 11:04:33.380] [debug] checkForUpdatesAndNotify called, downloadPromise is null
[2026-05-27 11:14:33.040] [info]  Checking for update
[2026-05-27 11:14:33.041] [info]  Checking for update
[2026-05-27 11:14:33.326] [info]  Update for version 0.55.4 is not available (latest version: 0.55.4, downgrade is allowed).
[2026-05-27 11:14:33.327] [info]  Update not available: {
   "version": "0.55.4",
   "files": [
      {
         "url": "Anytype-0.55.4.AppImage",
         "sha512": "iVhg7x/IcehgFgoqn8NKBJ5Zlh1Ba0LCCfUSUA0vCgLClePi/Wa1B3K+g7FaPJ4caVLEApN+opsMXekenVAZBg==",
         "size": 255921020,
         "blockMapSize": 265104
      },
      {
         "url": "anytype_0.55.4_amd64.deb",
         "sha512": "h9AOC2BuEny0TIDmwtH3X2Z2If/U59v0urgHxEd1ttKDQnVHP3HbdrlSd6gRefM41tEvLs77AlGzVmnDQ2Lv2Q==",
         "size": 213511672
      },
      {
         "url": "anytype_0.55.4_amd64.deb",
         "sha512": "h9AOC2BuEny0TIDmwtH3X2Z2If/U59v0urgHxEd1ttKDQnVHP3HbdrlSd6gRefM41tEvLs77AlGzVmnDQ2Lv2Q==",
         "size": 213511672
      },
      {
         "url": "anytype_0.55.4_amd64.deb",
         "sha512": "h9AOC2BuEny0TIDmwtH3X2Z2If/U59v0urgHxEd1ttKDQnVHP3HbdrlSd6gRefM41tEvLs77AlGzVmnDQ2Lv2Q==",
         "size": 213511672
      },
      {
         "url": "anytype-0.55.4.x86_64.rpm",
         "sha512": "SmrdfZeSInIiRl2uzMLCDYYqz2N3gvzb4AlfD9RZnkGjKHg+N6VkdOD9p2rMGcT3cFISEvpoiFguKBKmkymYWg==",
         "size": 189025877
      },
      {
         "url": "anytype-0.55.4.x86_64.rpm",
         "sha512": "SmrdfZeSInIiRl2uzMLCDYYqz2N3gvzb4AlfD9RZnkGjKHg+N6VkdOD9p2rMGcT3cFISEvpoiFguKBKmkymYWg==",
         "size": 189025877
      },
      {
         "url": "anytype-0.55.4.x86_64.rpm",
         "sha512": "SmrdfZeSInIiRl2uzMLCDYYqz2N3gvzb4AlfD9RZnkGjKHg+N6VkdOD9p2rMGcT3cFISEvpoiFguKBKmkymYWg==",
         "size": 189025877
      }
   ],
   "path": "Anytype-0.55.4.AppImage",
   "sha512": "iVhg7x/IcehgFgoqn8NKBJ5Zlh1Ba0LCCfUSUA0vCgLClePi/Wa1B3K+g7FaPJ4caVLEApN+opsMXekenVAZBg==",
   "releaseDate": "2026-05-05T13:39:49.369Z"
}
[2026-05-27 11:14:33.328] [debug] checkForUpdatesAndNotify called, downloadPromise is null
[2026-05-27 11:24:33.142] [info]  Checking for update
[2026-05-27 11:24:33.142] [info]  Checking for update
[2026-05-27 11:24:33.427] [info]  Update for version 0.55.4 is not available (latest version: 0.55.4, downgrade is allowed).
[2026-05-27 11:24:33.428] [info]  Update not available: {
   "version": "0.55.4",
   "files": [
      {
         "url": "Anytype-0.55.4.AppImage",
         "sha512": "iVhg7x/IcehgFgoqn8NKBJ5Zlh1Ba0LCCfUSUA0vCgLClePi/Wa1B3K+g7FaPJ4caVLEApN+opsMXekenVAZBg==",
         "size": 255921020,
         "blockMapSize": 265104
      },
      {
         "url": "anytype_0.55.4_amd64.deb",
         "sha512": "h9AOC2BuEny0TIDmwtH3X2Z2If/U59v0urgHxEd1ttKDQnVHP3HbdrlSd6gRefM41tEvLs77AlGzVmnDQ2Lv2Q==",
         "size": 213511672
      },
      {
         "url": "anytype_0.55.4_amd64.deb",
         "sha512": "h9AOC2BuEny0TIDmwtH3X2Z2If/U59v0urgHxEd1ttKDQnVHP3HbdrlSd6gRefM41tEvLs77AlGzVmnDQ2Lv2Q==",
         "size": 213511672
      },
      {
         "url": "anytype_0.55.4_amd64.deb",
         "sha512": "h9AOC2BuEny0TIDmwtH3X2Z2If/U59v0urgHxEd1ttKDQnVHP3HbdrlSd6gRefM41tEvLs77AlGzVmnDQ2Lv2Q==",
         "size": 213511672
      },
      {
         "url": "anytype-0.55.4.x86_64.rpm",
         "sha512": "SmrdfZeSInIiRl2uzMLCDYYqz2N3gvzb4AlfD9RZnkGjKHg+N6VkdOD9p2rMGcT3cFISEvpoiFguKBKmkymYWg==",
         "size": 189025877
      },
      {
         "url": "anytype-0.55.4.x86_64.rpm",
         "sha512": "SmrdfZeSInIiRl2uzMLCDYYqz2N3gvzb4AlfD9RZnkGjKHg+N6VkdOD9p2rMGcT3cFISEvpoiFguKBKmkymYWg==",
         "size": 189025877
      },
      {
         "url": "anytype-0.55.4.x86_64.rpm",
         "sha512": "SmrdfZeSInIiRl2uzMLCDYYqz2N3gvzb4AlfD9RZnkGjKHg+N6VkdOD9p2rMGcT3cFISEvpoiFguKBKmkymYWg==",
         "size": 189025877
      }
   ],
   "path": "Anytype-0.55.4.AppImage",
   "sha512": "iVhg7x/IcehgFgoqn8NKBJ5Zlh1Ba0LCCfUSUA0vCgLClePi/Wa1B3K+g7FaPJ4caVLEApN+opsMXekenVAZBg==",
   "releaseDate": "2026-05-05T13:39:49.369Z"
}
[2026-05-27 11:24:33.429] [debug] checkForUpdatesAndNotify called, downloadPromise is null
[2026-05-27 11:34:33.231] [info]  Checking for update
[2026-05-27 11:34:33.232] [info]  Checking for update
[2026-05-27 11:34:33.507] [info]  Update for version 0.55.4 is not available (latest version: 0.55.4, downgrade is allowed).
[2026-05-27 11:34:33.507] [info]  Update not available: {
   "version": "0.55.4",
   "files": [
      {
         "url": "Anytype-0.55.4.AppImage",
         "sha512": "iVhg7x/IcehgFgoqn8NKBJ5Zlh1Ba0LCCfUSUA0vCgLClePi/Wa1B3K+g7FaPJ4caVLEApN+opsMXekenVAZBg==",
         "size": 255921020,
         "blockMapSize": 265104
      },
      {
         "url": "anytype_0.55.4_amd64.deb",
         "sha512": "h9AOC2BuEny0TIDmwtH3X2Z2If/U59v0urgHxEd1ttKDQnVHP3HbdrlSd6gRefM41tEvLs77AlGzVmnDQ2Lv2Q==",
         "size": 213511672
      },
      {
         "url": "anytype_0.55.4_amd64.deb",
         "sha512": "h9AOC2BuEny0TIDmwtH3X2Z2If/U59v0urgHxEd1ttKDQnVHP3HbdrlSd6gRefM41tEvLs77AlGzVmnDQ2Lv2Q==",
         "size": 213511672
      },
      {
         "url": "anytype_0.55.4_amd64.deb",
         "sha512": "h9AOC2BuEny0TIDmwtH3X2Z2If/U59v0urgHxEd1ttKDQnVHP3HbdrlSd6gRefM41tEvLs77AlGzVmnDQ2Lv2Q==",
         "size": 213511672
      },
      {
         "url": "anytype-0.55.4.x86_64.rpm",
         "sha512": "SmrdfZeSInIiRl2uzMLCDYYqz2N3gvzb4AlfD9RZnkGjKHg+N6VkdOD9p2rMGcT3cFISEvpoiFguKBKmkymYWg==",
         "size": 189025877
      },
      {
         "url": "anytype-0.55.4.x86_64.rpm",
         "sha512": "SmrdfZeSInIiRl2uzMLCDYYqz2N3gvzb4AlfD9RZnkGjKHg+N6VkdOD9p2rMGcT3cFISEvpoiFguKBKmkymYWg==",
         "size": 189025877
      },
      {
         "url": "anytype-0.55.4.x86_64.rpm",
         "sha512": "SmrdfZeSInIiRl2uzMLCDYYqz2N3gvzb4AlfD9RZnkGjKHg+N6VkdOD9p2rMGcT3cFISEvpoiFguKBKmkymYWg==",
         "size": 189025877
      }
   ],
   "path": "Anytype-0.55.4.AppImage",
   "sha512": "iVhg7x/IcehgFgoqn8NKBJ5Zlh1Ba0LCCfUSUA0vCgLClePi/Wa1B3K+g7FaPJ4caVLEApN+opsMXekenVAZBg==",
   "releaseDate": "2026-05-05T13:39:49.369Z"
}
[2026-05-27 11:34:33.508] [debug] checkForUpdatesAndNotify called, downloadPromise is null
[2026-05-27 11:44:33.281] [info]  Checking for update
[2026-05-27 11:44:33.282] [info]  Checking for update
[2026-05-27 11:44:33.558] [info]  Update for version 0.55.4 is not available (latest version: 0.55.4, downgrade is allowed).
[2026-05-27 11:44:33.559] [info]  Update not available: {
   "version": "0.55.4",
   "files": [
      {
         "url": "Anytype-0.55.4.AppImage",
         "sha512": "iVhg7x/IcehgFgoqn8NKBJ5Zlh1Ba0LCCfUSUA0vCgLClePi/Wa1B3K+g7FaPJ4caVLEApN+opsMXekenVAZBg==",
         "size": 255921020,
         "blockMapSize": 265104
      },
      {
         "url": "anytype_0.55.4_amd64.deb",
         "sha512": "h9AOC2BuEny0TIDmwtH3X2Z2If/U59v0urgHxEd1ttKDQnVHP3HbdrlSd6gRefM41tEvLs77AlGzVmnDQ2Lv2Q==",
         "size": 213511672
      },
      {
         "url": "anytype_0.55.4_amd64.deb",
         "sha512": "h9AOC2BuEny0TIDmwtH3X2Z2If/U59v0urgHxEd1ttKDQnVHP3HbdrlSd6gRefM41tEvLs77AlGzVmnDQ2Lv2Q==",
         "size": 213511672
      },
      {
         "url": "anytype_0.55.4_amd64.deb",
         "sha512": "h9AOC2BuEny0TIDmwtH3X2Z2If/U59v0urgHxEd1ttKDQnVHP3HbdrlSd6gRefM41tEvLs77AlGzVmnDQ2Lv2Q==",
         "size": 213511672
      },
      {
         "url": "anytype-0.55.4.x86_64.rpm",
         "sha512": "SmrdfZeSInIiRl2uzMLCDYYqz2N3gvzb4AlfD9RZnkGjKHg+N6VkdOD9p2rMGcT3cFISEvpoiFguKBKmkymYWg==",
         "size": 189025877
      },
      {
         "url": "anytype-0.55.4.x86_64.rpm",
         "sha512": "SmrdfZeSInIiRl2uzMLCDYYqz2N3gvzb4AlfD9RZnkGjKHg+N6VkdOD9p2rMGcT3cFISEvpoiFguKBKmkymYWg==",
         "size": 189025877
      },
      {
         "url": "anytype-0.55.4.x86_64.rpm",
         "sha512": "SmrdfZeSInIiRl2uzMLCDYYqz2N3gvzb4AlfD9RZnkGjKHg+N6VkdOD9p2rMGcT3cFISEvpoiFguKBKmkymYWg==",
         "size": 189025877
      }
   ],
   "path": "Anytype-0.55.4.AppImage",
   "sha512": "iVhg7x/IcehgFgoqn8NKBJ5Zlh1Ba0LCCfUSUA0vCgLClePi/Wa1B3K+g7FaPJ4caVLEApN+opsMXekenVAZBg==",
   "releaseDate": "2026-05-05T13:39:49.369Z"
}
[2026-05-27 11:44:33.560] [debug] checkForUpdatesAndNotify called, downloadPromise is null
[2026-05-27 11:54:33.293] [info]  Checking for update
[2026-05-27 11:54:33.294] [info]  Checking for update
[2026-05-27 11:54:33.577] [info]  Update for version 0.55.4 is not available (latest version: 0.55.4, downgrade is allowed).
[2026-05-27 11:54:33.577] [info]  Update not available: {
   "version": "0.55.4",
   "files": [
      {
         "url": "Anytype-0.55.4.AppImage",
         "sha512": "iVhg7x/IcehgFgoqn8NKBJ5Zlh1Ba0LCCfUSUA0vCgLClePi/Wa1B3K+g7FaPJ4caVLEApN+opsMXekenVAZBg==",
         "size": 255921020,
         "blockMapSize": 265104
      },
      {
         "url": "anytype_0.55.4_amd64.deb",
         "sha512": "h9AOC2BuEny0TIDmwtH3X2Z2If/U59v0urgHxEd1ttKDQnVHP3HbdrlSd6gRefM41tEvLs77AlGzVmnDQ2Lv2Q==",
         "size": 213511672
      },
      {
         "url": "anytype_0.55.4_amd64.deb",
         "sha512": "h9AOC2BuEny0TIDmwtH3X2Z2If/U59v0urgHxEd1ttKDQnVHP3HbdrlSd6gRefM41tEvLs77AlGzVmnDQ2Lv2Q==",
         "size": 213511672
      },
      {
         "url": "anytype_0.55.4_amd64.deb",
         "sha512": "h9AOC2BuEny0TIDmwtH3X2Z2If/U59v0urgHxEd1ttKDQnVHP3HbdrlSd6gRefM41tEvLs77AlGzVmnDQ2Lv2Q==",
         "size": 213511672
      },
      {
         "url": "anytype-0.55.4.x86_64.rpm",
         "sha512": "SmrdfZeSInIiRl2uzMLCDYYqz2N3gvzb4AlfD9RZnkGjKHg+N6VkdOD9p2rMGcT3cFISEvpoiFguKBKmkymYWg==",
         "size": 189025877
      },
      {
         "url": "anytype-0.55.4.x86_64.rpm",
         "sha512": "SmrdfZeSInIiRl2uzMLCDYYqz2N3gvzb4AlfD9RZnkGjKHg+N6VkdOD9p2rMGcT3cFISEvpoiFguKBKmkymYWg==",
         "size": 189025877
      },
      {
         "url": "anytype-0.55.4.x86_64.rpm",
         "sha512": "SmrdfZeSInIiRl2uzMLCDYYqz2N3gvzb4AlfD9RZnkGjKHg+N6VkdOD9p2rMGcT3cFISEvpoiFguKBKmkymYWg==",
         "size": 189025877
      }
   ],
   "path": "Anytype-0.55.4.AppImage",
   "sha512": "iVhg7x/IcehgFgoqn8NKBJ5Zlh1Ba0LCCfUSUA0vCgLClePi/Wa1B3K+g7FaPJ4caVLEApN+opsMXekenVAZBg==",
   "releaseDate": "2026-05-05T13:39:49.369Z"
}
[2026-05-27 11:54:33.578] [debug] checkForUpdatesAndNotify called, downloadPromise is null
[2026-05-27 12:04:33.339] [info]  Checking for update
[2026-05-27 12:04:33.339] [info]  Checking for update
[2026-05-27 12:04:33.618] [info]  Update for version 0.55.4 is not available (latest version: 0.55.4, downgrade is allowed).
[2026-05-27 12:04:33.618] [info]  Update not available: {
   "version": "0.55.4",
   "files": [
      {
         "url": "Anytype-0.55.4.AppImage",
         "sha512": "iVhg7x/IcehgFgoqn8NKBJ5Zlh1Ba0LCCfUSUA0vCgLClePi/Wa1B3K+g7FaPJ4caVLEApN+opsMXekenVAZBg==",
         "size": 255921020,
         "blockMapSize": 265104
      },
      {
         "url": "anytype_0.55.4_amd64.deb",
         "sha512": "h9AOC2BuEny0TIDmwtH3X2Z2If/U59v0urgHxEd1ttKDQnVHP3HbdrlSd6gRefM41tEvLs77AlGzVmnDQ2Lv2Q==",
         "size": 213511672
      },
      {
         "url": "anytype_0.55.4_amd64.deb",
         "sha512": "h9AOC2BuEny0TIDmwtH3X2Z2If/U59v0urgHxEd1ttKDQnVHP3HbdrlSd6gRefM41tEvLs77AlGzVmnDQ2Lv2Q==",
         "size": 213511672
      },
      {
         "url": "anytype_0.55.4_amd64.deb",
         "sha512": "h9AOC2BuEny0TIDmwtH3X2Z2If/U59v0urgHxEd1ttKDQnVHP3HbdrlSd6gRefM41tEvLs77AlGzVmnDQ2Lv2Q==",
         "size": 213511672
      },
      {
         "url": "anytype-0.55.4.x86_64.rpm",
         "sha512": "SmrdfZeSInIiRl2uzMLCDYYqz2N3gvzb4AlfD9RZnkGjKHg+N6VkdOD9p2rMGcT3cFISEvpoiFguKBKmkymYWg==",
         "size": 189025877
      },
      {
         "url": "anytype-0.55.4.x86_64.rpm",
         "sha512": "SmrdfZeSInIiRl2uzMLCDYYqz2N3gvzb4AlfD9RZnkGjKHg+N6VkdOD9p2rMGcT3cFISEvpoiFguKBKmkymYWg==",
         "size": 189025877
      },
      {
         "url": "anytype-0.55.4.x86_64.rpm",
         "sha512": "SmrdfZeSInIiRl2uzMLCDYYqz2N3gvzb4AlfD9RZnkGjKHg+N6VkdOD9p2rMGcT3cFISEvpoiFguKBKmkymYWg==",
         "size": 189025877
      }
   ],
   "path": "Anytype-0.55.4.AppImage",
   "sha512": "iVhg7x/IcehgFgoqn8NKBJ5Zlh1Ba0LCCfUSUA0vCgLClePi/Wa1B3K+g7FaPJ4caVLEApN+opsMXekenVAZBg==",
   "releaseDate": "2026-05-05T13:39:49.369Z"
}
[2026-05-27 12:04:33.619] [debug] checkForUpdatesAndNotify called, downloadPromise is null
[2026-05-27 12:14:33.390] [info]  Checking for update
[2026-05-27 12:14:33.391] [info]  Checking for update
[2026-05-27 12:14:33.667] [info]  Update for version 0.55.4 is not available (latest version: 0.55.4, downgrade is allowed).
[2026-05-27 12:14:33.667] [info]  Update not available: {
   "version": "0.55.4",
   "files": [
      {
         "url": "Anytype-0.55.4.AppImage",
         "sha512": "iVhg7x/IcehgFgoqn8NKBJ5Zlh1Ba0LCCfUSUA0vCgLClePi/Wa1B3K+g7FaPJ4caVLEApN+opsMXekenVAZBg==",
         "size": 255921020,
         "blockMapSize": 265104
      },
      {
         "url": "anytype_0.55.4_amd64.deb",
         "sha512": "h9AOC2BuEny0TIDmwtH3X2Z2If/U59v0urgHxEd1ttKDQnVHP3HbdrlSd6gRefM41tEvLs77AlGzVmnDQ2Lv2Q==",
         "size": 213511672
      },
      {
         "url": "anytype_0.55.4_amd64.deb",
         "sha512": "h9AOC2BuEny0TIDmwtH3X2Z2If/U59v0urgHxEd1ttKDQnVHP3HbdrlSd6gRefM41tEvLs77AlGzVmnDQ2Lv2Q==",
         "size": 213511672
      },
      {
         "url": "anytype_0.55.4_amd64.deb",
         "sha512": "h9AOC2BuEny0TIDmwtH3X2Z2If/U59v0urgHxEd1ttKDQnVHP3HbdrlSd6gRefM41tEvLs77AlGzVmnDQ2Lv2Q==",
         "size": 213511672
      },
      {
         "url": "anytype-0.55.4.x86_64.rpm",
         "sha512": "SmrdfZeSInIiRl2uzMLCDYYqz2N3gvzb4AlfD9RZnkGjKHg+N6VkdOD9p2rMGcT3cFISEvpoiFguKBKmkymYWg==",
         "size": 189025877
      },
      {
         "url": "anytype-0.55.4.x86_64.rpm",
         "sha512": "SmrdfZeSInIiRl2uzMLCDYYqz2N3gvzb4AlfD9RZnkGjKHg+N6VkdOD9p2rMGcT3cFISEvpoiFguKBKmkymYWg==",
         "size": 189025877
      },
      {
         "url": "anytype-0.55.4.x86_64.rpm",
         "sha512": "SmrdfZeSInIiRl2uzMLCDYYqz2N3gvzb4AlfD9RZnkGjKHg+N6VkdOD9p2rMGcT3cFISEvpoiFguKBKmkymYWg==",
         "size": 189025877
      }
   ],
   "path": "Anytype-0.55.4.AppImage",
   "sha512": "iVhg7x/IcehgFgoqn8NKBJ5Zlh1Ba0LCCfUSUA0vCgLClePi/Wa1B3K+g7FaPJ4caVLEApN+opsMXekenVAZBg==",
   "releaseDate": "2026-05-05T13:39:49.369Z"
}
[2026-05-27 12:14:33.668] [debug] checkForUpdatesAndNotify called, downloadPromise is null
[2026-05-27 12:24:33.406] [info]  Checking for update
[2026-05-27 12:24:33.407] [info]  Checking for update
[2026-05-27 12:24:33.698] [info]  Update for version 0.55.4 is not available (latest version: 0.55.4, downgrade is allowed).
[2026-05-27 12:24:33.699] [info]  Update not available: {
   "version": "0.55.4",
   "files": [
      {
         "url": "Anytype-0.55.4.AppImage",
         "sha512": "iVhg7x/IcehgFgoqn8NKBJ5Zlh1Ba0LCCfUSUA0vCgLClePi/Wa1B3K+g7FaPJ4caVLEApN+opsMXekenVAZBg==",
         "size": 255921020,
         "blockMapSize": 265104
      },
      {
         "url": "anytype_0.55.4_amd64.deb",
         "sha512": "h9AOC2BuEny0TIDmwtH3X2Z2If/U59v0urgHxEd1ttKDQnVHP3HbdrlSd6gRefM41tEvLs77AlGzVmnDQ2Lv2Q==",
         "size": 213511672
      },
      {
         "url": "anytype_0.55.4_amd64.deb",
         "sha512": "h9AOC2BuEny0TIDmwtH3X2Z2If/U59v0urgHxEd1ttKDQnVHP3HbdrlSd6gRefM41tEvLs77AlGzVmnDQ2Lv2Q==",
         "size": 213511672
      },
      {
         "url": "anytype_0.55.4_amd64.deb",
         "sha512": "h9AOC2BuEny0TIDmwtH3X2Z2If/U59v0urgHxEd1ttKDQnVHP3HbdrlSd6gRefM41tEvLs77AlGzVmnDQ2Lv2Q==",
         "size": 213511672
      },
      {
         "url": "anytype-0.55.4.x86_64.rpm",
         "sha512": "SmrdfZeSInIiRl2uzMLCDYYqz2N3gvzb4AlfD9RZnkGjKHg+N6VkdOD9p2rMGcT3cFISEvpoiFguKBKmkymYWg==",
         "size": 189025877
      },
      {
         "url": "anytype-0.55.4.x86_64.rpm",
         "sha512": "SmrdfZeSInIiRl2uzMLCDYYqz2N3gvzb4AlfD9RZnkGjKHg+N6VkdOD9p2rMGcT3cFISEvpoiFguKBKmkymYWg==",
         "size": 189025877
      },
      {
         "url": "anytype-0.55.4.x86_64.rpm",
         "sha512": "SmrdfZeSInIiRl2uzMLCDYYqz2N3gvzb4AlfD9RZnkGjKHg+N6VkdOD9p2rMGcT3cFISEvpoiFguKBKmkymYWg==",
         "size": 189025877
      }
   ],
   "path": "Anytype-0.55.4.AppImage",
   "sha512": "iVhg7x/IcehgFgoqn8NKBJ5Zlh1Ba0LCCfUSUA0vCgLClePi/Wa1B3K+g7FaPJ4caVLEApN+opsMXekenVAZBg==",
   "releaseDate": "2026-05-05T13:39:49.369Z"
}
[2026-05-27 12:24:33.699] [debug] checkForUpdatesAndNotify called, downloadPromise is null
[2026-05-27 12:34:33.453] [info]  Checking for update
[2026-05-27 12:34:33.454] [info]  Checking for update
[2026-05-27 12:34:33.730] [info]  Update for version 0.55.4 is not available (latest version: 0.55.4, downgrade is allowed).
[2026-05-27 12:34:33.731] [info]  Update not available: {
   "version": "0.55.4",
   "files": [
      {
         "url": "Anytype-0.55.4.AppImage",
         "sha512": "iVhg7x/IcehgFgoqn8NKBJ5Zlh1Ba0LCCfUSUA0vCgLClePi/Wa1B3K+g7FaPJ4caVLEApN+opsMXekenVAZBg==",
         "size": 255921020,
         "blockMapSize": 265104
      },
      {
         "url": "anytype_0.55.4_amd64.deb",
         "sha512": "h9AOC2BuEny0TIDmwtH3X2Z2If/U59v0urgHxEd1ttKDQnVHP3HbdrlSd6gRefM41tEvLs77AlGzVmnDQ2Lv2Q==",
         "size": 213511672
      },
      {
         "url": "anytype_0.55.4_amd64.deb",
         "sha512": "h9AOC2BuEny0TIDmwtH3X2Z2If/U59v0urgHxEd1ttKDQnVHP3HbdrlSd6gRefM41tEvLs77AlGzVmnDQ2Lv2Q==",
         "size": 213511672
      },
      {
         "url": "anytype_0.55.4_amd64.deb",
         "sha512": "h9AOC2BuEny0TIDmwtH3X2Z2If/U59v0urgHxEd1ttKDQnVHP3HbdrlSd6gRefM41tEvLs77AlGzVmnDQ2Lv2Q==",
         "size": 213511672
      },
      {
         "url": "anytype-0.55.4.x86_64.rpm",
         "sha512": "SmrdfZeSInIiRl2uzMLCDYYqz2N3gvzb4AlfD9RZnkGjKHg+N6VkdOD9p2rMGcT3cFISEvpoiFguKBKmkymYWg==",
         "size": 189025877
      },
      {
         "url": "anytype-0.55.4.x86_64.rpm",
         "sha512": "SmrdfZeSInIiRl2uzMLCDYYqz2N3gvzb4AlfD9RZnkGjKHg+N6VkdOD9p2rMGcT3cFISEvpoiFguKBKmkymYWg==",
         "size": 189025877
      },
      {
         "url": "anytype-0.55.4.x86_64.rpm",
         "sha512": "SmrdfZeSInIiRl2uzMLCDYYqz2N3gvzb4AlfD9RZnkGjKHg+N6VkdOD9p2rMGcT3cFISEvpoiFguKBKmkymYWg==",
         "size": 189025877
      }
   ],
   "path": "Anytype-0.55.4.AppImage",
   "sha512": "iVhg7x/IcehgFgoqn8NKBJ5Zlh1Ba0LCCfUSUA0vCgLClePi/Wa1B3K+g7FaPJ4caVLEApN+opsMXekenVAZBg==",
   "releaseDate": "2026-05-05T13:39:49.369Z"
}
[2026-05-27 12:34:33.731] [debug] checkForUpdatesAndNotify called, downloadPromise is null
[2026-05-27 12:44:33.544] [info]  Checking for update
[2026-05-27 12:44:33.545] [info]  Checking for update
[2026-05-27 12:44:33.810] [info]  Update for version 0.55.4 is not available (latest version: 0.55.4, downgrade is allowed).
[2026-05-27 12:44:33.810] [info]  Update not available: {
   "version": "0.55.4",
   "files": [
      {
         "url": "Anytype-0.55.4.AppImage",
         "sha512": "iVhg7x/IcehgFgoqn8NKBJ5Zlh1Ba0LCCfUSUA0vCgLClePi/Wa1B3K+g7FaPJ4caVLEApN+opsMXekenVAZBg==",
         "size": 255921020,
         "blockMapSize": 265104
      },
      {
         "url": "anytype_0.55.4_amd64.deb",
         "sha512": "h9AOC2BuEny0TIDmwtH3X2Z2If/U59v0urgHxEd1ttKDQnVHP3HbdrlSd6gRefM41tEvLs77AlGzVmnDQ2Lv2Q==",
         "size": 213511672
      },
      {
         "url": "anytype_0.55.4_amd64.deb",
         "sha512": "h9AOC2BuEny0TIDmwtH3X2Z2If/U59v0urgHxEd1ttKDQnVHP3HbdrlSd6gRefM41tEvLs77AlGzVmnDQ2Lv2Q==",
         "size": 213511672
      },
      {
         "url": "anytype_0.55.4_amd64.deb",
         "sha512": "h9AOC2BuEny0TIDmwtH3X2Z2If/U59v0urgHxEd1ttKDQnVHP3HbdrlSd6gRefM41tEvLs77AlGzVmnDQ2Lv2Q==",
         "size": 213511672
      },
      {
         "url": "anytype-0.55.4.x86_64.rpm",
         "sha512": "SmrdfZeSInIiRl2uzMLCDYYqz2N3gvzb4AlfD9RZnkGjKHg+N6VkdOD9p2rMGcT3cFISEvpoiFguKBKmkymYWg==",
         "size": 189025877
      },
      {
         "url": "anytype-0.55.4.x86_64.rpm",
         "sha512": "SmrdfZeSInIiRl2uzMLCDYYqz2N3gvzb4AlfD9RZnkGjKHg+N6VkdOD9p2rMGcT3cFISEvpoiFguKBKmkymYWg==",
         "size": 189025877
      },
      {
         "url": "anytype-0.55.4.x86_64.rpm",
         "sha512": "SmrdfZeSInIiRl2uzMLCDYYqz2N3gvzb4AlfD9RZnkGjKHg+N6VkdOD9p2rMGcT3cFISEvpoiFguKBKmkymYWg==",
         "size": 189025877
      }
   ],
   "path": "Anytype-0.55.4.AppImage",
   "sha512": "iVhg7x/IcehgFgoqn8NKBJ5Zlh1Ba0LCCfUSUA0vCgLClePi/Wa1B3K+g7FaPJ4caVLEApN+opsMXekenVAZBg==",
   "releaseDate": "2026-05-05T13:39:49.369Z"
}
[2026-05-27 12:44:33.811] [debug] checkForUpdatesAndNotify called, downloadPromise is null
[2026-05-27 12:54:33.614] [info]  Checking for update
[2026-05-27 12:54:33.615] [info]  Checking for update
[2026-05-27 12:54:33.915] [info]  Update for version 0.55.4 is not available (latest version: 0.55.4, downgrade is allowed).
[2026-05-27 12:54:33.915] [info]  Update not available: {
   "version": "0.55.4",
   "files": [
      {
         "url": "Anytype-0.55.4.AppImage",
         "sha512": "iVhg7x/IcehgFgoqn8NKBJ5Zlh1Ba0LCCfUSUA0vCgLClePi/Wa1B3K+g7FaPJ4caVLEApN+opsMXekenVAZBg==",
         "size": 255921020,
         "blockMapSize": 265104
      },
      {
         "url": "anytype_0.55.4_amd64.deb",
         "sha512": "h9AOC2BuEny0TIDmwtH3X2Z2If/U59v0urgHxEd1ttKDQnVHP3HbdrlSd6gRefM41tEvLs77AlGzVmnDQ2Lv2Q==",
         "size": 213511672
      },
      {
         "url": "anytype_0.55.4_amd64.deb",
         "sha512": "h9AOC2BuEny0TIDmwtH3X2Z2If/U59v0urgHxEd1ttKDQnVHP3HbdrlSd6gRefM41tEvLs77AlGzVmnDQ2Lv2Q==",
         "size": 213511672
      },
      {
         "url": "anytype_0.55.4_amd64.deb",
         "sha512": "h9AOC2BuEny0TIDmwtH3X2Z2If/U59v0urgHxEd1ttKDQnVHP3HbdrlSd6gRefM41tEvLs77AlGzVmnDQ2Lv2Q==",
         "size": 213511672
      },
      {
         "url": "anytype-0.55.4.x86_64.rpm",
         "sha512": "SmrdfZeSInIiRl2uzMLCDYYqz2N3gvzb4AlfD9RZnkGjKHg+N6VkdOD9p2rMGcT3cFISEvpoiFguKBKmkymYWg==",
         "size": 189025877
      },
      {
         "url": "anytype-0.55.4.x86_64.rpm",
         "sha512": "SmrdfZeSInIiRl2uzMLCDYYqz2N3gvzb4AlfD9RZnkGjKHg+N6VkdOD9p2rMGcT3cFISEvpoiFguKBKmkymYWg==",
         "size": 189025877
      },
      {
         "url": "anytype-0.55.4.x86_64.rpm",
         "sha512": "SmrdfZeSInIiRl2uzMLCDYYqz2N3gvzb4AlfD9RZnkGjKHg+N6VkdOD9p2rMGcT3cFISEvpoiFguKBKmkymYWg==",
         "size": 189025877
      }
   ],
   "path": "Anytype-0.55.4.AppImage",
   "sha512": "iVhg7x/IcehgFgoqn8NKBJ5Zlh1Ba0LCCfUSUA0vCgLClePi/Wa1B3K+g7FaPJ4caVLEApN+opsMXekenVAZBg==",
   "releaseDate": "2026-05-05T13:39:49.369Z"
}
[2026-05-27 12:54:33.916] [debug] checkForUpdatesAndNotify called, downloadPromise is null
[2026-05-27 13:04:33.645] [info]  Checking for update
[2026-05-27 13:04:33.646] [info]  Checking for update
[2026-05-27 13:04:33.913] [info]  Update for version 0.55.4 is not available (latest version: 0.55.4, downgrade is allowed).
[2026-05-27 13:04:33.913] [info]  Update not available: {
   "version": "0.55.4",
   "files": [
      {
         "url": "Anytype-0.55.4.AppImage",
         "sha512": "iVhg7x/IcehgFgoqn8NKBJ5Zlh1Ba0LCCfUSUA0vCgLClePi/Wa1B3K+g7FaPJ4caVLEApN+opsMXekenVAZBg==",
         "size": 255921020,
         "blockMapSize": 265104
      },
      {
         "url": "anytype_0.55.4_amd64.deb",
         "sha512": "h9AOC2BuEny0TIDmwtH3X2Z2If/U59v0urgHxEd1ttKDQnVHP3HbdrlSd6gRefM41tEvLs77AlGzVmnDQ2Lv2Q==",
         "size": 213511672
      },
      {
         "url": "anytype_0.55.4_amd64.deb",
         "sha512": "h9AOC2BuEny0TIDmwtH3X2Z2If/U59v0urgHxEd1ttKDQnVHP3HbdrlSd6gRefM41tEvLs77AlGzVmnDQ2Lv2Q==",
         "size": 213511672
      },
      {
         "url": "anytype_0.55.4_amd64.deb",
         "sha512": "h9AOC2BuEny0TIDmwtH3X2Z2If/U59v0urgHxEd1ttKDQnVHP3HbdrlSd6gRefM41tEvLs77AlGzVmnDQ2Lv2Q==",
         "size": 213511672
      },
      {
         "url": "anytype-0.55.4.x86_64.rpm",
         "sha512": "SmrdfZeSInIiRl2uzMLCDYYqz2N3gvzb4AlfD9RZnkGjKHg+N6VkdOD9p2rMGcT3cFISEvpoiFguKBKmkymYWg==",
         "size": 189025877
      },
      {
         "url": "anytype-0.55.4.x86_64.rpm",
         "sha512": "SmrdfZeSInIiRl2uzMLCDYYqz2N3gvzb4AlfD9RZnkGjKHg+N6VkdOD9p2rMGcT3cFISEvpoiFguKBKmkymYWg==",
         "size": 189025877
      },
      {
         "url": "anytype-0.55.4.x86_64.rpm",
         "sha512": "SmrdfZeSInIiRl2uzMLCDYYqz2N3gvzb4AlfD9RZnkGjKHg+N6VkdOD9p2rMGcT3cFISEvpoiFguKBKmkymYWg==",
         "size": 189025877
      }
   ],
   "path": "Anytype-0.55.4.AppImage",
   "sha512": "iVhg7x/IcehgFgoqn8NKBJ5Zlh1Ba0LCCfUSUA0vCgLClePi/Wa1B3K+g7FaPJ4caVLEApN+opsMXekenVAZBg==",
   "releaseDate": "2026-05-05T13:39:49.369Z"
}
[2026-05-27 13:04:33.913] [debug] checkForUpdatesAndNotify called, downloadPromise is null
[2026-05-27 13:14:33.658] [info]  Checking for update
[2026-05-27 13:14:33.659] [info]  Checking for update
[2026-05-27 13:14:33.952] [info]  Update for version 0.55.4 is not available (latest version: 0.55.4, downgrade is allowed).
[2026-05-27 13:14:33.953] [info]  Update not available: {
   "version": "0.55.4",
   "files": [
      {
         "url": "Anytype-0.55.4.AppImage",
         "sha512": "iVhg7x/IcehgFgoqn8NKBJ5Zlh1Ba0LCCfUSUA0vCgLClePi/Wa1B3K+g7FaPJ4caVLEApN+opsMXekenVAZBg==",
         "size": 255921020,
         "blockMapSize": 265104
      },
      {
         "url": "anytype_0.55.4_amd64.deb",
         "sha512": "h9AOC2BuEny0TIDmwtH3X2Z2If/U59v0urgHxEd1ttKDQnVHP3HbdrlSd6gRefM41tEvLs77AlGzVmnDQ2Lv2Q==",
         "size": 213511672
      },
      {
         "url": "anytype_0.55.4_amd64.deb",
         "sha512": "h9AOC2BuEny0TIDmwtH3X2Z2If/U59v0urgHxEd1ttKDQnVHP3HbdrlSd6gRefM41tEvLs77AlGzVmnDQ2Lv2Q==",
         "size": 213511672
      },
      {
         "url": "anytype_0.55.4_amd64.deb",
         "sha512": "h9AOC2BuEny0TIDmwtH3X2Z2If/U59v0urgHxEd1ttKDQnVHP3HbdrlSd6gRefM41tEvLs77AlGzVmnDQ2Lv2Q==",
         "size": 213511672
      },
      {
         "url": "anytype-0.55.4.x86_64.rpm",
         "sha512": "SmrdfZeSInIiRl2uzMLCDYYqz2N3gvzb4AlfD9RZnkGjKHg+N6VkdOD9p2rMGcT3cFISEvpoiFguKBKmkymYWg==",
         "size": 189025877
      },
      {
         "url": "anytype-0.55.4.x86_64.rpm",
         "sha512": "SmrdfZeSInIiRl2uzMLCDYYqz2N3gvzb4AlfD9RZnkGjKHg+N6VkdOD9p2rMGcT3cFISEvpoiFguKBKmkymYWg==",
         "size": 189025877
      },
      {
         "url": "anytype-0.55.4.x86_64.rpm",
         "sha512": "SmrdfZeSInIiRl2uzMLCDYYqz2N3gvzb4AlfD9RZnkGjKHg+N6VkdOD9p2rMGcT3cFISEvpoiFguKBKmkymYWg==",
         "size": 189025877
      }
   ],
   "path": "Anytype-0.55.4.AppImage",
   "sha512": "iVhg7x/IcehgFgoqn8NKBJ5Zlh1Ba0LCCfUSUA0vCgLClePi/Wa1B3K+g7FaPJ4caVLEApN+opsMXekenVAZBg==",
   "releaseDate": "2026-05-05T13:39:49.369Z"
}
[2026-05-27 13:14:33.953] [debug] checkForUpdatesAndNotify called, downloadPromise is null
[2026-05-27 13:24:33.688] [info]  Checking for update
[2026-05-27 13:24:33.688] [info]  Checking for update
[2026-05-27 13:24:33.957] [info]  Update for version 0.55.4 is not available (latest version: 0.55.4, downgrade is allowed).
[2026-05-27 13:24:33.957] [info]  Update not available: {
   "version": "0.55.4",
   "files": [
      {
         "url": "Anytype-0.55.4.AppImage",
         "sha512": "iVhg7x/IcehgFgoqn8NKBJ5Zlh1Ba0LCCfUSUA0vCgLClePi/Wa1B3K+g7FaPJ4caVLEApN+opsMXekenVAZBg==",
         "size": 255921020,
         "blockMapSize": 265104
      },
      {
         "url": "anytype_0.55.4_amd64.deb",
         "sha512": "h9AOC2BuEny0TIDmwtH3X2Z2If/U59v0urgHxEd1ttKDQnVHP3HbdrlSd6gRefM41tEvLs77AlGzVmnDQ2Lv2Q==",
         "size": 213511672
      },
      {
         "url": "anytype_0.55.4_amd64.deb",
         "sha512": "h9AOC2BuEny0TIDmwtH3X2Z2If/U59v0urgHxEd1ttKDQnVHP3HbdrlSd6gRefM41tEvLs77AlGzVmnDQ2Lv2Q==",
         "size": 213511672
      },
      {
         "url": "anytype_0.55.4_amd64.deb",
         "sha512": "h9AOC2BuEny0TIDmwtH3X2Z2If/U59v0urgHxEd1ttKDQnVHP3HbdrlSd6gRefM41tEvLs77AlGzVmnDQ2Lv2Q==",
         "size": 213511672
      },
      {
         "url": "anytype-0.55.4.x86_64.rpm",
         "sha512": "SmrdfZeSInIiRl2uzMLCDYYqz2N3gvzb4AlfD9RZnkGjKHg+N6VkdOD9p2rMGcT3cFISEvpoiFguKBKmkymYWg==",
         "size": 189025877
      },
      {
         "url": "anytype-0.55.4.x86_64.rpm",
         "sha512": "SmrdfZeSInIiRl2uzMLCDYYqz2N3gvzb4AlfD9RZnkGjKHg+N6VkdOD9p2rMGcT3cFISEvpoiFguKBKmkymYWg==",
         "size": 189025877
      },
      {
         "url": "anytype-0.55.4.x86_64.rpm",
         "sha512": "SmrdfZeSInIiRl2uzMLCDYYqz2N3gvzb4AlfD9RZnkGjKHg+N6VkdOD9p2rMGcT3cFISEvpoiFguKBKmkymYWg==",
         "size": 189025877
      }
   ],
   "path": "Anytype-0.55.4.AppImage",
   "sha512": "iVhg7x/IcehgFgoqn8NKBJ5Zlh1Ba0LCCfUSUA0vCgLClePi/Wa1B3K+g7FaPJ4caVLEApN+opsMXekenVAZBg==",
   "releaseDate": "2026-05-05T13:39:49.369Z"
}
[2026-05-27 13:24:33.958] [debug] checkForUpdatesAndNotify called, downloadPromise is null
[2026-05-27 13:34:33.788] [info]  Checking for update
[2026-05-27 13:34:33.789] [info]  Checking for update
[2026-05-27 13:34:34.073] [info]  Update for version 0.55.4 is not available (latest version: 0.55.4, downgrade is allowed).
[2026-05-27 13:34:34.073] [info]  Update not available: {
   "version": "0.55.4",
   "files": [
      {
         "url": "Anytype-0.55.4.AppImage",
         "sha512": "iVhg7x/IcehgFgoqn8NKBJ5Zlh1Ba0LCCfUSUA0vCgLClePi/Wa1B3K+g7FaPJ4caVLEApN+opsMXekenVAZBg==",
         "size": 255921020,
         "blockMapSize": 265104
      },
      {
         "url": "anytype_0.55.4_amd64.deb",
         "sha512": "h9AOC2BuEny0TIDmwtH3X2Z2If/U59v0urgHxEd1ttKDQnVHP3HbdrlSd6gRefM41tEvLs77AlGzVmnDQ2Lv2Q==",
         "size": 213511672
      },
      {
         "url": "anytype_0.55.4_amd64.deb",
         "sha512": "h9AOC2BuEny0TIDmwtH3X2Z2If/U59v0urgHxEd1ttKDQnVHP3HbdrlSd6gRefM41tEvLs77AlGzVmnDQ2Lv2Q==",
         "size": 213511672
      },
      {
         "url": "anytype_0.55.4_amd64.deb",
         "sha512": "h9AOC2BuEny0TIDmwtH3X2Z2If/U59v0urgHxEd1ttKDQnVHP3HbdrlSd6gRefM41tEvLs77AlGzVmnDQ2Lv2Q==",
         "size": 213511672
      },
      {
         "url": "anytype-0.55.4.x86_64.rpm",
         "sha512": "SmrdfZeSInIiRl2uzMLCDYYqz2N3gvzb4AlfD9RZnkGjKHg+N6VkdOD9p2rMGcT3cFISEvpoiFguKBKmkymYWg==",
         "size": 189025877
      },
      {
         "url": "anytype-0.55.4.x86_64.rpm",
         "sha512": "SmrdfZeSInIiRl2uzMLCDYYqz2N3gvzb4AlfD9RZnkGjKHg+N6VkdOD9p2rMGcT3cFISEvpoiFguKBKmkymYWg==",
         "size": 189025877
      },
      {
         "url": "anytype-0.55.4.x86_64.rpm",
         "sha512": "SmrdfZeSInIiRl2uzMLCDYYqz2N3gvzb4AlfD9RZnkGjKHg+N6VkdOD9p2rMGcT3cFISEvpoiFguKBKmkymYWg==",
         "size": 189025877
      }
   ],
   "path": "Anytype-0.55.4.AppImage",
   "sha512": "iVhg7x/IcehgFgoqn8NKBJ5Zlh1Ba0LCCfUSUA0vCgLClePi/Wa1B3K+g7FaPJ4caVLEApN+opsMXekenVAZBg==",
   "releaseDate": "2026-05-05T13:39:49.369Z"
}
[2026-05-27 13:34:34.075] [debug] checkForUpdatesAndNotify called, downloadPromise is null
[2026-05-27 13:44:33.889] [info]  Checking for update
[2026-05-27 13:44:33.890] [info]  Checking for update
[2026-05-27 13:44:34.159] [info]  Update for version 0.55.4 is not available (latest version: 0.55.4, downgrade is allowed).
[2026-05-27 13:44:34.159] [info]  Update not available: {
   "version": "0.55.4",
   "files": [
      {
         "url": "Anytype-0.55.4.AppImage",
         "sha512": "iVhg7x/IcehgFgoqn8NKBJ5Zlh1Ba0LCCfUSUA0vCgLClePi/Wa1B3K+g7FaPJ4caVLEApN+opsMXekenVAZBg==",
         "size": 255921020,
         "blockMapSize": 265104
      },
      {
         "url": "anytype_0.55.4_amd64.deb",
         "sha512": "h9AOC2BuEny0TIDmwtH3X2Z2If/U59v0urgHxEd1ttKDQnVHP3HbdrlSd6gRefM41tEvLs77AlGzVmnDQ2Lv2Q==",
         "size": 213511672
      },
      {
         "url": "anytype_0.55.4_amd64.deb",
         "sha512": "h9AOC2BuEny0TIDmwtH3X2Z2If/U59v0urgHxEd1ttKDQnVHP3HbdrlSd6gRefM41tEvLs77AlGzVmnDQ2Lv2Q==",
         "size": 213511672
      },
      {
         "url": "anytype_0.55.4_amd64.deb",
         "sha512": "h9AOC2BuEny0TIDmwtH3X2Z2If/U59v0urgHxEd1ttKDQnVHP3HbdrlSd6gRefM41tEvLs77AlGzVmnDQ2Lv2Q==",
         "size": 213511672
      },
      {
         "url": "anytype-0.55.4.x86_64.rpm",
         "sha512": "SmrdfZeSInIiRl2uzMLCDYYqz2N3gvzb4AlfD9RZnkGjKHg+N6VkdOD9p2rMGcT3cFISEvpoiFguKBKmkymYWg==",
         "size": 189025877
      },
      {
         "url": "anytype-0.55.4.x86_64.rpm",
         "sha512": "SmrdfZeSInIiRl2uzMLCDYYqz2N3gvzb4AlfD9RZnkGjKHg+N6VkdOD9p2rMGcT3cFISEvpoiFguKBKmkymYWg==",
         "size": 189025877
      },
      {
         "url": "anytype-0.55.4.x86_64.rpm",
         "sha512": "SmrdfZeSInIiRl2uzMLCDYYqz2N3gvzb4AlfD9RZnkGjKHg+N6VkdOD9p2rMGcT3cFISEvpoiFguKBKmkymYWg==",
         "size": 189025877
      }
   ],
   "path": "Anytype-0.55.4.AppImage",
   "sha512": "iVhg7x/IcehgFgoqn8NKBJ5Zlh1Ba0LCCfUSUA0vCgLClePi/Wa1B3K+g7FaPJ4caVLEApN+opsMXekenVAZBg==",
   "releaseDate": "2026-05-05T13:39:49.369Z"
}
[2026-05-27 13:44:34.160] [debug] checkForUpdatesAndNotify called, downloadPromise is null
[2026-05-27 13:54:33.941] [info]  Checking for update
[2026-05-27 13:54:33.941] [info]  Checking for update
[2026-05-27 13:54:34.218] [info]  Update for version 0.55.4 is not available (latest version: 0.55.4, downgrade is allowed).
[2026-05-27 13:54:34.218] [info]  Update not available: {
   "version": "0.55.4",
   "files": [
      {
         "url": "Anytype-0.55.4.AppImage",
         "sha512": "iVhg7x/IcehgFgoqn8NKBJ5Zlh1Ba0LCCfUSUA0vCgLClePi/Wa1B3K+g7FaPJ4caVLEApN+opsMXekenVAZBg==",
         "size": 255921020,
         "blockMapSize": 265104
      },
      {
         "url": "anytype_0.55.4_amd64.deb",
         "sha512": "h9AOC2BuEny0TIDmwtH3X2Z2If/U59v0urgHxEd1ttKDQnVHP3HbdrlSd6gRefM41tEvLs77AlGzVmnDQ2Lv2Q==",
         "size": 213511672
      },
      {
         "url": "anytype_0.55.4_amd64.deb",
         "sha512": "h9AOC2BuEny0TIDmwtH3X2Z2If/U59v0urgHxEd1ttKDQnVHP3HbdrlSd6gRefM41tEvLs77AlGzVmnDQ2Lv2Q==",
         "size": 213511672
      },
      {
         "url": "anytype_0.55.4_amd64.deb",
         "sha512": "h9AOC2BuEny0TIDmwtH3X2Z2If/U59v0urgHxEd1ttKDQnVHP3HbdrlSd6gRefM41tEvLs77AlGzVmnDQ2Lv2Q==",
         "size": 213511672
      },
      {
         "url": "anytype-0.55.4.x86_64.rpm",
         "sha512": "SmrdfZeSInIiRl2uzMLCDYYqz2N3gvzb4AlfD9RZnkGjKHg+N6VkdOD9p2rMGcT3cFISEvpoiFguKBKmkymYWg==",
         "size": 189025877
      },
      {
         "url": "anytype-0.55.4.x86_64.rpm",
         "sha512": "SmrdfZeSInIiRl2uzMLCDYYqz2N3gvzb4AlfD9RZnkGjKHg+N6VkdOD9p2rMGcT3cFISEvpoiFguKBKmkymYWg==",
         "size": 189025877
      },
      {
         "url": "anytype-0.55.4.x86_64.rpm",
         "sha512": "SmrdfZeSInIiRl2uzMLCDYYqz2N3gvzb4AlfD9RZnkGjKHg+N6VkdOD9p2rMGcT3cFISEvpoiFguKBKmkymYWg==",
         "size": 189025877
      }
   ],
   "path": "Anytype-0.55.4.AppImage",
   "sha512": "iVhg7x/IcehgFgoqn8NKBJ5Zlh1Ba0LCCfUSUA0vCgLClePi/Wa1B3K+g7FaPJ4caVLEApN+opsMXekenVAZBg==",
   "releaseDate": "2026-05-05T13:39:49.369Z"
}
[2026-05-27 13:54:34.219] [debug] checkForUpdatesAndNotify called, downloadPromise is null
[2026-05-27 14:04:33.953] [info]  Checking for update
[2026-05-27 14:04:33.954] [info]  Checking for update
[2026-05-27 14:04:34.234] [info]  Update for version 0.55.4 is not available (latest version: 0.55.4, downgrade is allowed).
[2026-05-27 14:04:34.235] [info]  Update not available: {
   "version": "0.55.4",
   "files": [
      {
         "url": "Anytype-0.55.4.AppImage",
         "sha512": "iVhg7x/IcehgFgoqn8NKBJ5Zlh1Ba0LCCfUSUA0vCgLClePi/Wa1B3K+g7FaPJ4caVLEApN+opsMXekenVAZBg==",
         "size": 255921020,
         "blockMapSize": 265104
      },
      {
         "url": "anytype_0.55.4_amd64.deb",
         "sha512": "h9AOC2BuEny0TIDmwtH3X2Z2If/U59v0urgHxEd1ttKDQnVHP3HbdrlSd6gRefM41tEvLs77AlGzVmnDQ2Lv2Q==",
         "size": 213511672
      },
      {
         "url": "anytype_0.55.4_amd64.deb",
         "sha512": "h9AOC2BuEny0TIDmwtH3X2Z2If/U59v0urgHxEd1ttKDQnVHP3HbdrlSd6gRefM41tEvLs77AlGzVmnDQ2Lv2Q==",
         "size": 213511672
      },
      {
         "url": "anytype_0.55.4_amd64.deb",
         "sha512": "h9AOC2BuEny0TIDmwtH3X2Z2If/U59v0urgHxEd1ttKDQnVHP3HbdrlSd6gRefM41tEvLs77AlGzVmnDQ2Lv2Q==",
         "size": 213511672
      },
      {
         "url": "anytype-0.55.4.x86_64.rpm",
         "sha512": "SmrdfZeSInIiRl2uzMLCDYYqz2N3gvzb4AlfD9RZnkGjKHg+N6VkdOD9p2rMGcT3cFISEvpoiFguKBKmkymYWg==",
         "size": 189025877
      },
      {
         "url": "anytype-0.55.4.x86_64.rpm",
         "sha512": "SmrdfZeSInIiRl2uzMLCDYYqz2N3gvzb4AlfD9RZnkGjKHg+N6VkdOD9p2rMGcT3cFISEvpoiFguKBKmkymYWg==",
         "size": 189025877
      },
      {
         "url": "anytype-0.55.4.x86_64.rpm",
         "sha512": "SmrdfZeSInIiRl2uzMLCDYYqz2N3gvzb4AlfD9RZnkGjKHg+N6VkdOD9p2rMGcT3cFISEvpoiFguKBKmkymYWg==",
         "size": 189025877
      }
   ],
   "path": "Anytype-0.55.4.AppImage",
   "sha512": "iVhg7x/IcehgFgoqn8NKBJ5Zlh1Ba0LCCfUSUA0vCgLClePi/Wa1B3K+g7FaPJ4caVLEApN+opsMXekenVAZBg==",
   "releaseDate": "2026-05-05T13:39:49.369Z"
}
[2026-05-27 14:04:34.235] [debug] checkForUpdatesAndNotify called, downloadPromise is null
[2026-05-27 14:14:33.984] [info]  Checking for update
[2026-05-27 14:14:33.985] [info]  Checking for update
[2026-05-27 14:14:34.272] [info]  Update for version 0.55.4 is not available (latest version: 0.55.4, downgrade is allowed).
[2026-05-27 14:14:34.272] [info]  Update not available: {
   "version": "0.55.4",
   "files": [
      {
         "url": "Anytype-0.55.4.AppImage",
         "sha512": "iVhg7x/IcehgFgoqn8NKBJ5Zlh1Ba0LCCfUSUA0vCgLClePi/Wa1B3K+g7FaPJ4caVLEApN+opsMXekenVAZBg==",
         "size": 255921020,
         "blockMapSize": 265104
      },
      {
         "url": "anytype_0.55.4_amd64.deb",
         "sha512": "h9AOC2BuEny0TIDmwtH3X2Z2If/U59v0urgHxEd1ttKDQnVHP3HbdrlSd6gRefM41tEvLs77AlGzVmnDQ2Lv2Q==",
         "size": 213511672
      },
      {
         "url": "anytype_0.55.4_amd64.deb",
         "sha512": "h9AOC2BuEny0TIDmwtH3X2Z2If/U59v0urgHxEd1ttKDQnVHP3HbdrlSd6gRefM41tEvLs77AlGzVmnDQ2Lv2Q==",
         "size": 213511672
      },
      {
         "url": "anytype_0.55.4_amd64.deb",
         "sha512": "h9AOC2BuEny0TIDmwtH3X2Z2If/U59v0urgHxEd1ttKDQnVHP3HbdrlSd6gRefM41tEvLs77AlGzVmnDQ2Lv2Q==",
         "size": 213511672
      },
      {
         "url": "anytype-0.55.4.x86_64.rpm",
         "sha512": "SmrdfZeSInIiRl2uzMLCDYYqz2N3gvzb4AlfD9RZnkGjKHg+N6VkdOD9p2rMGcT3cFISEvpoiFguKBKmkymYWg==",
         "size": 189025877
      },
      {
         "url": "anytype-0.55.4.x86_64.rpm",
         "sha512": "SmrdfZeSInIiRl2uzMLCDYYqz2N3gvzb4AlfD9RZnkGjKHg+N6VkdOD9p2rMGcT3cFISEvpoiFguKBKmkymYWg==",
         "size": 189025877
      },
      {
         "url": "anytype-0.55.4.x86_64.rpm",
         "sha512": "SmrdfZeSInIiRl2uzMLCDYYqz2N3gvzb4AlfD9RZnkGjKHg+N6VkdOD9p2rMGcT3cFISEvpoiFguKBKmkymYWg==",
         "size": 189025877
      }
   ],
   "path": "Anytype-0.55.4.AppImage",
   "sha512": "iVhg7x/IcehgFgoqn8NKBJ5Zlh1Ba0LCCfUSUA0vCgLClePi/Wa1B3K+g7FaPJ4caVLEApN+opsMXekenVAZBg==",
   "releaseDate": "2026-05-05T13:39:49.369Z"
}
[2026-05-27 14:14:34.273] [debug] checkForUpdatesAndNotify called, downloadPromise is null
[2026-05-27 14:24:34.036] [info]  Checking for update
[2026-05-27 14:24:34.036] [info]  Checking for update
[2026-05-27 14:24:34.315] [info]  Update for version 0.55.4 is not available (latest version: 0.55.4, downgrade is allowed).
[2026-05-27 14:24:34.315] [info]  Update not available: {
   "version": "0.55.4",
   "files": [
      {
         "url": "Anytype-0.55.4.AppImage",
         "sha512": "iVhg7x/IcehgFgoqn8NKBJ5Zlh1Ba0LCCfUSUA0vCgLClePi/Wa1B3K+g7FaPJ4caVLEApN+opsMXekenVAZBg==",
         "size": 255921020,
         "blockMapSize": 265104
      },
      {
         "url": "anytype_0.55.4_amd64.deb",
         "sha512": "h9AOC2BuEny0TIDmwtH3X2Z2If/U59v0urgHxEd1ttKDQnVHP3HbdrlSd6gRefM41tEvLs77AlGzVmnDQ2Lv2Q==",
         "size": 213511672
      },
      {
         "url": "anytype_0.55.4_amd64.deb",
         "sha512": "h9AOC2BuEny0TIDmwtH3X2Z2If/U59v0urgHxEd1ttKDQnVHP3HbdrlSd6gRefM41tEvLs77AlGzVmnDQ2Lv2Q==",
         "size": 213511672
      },
      {
         "url": "anytype_0.55.4_amd64.deb",
         "sha512": "h9AOC2BuEny0TIDmwtH3X2Z2If/U59v0urgHxEd1ttKDQnVHP3HbdrlSd6gRefM41tEvLs77AlGzVmnDQ2Lv2Q==",
         "size": 213511672
      },
      {
         "url": "anytype-0.55.4.x86_64.rpm",
         "sha512": "SmrdfZeSInIiRl2uzMLCDYYqz2N3gvzb4AlfD9RZnkGjKHg+N6VkdOD9p2rMGcT3cFISEvpoiFguKBKmkymYWg==",
         "size": 189025877
      },
      {
         "url": "anytype-0.55.4.x86_64.rpm",
         "sha512": "SmrdfZeSInIiRl2uzMLCDYYqz2N3gvzb4AlfD9RZnkGjKHg+N6VkdOD9p2rMGcT3cFISEvpoiFguKBKmkymYWg==",
         "size": 189025877
      },
      {
         "url": "anytype-0.55.4.x86_64.rpm",
         "sha512": "SmrdfZeSInIiRl2uzMLCDYYqz2N3gvzb4AlfD9RZnkGjKHg+N6VkdOD9p2rMGcT3cFISEvpoiFguKBKmkymYWg==",
         "size": 189025877
      }
   ],
   "path": "Anytype-0.55.4.AppImage",
   "sha512": "iVhg7x/IcehgFgoqn8NKBJ5Zlh1Ba0LCCfUSUA0vCgLClePi/Wa1B3K+g7FaPJ4caVLEApN+opsMXekenVAZBg==",
   "releaseDate": "2026-05-05T13:39:49.369Z"
}
[2026-05-27 14:24:34.315] [debug] checkForUpdatesAndNotify called, downloadPromise is null
[2026-05-27 14:34:34.137] [info]  Checking for update
[2026-05-27 14:34:34.138] [info]  Checking for update
[2026-05-27 14:34:34.428] [info]  Update for version 0.55.4 is not available (latest version: 0.55.4, downgrade is allowed).
[2026-05-27 14:34:34.429] [info]  Update not available: {
   "version": "0.55.4",
   "files": [
      {
         "url": "Anytype-0.55.4.AppImage",
         "sha512": "iVhg7x/IcehgFgoqn8NKBJ5Zlh1Ba0LCCfUSUA0vCgLClePi/Wa1B3K+g7FaPJ4caVLEApN+opsMXekenVAZBg==",
         "size": 255921020,
         "blockMapSize": 265104
      },
      {
         "url": "anytype_0.55.4_amd64.deb",
         "sha512": "h9AOC2BuEny0TIDmwtH3X2Z2If/U59v0urgHxEd1ttKDQnVHP3HbdrlSd6gRefM41tEvLs77AlGzVmnDQ2Lv2Q==",
         "size": 213511672
      },
      {
         "url": "anytype_0.55.4_amd64.deb",
         "sha512": "h9AOC2BuEny0TIDmwtH3X2Z2If/U59v0urgHxEd1ttKDQnVHP3HbdrlSd6gRefM41tEvLs77AlGzVmnDQ2Lv2Q==",
         "size": 213511672
      },
      {
         "url": "anytype_0.55.4_amd64.deb",
         "sha512": "h9AOC2BuEny0TIDmwtH3X2Z2If/U59v0urgHxEd1ttKDQnVHP3HbdrlSd6gRefM41tEvLs77AlGzVmnDQ2Lv2Q==",
         "size": 213511672
      },
      {
         "url": "anytype-0.55.4.x86_64.rpm",
         "sha512": "SmrdfZeSInIiRl2uzMLCDYYqz2N3gvzb4AlfD9RZnkGjKHg+N6VkdOD9p2rMGcT3cFISEvpoiFguKBKmkymYWg==",
         "size": 189025877
      },
      {
         "url": "anytype-0.55.4.x86_64.rpm",
         "sha512": "SmrdfZeSInIiRl2uzMLCDYYqz2N3gvzb4AlfD9RZnkGjKHg+N6VkdOD9p2rMGcT3cFISEvpoiFguKBKmkymYWg==",
         "size": 189025877
      },
      {
         "url": "anytype-0.55.4.x86_64.rpm",
         "sha512": "SmrdfZeSInIiRl2uzMLCDYYqz2N3gvzb4AlfD9RZnkGjKHg+N6VkdOD9p2rMGcT3cFISEvpoiFguKBKmkymYWg==",
         "size": 189025877
      }
   ],
   "path": "Anytype-0.55.4.AppImage",
   "sha512": "iVhg7x/IcehgFgoqn8NKBJ5Zlh1Ba0LCCfUSUA0vCgLClePi/Wa1B3K+g7FaPJ4caVLEApN+opsMXekenVAZBg==",
   "releaseDate": "2026-05-05T13:39:49.369Z"
}
[2026-05-27 14:34:34.430] [debug] checkForUpdatesAndNotify called, downloadPromise is null
[2026-05-27 14:44:34.162] [info]  Checking for update
[2026-05-27 14:44:34.162] [info]  Checking for update
[2026-05-27 14:44:34.444] [info]  Update for version 0.55.4 is not available (latest version: 0.55.4, downgrade is allowed).
[2026-05-27 14:44:34.445] [info]  Update not available: {
   "version": "0.55.4",
   "files": [
      {
         "url": "Anytype-0.55.4.AppImage",
         "sha512": "iVhg7x/IcehgFgoqn8NKBJ5Zlh1Ba0LCCfUSUA0vCgLClePi/Wa1B3K+g7FaPJ4caVLEApN+opsMXekenVAZBg==",
         "size": 255921020,
         "blockMapSize": 265104
      },
      {
         "url": "anytype_0.55.4_amd64.deb",
         "sha512": "h9AOC2BuEny0TIDmwtH3X2Z2If/U59v0urgHxEd1ttKDQnVHP3HbdrlSd6gRefM41tEvLs77AlGzVmnDQ2Lv2Q==",
         "size": 213511672
      },
      {
         "url": "anytype_0.55.4_amd64.deb",
         "sha512": "h9AOC2BuEny0TIDmwtH3X2Z2If/U59v0urgHxEd1ttKDQnVHP3HbdrlSd6gRefM41tEvLs77AlGzVmnDQ2Lv2Q==",
         "size": 213511672
      },
      {
         "url": "anytype_0.55.4_amd64.deb",
         "sha512": "h9AOC2BuEny0TIDmwtH3X2Z2If/U59v0urgHxEd1ttKDQnVHP3HbdrlSd6gRefM41tEvLs77AlGzVmnDQ2Lv2Q==",
         "size": 213511672
      },
      {
         "url": "anytype-0.55.4.x86_64.rpm",
         "sha512": "SmrdfZeSInIiRl2uzMLCDYYqz2N3gvzb4AlfD9RZnkGjKHg+N6VkdOD9p2rMGcT3cFISEvpoiFguKBKmkymYWg==",
         "size": 189025877
      },
      {
         "url": "anytype-0.55.4.x86_64.rpm",
         "sha512": "SmrdfZeSInIiRl2uzMLCDYYqz2N3gvzb4AlfD9RZnkGjKHg+N6VkdOD9p2rMGcT3cFISEvpoiFguKBKmkymYWg==",
         "size": 189025877
      },
      {
         "url": "anytype-0.55.4.x86_64.rpm",
         "sha512": "SmrdfZeSInIiRl2uzMLCDYYqz2N3gvzb4AlfD9RZnkGjKHg+N6VkdOD9p2rMGcT3cFISEvpoiFguKBKmkymYWg==",
         "size": 189025877
      }
   ],
   "path": "Anytype-0.55.4.AppImage",
   "sha512": "iVhg7x/IcehgFgoqn8NKBJ5Zlh1Ba0LCCfUSUA0vCgLClePi/Wa1B3K+g7FaPJ4caVLEApN+opsMXekenVAZBg==",
   "releaseDate": "2026-05-05T13:39:49.369Z"
}
[2026-05-27 14:44:34.445] [debug] checkForUpdatesAndNotify called, downloadPromise is null
[2026-05-27 14:54:34.208] [info]  Checking for update
[2026-05-27 14:54:34.209] [info]  Checking for update
[2026-05-27 14:54:34.484] [info]  Update for version 0.55.4 is not available (latest version: 0.55.4, downgrade is allowed).
[2026-05-27 14:54:34.485] [info]  Update not available: {
   "version": "0.55.4",
   "files": [
      {
         "url": "Anytype-0.55.4.AppImage",
         "sha512": "iVhg7x/IcehgFgoqn8NKBJ5Zlh1Ba0LCCfUSUA0vCgLClePi/Wa1B3K+g7FaPJ4caVLEApN+opsMXekenVAZBg==",
         "size": 255921020,
         "blockMapSize": 265104
      },
      {
         "url": "anytype_0.55.4_amd64.deb",
         "sha512": "h9AOC2BuEny0TIDmwtH3X2Z2If/U59v0urgHxEd1ttKDQnVHP3HbdrlSd6gRefM41tEvLs77AlGzVmnDQ2Lv2Q==",
         "size": 213511672
      },
      {
         "url": "anytype_0.55.4_amd64.deb",
         "sha512": "h9AOC2BuEny0TIDmwtH3X2Z2If/U59v0urgHxEd1ttKDQnVHP3HbdrlSd6gRefM41tEvLs77AlGzVmnDQ2Lv2Q==",
         "size": 213511672
      },
      {
         "url": "anytype_0.55.4_amd64.deb",
         "sha512": "h9AOC2BuEny0TIDmwtH3X2Z2If/U59v0urgHxEd1ttKDQnVHP3HbdrlSd6gRefM41tEvLs77AlGzVmnDQ2Lv2Q==",
         "size": 213511672
      },
      {
         "url": "anytype-0.55.4.x86_64.rpm",
         "sha512": "SmrdfZeSInIiRl2uzMLCDYYqz2N3gvzb4AlfD9RZnkGjKHg+N6VkdOD9p2rMGcT3cFISEvpoiFguKBKmkymYWg==",
         "size": 189025877
      },
      {
         "url": "anytype-0.55.4.x86_64.rpm",
         "sha512": "SmrdfZeSInIiRl2uzMLCDYYqz2N3gvzb4AlfD9RZnkGjKHg+N6VkdOD9p2rMGcT3cFISEvpoiFguKBKmkymYWg==",
         "size": 189025877
      },
      {
         "url": "anytype-0.55.4.x86_64.rpm",
         "sha512": "SmrdfZeSInIiRl2uzMLCDYYqz2N3gvzb4AlfD9RZnkGjKHg+N6VkdOD9p2rMGcT3cFISEvpoiFguKBKmkymYWg==",
         "size": 189025877
      }
   ],
   "path": "Anytype-0.55.4.AppImage",
   "sha512": "iVhg7x/IcehgFgoqn8NKBJ5Zlh1Ba0LCCfUSUA0vCgLClePi/Wa1B3K+g7FaPJ4caVLEApN+opsMXekenVAZBg==",
   "releaseDate": "2026-05-05T13:39:49.369Z"
}
[2026-05-27 14:54:34.485] [debug] checkForUpdatesAndNotify called, downloadPromise is null
[2026-05-27 15:04:34.259] [info]  Checking for update
[2026-05-27 15:04:34.260] [info]  Checking for update
[2026-05-27 15:04:34.531] [info]  Update for version 0.55.4 is not available (latest version: 0.55.4, downgrade is allowed).
[2026-05-27 15:04:34.531] [info]  Update not available: {
   "version": "0.55.4",
   "files": [
      {
         "url": "Anytype-0.55.4.AppImage",
         "sha512": "iVhg7x/IcehgFgoqn8NKBJ5Zlh1Ba0LCCfUSUA0vCgLClePi/Wa1B3K+g7FaPJ4caVLEApN+opsMXekenVAZBg==",
         "size": 255921020,
         "blockMapSize": 265104
      },
      {
         "url": "anytype_0.55.4_amd64.deb",
         "sha512": "h9AOC2BuEny0TIDmwtH3X2Z2If/U59v0urgHxEd1ttKDQnVHP3HbdrlSd6gRefM41tEvLs77AlGzVmnDQ2Lv2Q==",
         "size": 213511672
      },
      {
         "url": "anytype_0.55.4_amd64.deb",
         "sha512": "h9AOC2BuEny0TIDmwtH3X2Z2If/U59v0urgHxEd1ttKDQnVHP3HbdrlSd6gRefM41tEvLs77AlGzVmnDQ2Lv2Q==",
         "size": 213511672
      },
      {
         "url": "anytype_0.55.4_amd64.deb",
         "sha512": "h9AOC2BuEny0TIDmwtH3X2Z2If/U59v0urgHxEd1ttKDQnVHP3HbdrlSd6gRefM41tEvLs77AlGzVmnDQ2Lv2Q==",
         "size": 213511672
      },
      {
         "url": "anytype-0.55.4.x86_64.rpm",
         "sha512": "SmrdfZeSInIiRl2uzMLCDYYqz2N3gvzb4AlfD9RZnkGjKHg+N6VkdOD9p2rMGcT3cFISEvpoiFguKBKmkymYWg==",
         "size": 189025877
      },
      {
         "url": "anytype-0.55.4.x86_64.rpm",
         "sha512": "SmrdfZeSInIiRl2uzMLCDYYqz2N3gvzb4AlfD9RZnkGjKHg+N6VkdOD9p2rMGcT3cFISEvpoiFguKBKmkymYWg==",
         "size": 189025877
      },
      {
         "url": "anytype-0.55.4.x86_64.rpm",
         "sha512": "SmrdfZeSInIiRl2uzMLCDYYqz2N3gvzb4AlfD9RZnkGjKHg+N6VkdOD9p2rMGcT3cFISEvpoiFguKBKmkymYWg==",
         "size": 189025877
      }
   ],
   "path": "Anytype-0.55.4.AppImage",
   "sha512": "iVhg7x/IcehgFgoqn8NKBJ5Zlh1Ba0LCCfUSUA0vCgLClePi/Wa1B3K+g7FaPJ4caVLEApN+opsMXekenVAZBg==",
   "releaseDate": "2026-05-05T13:39:49.369Z"
}
[2026-05-27 15:04:34.532] [debug] checkForUpdatesAndNotify called, downloadPromise is null
[2026-05-27 15:14:34.271] [info]  Checking for update
[2026-05-27 15:14:34.272] [info]  Checking for update
[2026-05-27 15:14:34.559] [info]  Update for version 0.55.4 is not available (latest version: 0.55.4, downgrade is allowed).
[2026-05-27 15:14:34.559] [info]  Update not available: {
   "version": "0.55.4",
   "files": [
      {
         "url": "Anytype-0.55.4.AppImage",
         "sha512": "iVhg7x/IcehgFgoqn8NKBJ5Zlh1Ba0LCCfUSUA0vCgLClePi/Wa1B3K+g7FaPJ4caVLEApN+opsMXekenVAZBg==",
         "size": 255921020,
         "blockMapSize": 265104
      },
      {
         "url": "anytype_0.55.4_amd64.deb",
         "sha512": "h9AOC2BuEny0TIDmwtH3X2Z2If/U59v0urgHxEd1ttKDQnVHP3HbdrlSd6gRefM41tEvLs77AlGzVmnDQ2Lv2Q==",
         "size": 213511672
      },
      {
         "url": "anytype_0.55.4_amd64.deb",
         "sha512": "h9AOC2BuEny0TIDmwtH3X2Z2If/U59v0urgHxEd1ttKDQnVHP3HbdrlSd6gRefM41tEvLs77AlGzVmnDQ2Lv2Q==",
         "size": 213511672
      },
      {
         "url": "anytype_0.55.4_amd64.deb",
         "sha512": "h9AOC2BuEny0TIDmwtH3X2Z2If/U59v0urgHxEd1ttKDQnVHP3HbdrlSd6gRefM41tEvLs77AlGzVmnDQ2Lv2Q==",
         "size": 213511672
      },
      {
         "url": "anytype-0.55.4.x86_64.rpm",
         "sha512": "SmrdfZeSInIiRl2uzMLCDYYqz2N3gvzb4AlfD9RZnkGjKHg+N6VkdOD9p2rMGcT3cFISEvpoiFguKBKmkymYWg==",
         "size": 189025877
      },
      {
         "url": "anytype-0.55.4.x86_64.rpm",
         "sha512": "SmrdfZeSInIiRl2uzMLCDYYqz2N3gvzb4AlfD9RZnkGjKHg+N6VkdOD9p2rMGcT3cFISEvpoiFguKBKmkymYWg==",
         "size": 189025877
      },
      {
         "url": "anytype-0.55.4.x86_64.rpm",
         "sha512": "SmrdfZeSInIiRl2uzMLCDYYqz2N3gvzb4AlfD9RZnkGjKHg+N6VkdOD9p2rMGcT3cFISEvpoiFguKBKmkymYWg==",
         "size": 189025877
      }
   ],
   "path": "Anytype-0.55.4.AppImage",
   "sha512": "iVhg7x/IcehgFgoqn8NKBJ5Zlh1Ba0LCCfUSUA0vCgLClePi/Wa1B3K+g7FaPJ4caVLEApN+opsMXekenVAZBg==",
   "releaseDate": "2026-05-05T13:39:49.369Z"
}
[2026-05-27 15:14:34.559] [debug] checkForUpdatesAndNotify called, downloadPromise is null
[2026-05-27 15:24:34.283] [info]  Checking for update
[2026-05-27 15:24:34.284] [info]  Checking for update
[2026-05-27 15:24:34.567] [info]  Update for version 0.55.4 is not available (latest version: 0.55.4, downgrade is allowed).
[2026-05-27 15:24:34.567] [info]  Update not available: {
   "version": "0.55.4",
   "files": [
      {
         "url": "Anytype-0.55.4.AppImage",
         "sha512": "iVhg7x/IcehgFgoqn8NKBJ5Zlh1Ba0LCCfUSUA0vCgLClePi/Wa1B3K+g7FaPJ4caVLEApN+opsMXekenVAZBg==",
         "size": 255921020,
         "blockMapSize": 265104
      },
      {
         "url": "anytype_0.55.4_amd64.deb",
         "sha512": "h9AOC2BuEny0TIDmwtH3X2Z2If/U59v0urgHxEd1ttKDQnVHP3HbdrlSd6gRefM41tEvLs77AlGzVmnDQ2Lv2Q==",
         "size": 213511672
      },
      {
         "url": "anytype_0.55.4_amd64.deb",
         "sha512": "h9AOC2BuEny0TIDmwtH3X2Z2If/U59v0urgHxEd1ttKDQnVHP3HbdrlSd6gRefM41tEvLs77AlGzVmnDQ2Lv2Q==",
         "size": 213511672
      },
      {
         "url": "anytype_0.55.4_amd64.deb",
         "sha512": "h9AOC2BuEny0TIDmwtH3X2Z2If/U59v0urgHxEd1ttKDQnVHP3HbdrlSd6gRefM41tEvLs77AlGzVmnDQ2Lv2Q==",
         "size": 213511672
      },
      {
         "url": "anytype-0.55.4.x86_64.rpm",
         "sha512": "SmrdfZeSInIiRl2uzMLCDYYqz2N3gvzb4AlfD9RZnkGjKHg+N6VkdOD9p2rMGcT3cFISEvpoiFguKBKmkymYWg==",
         "size": 189025877
      },
      {
         "url": "anytype-0.55.4.x86_64.rpm",
         "sha512": "SmrdfZeSInIiRl2uzMLCDYYqz2N3gvzb4AlfD9RZnkGjKHg+N6VkdOD9p2rMGcT3cFISEvpoiFguKBKmkymYWg==",
         "size": 189025877
      },
      {
         "url": "anytype-0.55.4.x86_64.rpm",
         "sha512": "SmrdfZeSInIiRl2uzMLCDYYqz2N3gvzb4AlfD9RZnkGjKHg+N6VkdOD9p2rMGcT3cFISEvpoiFguKBKmkymYWg==",
         "size": 189025877
      }
   ],
   "path": "Anytype-0.55.4.AppImage",
   "sha512": "iVhg7x/IcehgFgoqn8NKBJ5Zlh1Ba0LCCfUSUA0vCgLClePi/Wa1B3K+g7FaPJ4caVLEApN+opsMXekenVAZBg==",
   "releaseDate": "2026-05-05T13:39:49.369Z"
}
[2026-05-27 15:24:34.568] [debug] checkForUpdatesAndNotify called, downloadPromise is null
[2026-05-27 15:34:34.304] [info]  Checking for update
[2026-05-27 15:34:34.304] [info]  Checking for update
[2026-05-27 15:34:34.581] [info]  Update for version 0.55.4 is not available (latest version: 0.55.4, downgrade is allowed).
[2026-05-27 15:34:34.581] [info]  Update not available: {
   "version": "0.55.4",
   "files": [
      {
         "url": "Anytype-0.55.4.AppImage",
         "sha512": "iVhg7x/IcehgFgoqn8NKBJ5Zlh1Ba0LCCfUSUA0vCgLClePi/Wa1B3K+g7FaPJ4caVLEApN+opsMXekenVAZBg==",
         "size": 255921020,
         "blockMapSize": 265104
      },
      {
         "url": "anytype_0.55.4_amd64.deb",
         "sha512": "h9AOC2BuEny0TIDmwtH3X2Z2If/U59v0urgHxEd1ttKDQnVHP3HbdrlSd6gRefM41tEvLs77AlGzVmnDQ2Lv2Q==",
         "size": 213511672
      },
      {
         "url": "anytype_0.55.4_amd64.deb",
         "sha512": "h9AOC2BuEny0TIDmwtH3X2Z2If/U59v0urgHxEd1ttKDQnVHP3HbdrlSd6gRefM41tEvLs77AlGzVmnDQ2Lv2Q==",
         "size": 213511672
      },
      {
         "url": "anytype_0.55.4_amd64.deb",
         "sha512": "h9AOC2BuEny0TIDmwtH3X2Z2If/U59v0urgHxEd1ttKDQnVHP3HbdrlSd6gRefM41tEvLs77AlGzVmnDQ2Lv2Q==",
         "size": 213511672
      },
      {
         "url": "anytype-0.55.4.x86_64.rpm",
         "sha512": "SmrdfZeSInIiRl2uzMLCDYYqz2N3gvzb4AlfD9RZnkGjKHg+N6VkdOD9p2rMGcT3cFISEvpoiFguKBKmkymYWg==",
         "size": 189025877
      },
      {
         "url": "anytype-0.55.4.x86_64.rpm",
         "sha512": "SmrdfZeSInIiRl2uzMLCDYYqz2N3gvzb4AlfD9RZnkGjKHg+N6VkdOD9p2rMGcT3cFISEvpoiFguKBKmkymYWg==",
         "size": 189025877
      },
      {
         "url": "anytype-0.55.4.x86_64.rpm",
         "sha512": "SmrdfZeSInIiRl2uzMLCDYYqz2N3gvzb4AlfD9RZnkGjKHg+N6VkdOD9p2rMGcT3cFISEvpoiFguKBKmkymYWg==",
         "size": 189025877
      }
   ],
   "path": "Anytype-0.55.4.AppImage",
   "sha512": "iVhg7x/IcehgFgoqn8NKBJ5Zlh1Ba0LCCfUSUA0vCgLClePi/Wa1B3K+g7FaPJ4caVLEApN+opsMXekenVAZBg==",
   "releaseDate": "2026-05-05T13:39:49.369Z"
}
[2026-05-27 15:34:34.582] [debug] checkForUpdatesAndNotify called, downloadPromise is null
[2026-05-27 15:44:34.385] [info]  Checking for update
[2026-05-27 15:44:34.386] [info]  Checking for update
[2026-05-27 15:44:34.685] [info]  Update for version 0.55.4 is not available (latest version: 0.55.4, downgrade is allowed).
[2026-05-27 15:44:34.685] [info]  Update not available: {
   "version": "0.55.4",
   "files": [
      {
         "url": "Anytype-0.55.4.AppImage",
         "sha512": "iVhg7x/IcehgFgoqn8NKBJ5Zlh1Ba0LCCfUSUA0vCgLClePi/Wa1B3K+g7FaPJ4caVLEApN+opsMXekenVAZBg==",
         "size": 255921020,
         "blockMapSize": 265104
      },
      {
         "url": "anytype_0.55.4_amd64.deb",
         "sha512": "h9AOC2BuEny0TIDmwtH3X2Z2If/U59v0urgHxEd1ttKDQnVHP3HbdrlSd6gRefM41tEvLs77AlGzVmnDQ2Lv2Q==",
         "size": 213511672
      },
      {
         "url": "anytype_0.55.4_amd64.deb",
         "sha512": "h9AOC2BuEny0TIDmwtH3X2Z2If/U59v0urgHxEd1ttKDQnVHP3HbdrlSd6gRefM41tEvLs77AlGzVmnDQ2Lv2Q==",
         "size": 213511672
      },
      {
         "url": "anytype_0.55.4_amd64.deb",
         "sha512": "h9AOC2BuEny0TIDmwtH3X2Z2If/U59v0urgHxEd1ttKDQnVHP3HbdrlSd6gRefM41tEvLs77AlGzVmnDQ2Lv2Q==",
         "size": 213511672
      },
      {
         "url": "anytype-0.55.4.x86_64.rpm",
         "sha512": "SmrdfZeSInIiRl2uzMLCDYYqz2N3gvzb4AlfD9RZnkGjKHg+N6VkdOD9p2rMGcT3cFISEvpoiFguKBKmkymYWg==",
         "size": 189025877
      },
      {
         "url": "anytype-0.55.4.x86_64.rpm",
         "sha512": "SmrdfZeSInIiRl2uzMLCDYYqz2N3gvzb4AlfD9RZnkGjKHg+N6VkdOD9p2rMGcT3cFISEvpoiFguKBKmkymYWg==",
         "size": 189025877
      },
      {
         "url": "anytype-0.55.4.x86_64.rpm",
         "sha512": "SmrdfZeSInIiRl2uzMLCDYYqz2N3gvzb4AlfD9RZnkGjKHg+N6VkdOD9p2rMGcT3cFISEvpoiFguKBKmkymYWg==",
         "size": 189025877
      }
   ],
   "path": "Anytype-0.55.4.AppImage",
   "sha512": "iVhg7x/IcehgFgoqn8NKBJ5Zlh1Ba0LCCfUSUA0vCgLClePi/Wa1B3K+g7FaPJ4caVLEApN+opsMXekenVAZBg==",
   "releaseDate": "2026-05-05T13:39:49.369Z"
}
[2026-05-27 15:44:34.686] [debug] checkForUpdatesAndNotify called, downloadPromise is null
[2026-05-27 15:54:34.486] [info]  Checking for update
[2026-05-27 15:54:34.487] [info]  Checking for update
[2026-05-27 15:54:34.766] [info]  Update for version 0.55.4 is not available (latest version: 0.55.4, downgrade is allowed).
[2026-05-27 15:54:34.767] [info]  Update not available: {
   "version": "0.55.4",
   "files": [
      {
         "url": "Anytype-0.55.4.AppImage",
         "sha512": "iVhg7x/IcehgFgoqn8NKBJ5Zlh1Ba0LCCfUSUA0vCgLClePi/Wa1B3K+g7FaPJ4caVLEApN+opsMXekenVAZBg==",
         "size": 255921020,
         "blockMapSize": 265104
      },
      {
         "url": "anytype_0.55.4_amd64.deb",
         "sha512": "h9AOC2BuEny0TIDmwtH3X2Z2If/U59v0urgHxEd1ttKDQnVHP3HbdrlSd6gRefM41tEvLs77AlGzVmnDQ2Lv2Q==",
         "size": 213511672
      },
      {
         "url": "anytype_0.55.4_amd64.deb",
         "sha512": "h9AOC2BuEny0TIDmwtH3X2Z2If/U59v0urgHxEd1ttKDQnVHP3HbdrlSd6gRefM41tEvLs77AlGzVmnDQ2Lv2Q==",
         "size": 213511672
      },
      {
         "url": "anytype_0.55.4_amd64.deb",
         "sha512": "h9AOC2BuEny0TIDmwtH3X2Z2If/U59v0urgHxEd1ttKDQnVHP3HbdrlSd6gRefM41tEvLs77AlGzVmnDQ2Lv2Q==",
         "size": 213511672
      },
      {
         "url": "anytype-0.55.4.x86_64.rpm",
         "sha512": "SmrdfZeSInIiRl2uzMLCDYYqz2N3gvzb4AlfD9RZnkGjKHg+N6VkdOD9p2rMGcT3cFISEvpoiFguKBKmkymYWg==",
         "size": 189025877
      },
      {
         "url": "anytype-0.55.4.x86_64.rpm",
         "sha512": "SmrdfZeSInIiRl2uzMLCDYYqz2N3gvzb4AlfD9RZnkGjKHg+N6VkdOD9p2rMGcT3cFISEvpoiFguKBKmkymYWg==",
         "size": 189025877
      },
      {
         "url": "anytype-0.55.4.x86_64.rpm",
         "sha512": "SmrdfZeSInIiRl2uzMLCDYYqz2N3gvzb4AlfD9RZnkGjKHg+N6VkdOD9p2rMGcT3cFISEvpoiFguKBKmkymYWg==",
         "size": 189025877
      }
   ],
   "path": "Anytype-0.55.4.AppImage",
   "sha512": "iVhg7x/IcehgFgoqn8NKBJ5Zlh1Ba0LCCfUSUA0vCgLClePi/Wa1B3K+g7FaPJ4caVLEApN+opsMXekenVAZBg==",
   "releaseDate": "2026-05-05T13:39:49.369Z"
}
[2026-05-27 15:54:34.767] [debug] checkForUpdatesAndNotify called, downloadPromise is null
[2026-05-27 16:04:34.588] [info]  Checking for update
[2026-05-27 16:04:34.588] [info]  Checking for update
[2026-05-27 16:04:34.902] [info]  Update for version 0.55.4 is not available (latest version: 0.55.4, downgrade is allowed).
[2026-05-27 16:04:34.902] [info]  Update not available: {
   "version": "0.55.4",
   "files": [
      {
         "url": "Anytype-0.55.4.AppImage",
         "sha512": "iVhg7x/IcehgFgoqn8NKBJ5Zlh1Ba0LCCfUSUA0vCgLClePi/Wa1B3K+g7FaPJ4caVLEApN+opsMXekenVAZBg==",
         "size": 255921020,
         "blockMapSize": 265104
      },
      {
         "url": "anytype_0.55.4_amd64.deb",
         "sha512": "h9AOC2BuEny0TIDmwtH3X2Z2If/U59v0urgHxEd1ttKDQnVHP3HbdrlSd6gRefM41tEvLs77AlGzVmnDQ2Lv2Q==",
         "size": 213511672
      },
      {
         "url": "anytype_0.55.4_amd64.deb",
         "sha512": "h9AOC2BuEny0TIDmwtH3X2Z2If/U59v0urgHxEd1ttKDQnVHP3HbdrlSd6gRefM41tEvLs77AlGzVmnDQ2Lv2Q==",
         "size": 213511672
      },
      {
         "url": "anytype_0.55.4_amd64.deb",
         "sha512": "h9AOC2BuEny0TIDmwtH3X2Z2If/U59v0urgHxEd1ttKDQnVHP3HbdrlSd6gRefM41tEvLs77AlGzVmnDQ2Lv2Q==",
         "size": 213511672
      },
      {
         "url": "anytype-0.55.4.x86_64.rpm",
         "sha512": "SmrdfZeSInIiRl2uzMLCDYYqz2N3gvzb4AlfD9RZnkGjKHg+N6VkdOD9p2rMGcT3cFISEvpoiFguKBKmkymYWg==",
         "size": 189025877
      },
      {
         "url": "anytype-0.55.4.x86_64.rpm",
         "sha512": "SmrdfZeSInIiRl2uzMLCDYYqz2N3gvzb4AlfD9RZnkGjKHg+N6VkdOD9p2rMGcT3cFISEvpoiFguKBKmkymYWg==",
         "size": 189025877
      },
      {
         "url": "anytype-0.55.4.x86_64.rpm",
         "sha512": "SmrdfZeSInIiRl2uzMLCDYYqz2N3gvzb4AlfD9RZnkGjKHg+N6VkdOD9p2rMGcT3cFISEvpoiFguKBKmkymYWg==",
         "size": 189025877
      }
   ],
   "path": "Anytype-0.55.4.AppImage",
   "sha512": "iVhg7x/IcehgFgoqn8NKBJ5Zlh1Ba0LCCfUSUA0vCgLClePi/Wa1B3K+g7FaPJ4caVLEApN+opsMXekenVAZBg==",
   "releaseDate": "2026-05-05T13:39:49.369Z"
}
[2026-05-27 16:04:34.903] [debug] checkForUpdatesAndNotify called, downloadPromise is null
[2026-05-27 16:14:34.637] [info]  Checking for update
[2026-05-27 16:14:34.637] [info]  Checking for update
[2026-05-27 16:14:34.922] [info]  Update for version 0.55.4 is not available (latest version: 0.55.4, downgrade is allowed).
[2026-05-27 16:14:34.923] [info]  Update not available: {
   "version": "0.55.4",
   "files": [
      {
         "url": "Anytype-0.55.4.AppImage",
         "sha512": "iVhg7x/IcehgFgoqn8NKBJ5Zlh1Ba0LCCfUSUA0vCgLClePi/Wa1B3K+g7FaPJ4caVLEApN+opsMXekenVAZBg==",
         "size": 255921020,
         "blockMapSize": 265104
      },
      {
         "url": "anytype_0.55.4_amd64.deb",
         "sha512": "h9AOC2BuEny0TIDmwtH3X2Z2If/U59v0urgHxEd1ttKDQnVHP3HbdrlSd6gRefM41tEvLs77AlGzVmnDQ2Lv2Q==",
         "size": 213511672
      },
      {
         "url": "anytype_0.55.4_amd64.deb",
         "sha512": "h9AOC2BuEny0TIDmwtH3X2Z2If/U59v0urgHxEd1ttKDQnVHP3HbdrlSd6gRefM41tEvLs77AlGzVmnDQ2Lv2Q==",
         "size": 213511672
      },
      {
         "url": "anytype_0.55.4_amd64.deb",
         "sha512": "h9AOC2BuEny0TIDmwtH3X2Z2If/U59v0urgHxEd1ttKDQnVHP3HbdrlSd6gRefM41tEvLs77AlGzVmnDQ2Lv2Q==",
         "size": 213511672
      },
      {
         "url": "anytype-0.55.4.x86_64.rpm",
         "sha512": "SmrdfZeSInIiRl2uzMLCDYYqz2N3gvzb4AlfD9RZnkGjKHg+N6VkdOD9p2rMGcT3cFISEvpoiFguKBKmkymYWg==",
         "size": 189025877
      },
      {
         "url": "anytype-0.55.4.x86_64.rpm",
         "sha512": "SmrdfZeSInIiRl2uzMLCDYYqz2N3gvzb4AlfD9RZnkGjKHg+N6VkdOD9p2rMGcT3cFISEvpoiFguKBKmkymYWg==",
         "size": 189025877
      },
      {
         "url": "anytype-0.55.4.x86_64.rpm",
         "sha512": "SmrdfZeSInIiRl2uzMLCDYYqz2N3gvzb4AlfD9RZnkGjKHg+N6VkdOD9p2rMGcT3cFISEvpoiFguKBKmkymYWg==",
         "size": 189025877
      }
   ],
   "path": "Anytype-0.55.4.AppImage",
   "sha512": "iVhg7x/IcehgFgoqn8NKBJ5Zlh1Ba0LCCfUSUA0vCgLClePi/Wa1B3K+g7FaPJ4caVLEApN+opsMXekenVAZBg==",
   "releaseDate": "2026-05-05T13:39:49.369Z"
}
[2026-05-27 16:14:34.923] [debug] checkForUpdatesAndNotify called, downloadPromise is null
[2026-05-27 16:24:34.710] [info]  Checking for update
[2026-05-27 16:24:34.710] [info]  Checking for update
[2026-05-27 16:24:35.015] [info]  Update for version 0.55.4 is not available (latest version: 0.55.4, downgrade is allowed).
[2026-05-27 16:24:35.015] [info]  Update not available: {
   "version": "0.55.4",
   "files": [
      {
         "url": "Anytype-0.55.4.AppImage",
         "sha512": "iVhg7x/IcehgFgoqn8NKBJ5Zlh1Ba0LCCfUSUA0vCgLClePi/Wa1B3K+g7FaPJ4caVLEApN+opsMXekenVAZBg==",
         "size": 255921020,
         "blockMapSize": 265104
      },
      {
         "url": "anytype_0.55.4_amd64.deb",
         "sha512": "h9AOC2BuEny0TIDmwtH3X2Z2If/U59v0urgHxEd1ttKDQnVHP3HbdrlSd6gRefM41tEvLs77AlGzVmnDQ2Lv2Q==",
         "size": 213511672
      },
      {
         "url": "anytype_0.55.4_amd64.deb",
         "sha512": "h9AOC2BuEny0TIDmwtH3X2Z2If/U59v0urgHxEd1ttKDQnVHP3HbdrlSd6gRefM41tEvLs77AlGzVmnDQ2Lv2Q==",
         "size": 213511672
      },
      {
         "url": "anytype_0.55.4_amd64.deb",
         "sha512": "h9AOC2BuEny0TIDmwtH3X2Z2If/U59v0urgHxEd1ttKDQnVHP3HbdrlSd6gRefM41tEvLs77AlGzVmnDQ2Lv2Q==",
         "size": 213511672
      },
      {
         "url": "anytype-0.55.4.x86_64.rpm",
         "sha512": "SmrdfZeSInIiRl2uzMLCDYYqz2N3gvzb4AlfD9RZnkGjKHg+N6VkdOD9p2rMGcT3cFISEvpoiFguKBKmkymYWg==",
         "size": 189025877
      },
      {
         "url": "anytype-0.55.4.x86_64.rpm",
         "sha512": "SmrdfZeSInIiRl2uzMLCDYYqz2N3gvzb4AlfD9RZnkGjKHg+N6VkdOD9p2rMGcT3cFISEvpoiFguKBKmkymYWg==",
         "size": 189025877
      },
      {
         "url": "anytype-0.55.4.x86_64.rpm",
         "sha512": "SmrdfZeSInIiRl2uzMLCDYYqz2N3gvzb4AlfD9RZnkGjKHg+N6VkdOD9p2rMGcT3cFISEvpoiFguKBKmkymYWg==",
         "size": 189025877
      }
   ],
   "path": "Anytype-0.55.4.AppImage",
   "sha512": "iVhg7x/IcehgFgoqn8NKBJ5Zlh1Ba0LCCfUSUA0vCgLClePi/Wa1B3K+g7FaPJ4caVLEApN+opsMXekenVAZBg==",
   "releaseDate": "2026-05-05T13:39:49.369Z"
}
[2026-05-27 16:24:35.016] [debug] checkForUpdatesAndNotify called, downloadPromise is null
[2026-05-27 16:34:34.740] [info]  Checking for update
[2026-05-27 16:34:34.740] [info]  Checking for update
[2026-05-27 16:34:35.014] [info]  Update for version 0.55.4 is not available (latest version: 0.55.4, downgrade is allowed).
[2026-05-27 16:34:35.015] [info]  Update not available: {
   "version": "0.55.4",
   "files": [
      {
         "url": "Anytype-0.55.4.AppImage",
         "sha512": "iVhg7x/IcehgFgoqn8NKBJ5Zlh1Ba0LCCfUSUA0vCgLClePi/Wa1B3K+g7FaPJ4caVLEApN+opsMXekenVAZBg==",
         "size": 255921020,
         "blockMapSize": 265104
      },
      {
         "url": "anytype_0.55.4_amd64.deb",
         "sha512": "h9AOC2BuEny0TIDmwtH3X2Z2If/U59v0urgHxEd1ttKDQnVHP3HbdrlSd6gRefM41tEvLs77AlGzVmnDQ2Lv2Q==",
         "size": 213511672
      },
      {
         "url": "anytype_0.55.4_amd64.deb",
         "sha512": "h9AOC2BuEny0TIDmwtH3X2Z2If/U59v0urgHxEd1ttKDQnVHP3HbdrlSd6gRefM41tEvLs77AlGzVmnDQ2Lv2Q==",
         "size": 213511672
      },
      {
         "url": "anytype_0.55.4_amd64.deb",
         "sha512": "h9AOC2BuEny0TIDmwtH3X2Z2If/U59v0urgHxEd1ttKDQnVHP3HbdrlSd6gRefM41tEvLs77AlGzVmnDQ2Lv2Q==",
         "size": 213511672
      },
      {
         "url": "anytype-0.55.4.x86_64.rpm",
         "sha512": "SmrdfZeSInIiRl2uzMLCDYYqz2N3gvzb4AlfD9RZnkGjKHg+N6VkdOD9p2rMGcT3cFISEvpoiFguKBKmkymYWg==",
         "size": 189025877
      },
      {
         "url": "anytype-0.55.4.x86_64.rpm",
         "sha512": "SmrdfZeSInIiRl2uzMLCDYYqz2N3gvzb4AlfD9RZnkGjKHg+N6VkdOD9p2rMGcT3cFISEvpoiFguKBKmkymYWg==",
         "size": 189025877
      },
      {
         "url": "anytype-0.55.4.x86_64.rpm",
         "sha512": "SmrdfZeSInIiRl2uzMLCDYYqz2N3gvzb4AlfD9RZnkGjKHg+N6VkdOD9p2rMGcT3cFISEvpoiFguKBKmkymYWg==",
         "size": 189025877
      }
   ],
   "path": "Anytype-0.55.4.AppImage",
   "sha512": "iVhg7x/IcehgFgoqn8NKBJ5Zlh1Ba0LCCfUSUA0vCgLClePi/Wa1B3K+g7FaPJ4caVLEApN+opsMXekenVAZBg==",
   "releaseDate": "2026-05-05T13:39:49.369Z"
}
[2026-05-27 16:34:35.015] [debug] checkForUpdatesAndNotify called, downloadPromise is null
[2026-05-27 16:44:34.752] [info]  Checking for update
[2026-05-27 16:44:34.752] [info]  Checking for update
[2026-05-27 16:44:35.019] [info]  Update for version 0.55.4 is not available (latest version: 0.55.4, downgrade is allowed).
[2026-05-27 16:44:35.019] [info]  Update not available: {
   "version": "0.55.4",
   "files": [
      {
         "url": "Anytype-0.55.4.AppImage",
         "sha512": "iVhg7x/IcehgFgoqn8NKBJ5Zlh1Ba0LCCfUSUA0vCgLClePi/Wa1B3K+g7FaPJ4caVLEApN+opsMXekenVAZBg==",
         "size": 255921020,
         "blockMapSize": 265104
      },
      {
         "url": "anytype_0.55.4_amd64.deb",
         "sha512": "h9AOC2BuEny0TIDmwtH3X2Z2If/U59v0urgHxEd1ttKDQnVHP3HbdrlSd6gRefM41tEvLs77AlGzVmnDQ2Lv2Q==",
         "size": 213511672
      },
      {
         "url": "anytype_0.55.4_amd64.deb",
         "sha512": "h9AOC2BuEny0TIDmwtH3X2Z2If/U59v0urgHxEd1ttKDQnVHP3HbdrlSd6gRefM41tEvLs77AlGzVmnDQ2Lv2Q==",
         "size": 213511672
      },
      {
         "url": "anytype_0.55.4_amd64.deb",
         "sha512": "h9AOC2BuEny0TIDmwtH3X2Z2If/U59v0urgHxEd1ttKDQnVHP3HbdrlSd6gRefM41tEvLs77AlGzVmnDQ2Lv2Q==",
         "size": 213511672
      },
      {
         "url": "anytype-0.55.4.x86_64.rpm",
         "sha512": "SmrdfZeSInIiRl2uzMLCDYYqz2N3gvzb4AlfD9RZnkGjKHg+N6VkdOD9p2rMGcT3cFISEvpoiFguKBKmkymYWg==",
         "size": 189025877
      },
      {
         "url": "anytype-0.55.4.x86_64.rpm",
         "sha512": "SmrdfZeSInIiRl2uzMLCDYYqz2N3gvzb4AlfD9RZnkGjKHg+N6VkdOD9p2rMGcT3cFISEvpoiFguKBKmkymYWg==",
         "size": 189025877
      },
      {
         "url": "anytype-0.55.4.x86_64.rpm",
         "sha512": "SmrdfZeSInIiRl2uzMLCDYYqz2N3gvzb4AlfD9RZnkGjKHg+N6VkdOD9p2rMGcT3cFISEvpoiFguKBKmkymYWg==",
         "size": 189025877
      }
   ],
   "path": "Anytype-0.55.4.AppImage",
   "sha512": "iVhg7x/IcehgFgoqn8NKBJ5Zlh1Ba0LCCfUSUA0vCgLClePi/Wa1B3K+g7FaPJ4caVLEApN+opsMXekenVAZBg==",
   "releaseDate": "2026-05-05T13:39:49.369Z"
}
[2026-05-27 16:44:35.020] [debug] checkForUpdatesAndNotify called, downloadPromise is null
[2026-05-27 16:54:34.826] [info]  Checking for update
[2026-05-27 16:54:34.827] [info]  Checking for update
[2026-05-27 16:54:35.123] [info]  Update for version 0.55.4 is not available (latest version: 0.55.4, downgrade is allowed).
[2026-05-27 16:54:35.123] [info]  Update not available: {
   "version": "0.55.4",
   "files": [
      {
         "url": "Anytype-0.55.4.AppImage",
         "sha512": "iVhg7x/IcehgFgoqn8NKBJ5Zlh1Ba0LCCfUSUA0vCgLClePi/Wa1B3K+g7FaPJ4caVLEApN+opsMXekenVAZBg==",
         "size": 255921020,
         "blockMapSize": 265104
      },
      {
         "url": "anytype_0.55.4_amd64.deb",
         "sha512": "h9AOC2BuEny0TIDmwtH3X2Z2If/U59v0urgHxEd1ttKDQnVHP3HbdrlSd6gRefM41tEvLs77AlGzVmnDQ2Lv2Q==",
         "size": 213511672
      },
      {
         "url": "anytype_0.55.4_amd64.deb",
         "sha512": "h9AOC2BuEny0TIDmwtH3X2Z2If/U59v0urgHxEd1ttKDQnVHP3HbdrlSd6gRefM41tEvLs77AlGzVmnDQ2Lv2Q==",
         "size": 213511672
      },
      {
         "url": "anytype_0.55.4_amd64.deb",
         "sha512": "h9AOC2BuEny0TIDmwtH3X2Z2If/U59v0urgHxEd1ttKDQnVHP3HbdrlSd6gRefM41tEvLs77AlGzVmnDQ2Lv2Q==",
         "size": 213511672
      },
      {
         "url": "anytype-0.55.4.x86_64.rpm",
         "sha512": "SmrdfZeSInIiRl2uzMLCDYYqz2N3gvzb4AlfD9RZnkGjKHg+N6VkdOD9p2rMGcT3cFISEvpoiFguKBKmkymYWg==",
         "size": 189025877
      },
      {
         "url": "anytype-0.55.4.x86_64.rpm",
         "sha512": "SmrdfZeSInIiRl2uzMLCDYYqz2N3gvzb4AlfD9RZnkGjKHg+N6VkdOD9p2rMGcT3cFISEvpoiFguKBKmkymYWg==",
         "size": 189025877
      },
      {
         "url": "anytype-0.55.4.x86_64.rpm",
         "sha512": "SmrdfZeSInIiRl2uzMLCDYYqz2N3gvzb4AlfD9RZnkGjKHg+N6VkdOD9p2rMGcT3cFISEvpoiFguKBKmkymYWg==",
         "size": 189025877
      }
   ],
   "path": "Anytype-0.55.4.AppImage",
   "sha512": "iVhg7x/IcehgFgoqn8NKBJ5Zlh1Ba0LCCfUSUA0vCgLClePi/Wa1B3K+g7FaPJ4caVLEApN+opsMXekenVAZBg==",
   "releaseDate": "2026-05-05T13:39:49.369Z"
}
[2026-05-27 16:54:35.124] [debug] checkForUpdatesAndNotify called, downloadPromise is null
[2026-05-27 17:04:34.928] [info]  Checking for update
[2026-05-27 17:04:34.928] [info]  Checking for update
[2026-05-27 17:04:35.201] [info]  Update for version 0.55.4 is not available (latest version: 0.55.4, downgrade is allowed).
[2026-05-27 17:04:35.201] [info]  Update not available: {
   "version": "0.55.4",
   "files": [
      {
         "url": "Anytype-0.55.4.AppImage",
         "sha512": "iVhg7x/IcehgFgoqn8NKBJ5Zlh1Ba0LCCfUSUA0vCgLClePi/Wa1B3K+g7FaPJ4caVLEApN+opsMXekenVAZBg==",
         "size": 255921020,
         "blockMapSize": 265104
      },
      {
         "url": "anytype_0.55.4_amd64.deb",
         "sha512": "h9AOC2BuEny0TIDmwtH3X2Z2If/U59v0urgHxEd1ttKDQnVHP3HbdrlSd6gRefM41tEvLs77AlGzVmnDQ2Lv2Q==",
         "size": 213511672
      },
      {
         "url": "anytype_0.55.4_amd64.deb",
         "sha512": "h9AOC2BuEny0TIDmwtH3X2Z2If/U59v0urgHxEd1ttKDQnVHP3HbdrlSd6gRefM41tEvLs77AlGzVmnDQ2Lv2Q==",
         "size": 213511672
      },
      {
         "url": "anytype_0.55.4_amd64.deb",
         "sha512": "h9AOC2BuEny0TIDmwtH3X2Z2If/U59v0urgHxEd1ttKDQnVHP3HbdrlSd6gRefM41tEvLs77AlGzVmnDQ2Lv2Q==",
         "size": 213511672
      },
      {
         "url": "anytype-0.55.4.x86_64.rpm",
         "sha512": "SmrdfZeSInIiRl2uzMLCDYYqz2N3gvzb4AlfD9RZnkGjKHg+N6VkdOD9p2rMGcT3cFISEvpoiFguKBKmkymYWg==",
         "size": 189025877
      },
      {
         "url": "anytype-0.55.4.x86_64.rpm",
         "sha512": "SmrdfZeSInIiRl2uzMLCDYYqz2N3gvzb4AlfD9RZnkGjKHg+N6VkdOD9p2rMGcT3cFISEvpoiFguKBKmkymYWg==",
         "size": 189025877
      },
      {
         "url": "anytype-0.55.4.x86_64.rpm",
         "sha512": "SmrdfZeSInIiRl2uzMLCDYYqz2N3gvzb4AlfD9RZnkGjKHg+N6VkdOD9p2rMGcT3cFISEvpoiFguKBKmkymYWg==",
         "size": 189025877
      }
   ],
   "path": "Anytype-0.55.4.AppImage",
   "sha512": "iVhg7x/IcehgFgoqn8NKBJ5Zlh1Ba0LCCfUSUA0vCgLClePi/Wa1B3K+g7FaPJ4caVLEApN+opsMXekenVAZBg==",
   "releaseDate": "2026-05-05T13:39:49.369Z"
}
[2026-05-27 17:04:35.202] [debug] checkForUpdatesAndNotify called, downloadPromise is null
[2026-05-27 17:14:35.021] [info]  Checking for update
[2026-05-27 17:14:35.022] [info]  Checking for update
[2026-05-27 17:14:35.826] [info]  Update for version 0.55.4 is not available (latest version: 0.55.4, downgrade is allowed).
[2026-05-27 17:14:35.826] [info]  Update not available: {
   "version": "0.55.4",
   "files": [
      {
         "url": "Anytype-0.55.4.AppImage",
         "sha512": "iVhg7x/IcehgFgoqn8NKBJ5Zlh1Ba0LCCfUSUA0vCgLClePi/Wa1B3K+g7FaPJ4caVLEApN+opsMXekenVAZBg==",
         "size": 255921020,
         "blockMapSize": 265104
      },
      {
         "url": "anytype_0.55.4_amd64.deb",
         "sha512": "h9AOC2BuEny0TIDmwtH3X2Z2If/U59v0urgHxEd1ttKDQnVHP3HbdrlSd6gRefM41tEvLs77AlGzVmnDQ2Lv2Q==",
         "size": 213511672
      },
      {
         "url": "anytype_0.55.4_amd64.deb",
         "sha512": "h9AOC2BuEny0TIDmwtH3X2Z2If/U59v0urgHxEd1ttKDQnVHP3HbdrlSd6gRefM41tEvLs77AlGzVmnDQ2Lv2Q==",
         "size": 213511672
      },
      {
         "url": "anytype_0.55.4_amd64.deb",
         "sha512": "h9AOC2BuEny0TIDmwtH3X2Z2If/U59v0urgHxEd1ttKDQnVHP3HbdrlSd6gRefM41tEvLs77AlGzVmnDQ2Lv2Q==",
         "size": 213511672
      },
      {
         "url": "anytype-0.55.4.x86_64.rpm",
         "sha512": "SmrdfZeSInIiRl2uzMLCDYYqz2N3gvzb4AlfD9RZnkGjKHg+N6VkdOD9p2rMGcT3cFISEvpoiFguKBKmkymYWg==",
         "size": 189025877
      },
      {
         "url": "anytype-0.55.4.x86_64.rpm",
         "sha512": "SmrdfZeSInIiRl2uzMLCDYYqz2N3gvzb4AlfD9RZnkGjKHg+N6VkdOD9p2rMGcT3cFISEvpoiFguKBKmkymYWg==",
         "size": 189025877
      },
      {
         "url": "anytype-0.55.4.x86_64.rpm",
         "sha512": "SmrdfZeSInIiRl2uzMLCDYYqz2N3gvzb4AlfD9RZnkGjKHg+N6VkdOD9p2rMGcT3cFISEvpoiFguKBKmkymYWg==",
         "size": 189025877
      }
   ],
   "path": "Anytype-0.55.4.AppImage",
   "sha512": "iVhg7x/IcehgFgoqn8NKBJ5Zlh1Ba0LCCfUSUA0vCgLClePi/Wa1B3K+g7FaPJ4caVLEApN+opsMXekenVAZBg==",
   "releaseDate": "2026-05-05T13:39:49.369Z"
}
[2026-05-27 17:14:35.826] [debug] checkForUpdatesAndNotify called, downloadPromise is null
[2026-05-27 17:24:35.055] [info]  Checking for update
[2026-05-27 17:24:35.056] [info]  Checking for update
[2026-05-27 17:24:35.422] [info]  Update for version 0.55.4 is not available (latest version: 0.55.4, downgrade is allowed).
[2026-05-27 17:24:35.422] [info]  Update not available: {
   "version": "0.55.4",
   "files": [
      {
         "url": "Anytype-0.55.4.AppImage",
         "sha512": "iVhg7x/IcehgFgoqn8NKBJ5Zlh1Ba0LCCfUSUA0vCgLClePi/Wa1B3K+g7FaPJ4caVLEApN+opsMXekenVAZBg==",
         "size": 255921020,
         "blockMapSize": 265104
      },
      {
         "url": "anytype_0.55.4_amd64.deb",
         "sha512": "h9AOC2BuEny0TIDmwtH3X2Z2If/U59v0urgHxEd1ttKDQnVHP3HbdrlSd6gRefM41tEvLs77AlGzVmnDQ2Lv2Q==",
         "size": 213511672
      },
      {
         "url": "anytype_0.55.4_amd64.deb",
         "sha512": "h9AOC2BuEny0TIDmwtH3X2Z2If/U59v0urgHxEd1ttKDQnVHP3HbdrlSd6gRefM41tEvLs77AlGzVmnDQ2Lv2Q==",
         "size": 213511672
      },
      {
         "url": "anytype_0.55.4_amd64.deb",
         "sha512": "h9AOC2BuEny0TIDmwtH3X2Z2If/U59v0urgHxEd1ttKDQnVHP3HbdrlSd6gRefM41tEvLs77AlGzVmnDQ2Lv2Q==",
         "size": 213511672
      },
      {
         "url": "anytype-0.55.4.x86_64.rpm",
         "sha512": "SmrdfZeSInIiRl2uzMLCDYYqz2N3gvzb4AlfD9RZnkGjKHg+N6VkdOD9p2rMGcT3cFISEvpoiFguKBKmkymYWg==",
         "size": 189025877
      },
      {
         "url": "anytype-0.55.4.x86_64.rpm",
         "sha512": "SmrdfZeSInIiRl2uzMLCDYYqz2N3gvzb4AlfD9RZnkGjKHg+N6VkdOD9p2rMGcT3cFISEvpoiFguKBKmkymYWg==",
         "size": 189025877
      },
      {
         "url": "anytype-0.55.4.x86_64.rpm",
         "sha512": "SmrdfZeSInIiRl2uzMLCDYYqz2N3gvzb4AlfD9RZnkGjKHg+N6VkdOD9p2rMGcT3cFISEvpoiFguKBKmkymYWg==",
         "size": 189025877
      }
   ],
   "path": "Anytype-0.55.4.AppImage",
   "sha512": "iVhg7x/IcehgFgoqn8NKBJ5Zlh1Ba0LCCfUSUA0vCgLClePi/Wa1B3K+g7FaPJ4caVLEApN+opsMXekenVAZBg==",
   "releaseDate": "2026-05-05T13:39:49.369Z"
}
[2026-05-27 17:24:35.422] [debug] checkForUpdatesAndNotify called, downloadPromise is null
[2026-05-27 17:34:35.068] [info]  Checking for update
[2026-05-27 17:34:35.069] [info]  Checking for update
[2026-05-27 17:34:35.357] [info]  Update for version 0.55.4 is not available (latest version: 0.55.4, downgrade is allowed).
[2026-05-27 17:34:35.357] [info]  Update not available: {
   "version": "0.55.4",
   "files": [
      {
         "url": "Anytype-0.55.4.AppImage",
         "sha512": "iVhg7x/IcehgFgoqn8NKBJ5Zlh1Ba0LCCfUSUA0vCgLClePi/Wa1B3K+g7FaPJ4caVLEApN+opsMXekenVAZBg==",
         "size": 255921020,
         "blockMapSize": 265104
      },
      {
         "url": "anytype_0.55.4_amd64.deb",
         "sha512": "h9AOC2BuEny0TIDmwtH3X2Z2If/U59v0urgHxEd1ttKDQnVHP3HbdrlSd6gRefM41tEvLs77AlGzVmnDQ2Lv2Q==",
         "size": 213511672
      },
      {
         "url": "anytype_0.55.4_amd64.deb",
         "sha512": "h9AOC2BuEny0TIDmwtH3X2Z2If/U59v0urgHxEd1ttKDQnVHP3HbdrlSd6gRefM41tEvLs77AlGzVmnDQ2Lv2Q==",
         "size": 213511672
      },
      {
         "url": "anytype_0.55.4_amd64.deb",
         "sha512": "h9AOC2BuEny0TIDmwtH3X2Z2If/U59v0urgHxEd1ttKDQnVHP3HbdrlSd6gRefM41tEvLs77AlGzVmnDQ2Lv2Q==",
         "size": 213511672
      },
      {
         "url": "anytype-0.55.4.x86_64.rpm",
         "sha512": "SmrdfZeSInIiRl2uzMLCDYYqz2N3gvzb4AlfD9RZnkGjKHg+N6VkdOD9p2rMGcT3cFISEvpoiFguKBKmkymYWg==",
         "size": 189025877
      },
      {
         "url": "anytype-0.55.4.x86_64.rpm",
         "sha512": "SmrdfZeSInIiRl2uzMLCDYYqz2N3gvzb4AlfD9RZnkGjKHg+N6VkdOD9p2rMGcT3cFISEvpoiFguKBKmkymYWg==",
         "size": 189025877
      },
      {
         "url": "anytype-0.55.4.x86_64.rpm",
         "sha512": "SmrdfZeSInIiRl2uzMLCDYYqz2N3gvzb4AlfD9RZnkGjKHg+N6VkdOD9p2rMGcT3cFISEvpoiFguKBKmkymYWg==",
         "size": 189025877
      }
   ],
   "path": "Anytype-0.55.4.AppImage",
   "sha512": "iVhg7x/IcehgFgoqn8NKBJ5Zlh1Ba0LCCfUSUA0vCgLClePi/Wa1B3K+g7FaPJ4caVLEApN+opsMXekenVAZBg==",
   "releaseDate": "2026-05-05T13:39:49.369Z"
}
[2026-05-27 17:34:35.357] [debug] checkForUpdatesAndNotify called, downloadPromise is null
[2026-05-27 17:44:35.070] [info]  Checking for update
[2026-05-27 17:44:35.071] [info]  Checking for update
[2026-05-27 17:44:35.349] [info]  Update for version 0.55.4 is not available (latest version: 0.55.4, downgrade is allowed).
[2026-05-27 17:44:35.349] [info]  Update not available: {
   "version": "0.55.4",
   "files": [
      {
         "url": "Anytype-0.55.4.AppImage",
         "sha512": "iVhg7x/IcehgFgoqn8NKBJ5Zlh1Ba0LCCfUSUA0vCgLClePi/Wa1B3K+g7FaPJ4caVLEApN+opsMXekenVAZBg==",
         "size": 255921020,
         "blockMapSize": 265104
      },
      {
         "url": "anytype_0.55.4_amd64.deb",
         "sha512": "h9AOC2BuEny0TIDmwtH3X2Z2If/U59v0urgHxEd1ttKDQnVHP3HbdrlSd6gRefM41tEvLs77AlGzVmnDQ2Lv2Q==",
         "size": 213511672
      },
      {
         "url": "anytype_0.55.4_amd64.deb",
         "sha512": "h9AOC2BuEny0TIDmwtH3X2Z2If/U59v0urgHxEd1ttKDQnVHP3HbdrlSd6gRefM41tEvLs77AlGzVmnDQ2Lv2Q==",
         "size": 213511672
      },
      {
         "url": "anytype_0.55.4_amd64.deb",
         "sha512": "h9AOC2BuEny0TIDmwtH3X2Z2If/U59v0urgHxEd1ttKDQnVHP3HbdrlSd6gRefM41tEvLs77AlGzVmnDQ2Lv2Q==",
         "size": 213511672
      },
      {
         "url": "anytype-0.55.4.x86_64.rpm",
         "sha512": "SmrdfZeSInIiRl2uzMLCDYYqz2N3gvzb4AlfD9RZnkGjKHg+N6VkdOD9p2rMGcT3cFISEvpoiFguKBKmkymYWg==",
         "size": 189025877
      },
      {
         "url": "anytype-0.55.4.x86_64.rpm",
         "sha512": "SmrdfZeSInIiRl2uzMLCDYYqz2N3gvzb4AlfD9RZnkGjKHg+N6VkdOD9p2rMGcT3cFISEvpoiFguKBKmkymYWg==",
         "size": 189025877
      },
      {
         "url": "anytype-0.55.4.x86_64.rpm",
         "sha512": "SmrdfZeSInIiRl2uzMLCDYYqz2N3gvzb4AlfD9RZnkGjKHg+N6VkdOD9p2rMGcT3cFISEvpoiFguKBKmkymYWg==",
         "size": 189025877
      }
   ],
   "path": "Anytype-0.55.4.AppImage",
   "sha512": "iVhg7x/IcehgFgoqn8NKBJ5Zlh1Ba0LCCfUSUA0vCgLClePi/Wa1B3K+g7FaPJ4caVLEApN+opsMXekenVAZBg==",
   "releaseDate": "2026-05-05T13:39:49.369Z"
}
[2026-05-27 17:44:35.350] [debug] checkForUpdatesAndNotify called, downloadPromise is null
[2026-05-27 17:54:35.085] [info]  Checking for update
[2026-05-27 17:54:35.086] [info]  Checking for update
[2026-05-27 17:54:35.375] [info]  Update for version 0.55.4 is not available (latest version: 0.55.4, downgrade is allowed).
[2026-05-27 17:54:35.375] [info]  Update not available: {
   "version": "0.55.4",
   "files": [
      {
         "url": "Anytype-0.55.4.AppImage",
         "sha512": "iVhg7x/IcehgFgoqn8NKBJ5Zlh1Ba0LCCfUSUA0vCgLClePi/Wa1B3K+g7FaPJ4caVLEApN+opsMXekenVAZBg==",
         "size": 255921020,
         "blockMapSize": 265104
      },
      {
         "url": "anytype_0.55.4_amd64.deb",
         "sha512": "h9AOC2BuEny0TIDmwtH3X2Z2If/U59v0urgHxEd1ttKDQnVHP3HbdrlSd6gRefM41tEvLs77AlGzVmnDQ2Lv2Q==",
         "size": 213511672
      },
      {
         "url": "anytype_0.55.4_amd64.deb",
         "sha512": "h9AOC2BuEny0TIDmwtH3X2Z2If/U59v0urgHxEd1ttKDQnVHP3HbdrlSd6gRefM41tEvLs77AlGzVmnDQ2Lv2Q==",
         "size": 213511672
      },
      {
         "url": "anytype_0.55.4_amd64.deb",
         "sha512": "h9AOC2BuEny0TIDmwtH3X2Z2If/U59v0urgHxEd1ttKDQnVHP3HbdrlSd6gRefM41tEvLs77AlGzVmnDQ2Lv2Q==",
         "size": 213511672
      },
      {
         "url": "anytype-0.55.4.x86_64.rpm",
         "sha512": "SmrdfZeSInIiRl2uzMLCDYYqz2N3gvzb4AlfD9RZnkGjKHg+N6VkdOD9p2rMGcT3cFISEvpoiFguKBKmkymYWg==",
         "size": 189025877
      },
      {
         "url": "anytype-0.55.4.x86_64.rpm",
         "sha512": "SmrdfZeSInIiRl2uzMLCDYYqz2N3gvzb4AlfD9RZnkGjKHg+N6VkdOD9p2rMGcT3cFISEvpoiFguKBKmkymYWg==",
         "size": 189025877
      },
      {
         "url": "anytype-0.55.4.x86_64.rpm",
         "sha512": "SmrdfZeSInIiRl2uzMLCDYYqz2N3gvzb4AlfD9RZnkGjKHg+N6VkdOD9p2rMGcT3cFISEvpoiFguKBKmkymYWg==",
         "size": 189025877
      }
   ],
   "path": "Anytype-0.55.4.AppImage",
   "sha512": "iVhg7x/IcehgFgoqn8NKBJ5Zlh1Ba0LCCfUSUA0vCgLClePi/Wa1B3K+g7FaPJ4caVLEApN+opsMXekenVAZBg==",
   "releaseDate": "2026-05-05T13:39:49.369Z"
}
[2026-05-27 17:54:35.376] [debug] checkForUpdatesAndNotify called, downloadPromise is null
[2026-05-27 18:04:35.186] [info]  Checking for update
[2026-05-27 18:04:35.187] [info]  Checking for update
[2026-05-27 18:04:35.478] [info]  Update for version 0.55.4 is not available (latest version: 0.55.4, downgrade is allowed).
[2026-05-27 18:04:35.479] [info]  Update not available: {
   "version": "0.55.4",
   "files": [
      {
         "url": "Anytype-0.55.4.AppImage",
         "sha512": "iVhg7x/IcehgFgoqn8NKBJ5Zlh1Ba0LCCfUSUA0vCgLClePi/Wa1B3K+g7FaPJ4caVLEApN+opsMXekenVAZBg==",
         "size": 255921020,
         "blockMapSize": 265104
      },
      {
         "url": "anytype_0.55.4_amd64.deb",
         "sha512": "h9AOC2BuEny0TIDmwtH3X2Z2If/U59v0urgHxEd1ttKDQnVHP3HbdrlSd6gRefM41tEvLs77AlGzVmnDQ2Lv2Q==",
         "size": 213511672
      },
      {
         "url": "anytype_0.55.4_amd64.deb",
         "sha512": "h9AOC2BuEny0TIDmwtH3X2Z2If/U59v0urgHxEd1ttKDQnVHP3HbdrlSd6gRefM41tEvLs77AlGzVmnDQ2Lv2Q==",
         "size": 213511672
      },
      {
         "url": "anytype_0.55.4_amd64.deb",
         "sha512": "h9AOC2BuEny0TIDmwtH3X2Z2If/U59v0urgHxEd1ttKDQnVHP3HbdrlSd6gRefM41tEvLs77AlGzVmnDQ2Lv2Q==",
         "size": 213511672
      },
      {
         "url": "anytype-0.55.4.x86_64.rpm",
         "sha512": "SmrdfZeSInIiRl2uzMLCDYYqz2N3gvzb4AlfD9RZnkGjKHg+N6VkdOD9p2rMGcT3cFISEvpoiFguKBKmkymYWg==",
         "size": 189025877
      },
      {
         "url": "anytype-0.55.4.x86_64.rpm",
         "sha512": "SmrdfZeSInIiRl2uzMLCDYYqz2N3gvzb4AlfD9RZnkGjKHg+N6VkdOD9p2rMGcT3cFISEvpoiFguKBKmkymYWg==",
         "size": 189025877
      },
      {
         "url": "anytype-0.55.4.x86_64.rpm",
         "sha512": "SmrdfZeSInIiRl2uzMLCDYYqz2N3gvzb4AlfD9RZnkGjKHg+N6VkdOD9p2rMGcT3cFISEvpoiFguKBKmkymYWg==",
         "size": 189025877
      }
   ],
   "path": "Anytype-0.55.4.AppImage",
   "sha512": "iVhg7x/IcehgFgoqn8NKBJ5Zlh1Ba0LCCfUSUA0vCgLClePi/Wa1B3K+g7FaPJ4caVLEApN+opsMXekenVAZBg==",
   "releaseDate": "2026-05-05T13:39:49.369Z"
}
[2026-05-27 18:04:35.479] [debug] checkForUpdatesAndNotify called, downloadPromise is null
[2026-05-27 18:14:35.198] [info]  Checking for update
[2026-05-27 18:14:35.198] [info]  Checking for update
[2026-05-27 18:14:35.488] [info]  Update for version 0.55.4 is not available (latest version: 0.55.4, downgrade is allowed).
[2026-05-27 18:14:35.488] [info]  Update not available: {
   "version": "0.55.4",
   "files": [
      {
         "url": "Anytype-0.55.4.AppImage",
         "sha512": "iVhg7x/IcehgFgoqn8NKBJ5Zlh1Ba0LCCfUSUA0vCgLClePi/Wa1B3K+g7FaPJ4caVLEApN+opsMXekenVAZBg==",
         "size": 255921020,
         "blockMapSize": 265104
      },
      {
         "url": "anytype_0.55.4_amd64.deb",
         "sha512": "h9AOC2BuEny0TIDmwtH3X2Z2If/U59v0urgHxEd1ttKDQnVHP3HbdrlSd6gRefM41tEvLs77AlGzVmnDQ2Lv2Q==",
         "size": 213511672
      },
      {
         "url": "anytype_0.55.4_amd64.deb",
         "sha512": "h9AOC2BuEny0TIDmwtH3X2Z2If/U59v0urgHxEd1ttKDQnVHP3HbdrlSd6gRefM41tEvLs77AlGzVmnDQ2Lv2Q==",
         "size": 213511672
      },
      {
         "url": "anytype_0.55.4_amd64.deb",
         "sha512": "h9AOC2BuEny0TIDmwtH3X2Z2If/U59v0urgHxEd1ttKDQnVHP3HbdrlSd6gRefM41tEvLs77AlGzVmnDQ2Lv2Q==",
         "size": 213511672
      },
      {
         "url": "anytype-0.55.4.x86_64.rpm",
         "sha512": "SmrdfZeSInIiRl2uzMLCDYYqz2N3gvzb4AlfD9RZnkGjKHg+N6VkdOD9p2rMGcT3cFISEvpoiFguKBKmkymYWg==",
         "size": 189025877
      },
      {
         "url": "anytype-0.55.4.x86_64.rpm",
         "sha512": "SmrdfZeSInIiRl2uzMLCDYYqz2N3gvzb4AlfD9RZnkGjKHg+N6VkdOD9p2rMGcT3cFISEvpoiFguKBKmkymYWg==",
         "size": 189025877
      },
      {
         "url": "anytype-0.55.4.x86_64.rpm",
         "sha512": "SmrdfZeSInIiRl2uzMLCDYYqz2N3gvzb4AlfD9RZnkGjKHg+N6VkdOD9p2rMGcT3cFISEvpoiFguKBKmkymYWg==",
         "size": 189025877
      }
   ],
   "path": "Anytype-0.55.4.AppImage",
   "sha512": "iVhg7x/IcehgFgoqn8NKBJ5Zlh1Ba0LCCfUSUA0vCgLClePi/Wa1B3K+g7FaPJ4caVLEApN+opsMXekenVAZBg==",
   "releaseDate": "2026-05-05T13:39:49.369Z"
}
[2026-05-27 18:14:35.489] [debug] checkForUpdatesAndNotify called, downloadPromise is null
[2026-05-27 18:24:35.252] [info]  Checking for update
[2026-05-27 18:24:35.252] [info]  Checking for update
[2026-05-27 18:24:35.537] [info]  Update for version 0.55.4 is not available (latest version: 0.55.4, downgrade is allowed).
[2026-05-27 18:24:35.538] [info]  Update not available: {
   "version": "0.55.4",
   "files": [
      {
         "url": "Anytype-0.55.4.AppImage",
         "sha512": "iVhg7x/IcehgFgoqn8NKBJ5Zlh1Ba0LCCfUSUA0vCgLClePi/Wa1B3K+g7FaPJ4caVLEApN+opsMXekenVAZBg==",
         "size": 255921020,
         "blockMapSize": 265104
      },
      {
         "url": "anytype_0.55.4_amd64.deb",
         "sha512": "h9AOC2BuEny0TIDmwtH3X2Z2If/U59v0urgHxEd1ttKDQnVHP3HbdrlSd6gRefM41tEvLs77AlGzVmnDQ2Lv2Q==",
         "size": 213511672
      },
      {
         "url": "anytype_0.55.4_amd64.deb",
         "sha512": "h9AOC2BuEny0TIDmwtH3X2Z2If/U59v0urgHxEd1ttKDQnVHP3HbdrlSd6gRefM41tEvLs77AlGzVmnDQ2Lv2Q==",
         "size": 213511672
      },
      {
         "url": "anytype_0.55.4_amd64.deb",
         "sha512": "h9AOC2BuEny0TIDmwtH3X2Z2If/U59v0urgHxEd1ttKDQnVHP3HbdrlSd6gRefM41tEvLs77AlGzVmnDQ2Lv2Q==",
         "size": 213511672
      },
      {
         "url": "anytype-0.55.4.x86_64.rpm",
         "sha512": "SmrdfZeSInIiRl2uzMLCDYYqz2N3gvzb4AlfD9RZnkGjKHg+N6VkdOD9p2rMGcT3cFISEvpoiFguKBKmkymYWg==",
         "size": 189025877
      },
      {
         "url": "anytype-0.55.4.x86_64.rpm",
         "sha512": "SmrdfZeSInIiRl2uzMLCDYYqz2N3gvzb4AlfD9RZnkGjKHg+N6VkdOD9p2rMGcT3cFISEvpoiFguKBKmkymYWg==",
         "size": 189025877
      },
      {
         "url": "anytype-0.55.4.x86_64.rpm",
         "sha512": "SmrdfZeSInIiRl2uzMLCDYYqz2N3gvzb4AlfD9RZnkGjKHg+N6VkdOD9p2rMGcT3cFISEvpoiFguKBKmkymYWg==",
         "size": 189025877
      }
   ],
   "path": "Anytype-0.55.4.AppImage",
   "sha512": "iVhg7x/IcehgFgoqn8NKBJ5Zlh1Ba0LCCfUSUA0vCgLClePi/Wa1B3K+g7FaPJ4caVLEApN+opsMXekenVAZBg==",
   "releaseDate": "2026-05-05T13:39:49.369Z"
}
[2026-05-27 18:24:35.538] [debug] checkForUpdatesAndNotify called, downloadPromise is null
[2026-05-27 18:34:35.272] [info]  Checking for update
[2026-05-27 18:34:35.273] [info]  Checking for update
[2026-05-27 18:34:35.552] [info]  Update for version 0.55.4 is not available (latest version: 0.55.4, downgrade is allowed).
[2026-05-27 18:34:35.552] [info]  Update not available: {
   "version": "0.55.4",
   "files": [
      {
         "url": "Anytype-0.55.4.AppImage",
         "sha512": "iVhg7x/IcehgFgoqn8NKBJ5Zlh1Ba0LCCfUSUA0vCgLClePi/Wa1B3K+g7FaPJ4caVLEApN+opsMXekenVAZBg==",
         "size": 255921020,
         "blockMapSize": 265104
      },
      {
         "url": "anytype_0.55.4_amd64.deb",
         "sha512": "h9AOC2BuEny0TIDmwtH3X2Z2If/U59v0urgHxEd1ttKDQnVHP3HbdrlSd6gRefM41tEvLs77AlGzVmnDQ2Lv2Q==",
         "size": 213511672
      },
      {
         "url": "anytype_0.55.4_amd64.deb",
         "sha512": "h9AOC2BuEny0TIDmwtH3X2Z2If/U59v0urgHxEd1ttKDQnVHP3HbdrlSd6gRefM41tEvLs77AlGzVmnDQ2Lv2Q==",
         "size": 213511672
      },
      {
         "url": "anytype_0.55.4_amd64.deb",
         "sha512": "h9AOC2BuEny0TIDmwtH3X2Z2If/U59v0urgHxEd1ttKDQnVHP3HbdrlSd6gRefM41tEvLs77AlGzVmnDQ2Lv2Q==",
         "size": 213511672
      },
      {
         "url": "anytype-0.55.4.x86_64.rpm",
         "sha512": "SmrdfZeSInIiRl2uzMLCDYYqz2N3gvzb4AlfD9RZnkGjKHg+N6VkdOD9p2rMGcT3cFISEvpoiFguKBKmkymYWg==",
         "size": 189025877
      },
      {
         "url": "anytype-0.55.4.x86_64.rpm",
         "sha512": "SmrdfZeSInIiRl2uzMLCDYYqz2N3gvzb4AlfD9RZnkGjKHg+N6VkdOD9p2rMGcT3cFISEvpoiFguKBKmkymYWg==",
         "size": 189025877
      },
      {
         "url": "anytype-0.55.4.x86_64.rpm",
         "sha512": "SmrdfZeSInIiRl2uzMLCDYYqz2N3gvzb4AlfD9RZnkGjKHg+N6VkdOD9p2rMGcT3cFISEvpoiFguKBKmkymYWg==",
         "size": 189025877
      }
   ],
   "path": "Anytype-0.55.4.AppImage",
   "sha512": "iVhg7x/IcehgFgoqn8NKBJ5Zlh1Ba0LCCfUSUA0vCgLClePi/Wa1B3K+g7FaPJ4caVLEApN+opsMXekenVAZBg==",
   "releaseDate": "2026-05-05T13:39:49.369Z"
}
[2026-05-27 18:34:35.553] [debug] checkForUpdatesAndNotify called, downloadPromise is null
[2026-05-27 18:40:14.472] [info]  [PowerMonitor] resume
[2026-06-05 18:38:25.740] [info]  [WindowManager].clearSavedTabs: Cleared saved tabs
[2026-06-05 18:41:56.172] [info]  closeMain: undefined
[2026-06-05 18:48:25.848] [info]  Checking for update
[2026-06-05 18:48:25.849] [info]  Checking for update
[2026-06-05 18:48:26.858] [info]  Found version 0.55.5 (url: Anytype-0.55.5.AppImage, anytype_0.55.5_amd64.deb, anytype_0.55.5_amd64.deb, anytype_0.55.5_amd64.deb, anytype-0.55.5.x86_64.rpm, anytype-0.55.5.x86_64.rpm, anytype-0.55.5.x86_64.rpm)
[2026-06-05 18:48:26.859] [info]  Update available: {
   "version": "0.55.5",
   "files": [
      {
         "url": "Anytype-0.55.5.AppImage",
         "sha512": "5kw48x2+PctEUg/K3hHyumm4UVmW1Ds4NUAnTycH2zjde4jfuvjlrQaTrtP7oBltRKvtf6kNmqTlyS0fk9a5yg==",
         "size": 268775126,
         "blockMapSize": 278250
      },
      {
         "url": "anytype_0.55.5_amd64.deb",
         "sha512": "wljUaINiaon5Z+nSdMDKhbZhDdzXAGiZ9eL9WiJ53KVzQZAjCGE8rIHmXq5SxHPGB9dBjmIF4Y+cX1v/4m+22g==",
         "size": 226321168
      },
      {
         "url": "anytype_0.55.5_amd64.deb",
         "sha512": "wljUaINiaon5Z+nSdMDKhbZhDdzXAGiZ9eL9WiJ53KVzQZAjCGE8rIHmXq5SxHPGB9dBjmIF4Y+cX1v/4m+22g==",
         "size": 226321168
      },
      {
         "url": "anytype_0.55.5_amd64.deb",
         "sha512": "wljUaINiaon5Z+nSdMDKhbZhDdzXAGiZ9eL9WiJ53KVzQZAjCGE8rIHmXq5SxHPGB9dBjmIF4Y+cX1v/4m+22g==",
         "size": 226321168
      },
      {
         "url": "anytype-0.55.5.x86_64.rpm",
         "sha512": "bXv6Rzn90YKItShmLwPx9+JoMs518P1Jw0dG27EPjpRtC63dXde0V8jdmIcXOlwIWMLs+LpxfUTqFbxI//zhgg==",
         "size": 201485757
      },
      {
         "url": "anytype-0.55.5.x86_64.rpm",
         "sha512": "bXv6Rzn90YKItShmLwPx9+JoMs518P1Jw0dG27EPjpRtC63dXde0V8jdmIcXOlwIWMLs+LpxfUTqFbxI//zhgg==",
         "size": 201485757
      },
      {
         "url": "anytype-0.55.5.x86_64.rpm",
         "sha512": "bXv6Rzn90YKItShmLwPx9+JoMs518P1Jw0dG27EPjpRtC63dXde0V8jdmIcXOlwIWMLs+LpxfUTqFbxI//zhgg==",
         "size": 201485757
      }
   ],
   "path": "Anytype-0.55.5.AppImage",
   "sha512": "5kw48x2+PctEUg/K3hHyumm4UVmW1Ds4NUAnTycH2zjde4jfuvjlrQaTrtP7oBltRKvtf6kNmqTlyS0fk9a5yg==",
   "releaseDate": "2026-06-03T13:00:29.463Z"
}
[2026-06-05 18:48:26.860] [info]  Downloading update from Anytype-0.55.5.AppImage, anytype_0.55.5_amd64.deb, anytype_0.55.5_amd64.deb, anytype_0.55.5_amd64.deb, anytype-0.55.5.x86_64.rpm, anytype-0.55.5.x86_64.rpm, anytype-0.55.5.x86_64.rpm
[2026-06-05 18:48:26.863] [debug] updater cache dir: /home/a7r/.cache/anytype-updater
[2026-06-05 18:48:26.863] [debug] checkForUpdatesAndNotify called, downloadPromise is null
[2026-06-05 18:48:26.867] [info]  Cached update sha512 checksum doesn't match the latest available update. New update must be downloaded. Cached: iVhg7x/IcehgFgoqn8NKBJ5Zlh1Ba0LCCfUSUA0vCgLClePi/Wa1B3K+g7FaPJ4caVLEApN+opsMXekenVAZBg==, expected: 5kw48x2+PctEUg/K3hHyumm4UVmW1Ds4NUAnTycH2zjde4jfuvjlrQaTrtP7oBltRKvtf6kNmqTlyS0fk9a5yg==. Directory for cached update will be cleaned
[2026-06-05 18:48:28.525] [debug] p9QhFrOKReRubQ6hDnYN5/i+ duplicated in blockmap (same size), it doesn't lead to broken differential downloader, just corresponding block will be skipped)
[2026-06-05 18:48:28.525] [debug] GkRwZnQOye23oK+hzeFOdesp duplicated in blockmap (same size), it doesn't lead to broken differential downloader, just corresponding block will be skipped)
[2026-06-05 18:48:28.525] [debug] D/sgmNad2LG8kPj1W7o9iS3/ duplicated in blockmap (same size), it doesn't lead to broken differential downloader, just corresponding block will be skipped)
[2026-06-05 18:48:28.525] [debug] aqM+X8L0RpVe2tX+nvB0Y69b duplicated in blockmap (same size), it doesn't lead to broken differential downloader, just corresponding block will be skipped)
[2026-06-05 18:48:28.525] [debug] 6SCWk7agoT14NYQurPWk/H5h duplicated in blockmap (same size), it doesn't lead to broken differential downloader, just corresponding block will be skipped)
[2026-06-05 18:48:28.525] [debug] Ns/lTNmPcSx6mCccH0D4rZ+3 duplicated in blockmap (same size), it doesn't lead to broken differential downloader, just corresponding block will be skipped)
[2026-06-05 18:48:28.526] [debug] a3qxoRA6XtByTcO6Y+WP+xOG duplicated in blockmap (same size), it doesn't lead to broken differential downloader, just corresponding block will be skipped)
[2026-06-05 18:48:28.526] [debug] OuXbPbxJU0hId94tDYQaD0/S duplicated in blockmap (same size), it doesn't lead to broken differential downloader, just corresponding block will be skipped)
[2026-06-05 18:48:28.526] [debug] ANeV/1Vi8dwiBfsWnIszrJka duplicated in blockmap (same size), it doesn't lead to broken differential downloader, just corresponding block will be skipped)
[2026-06-05 18:48:28.526] [debug] 07kgB+Zq0uNyhPHaboVd2Ia3 duplicated in blockmap (same size), it doesn't lead to broken differential downloader, just corresponding block will be skipped)
[2026-06-05 18:48:28.526] [debug] UQR638xgqXWYn9VNjfWLGsth duplicated in blockmap (same size), it doesn't lead to broken differential downloader, just corresponding block will be skipped)
[2026-06-05 18:48:28.526] [debug] oEW6s8oRYdlI2indBTyVux/m duplicated in blockmap (same size), it doesn't lead to broken differential downloader, just corresponding block will be skipped)
[2026-06-05 18:48:28.526] [debug] k1rwwsKajVZ8ANxTZMOMqkP1 duplicated in blockmap (same size), it doesn't lead to broken differential downloader, just corresponding block will be skipped)
[2026-06-05 18:48:28.526] [debug] LR+lrC3887qFyMJLqZDfB9YN duplicated in blockmap (same size), it doesn't lead to broken differential downloader, just corresponding block will be skipped)
[2026-06-05 18:48:28.526] [debug] UG81hGRs2k6dvHtPjS1XjXur duplicated in blockmap (same size), it doesn't lead to broken differential downloader, just corresponding block will be skipped)
[2026-06-05 18:48:28.526] [debug] jJhF+NRtBdIKtsSJc0m4pdf5 duplicated in blockmap (same size), it doesn't lead to broken differential downloader, just corresponding block will be skipped)
[2026-06-05 18:48:28.526] [debug] 8E56BCfxyNYubLxE8HB8+KW3 duplicated in blockmap (same size), it doesn't lead to broken differential downloader, just corresponding block will be skipped)
[2026-06-05 18:48:28.526] [debug] V5baJcEWllCxP9w9QqRZqE2k duplicated in blockmap (same size), it doesn't lead to broken differential downloader, just corresponding block will be skipped)
[2026-06-05 18:48:28.526] [debug] LXaIj2b1FyTelWsFVkQbmS+6 duplicated in blockmap (same size), it doesn't lead to broken differential downloader, just corresponding block will be skipped)
[2026-06-05 18:48:28.526] [debug] 9V99gv/x1tCB40Moy1ogxbmG duplicated in blockmap (same size), it doesn't lead to broken differential downloader, just corresponding block will be skipped)
[2026-06-05 18:48:28.527] [debug] qs1BKnek+fGu1ZGAssnkBpTO duplicated in blockmap (same size), it doesn't lead to broken differential downloader, just corresponding block will be skipped)
[2026-06-05 18:48:28.527] [debug] g6mbCCy+3kCyCtLdxlyTZm4B duplicated in blockmap (same size), it doesn't lead to broken differential downloader, just corresponding block will be skipped)
[2026-06-05 18:48:28.527] [debug] uCSNv6/qlYcVYLv8wMB3ShUl duplicated in blockmap (same size), it doesn't lead to broken differential downloader, just corresponding block will be skipped)
[2026-06-05 18:48:28.527] [debug] sqc8XNkBRwa+1xKipWKb5gN7 duplicated in blockmap (same size), it doesn't lead to broken differential downloader, just corresponding block will be skipped)
[2026-06-05 18:48:28.527] [debug] gB9e2zO4hPtXd+mRGuv4ePNg duplicated in blockmap (same size), it doesn't lead to broken differential downloader, just corresponding block will be skipped)
[2026-06-05 18:48:28.527] [debug] pXl2EGHcjPemsC4ly5sqOIt9 duplicated in blockmap (same size), it doesn't lead to broken differential downloader, just corresponding block will be skipped)
[2026-06-05 18:48:28.527] [debug] w3+eFWv0KhaS69SNcjQJV3CW duplicated in blockmap (same size), it doesn't lead to broken differential downloader, just corresponding block will be skipped)
[2026-06-05 18:48:28.527] [debug] Ut+n+DMj0IRYLugY66Dit96n duplicated in blockmap (same size), it doesn't lead to broken differential downloader, just corresponding block will be skipped)
[2026-06-05 18:48:28.527] [debug] X5Sbpg2kXaty2M+aedzfCN9w duplicated in blockmap (same size), it doesn't lead to broken differential downloader, just corresponding block will be skipped)
[2026-06-05 18:48:28.527] [debug] BnjWX+0Z+tXsIqQ2ihoj62W1 duplicated in blockmap (same size), it doesn't lead to broken differential downloader, just corresponding block will be skipped)
[2026-06-05 18:48:28.527] [debug] ZNx5FufO8bbisRyFTMoQ0JRz duplicated in blockmap (same size), it doesn't lead to broken differential downloader, just corresponding block will be skipped)
[2026-06-05 18:48:28.527] [debug] PafQOiHExeuuS1vJ8aEAN7c7 duplicated in blockmap (same size), it doesn't lead to broken differential downloader, just corresponding block will be skipped)
[2026-06-05 18:48:28.527] [debug] G1GgvxzIwwXmC1xIClWJedby duplicated in blockmap (same size), it doesn't lead to broken differential downloader, just corresponding block will be skipped)
[2026-06-05 18:48:28.527] [debug] 9nmqZNmGxKdZrSP44UFLasfw duplicated in blockmap (same size), it doesn't lead to broken differential downloader, just corresponding block will be skipped)
[2026-06-05 18:48:28.527] [debug] XmoSJOmm+ZKYhMDPZ+xEaYOf duplicated in blockmap (same size), it doesn't lead to broken differential downloader, just corresponding block will be skipped)
[2026-06-05 18:48:28.527] [debug] cpVPVz8MiFb35SCpgVraz6py duplicated in blockmap (same size), it doesn't lead to broken differential downloader, just corresponding block will be skipped)
[2026-06-05 18:48:28.527] [debug] NeRzoUOxXA5EWBJpK7eEZC3R duplicated in blockmap (same size), it doesn't lead to broken differential downloader, just corresponding block will be skipped)
[2026-06-05 18:48:28.527] [debug] JIeKEtYnSW1w/MJIk9pC8JtV duplicated in blockmap (same size), it doesn't lead to broken differential downloader, just corresponding block will be skipped)
[2026-06-05 18:48:28.528] [debug] /wkGQ1wSbsp4Pg0ysyVUIJ+c duplicated in blockmap (same size), it doesn't lead to broken differential downloader, just corresponding block will be skipped)
[2026-06-05 18:48:28.528] [debug] UEZtGcXr47pbUHoA7+92riy1 duplicated in blockmap (same size), it doesn't lead to broken differential downloader, just corresponding block will be skipped)
[2026-06-05 18:48:28.528] [debug] 9iHnfQBfsz9bgLnyfaqGyxgc duplicated in blockmap (same size), it doesn't lead to broken differential downloader, just corresponding block will be skipped)
[2026-06-05 18:48:28.528] [debug] aVhkpTzM4uv+hArZ0SMPphrU duplicated in blockmap (same size), it doesn't lead to broken differential downloader, just corresponding block will be skipped)
[2026-06-05 18:48:28.528] [debug] jqdW2GhfsOfUmTPHrZHTVtQe duplicated in blockmap (same size), it doesn't lead to broken differential downloader, just corresponding block will be skipped)
[2026-06-05 18:48:28.528] [debug] tF+4GPXoYX4w9A0weowrV1am duplicated in blockmap (same size), it doesn't lead to broken differential downloader, just corresponding block will be skipped)
[2026-06-05 18:48:28.528] [debug] 9CyYE1W6neQy0OBkQ3JONNRD duplicated in blockmap (same size), it doesn't lead to broken differential downloader, just corresponding block will be skipped)
[2026-06-05 18:48:28.528] [debug] xyMvx4g70c7EOMpyUXfcXINC duplicated in blockmap (same size), it doesn't lead to broken differential downloader, just corresponding block will be skipped)
[2026-06-05 18:48:28.528] [debug] 0zN9NPqHNdbSx3m10Iz9VRFQ duplicated in blockmap (same size), it doesn't lead to broken differential downloader, just corresponding block will be skipped)
[2026-06-05 18:48:28.528] [debug] TTWwgCc+ERyjbXI1SRfjvhli duplicated in blockmap (same size), it doesn't lead to broken differential downloader, just corresponding block will be skipped)
[2026-06-05 18:48:28.528] [debug] B8DoF5cA9B3DGXMFbE+jK7kj duplicated in blockmap (same size), it doesn't lead to broken differential downloader, just corresponding block will be skipped)
[2026-06-05 18:48:28.528] [debug] vS23c6x1qok8ql3HOJkOJzVr duplicated in blockmap (same size), it doesn't lead to broken differential downloader, just corresponding block will be skipped)
[2026-06-05 18:48:28.528] [debug] RYOS9IIN2MFv0CARH0+nsPH8 duplicated in blockmap (same size), it doesn't lead to broken differential downloader, just corresponding block will be skipped)
[2026-06-05 18:48:28.528] [debug] MAUoe53+hjjX6VUmTCfVvufs duplicated in blockmap (same size), it doesn't lead to broken differential downloader, just corresponding block will be skipped)
[2026-06-05 18:48:28.528] [debug] cwhxO8kn7akTFbkJW3R5atBD duplicated in blockmap (same size), it doesn't lead to broken differential downloader, just corresponding block will be skipped)
[2026-06-05 18:48:28.528] [debug] +AZLAfnIV5xVCDWXdN5N+gbG duplicated in blockmap (same size), it doesn't lead to broken differential downloader, just corresponding block will be skipped)
[2026-06-05 18:48:28.528] [debug] Wl5T1veqlWE4RbDFVA/Se11g duplicated in blockmap (same size), it doesn't lead to broken differential downloader, just corresponding block will be skipped)
[2026-06-05 18:48:28.528] [debug] zzKsbtx8vbRYXMzv60b3CS5z duplicated in blockmap (same size), it doesn't lead to broken differential downloader, just corresponding block will be skipped)
[2026-06-05 18:48:28.529] [debug] rRskNYpbq+WapLjzo5KLz/3K duplicated in blockmap (same size), it doesn't lead to broken differential downloader, just corresponding block will be skipped)
[2026-06-05 18:48:28.529] [debug] 5aQ7OTjEWerJyOB+itcnB+uH duplicated in blockmap (same size), it doesn't lead to broken differential downloader, just corresponding block will be skipped)
[2026-06-05 18:48:28.529] [debug] g4E4r+MOHQawohq8KdYG24fD duplicated in blockmap (same size), it doesn't lead to broken differential downloader, just corresponding block will be skipped)
[2026-06-05 18:48:28.529] [debug] hMkYyKeMJCa+ZOetzmQr64jj duplicated in blockmap (same size), it doesn't lead to broken differential downloader, just corresponding block will be skipped)
[2026-06-05 18:48:28.529] [debug] dGn2/N7NVAbv/fhWbbpxQkBi duplicated in blockmap (same size), it doesn't lead to broken differential downloader, just corresponding block will be skipped)
[2026-06-05 18:48:28.529] [debug] fVb7acn7jhJpZ1PpLpfvUWLi duplicated in blockmap (same size), it doesn't lead to broken differential downloader, just corresponding block will be skipped)
[2026-06-05 18:48:28.529] [debug] yaaPoZqBuYzahfQgIBrAIzHq duplicated in blockmap (same size), it doesn't lead to broken differential downloader, just corresponding block will be skipped)
[2026-06-05 18:48:28.529] [debug] rKARWhJbp5xVNsLCyvq9ou99 duplicated in blockmap (same size), it doesn't lead to broken differential downloader, just corresponding block will be skipped)
[2026-06-05 18:48:28.529] [debug] mdT/MpmPSDGveUFkZSYIDBVN duplicated in blockmap (same size), it doesn't lead to broken differential downloader, just corresponding block will be skipped)
[2026-06-05 18:48:28.529] [debug] P5ZLz45kdXcnRBIGYcQYHMtx duplicated in blockmap (same size), it doesn't lead to broken differential downloader, just corresponding block will be skipped)
[2026-06-05 18:48:28.529] [debug] dMCPUCswNHytyOQtvswiYz6u duplicated in blockmap (same size), it doesn't lead to broken differential downloader, just corresponding block will be skipped)
[2026-06-05 18:48:28.529] [debug] 8wNhMNeFL4lgdcJM1L5O3xkO duplicated in blockmap (same size), it doesn't lead to broken differential downloader, just corresponding block will be skipped)
[2026-06-05 18:48:28.529] [debug] iOBO3GLY9OPrqLJtTxYvaDZC duplicated in blockmap (same size), it doesn't lead to broken differential downloader, just corresponding block will be skipped)
[2026-06-05 18:48:28.529] [debug] nDCR2Ijkz7BVl2w5yhci7TK/ duplicated in blockmap (same size), it doesn't lead to broken differential downloader, just corresponding block will be skipped)
[2026-06-05 18:48:28.529] [debug] u1H4DQNV9Z5n3dmoZHtd8yO7 duplicated in blockmap (same size), it doesn't lead to broken differential downloader, just corresponding block will be skipped)
[2026-06-05 18:48:28.529] [debug] V8rmmxthY9Km/026UbIrOYUk duplicated in blockmap (same size), it doesn't lead to broken differential downloader, just corresponding block will be skipped)
[2026-06-05 18:48:28.529] [debug] lO40V3fd4h9jRhdLWrILUJPA duplicated in blockmap (same size), it doesn't lead to broken differential downloader, just corresponding block will be skipped)
[2026-06-05 18:48:28.530] [debug] 53XAfkrJZs2R1r21HmvtX0Uv duplicated in blockmap (same size), it doesn't lead to broken differential downloader, just corresponding block will be skipped)
[2026-06-05 18:48:28.530] [debug] CcuY0yBZ/NhjzBN9bOFCqYM3 duplicated in blockmap (same size), it doesn't lead to broken differential downloader, just corresponding block will be skipped)
[2026-06-05 18:48:28.530] [debug] p7wJ/xWXppbTfYTQBBp/Jyvz duplicated in blockmap (same size), it doesn't lead to broken differential downloader, just corresponding block will be skipped)
[2026-06-05 18:48:28.539] [info]  File has 9556 changed blocks
[2026-06-05 18:48:28.540] [debug] [
  {
    "kind": 0,
    "start": 0,
    "end": 159006
  },
  {
    "kind": 1,
    "start": 159006,
    "end": 191121
  },
  {
    "kind": 0,
    "start": 191121,
    "end": 2428500
  },
  {
    "kind": 1,
    "start": 2428500,
    "end": 87986914
  },
  {
    "kind": 0,
    "start": 87767084,
    "end": 88017988
  },
  {
    "kind": 1,
    "start": 88237818,
    "end": 88955796
  },
  {
    "kind": 0,
    "start": 88722324,
    "end": 93327578
  },
  {
    "kind": 1,
    "start": 93561050,
    "end": 108112219
  },
  {
    "kind": 0,
    "start": 107852541,
    "end": 107868065
  },
  {
    "kind": 1,
    "start": 108127743,
    "end": 131335522
  },
  {
    "kind": 0,
    "start": 119222587,
    "end": 119234422
  },
  {
    "kind": 1,
    "start": 131347357,
    "end": 153828347
  },
  {
    "kind": 0,
    "start": 141343175,
    "end": 143134082
  },
  {
    "kind": 1,
    "start": 155619254,
    "end": 167181042
  },
  {
    "kind": 0,
    "start": 154677949,
    "end": 156372658
  },
  {
    "kind": 1,
    "start": 168875751,
    "end": 169122856
  },
  {
    "kind": 0,
    "start": 156620127,
    "end": 157259675
  },
  {
    "kind": 1,
    "start": 169762404,
    "end": 169868960
  },
  {
    "kind": 0,
    "start": 157366267,
    "end": 157380352
  },
  {
    "kind": 1,
    "start": 169883045,
    "end": 169922032
  },
  {
    "kind": 0,
    "start": 157419339,
    "end": 157495865
  },
  {
    "kind": 0,
    "start": 154645583,
    "end": 154654083
  },
  {
    "kind": 0,
    "start": 157504365,
    "end": 157528222
  },
  {
    "kind": 0,
    "start": 154677949,
    "end": 154822070
  },
  {
    "kind": 0,
    "start": 157672343,
    "end": 157955359
  },
  {
    "kind": 0,
    "start": 154867518,
    "end": 156318248
  },
  {
    "kind": 0,
    "start": 159406089,
    "end": 161185939
  },
  {
    "kind": 1,
    "start": 173688632,
    "end": 173737262
  },
  {
    "kind": 0,
    "start": 161234569,
    "end": 161242979
  },
  {
    "kind": 1,
    "start": 173745672,
    "end": 198877253
  },
  {
    "kind": 0,
    "start": 186293183,
    "end": 187515463
  },
  {
    "kind": 1,
    "start": 200099533,
    "end": 200397812
  },
  {
    "kind": 0,
    "start": 187817384,
    "end": 220683513
  },
  {
    "kind": 1,
    "start": 233263941,
    "end": 233609528
  },
  {
    "kind": 0,
    "start": 221107067,
    "end": 223692071
  },
  {
    "kind": 1,
    "start": 236194532,
    "end": 237007970
  },
  {
    "kind": 0,
    "start": 224504894,
    "end": 226390141
  },
  {
    "kind": 1,
    "start": 238893217,
    "end": 243772677
  },
  {
    "kind": 0,
    "start": 231023730,
    "end": 231637106
  },
  {
    "kind": 1,
    "start": 244386053,
    "end": 244508404
  },
  {
    "kind": 0,
    "start": 231759550,
    "end": 232818481
  },
  {
    "kind": 1,
    "start": 245567335,
    "end": 245697976
  },
  {
    "kind": 0,
    "start": 232949125,
    "end": 233204069
  },
  {
    "kind": 1,
    "start": 245952920,
    "end": 246097115
  },
  {
    "kind": 0,
    "start": 233348009,
    "end": 234842310
  },
  {
    "kind": 1,
    "start": 247591416,
    "end": 247678733
  },
  {
    "kind": 0,
    "start": 234929559,
    "end": 235060024
  },
  {
    "kind": 1,
    "start": 247809198,
    "end": 252799056
  },
  {
    "kind": 0,
    "start": 239973078,
    "end": 240027382
  },
  {
    "kind": 1,
    "start": 252853360,
    "end": 253211801
  },
  {
    "kind": 0,
    "start": 240385745,
    "end": 240416778
  },
  {
    "kind": 1,
    "start": 253242834,
    "end": 253268450
  },
  {
    "kind": 0,
    "start": 240442398,
    "end": 240532898
  },
  {
    "kind": 1,
    "start": 253358950,
    "end": 253426921
  },
  {
    "kind": 0,
    "start": 240600726,
    "end": 248216472
  },
  {
    "kind": 1,
    "start": 261042667,
    "end": 261442193
  },
  {
    "kind": 0,
    "start": 248611705,
    "end": 248672952
  },
  {
    "kind": 1,
    "start": 261503440,
    "end": 261736243
  },
  {
    "kind": 0,
    "start": 248905722,
    "end": 248984270
  },
  {
    "kind": 1,
    "start": 261814791,
    "end": 262094768
  },
  {
    "kind": 0,
    "start": 249264237,
    "end": 249905219
  },
  {
    "kind": 1,
    "start": 262735750,
    "end": 263923298
  },
  {
    "kind": 0,
    "start": 251092937,
    "end": 251183290
  },
  {
    "kind": 1,
    "start": 264013651,
    "end": 264578393
  },
  {
    "kind": 0,
    "start": 251748063,
    "end": 252109584
  },
  {
    "kind": 1,
    "start": 264939914,
    "end": 265218792
  },
  {
    "kind": 0,
    "start": 252388494,
    "end": 252402473
  },
  {
    "kind": 1,
    "start": 265232771,
    "end": 265474610
  },
  {
    "kind": 0,
    "start": 252644417,
    "end": 252847282
  },
  {
    "kind": 1,
    "start": 265677475,
    "end": 265852240
  },
  {
    "kind": 0,
    "start": 253022049,
    "end": 253794248
  },
  {
    "kind": 1,
    "start": 266624439,
    "end": 266905122
  },
  {
    "kind": 0,
    "start": 254074941,
    "end": 254454564
  },
  {
    "kind": 1,
    "start": 267284745,
    "end": 267437228
  },
  {
    "kind": 0,
    "start": 254607026,
    "end": 254703754
  },
  {
    "kind": 1,
    "start": 267533956,
    "end": 267668203
  },
  {
    "kind": 0,
    "start": 254838008,
    "end": 254849686
  },
  {
    "kind": 1,
    "start": 267679881,
    "end": 267728564
  },
  {
    "kind": 0,
    "start": 254898365,
    "end": 254964970
  },
  {
    "kind": 1,
    "start": 267795169,
    "end": 268052766
  },
  {
    "kind": 0,
    "start": 255210848,
    "end": 255319355
  },
  {
    "kind": 1,
    "start": 268161273,
    "end": 268203620
  },
  {
    "kind": 0,
    "start": 255361700,
    "end": 255373518
  },
  {
    "kind": 1,
    "start": 268215438,
    "end": 268294990
  },
  {
    "kind": 0,
    "start": 255452953,
    "end": 255463845
  },
  {
    "kind": 1,
    "start": 268305882,
    "end": 268346434
  },
  {
    "kind": 0,
    "start": 255504397,
    "end": 255518971
  },
  {
    "kind": 1,
    "start": 268361008,
    "end": 268496872
  }
]
[2026-06-05 18:48:28.566] [info]  Full: 262,475.71 KB, To download: 195,779.62 KB (75%)
[2026-06-05 18:48:28.900] [error] Cannot download differentially, fallback to full download: Error: Content-Type "multipart/byteranges" is expected, but got "binary/octet-stream"
    at ClientRequest.<anonymous> (/tmp/.mount_anytypCQwaR5/resources/app.asar/node_modules/electron-updater/out/differentialDownloader/multipleRangeDownloader.js:83:20)
    at ClientRequest.emit (node:events:508:28)
    at SimpleURLLoaderWrapper.<anonymous> (node:electron/js2c/browser_init:2:134305)
    at SimpleURLLoaderWrapper.emit (node:events:508:28)
[2026-06-05 18:48:30.113] [info]  Download speed: 827528 - Downloaded: 0.3106596999604792% (834976/268775126)
[2026-06-05 18:48:31.117] [info]  Download speed: 1016535 - Downloaded: 0.7617155763141564% (2047302/268775126)
[2026-06-05 18:48:32.118] [info]  Download speed: 1124586 - Downloaded: 1.2615110819443909% (3390628/268775126)
[2026-06-05 18:48:33.126] [info]  Download speed: 1221943 - Downloaded: 1.8285378833754133% (4914655/268775126)
[2026-06-05 18:48:34.128] [info]  Download speed: 1310543 - Downloaded: 2.450182462197041% (6585481/268775126)
[2026-06-05 18:48:35.129] [info]  Download speed: 1400101 - Downloaded: 3.139058336819457% (8437008/268775126)
[2026-06-05 18:48:36.136] [info]  Download speed: 1483849 - Downloaded: 3.882766294378% (10435910/268775126)
[2026-06-05 18:48:37.146] [info]  Download speed: 1568437 - Downloaded: 4.69349124219181% (12614937/268775126)
[2026-06-05 18:48:38.150] [info]  Download speed: 1662384 - Downloaded: 5.5956029948991635% (15039589/268775126)
[2026-06-05 18:48:39.151] [info]  Download speed: 1809844 - Downloaded: 6.765997014173104% (18185317/268775126)
[2026-06-05 18:48:40.154] [info]  Download speed: 1988078 - Downloaded: 8.174211031715785% (21970246/268775126)
[2026-06-05 18:48:41.158] [info]  Download speed: 2136472 - Downloaded: 9.582425049258465% (25755175/268775126)
[2026-06-05 18:48:42.160] [info]  Download speed: 2258589 - Downloaded: 10.972147400276915% (29490403/268775126)
[2026-06-05 18:48:43.160] [info]  Download speed: 2360182 - Downloaded: 12.343806695862176% (33177082/268775126)
[2026-06-05 18:48:44.167] [info]  Download speed: 2414494 - Downloaded: 13.532478076114826% (36371935/268775126)
[2026-06-05 18:48:45.169] [info]  Download speed: 2501496 - Downloaded: 14.952662695431124% (40189038/268775126)
[2026-06-05 18:48:46.172] [info]  Download speed: 2545548 - Downloaded: 16.165918195867572% (43449967/268775126)
[2026-06-05 18:48:47.174] [info]  Download speed: 2593884 - Downloaded: 17.4398839273542% (46874070/268775126)
[2026-06-05 18:48:48.176] [info]  Download speed: 2640574 - Downloaded: 18.738219473479102% (50363673/268775126)
[2026-06-05 18:48:49.179] [info]  Download speed: 2683420 - Downloaded: 20.042647473263578% (53869651/268775126)
[2026-06-05 18:48:50.178] [info]  Download speed: 2727916 - Downloaded: 21.38993695421056% (57490830/268775126)
[2026-06-05 18:48:51.181] [info]  Download speed: 2770945 - Downloaded: 22.761381944250303% (61176933/268775126)
[2026-06-05 18:48:52.182] [info]  Download speed: 2808375 - Downloaded: 24.114763878856856% (64814487/268775126)
[2026-06-05 18:48:53.184] [info]  Download speed: 2843231 - Downloaded: 25.47402396157746% (68467840/268775126)
[2026-06-05 18:48:54.185] [info]  Download speed: 2874786 - Downloaded: 26.827405896184008% (72105394/268775126)
[2026-06-05 18:48:55.185] [info]  Download speed: 2902754 - Downloaded: 28.1683886179259% (75709622/268775126)
[2026-06-05 18:48:56.185] [info]  Download speed: 2929281 - Downloaded: 29.515678098872883% (79330801/268775126)
[2026-06-05 18:48:57.187] [info]  Download speed: 2951940 - Downloaded: 30.84447591329564% (82902279/268775126)
[2026-06-05 18:48:58.191] [info]  Download speed: 2973978 - Downloaded: 32.185672940583046% (86507083/268775126)
[2026-06-05 18:48:59.194] [info]  Download speed: 2994082 - Downloaded: 33.52056320866537% (90094936/268775126)
[2026-06-05 18:49:00.197] [info]  Download speed: 3013416 - Downloaded: 34.86154593040727% (93699164/268775126)
[2026-06-05 18:49:01.198] [info]  Download speed: 3031238 - Downloaded: 36.19665050403511% (97287593/268775126)
[2026-06-05 18:49:02.200] [info]  Download speed: 3047873 - Downloaded: 37.53154077211743% (100875446/268775126)
[2026-06-05 18:49:03.202] [info]  Download speed: 3063066 - Downloaded: 38.86055289208571% (104447500/268775126)
[2026-06-05 18:49:04.206] [info]  Download speed: 3077201 - Downloaded: 40.189350706508456% (108018978/268775126)
[2026-06-05 18:49:05.207] [info]  Download speed: 3090352 - Downloaded: 41.512056067271644% (111574081/268775126)
[2026-06-05 18:49:06.208] [info]  Download speed: 3102810 - Downloaded: 42.83497573358034% (115129760/268775126)
[2026-06-05 18:49:07.211] [info]  Download speed: 3114864 - Downloaded: 44.1637735480031% (118701238/268775126)
[2026-06-05 18:49:08.214] [info]  Download speed: 3125896 - Downloaded: 45.4866932143118% (122256917/268775126)
[2026-06-05 18:49:09.216] [info]  Download speed: 3136866 - Downloaded: 46.81576077095765% (125829120/268775126)
[2026-06-05 18:49:10.217] [info]  Download speed: 3147756 - Downloaded: 48.1505956023624% (129416824/268775126)
[2026-06-05 18:49:11.220] [info]  Download speed: 3156814 - Downloaded: 49.46720850946601% (132955552/268775126)
[2026-06-05 18:49:12.220] [info]  Download speed: 3166052 - Downloaded: 50.7899138702292% (136510655/268775126)
[2026-06-05 18:49:13.223] [info]  Download speed: 3174668 - Downloaded: 52.112833536537906% (140066334/268775126)
[2026-06-05 18:49:14.224] [info]  Download speed: 3183392 - Downloaded: 53.44163135096065% (143637812/268775126)
[2026-06-05 18:49:15.224] [info]  Download speed: 3191451 - Downloaded: 54.764336711723836% (147192915/268775126)
[2026-06-05 18:49:16.225] [info]  Download speed: 3199113 - Downloaded: 56.08725637803255% (150748594/268775126)
[2026-06-05 18:49:17.225] [info]  Download speed: 3206510 - Downloaded: 57.40996173879572% (154303697/268775126)
[2026-06-05 18:49:18.226] [info]  Download speed: 3213553 - Downloaded: 58.73288140510443% (157859376/268775126)
[2026-06-05 18:49:19.227] [info]  Download speed: 3220303 - Downloaded: 60.05558676586761% (161414479/268775126)
[2026-06-05 18:49:20.229] [info]  Download speed: 3226726 - Downloaded: 61.3782921266308% (164969582/268775126)
[2026-06-05 18:49:21.231] [info]  Download speed: 3231970 - Downloaded: 62.68293443196079% (168476136/268775126)
[2026-06-05 18:49:22.234] [info]  Download speed: 3237561 - Downloaded: 63.9995473390644% (172014864/268775126)
[2026-06-05 18:49:23.238] [info]  Download speed: 3243501 - Downloaded: 65.32855945903268% (175586918/268775126)
[2026-06-05 18:49:24.242] [info]  Download speed: 3246541 - Downloaded: 66.6025251905193% (179011021/268775126)
[2026-06-05 18:49:25.244] [info]  Download speed: 3252213 - Downloaded: 67.93132300494206% (182582499/268775126)
[2026-06-05 18:49:26.247] [info]  Download speed: 3257926 - Downloaded: 69.2664275785699% (186170928/268775126)
[2026-06-05 18:49:27.249] [info]  Download speed: 3263488 - Downloaded: 70.60131784665222% (189758781/268775126)
[2026-06-05 18:49:28.252] [info]  Download speed: 3268862 - Downloaded: 71.93620811473454% (193346634/268775126)
[2026-06-05 18:49:29.255] [info]  Download speed: 3274011 - Downloaded: 73.27131268836239% (196935063/268775126)
[2026-06-05 18:49:30.258] [info]  Download speed: 3277858 - Downloaded: 74.58183314180643% (200457416/268775126)
[2026-06-05 18:49:31.260] [info]  Download speed: 3282486 - Downloaded: 75.91084526177471% (204029470/268775126)
[2026-06-05 18:49:32.263] [info]  Download speed: 3287165 - Downloaded: 77.24573552985703% (207617323/268775126)
[2026-06-05 18:49:33.265] [info]  Download speed: 3291493 - Downloaded: 78.57453334427979% (211188801/268775126)
[2026-06-05 18:49:34.267] [info]  Download speed: 3295698 - Downloaded: 79.90354546424805% (214760855/268775126)
[2026-06-05 18:49:35.271] [info]  Download speed: 3299914 - Downloaded: 81.23843573233039% (218348708/268775126)
[2026-06-05 18:49:36.273] [info]  Download speed: 3304111 - Downloaded: 82.57354030595823% (221937137/268775126)
[2026-06-05 18:49:37.275] [info]  Download speed: 3307215 - Downloaded: 83.88406075940227% (225459490/268775126)
[2026-06-05 18:49:38.278] [info]  Download speed: 3311137 - Downloaded: 85.2191653330301% (229047919/268775126)
[2026-06-05 18:49:39.281] [info]  Download speed: 3314939 - Downloaded: 86.55405560111244% (232635772/268775126)
[2026-06-05 18:49:40.284] [info]  Download speed: 3318633 - Downloaded: 87.88894586919476% (236223625/268775126)
[2026-06-05 18:49:41.284] [info]  Download speed: 3322144 - Downloaded: 89.21795798916304% (239795679/268775126)
[2026-06-05 18:49:42.287] [info]  Download speed: 3325415 - Downloaded: 90.54675580358578% (243367157/268775126)
[2026-06-05 18:49:43.288] [info]  Download speed: 3328695 - Downloaded: 91.87576792355405% (246939211/268775126)
[2026-06-05 18:49:44.290] [info]  Download speed: 3331835 - Downloaded: 93.20456573797681% (250510689/268775126)
[2026-06-05 18:49:45.290] [info]  Download speed: 3334981 - Downloaded: 94.53336355239956% (254082167/268775126)
[2026-06-05 18:49:46.292] [info]  Download speed: 3337541 - Downloaded: 95.8501907650487% (257621471/268775126)
[2026-06-05 18:49:47.295] [info]  Download speed: 3339986 - Downloaded: 97.16680367215231% (261160199/268775126)
[2026-06-05 18:49:48.297] [info]  Download speed: 3342419 - Downloaded: 98.48363088480144% (264699503/268775126)
[2026-06-05 18:49:49.299] [info]  Download speed: 3345192 - Downloaded: 99.8124286992242% (268270981/268775126)
[2026-06-05 18:49:49.444] [info]  Download speed: 3345429 - Downloaded: 100% (268775126/268775126)
[2026-06-05 18:49:49.499] [info]  New version 0.55.5 has been downloaded to /home/a7r/.cache/anytype-updater/pending/Anytype-0.55.5.AppImage
[2026-06-05 18:49:49.502] [info]  Update downloaded: {
   "version": "0.55.5",
   "files": [
      {
         "url": "Anytype-0.55.5.AppImage",
         "sha512": "5kw48x2+PctEUg/K3hHyumm4UVmW1Ds4NUAnTycH2zjde4jfuvjlrQaTrtP7oBltRKvtf6kNmqTlyS0fk9a5yg==",
         "size": 268775126,
         "blockMapSize": 278250
      },
      {
         "url": "anytype_0.55.5_amd64.deb",
         "sha512": "wljUaINiaon5Z+nSdMDKhbZhDdzXAGiZ9eL9WiJ53KVzQZAjCGE8rIHmXq5SxHPGB9dBjmIF4Y+cX1v/4m+22g==",
         "size": 226321168
      },
      {
         "url": "anytype_0.55.5_amd64.deb",
         "sha512": "wljUaINiaon5Z+nSdMDKhbZhDdzXAGiZ9eL9WiJ53KVzQZAjCGE8rIHmXq5SxHPGB9dBjmIF4Y+cX1v/4m+22g==",
         "size": 226321168
      },
      {
         "url": "anytype_0.55.5_amd64.deb",
         "sha512": "wljUaINiaon5Z+nSdMDKhbZhDdzXAGiZ9eL9WiJ53KVzQZAjCGE8rIHmXq5SxHPGB9dBjmIF4Y+cX1v/4m+22g==",
         "size": 226321168
      },
      {
         "url": "anytype-0.55.5.x86_64.rpm",
         "sha512": "bXv6Rzn90YKItShmLwPx9+JoMs518P1Jw0dG27EPjpRtC63dXde0V8jdmIcXOlwIWMLs+LpxfUTqFbxI//zhgg==",
         "size": 201485757
      },
      {
         "url": "anytype-0.55.5.x86_64.rpm",
         "sha512": "bXv6Rzn90YKItShmLwPx9+JoMs518P1Jw0dG27EPjpRtC63dXde0V8jdmIcXOlwIWMLs+LpxfUTqFbxI//zhgg==",
         "size": 201485757
      },
      {
         "url": "anytype-0.55.5.x86_64.rpm",
         "sha512": "bXv6Rzn90YKItShmLwPx9+JoMs518P1Jw0dG27EPjpRtC63dXde0V8jdmIcXOlwIWMLs+LpxfUTqFbxI//zhgg==",
         "size": 201485757
      }
   ],
   "path": "Anytype-0.55.5.AppImage",
   "sha512": "5kw48x2+PctEUg/K3hHyumm4UVmW1Ds4NUAnTycH2zjde4jfuvjlrQaTrtP7oBltRKvtf6kNmqTlyS0fk9a5yg==",
   "releaseDate": "2026-06-03T13:00:29.463Z",
   "downloadedFile": "/home/a7r/.cache/anytype-updater/pending/Anytype-0.55.5.AppImage"
}
[2026-06-05 18:50:19.979] [info]  second-instance
[2026-06-05 18:50:19.989] [info]  [WindowManager].saveTabs: Saved 0 window(s)
[2026-06-05 18:50:19.994] [info]  [Api].exit, relaunch: false, isUpdate: false
[2026-06-05 18:50:23.428] [info]  closeMain: undefined
[2026-06-05 18:50:57.963] [info]  second-instance
[2026-06-05 18:50:57.973] [info]  [WindowManager].saveTabs: Saved 0 window(s)
[2026-06-05 18:50:57.978] [info]  [Api].exit, relaunch: false, isUpdate: false
[2026-06-05 18:51:10.067] [info]  closeMain: undefined
[2026-06-05 18:51:58.091] [info]  second-instance
[2026-06-05 18:51:58.102] [info]  [WindowManager].saveTabs: Saved 0 window(s)
[2026-06-05 18:51:58.106] [info]  [Api].exit, relaunch: false, isUpdate: false
[2026-06-05 18:52:54.297] [info]  closeMain: undefined
[2026-06-05 19:45:58.174] [info]  [PowerMonitor] resume
