[2026-07-08 21:50:09.538] [debug] checkForUpdatesAndNotify called, downloadPromise is null
[2026-07-08 22:00:09.298] [info]  Checking for update
[2026-07-08 22:00:09.298] [info]  Checking for update
[2026-07-08 22:00:09.561] [info]  Update for version 0.55.5 is not available (latest version: 0.55.5, downgrade is allowed).
[2026-07-08 22:00:09.561] [info]  Update not available: {
   "version": "0.55.5",
   "files": [
      {
         "url": "Anytype-0.55.5.AppImage",
         "sha512": "5kw48x2+PctEUg/K3hHyumm4UVmW1Ds4NUAnTycH2zjde4jfuvjlrQaTrtP7oBltRKvtf6kNmqTlyS0fk9a5yg==",
         "size": 268775126,
         "blockMapSize": 278250
      },
      {
         "url": "anytype_0.55.5_amd64.deb",
         "sha512": "wljUaINiaon5Z+nSdMDKhbZhDdzXAGiZ9eL9WiJ53KVzQZAjCGE8rIHmXq5SxHPGB9dBjmIF4Y+cX1v/4m+22g==",
         "size": 226321168
      },
      {
         "url": "anytype_0.55.5_amd64.deb",
         "sha512": "wljUaINiaon5Z+nSdMDKhbZhDdzXAGiZ9eL9WiJ53KVzQZAjCGE8rIHmXq5SxHPGB9dBjmIF4Y+cX1v/4m+22g==",
         "size": 226321168
      },
      {
         "url": "anytype_0.55.5_amd64.deb",
         "sha512": "wljUaINiaon5Z+nSdMDKhbZhDdzXAGiZ9eL9WiJ53KVzQZAjCGE8rIHmXq5SxHPGB9dBjmIF4Y+cX1v/4m+22g==",
         "size": 226321168
      },
      {
         "url": "anytype-0.55.5.x86_64.rpm",
         "sha512": "bXv6Rzn90YKItShmLwPx9+JoMs518P1Jw0dG27EPjpRtC63dXde0V8jdmIcXOlwIWMLs+LpxfUTqFbxI//zhgg==",
         "size": 201485757
      },
      {
         "url": "anytype-0.55.5.x86_64.rpm",
         "sha512": "bXv6Rzn90YKItShmLwPx9+JoMs518P1Jw0dG27EPjpRtC63dXde0V8jdmIcXOlwIWMLs+LpxfUTqFbxI//zhgg==",
         "size": 201485757
      },
      {
         "url": "anytype-0.55.5.x86_64.rpm",
         "sha512": "bXv6Rzn90YKItShmLwPx9+JoMs518P1Jw0dG27EPjpRtC63dXde0V8jdmIcXOlwIWMLs+LpxfUTqFbxI//zhgg==",
         "size": 201485757
      }
   ],
   "path": "Anytype-0.55.5.AppImage",
   "sha512": "5kw48x2+PctEUg/K3hHyumm4UVmW1Ds4NUAnTycH2zjde4jfuvjlrQaTrtP7oBltRKvtf6kNmqTlyS0fk9a5yg==",
   "releaseDate": "2026-06-03T13:00:29.463Z"
}
[2026-07-08 22:00:09.561] [debug] checkForUpdatesAndNotify called, downloadPromise is null
[2026-07-10 13:48:17.618] [info]  [WindowManager].clearSavedTabs: Cleared saved tabs
[2026-07-10 13:48:27.640] [info]  closeMain: undefined
[2026-07-10 13:58:17.622] [info]  Checking for update
[2026-07-10 13:58:17.622] [info]  Checking for update
[2026-07-10 13:58:17.890] [info]  Update for version 0.55.5 is not available (latest version: 0.55.5, downgrade is allowed).
[2026-07-10 13:58:17.890] [info]  Update not available: {
   "version": "0.55.5",
   "files": [
      {
         "url": "Anytype-0.55.5.AppImage",
         "sha512": "5kw48x2+PctEUg/K3hHyumm4UVmW1Ds4NUAnTycH2zjde4jfuvjlrQaTrtP7oBltRKvtf6kNmqTlyS0fk9a5yg==",
         "size": 268775126,
         "blockMapSize": 278250
      },
      {
         "url": "anytype_0.55.5_amd64.deb",
         "sha512": "wljUaINiaon5Z+nSdMDKhbZhDdzXAGiZ9eL9WiJ53KVzQZAjCGE8rIHmXq5SxHPGB9dBjmIF4Y+cX1v/4m+22g==",
         "size": 226321168
      },
      {
         "url": "anytype_0.55.5_amd64.deb",
         "sha512": "wljUaINiaon5Z+nSdMDKhbZhDdzXAGiZ9eL9WiJ53KVzQZAjCGE8rIHmXq5SxHPGB9dBjmIF4Y+cX1v/4m+22g==",
         "size": 226321168
      },
      {
         "url": "anytype_0.55.5_amd64.deb",
         "sha512": "wljUaINiaon5Z+nSdMDKhbZhDdzXAGiZ9eL9WiJ53KVzQZAjCGE8rIHmXq5SxHPGB9dBjmIF4Y+cX1v/4m+22g==",
         "size": 226321168
      },
      {
         "url": "anytype-0.55.5.x86_64.rpm",
         "sha512": "bXv6Rzn90YKItShmLwPx9+JoMs518P1Jw0dG27EPjpRtC63dXde0V8jdmIcXOlwIWMLs+LpxfUTqFbxI//zhgg==",
         "size": 201485757
      },
      {
         "url": "anytype-0.55.5.x86_64.rpm",
         "sha512": "bXv6Rzn90YKItShmLwPx9+JoMs518P1Jw0dG27EPjpRtC63dXde0V8jdmIcXOlwIWMLs+LpxfUTqFbxI//zhgg==",
         "size": 201485757
      },
      {
         "url": "anytype-0.55.5.x86_64.rpm",
         "sha512": "bXv6Rzn90YKItShmLwPx9+JoMs518P1Jw0dG27EPjpRtC63dXde0V8jdmIcXOlwIWMLs+LpxfUTqFbxI//zhgg==",
         "size": 201485757
      }
   ],
   "path": "Anytype-0.55.5.AppImage",
   "sha512": "5kw48x2+PctEUg/K3hHyumm4UVmW1Ds4NUAnTycH2zjde4jfuvjlrQaTrtP7oBltRKvtf6kNmqTlyS0fk9a5yg==",
   "releaseDate": "2026-06-03T13:00:29.463Z"
}
[2026-07-10 13:58:17.891] [debug] checkForUpdatesAndNotify called, downloadPromise is null
[2026-07-10 14:06:32.880] [info]  before-quit, isRelaunching: false
[2026-07-10 14:06:32.891] [info]  [WindowManager].saveTabs: Saved 1 window(s)
[2026-07-10 14:06:32.891] [info]  [Api].exit, relaunch: false, isUpdate: false
[2026-07-10 14:06:32.900] [info]  [Window] render-process-gone: killed
[2026-07-10 14:06:54.078] [info]  [WindowManager].loadAllWindows: Found 1 saved window(s)
[2026-07-10 14:06:54.151] [info]  [WindowManager].clearSavedTabs: Cleared saved tabs
[2026-07-10 14:07:04.306] [info]  closeMain: undefined
[2026-07-10 14:07:52.603] [info]  [WindowManager].clearSavedTabs: Cleared saved tabs
[2026-07-10 14:13:59.905] [info]  closeMain: undefined
[2026-07-10 14:14:45.233] [info]  [WindowManager].clearSavedTabs: Cleared saved tabs
[2026-07-10 14:24:45.236] [info]  Checking for update
[2026-07-10 14:24:45.237] [info]  Checking for update
[2026-07-10 14:24:45.511] [info]  Update for version 0.55.5 is not available (latest version: 0.55.5, downgrade is allowed).
[2026-07-10 14:24:45.511] [info]  Update not available: {
   "version": "0.55.5",
   "files": [
      {
         "url": "Anytype-0.55.5.AppImage",
         "sha512": "5kw48x2+PctEUg/K3hHyumm4UVmW1Ds4NUAnTycH2zjde4jfuvjlrQaTrtP7oBltRKvtf6kNmqTlyS0fk9a5yg==",
         "size": 268775126,
         "blockMapSize": 278250
      },
      {
         "url": "anytype_0.55.5_amd64.deb",
         "sha512": "wljUaINiaon5Z+nSdMDKhbZhDdzXAGiZ9eL9WiJ53KVzQZAjCGE8rIHmXq5SxHPGB9dBjmIF4Y+cX1v/4m+22g==",
         "size": 226321168
      },
      {
         "url": "anytype_0.55.5_amd64.deb",
         "sha512": "wljUaINiaon5Z+nSdMDKhbZhDdzXAGiZ9eL9WiJ53KVzQZAjCGE8rIHmXq5SxHPGB9dBjmIF4Y+cX1v/4m+22g==",
         "size": 226321168
      },
      {
         "url": "anytype_0.55.5_amd64.deb",
         "sha512": "wljUaINiaon5Z+nSdMDKhbZhDdzXAGiZ9eL9WiJ53KVzQZAjCGE8rIHmXq5SxHPGB9dBjmIF4Y+cX1v/4m+22g==",
         "size": 226321168
      },
      {
         "url": "anytype-0.55.5.x86_64.rpm",
         "sha512": "bXv6Rzn90YKItShmLwPx9+JoMs518P1Jw0dG27EPjpRtC63dXde0V8jdmIcXOlwIWMLs+LpxfUTqFbxI//zhgg==",
         "size": 201485757
      },
      {
         "url": "anytype-0.55.5.x86_64.rpm",
         "sha512": "bXv6Rzn90YKItShmLwPx9+JoMs518P1Jw0dG27EPjpRtC63dXde0V8jdmIcXOlwIWMLs+LpxfUTqFbxI//zhgg==",
         "size": 201485757
      },
      {
         "url": "anytype-0.55.5.x86_64.rpm",
         "sha512": "bXv6Rzn90YKItShmLwPx9+JoMs518P1Jw0dG27EPjpRtC63dXde0V8jdmIcXOlwIWMLs+LpxfUTqFbxI//zhgg==",
         "size": 201485757
      }
   ],
   "path": "Anytype-0.55.5.AppImage",
   "sha512": "5kw48x2+PctEUg/K3hHyumm4UVmW1Ds4NUAnTycH2zjde4jfuvjlrQaTrtP7oBltRKvtf6kNmqTlyS0fk9a5yg==",
   "releaseDate": "2026-06-03T13:00:29.463Z"
}
[2026-07-10 14:24:45.511] [debug] checkForUpdatesAndNotify called, downloadPromise is null
[2026-07-10 14:34:45.237] [info]  Checking for update
[2026-07-10 14:34:45.237] [info]  Checking for update
[2026-07-10 14:34:45.511] [info]  Update for version 0.55.5 is not available (latest version: 0.55.5, downgrade is allowed).
[2026-07-10 14:34:45.512] [info]  Update not available: {
   "version": "0.55.5",
   "files": [
      {
         "url": "Anytype-0.55.5.AppImage",
         "sha512": "5kw48x2+PctEUg/K3hHyumm4UVmW1Ds4NUAnTycH2zjde4jfuvjlrQaTrtP7oBltRKvtf6kNmqTlyS0fk9a5yg==",
         "size": 268775126,
         "blockMapSize": 278250
      },
      {
         "url": "anytype_0.55.5_amd64.deb",
         "sha512": "wljUaINiaon5Z+nSdMDKhbZhDdzXAGiZ9eL9WiJ53KVzQZAjCGE8rIHmXq5SxHPGB9dBjmIF4Y+cX1v/4m+22g==",
         "size": 226321168
      },
      {
         "url": "anytype_0.55.5_amd64.deb",
         "sha512": "wljUaINiaon5Z+nSdMDKhbZhDdzXAGiZ9eL9WiJ53KVzQZAjCGE8rIHmXq5SxHPGB9dBjmIF4Y+cX1v/4m+22g==",
         "size": 226321168
      },
      {
         "url": "anytype_0.55.5_amd64.deb",
         "sha512": "wljUaINiaon5Z+nSdMDKhbZhDdzXAGiZ9eL9WiJ53KVzQZAjCGE8rIHmXq5SxHPGB9dBjmIF4Y+cX1v/4m+22g==",
         "size": 226321168
      },
      {
         "url": "anytype-0.55.5.x86_64.rpm",
         "sha512": "bXv6Rzn90YKItShmLwPx9+JoMs518P1Jw0dG27EPjpRtC63dXde0V8jdmIcXOlwIWMLs+LpxfUTqFbxI//zhgg==",
         "size": 201485757
      },
      {
         "url": "anytype-0.55.5.x86_64.rpm",
         "sha512": "bXv6Rzn90YKItShmLwPx9+JoMs518P1Jw0dG27EPjpRtC63dXde0V8jdmIcXOlwIWMLs+LpxfUTqFbxI//zhgg==",
         "size": 201485757
      },
      {
         "url": "anytype-0.55.5.x86_64.rpm",
         "sha512": "bXv6Rzn90YKItShmLwPx9+JoMs518P1Jw0dG27EPjpRtC63dXde0V8jdmIcXOlwIWMLs+LpxfUTqFbxI//zhgg==",
         "size": 201485757
      }
   ],
   "path": "Anytype-0.55.5.AppImage",
   "sha512": "5kw48x2+PctEUg/K3hHyumm4UVmW1Ds4NUAnTycH2zjde4jfuvjlrQaTrtP7oBltRKvtf6kNmqTlyS0fk9a5yg==",
   "releaseDate": "2026-06-03T13:00:29.463Z"
}
[2026-07-10 14:34:45.512] [debug] checkForUpdatesAndNotify called, downloadPromise is null
[2026-07-10 14:37:36.648] [info]  closeMain: undefined
[2026-07-10 14:44:45.238] [info]  Checking for update
[2026-07-10 14:44:45.238] [info]  Checking for update
[2026-07-10 14:44:45.502] [info]  Update for version 0.55.5 is not available (latest version: 0.55.5, downgrade is allowed).
[2026-07-10 14:44:45.502] [info]  Update not available: {
   "version": "0.55.5",
   "files": [
      {
         "url": "Anytype-0.55.5.AppImage",
         "sha512": "5kw48x2+PctEUg/K3hHyumm4UVmW1Ds4NUAnTycH2zjde4jfuvjlrQaTrtP7oBltRKvtf6kNmqTlyS0fk9a5yg==",
         "size": 268775126,
         "blockMapSize": 278250
      },
      {
         "url": "anytype_0.55.5_amd64.deb",
         "sha512": "wljUaINiaon5Z+nSdMDKhbZhDdzXAGiZ9eL9WiJ53KVzQZAjCGE8rIHmXq5SxHPGB9dBjmIF4Y+cX1v/4m+22g==",
         "size": 226321168
      },
      {
         "url": "anytype_0.55.5_amd64.deb",
         "sha512": "wljUaINiaon5Z+nSdMDKhbZhDdzXAGiZ9eL9WiJ53KVzQZAjCGE8rIHmXq5SxHPGB9dBjmIF4Y+cX1v/4m+22g==",
         "size": 226321168
      },
      {
         "url": "anytype_0.55.5_amd64.deb",
         "sha512": "wljUaINiaon5Z+nSdMDKhbZhDdzXAGiZ9eL9WiJ53KVzQZAjCGE8rIHmXq5SxHPGB9dBjmIF4Y+cX1v/4m+22g==",
         "size": 226321168
      },
      {
         "url": "anytype-0.55.5.x86_64.rpm",
         "sha512": "bXv6Rzn90YKItShmLwPx9+JoMs518P1Jw0dG27EPjpRtC63dXde0V8jdmIcXOlwIWMLs+LpxfUTqFbxI//zhgg==",
         "size": 201485757
      },
      {
         "url": "anytype-0.55.5.x86_64.rpm",
         "sha512": "bXv6Rzn90YKItShmLwPx9+JoMs518P1Jw0dG27EPjpRtC63dXde0V8jdmIcXOlwIWMLs+LpxfUTqFbxI//zhgg==",
         "size": 201485757
      },
      {
         "url": "anytype-0.55.5.x86_64.rpm",
         "sha512": "bXv6Rzn90YKItShmLwPx9+JoMs518P1Jw0dG27EPjpRtC63dXde0V8jdmIcXOlwIWMLs+LpxfUTqFbxI//zhgg==",
         "size": 201485757
      }
   ],
   "path": "Anytype-0.55.5.AppImage",
   "sha512": "5kw48x2+PctEUg/K3hHyumm4UVmW1Ds4NUAnTycH2zjde4jfuvjlrQaTrtP7oBltRKvtf6kNmqTlyS0fk9a5yg==",
   "releaseDate": "2026-06-03T13:00:29.463Z"
}
[2026-07-10 14:44:45.502] [debug] checkForUpdatesAndNotify called, downloadPromise is null
[2026-07-10 14:54:45.239] [info]  Checking for update
[2026-07-10 14:54:45.239] [info]  Checking for update
[2026-07-10 14:54:45.547] [info]  Update for version 0.55.5 is not available (latest version: 0.55.5, downgrade is allowed).
[2026-07-10 14:54:45.548] [info]  Update not available: {
   "version": "0.55.5",
   "files": [
      {
         "url": "Anytype-0.55.5.AppImage",
         "sha512": "5kw48x2+PctEUg/K3hHyumm4UVmW1Ds4NUAnTycH2zjde4jfuvjlrQaTrtP7oBltRKvtf6kNmqTlyS0fk9a5yg==",
         "size": 268775126,
         "blockMapSize": 278250
      },
      {
         "url": "anytype_0.55.5_amd64.deb",
         "sha512": "wljUaINiaon5Z+nSdMDKhbZhDdzXAGiZ9eL9WiJ53KVzQZAjCGE8rIHmXq5SxHPGB9dBjmIF4Y+cX1v/4m+22g==",
         "size": 226321168
      },
      {
         "url": "anytype_0.55.5_amd64.deb",
         "sha512": "wljUaINiaon5Z+nSdMDKhbZhDdzXAGiZ9eL9WiJ53KVzQZAjCGE8rIHmXq5SxHPGB9dBjmIF4Y+cX1v/4m+22g==",
         "size": 226321168
      },
      {
         "url": "anytype_0.55.5_amd64.deb",
         "sha512": "wljUaINiaon5Z+nSdMDKhbZhDdzXAGiZ9eL9WiJ53KVzQZAjCGE8rIHmXq5SxHPGB9dBjmIF4Y+cX1v/4m+22g==",
         "size": 226321168
      },
      {
         "url": "anytype-0.55.5.x86_64.rpm",
         "sha512": "bXv6Rzn90YKItShmLwPx9+JoMs518P1Jw0dG27EPjpRtC63dXde0V8jdmIcXOlwIWMLs+LpxfUTqFbxI//zhgg==",
         "size": 201485757
      },
      {
         "url": "anytype-0.55.5.x86_64.rpm",
         "sha512": "bXv6Rzn90YKItShmLwPx9+JoMs518P1Jw0dG27EPjpRtC63dXde0V8jdmIcXOlwIWMLs+LpxfUTqFbxI//zhgg==",
         "size": 201485757
      },
      {
         "url": "anytype-0.55.5.x86_64.rpm",
         "sha512": "bXv6Rzn90YKItShmLwPx9+JoMs518P1Jw0dG27EPjpRtC63dXde0V8jdmIcXOlwIWMLs+LpxfUTqFbxI//zhgg==",
         "size": 201485757
      }
   ],
   "path": "Anytype-0.55.5.AppImage",
   "sha512": "5kw48x2+PctEUg/K3hHyumm4UVmW1Ds4NUAnTycH2zjde4jfuvjlrQaTrtP7oBltRKvtf6kNmqTlyS0fk9a5yg==",
   "releaseDate": "2026-06-03T13:00:29.463Z"
}
[2026-07-10 14:54:45.548] [debug] checkForUpdatesAndNotify called, downloadPromise is null
[2026-07-10 15:04:45.239] [info]  Checking for update
[2026-07-10 15:04:45.240] [info]  Checking for update
[2026-07-10 15:04:45.512] [info]  Update for version 0.55.5 is not available (latest version: 0.55.5, downgrade is allowed).
[2026-07-10 15:04:45.512] [info]  Update not available: {
   "version": "0.55.5",
   "files": [
      {
         "url": "Anytype-0.55.5.AppImage",
         "sha512": "5kw48x2+PctEUg/K3hHyumm4UVmW1Ds4NUAnTycH2zjde4jfuvjlrQaTrtP7oBltRKvtf6kNmqTlyS0fk9a5yg==",
         "size": 268775126,
         "blockMapSize": 278250
      },
      {
         "url": "anytype_0.55.5_amd64.deb",
         "sha512": "wljUaINiaon5Z+nSdMDKhbZhDdzXAGiZ9eL9WiJ53KVzQZAjCGE8rIHmXq5SxHPGB9dBjmIF4Y+cX1v/4m+22g==",
         "size": 226321168
      },
      {
         "url": "anytype_0.55.5_amd64.deb",
         "sha512": "wljUaINiaon5Z+nSdMDKhbZhDdzXAGiZ9eL9WiJ53KVzQZAjCGE8rIHmXq5SxHPGB9dBjmIF4Y+cX1v/4m+22g==",
         "size": 226321168
      },
      {
         "url": "anytype_0.55.5_amd64.deb",
         "sha512": "wljUaINiaon5Z+nSdMDKhbZhDdzXAGiZ9eL9WiJ53KVzQZAjCGE8rIHmXq5SxHPGB9dBjmIF4Y+cX1v/4m+22g==",
         "size": 226321168
      },
      {
         "url": "anytype-0.55.5.x86_64.rpm",
         "sha512": "bXv6Rzn90YKItShmLwPx9+JoMs518P1Jw0dG27EPjpRtC63dXde0V8jdmIcXOlwIWMLs+LpxfUTqFbxI//zhgg==",
         "size": 201485757
      },
      {
         "url": "anytype-0.55.5.x86_64.rpm",
         "sha512": "bXv6Rzn90YKItShmLwPx9+JoMs518P1Jw0dG27EPjpRtC63dXde0V8jdmIcXOlwIWMLs+LpxfUTqFbxI//zhgg==",
         "size": 201485757
      },
      {
         "url": "anytype-0.55.5.x86_64.rpm",
         "sha512": "bXv6Rzn90YKItShmLwPx9+JoMs518P1Jw0dG27EPjpRtC63dXde0V8jdmIcXOlwIWMLs+LpxfUTqFbxI//zhgg==",
         "size": 201485757
      }
   ],
   "path": "Anytype-0.55.5.AppImage",
   "sha512": "5kw48x2+PctEUg/K3hHyumm4UVmW1Ds4NUAnTycH2zjde4jfuvjlrQaTrtP7oBltRKvtf6kNmqTlyS0fk9a5yg==",
   "releaseDate": "2026-06-03T13:00:29.463Z"
}
[2026-07-10 15:04:45.513] [debug] checkForUpdatesAndNotify called, downloadPromise is null
[2026-07-10 15:14:45.241] [info]  Checking for update
[2026-07-10 15:14:45.241] [info]  Checking for update
[2026-07-10 15:14:45.571] [info]  Update for version 0.55.5 is not available (latest version: 0.55.5, downgrade is allowed).
[2026-07-10 15:14:45.571] [info]  Update not available: {
   "version": "0.55.5",
   "files": [
      {
         "url": "Anytype-0.55.5.AppImage",
         "sha512": "5kw48x2+PctEUg/K3hHyumm4UVmW1Ds4NUAnTycH2zjde4jfuvjlrQaTrtP7oBltRKvtf6kNmqTlyS0fk9a5yg==",
         "size": 268775126,
         "blockMapSize": 278250
      },
      {
         "url": "anytype_0.55.5_amd64.deb",
         "sha512": "wljUaINiaon5Z+nSdMDKhbZhDdzXAGiZ9eL9WiJ53KVzQZAjCGE8rIHmXq5SxHPGB9dBjmIF4Y+cX1v/4m+22g==",
         "size": 226321168
      },
      {
         "url": "anytype_0.55.5_amd64.deb",
         "sha512": "wljUaINiaon5Z+nSdMDKhbZhDdzXAGiZ9eL9WiJ53KVzQZAjCGE8rIHmXq5SxHPGB9dBjmIF4Y+cX1v/4m+22g==",
         "size": 226321168
      },
      {
         "url": "anytype_0.55.5_amd64.deb",
         "sha512": "wljUaINiaon5Z+nSdMDKhbZhDdzXAGiZ9eL9WiJ53KVzQZAjCGE8rIHmXq5SxHPGB9dBjmIF4Y+cX1v/4m+22g==",
         "size": 226321168
      },
      {
         "url": "anytype-0.55.5.x86_64.rpm",
         "sha512": "bXv6Rzn90YKItShmLwPx9+JoMs518P1Jw0dG27EPjpRtC63dXde0V8jdmIcXOlwIWMLs+LpxfUTqFbxI//zhgg==",
         "size": 201485757
      },
      {
         "url": "anytype-0.55.5.x86_64.rpm",
         "sha512": "bXv6Rzn90YKItShmLwPx9+JoMs518P1Jw0dG27EPjpRtC63dXde0V8jdmIcXOlwIWMLs+LpxfUTqFbxI//zhgg==",
         "size": 201485757
      },
      {
         "url": "anytype-0.55.5.x86_64.rpm",
         "sha512": "bXv6Rzn90YKItShmLwPx9+JoMs518P1Jw0dG27EPjpRtC63dXde0V8jdmIcXOlwIWMLs+LpxfUTqFbxI//zhgg==",
         "size": 201485757
      }
   ],
   "path": "Anytype-0.55.5.AppImage",
   "sha512": "5kw48x2+PctEUg/K3hHyumm4UVmW1Ds4NUAnTycH2zjde4jfuvjlrQaTrtP7oBltRKvtf6kNmqTlyS0fk9a5yg==",
   "releaseDate": "2026-06-03T13:00:29.463Z"
}
[2026-07-10 15:14:45.572] [debug] checkForUpdatesAndNotify called, downloadPromise is null
[2026-07-10 15:24:45.241] [info]  Checking for update
[2026-07-10 15:24:45.241] [info]  Checking for update
[2026-07-10 15:24:45.511] [info]  Update for version 0.55.5 is not available (latest version: 0.55.5, downgrade is allowed).
[2026-07-10 15:24:45.511] [info]  Update not available: {
   "version": "0.55.5",
   "files": [
      {
         "url": "Anytype-0.55.5.AppImage",
         "sha512": "5kw48x2+PctEUg/K3hHyumm4UVmW1Ds4NUAnTycH2zjde4jfuvjlrQaTrtP7oBltRKvtf6kNmqTlyS0fk9a5yg==",
         "size": 268775126,
         "blockMapSize": 278250
      },
      {
         "url": "anytype_0.55.5_amd64.deb",
         "sha512": "wljUaINiaon5Z+nSdMDKhbZhDdzXAGiZ9eL9WiJ53KVzQZAjCGE8rIHmXq5SxHPGB9dBjmIF4Y+cX1v/4m+22g==",
         "size": 226321168
      },
      {
         "url": "anytype_0.55.5_amd64.deb",
         "sha512": "wljUaINiaon5Z+nSdMDKhbZhDdzXAGiZ9eL9WiJ53KVzQZAjCGE8rIHmXq5SxHPGB9dBjmIF4Y+cX1v/4m+22g==",
         "size": 226321168
      },
      {
         "url": "anytype_0.55.5_amd64.deb",
         "sha512": "wljUaINiaon5Z+nSdMDKhbZhDdzXAGiZ9eL9WiJ53KVzQZAjCGE8rIHmXq5SxHPGB9dBjmIF4Y+cX1v/4m+22g==",
         "size": 226321168
      },
      {
         "url": "anytype-0.55.5.x86_64.rpm",
         "sha512": "bXv6Rzn90YKItShmLwPx9+JoMs518P1Jw0dG27EPjpRtC63dXde0V8jdmIcXOlwIWMLs+LpxfUTqFbxI//zhgg==",
         "size": 201485757
      },
      {
         "url": "anytype-0.55.5.x86_64.rpm",
         "sha512": "bXv6Rzn90YKItShmLwPx9+JoMs518P1Jw0dG27EPjpRtC63dXde0V8jdmIcXOlwIWMLs+LpxfUTqFbxI//zhgg==",
         "size": 201485757
      },
      {
         "url": "anytype-0.55.5.x86_64.rpm",
         "sha512": "bXv6Rzn90YKItShmLwPx9+JoMs518P1Jw0dG27EPjpRtC63dXde0V8jdmIcXOlwIWMLs+LpxfUTqFbxI//zhgg==",
         "size": 201485757
      }
   ],
   "path": "Anytype-0.55.5.AppImage",
   "sha512": "5kw48x2+PctEUg/K3hHyumm4UVmW1Ds4NUAnTycH2zjde4jfuvjlrQaTrtP7oBltRKvtf6kNmqTlyS0fk9a5yg==",
   "releaseDate": "2026-06-03T13:00:29.463Z"
}
[2026-07-10 15:24:45.511] [debug] checkForUpdatesAndNotify called, downloadPromise is null
[2026-07-10 15:34:45.241] [info]  Checking for update
[2026-07-10 15:34:45.241] [info]  Checking for update
[2026-07-10 15:34:45.592] [info]  Update for version 0.55.5 is not available (latest version: 0.55.5, downgrade is allowed).
[2026-07-10 15:34:45.592] [info]  Update not available: {
   "version": "0.55.5",
   "files": [
      {
         "url": "Anytype-0.55.5.AppImage",
         "sha512": "5kw48x2+PctEUg/K3hHyumm4UVmW1Ds4NUAnTycH2zjde4jfuvjlrQaTrtP7oBltRKvtf6kNmqTlyS0fk9a5yg==",
         "size": 268775126,
         "blockMapSize": 278250
      },
      {
         "url": "anytype_0.55.5_amd64.deb",
         "sha512": "wljUaINiaon5Z+nSdMDKhbZhDdzXAGiZ9eL9WiJ53KVzQZAjCGE8rIHmXq5SxHPGB9dBjmIF4Y+cX1v/4m+22g==",
         "size": 226321168
      },
      {
         "url": "anytype_0.55.5_amd64.deb",
         "sha512": "wljUaINiaon5Z+nSdMDKhbZhDdzXAGiZ9eL9WiJ53KVzQZAjCGE8rIHmXq5SxHPGB9dBjmIF4Y+cX1v/4m+22g==",
         "size": 226321168
      },
      {
         "url": "anytype_0.55.5_amd64.deb",
         "sha512": "wljUaINiaon5Z+nSdMDKhbZhDdzXAGiZ9eL9WiJ53KVzQZAjCGE8rIHmXq5SxHPGB9dBjmIF4Y+cX1v/4m+22g==",
         "size": 226321168
      },
      {
         "url": "anytype-0.55.5.x86_64.rpm",
         "sha512": "bXv6Rzn90YKItShmLwPx9+JoMs518P1Jw0dG27EPjpRtC63dXde0V8jdmIcXOlwIWMLs+LpxfUTqFbxI//zhgg==",
         "size": 201485757
      },
      {
         "url": "anytype-0.55.5.x86_64.rpm",
         "sha512": "bXv6Rzn90YKItShmLwPx9+JoMs518P1Jw0dG27EPjpRtC63dXde0V8jdmIcXOlwIWMLs+LpxfUTqFbxI//zhgg==",
         "size": 201485757
      },
      {
         "url": "anytype-0.55.5.x86_64.rpm",
         "sha512": "bXv6Rzn90YKItShmLwPx9+JoMs518P1Jw0dG27EPjpRtC63dXde0V8jdmIcXOlwIWMLs+LpxfUTqFbxI//zhgg==",
         "size": 201485757
      }
   ],
   "path": "Anytype-0.55.5.AppImage",
   "sha512": "5kw48x2+PctEUg/K3hHyumm4UVmW1Ds4NUAnTycH2zjde4jfuvjlrQaTrtP7oBltRKvtf6kNmqTlyS0fk9a5yg==",
   "releaseDate": "2026-06-03T13:00:29.463Z"
}
[2026-07-10 15:34:45.592] [debug] checkForUpdatesAndNotify called, downloadPromise is null
[2026-07-10 15:44:45.241] [info]  Checking for update
[2026-07-10 15:44:45.241] [info]  Checking for update
[2026-07-10 15:44:45.605] [info]  Update for version 0.55.5 is not available (latest version: 0.55.5, downgrade is allowed).
[2026-07-10 15:44:45.605] [info]  Update not available: {
   "version": "0.55.5",
   "files": [
      {
         "url": "Anytype-0.55.5.AppImage",
         "sha512": "5kw48x2+PctEUg/K3hHyumm4UVmW1Ds4NUAnTycH2zjde4jfuvjlrQaTrtP7oBltRKvtf6kNmqTlyS0fk9a5yg==",
         "size": 268775126,
         "blockMapSize": 278250
      },
      {
         "url": "anytype_0.55.5_amd64.deb",
         "sha512": "wljUaINiaon5Z+nSdMDKhbZhDdzXAGiZ9eL9WiJ53KVzQZAjCGE8rIHmXq5SxHPGB9dBjmIF4Y+cX1v/4m+22g==",
         "size": 226321168
      },
      {
         "url": "anytype_0.55.5_amd64.deb",
         "sha512": "wljUaINiaon5Z+nSdMDKhbZhDdzXAGiZ9eL9WiJ53KVzQZAjCGE8rIHmXq5SxHPGB9dBjmIF4Y+cX1v/4m+22g==",
         "size": 226321168
      },
      {
         "url": "anytype_0.55.5_amd64.deb",
         "sha512": "wljUaINiaon5Z+nSdMDKhbZhDdzXAGiZ9eL9WiJ53KVzQZAjCGE8rIHmXq5SxHPGB9dBjmIF4Y+cX1v/4m+22g==",
         "size": 226321168
      },
      {
         "url": "anytype-0.55.5.x86_64.rpm",
         "sha512": "bXv6Rzn90YKItShmLwPx9+JoMs518P1Jw0dG27EPjpRtC63dXde0V8jdmIcXOlwIWMLs+LpxfUTqFbxI//zhgg==",
         "size": 201485757
      },
      {
         "url": "anytype-0.55.5.x86_64.rpm",
         "sha512": "bXv6Rzn90YKItShmLwPx9+JoMs518P1Jw0dG27EPjpRtC63dXde0V8jdmIcXOlwIWMLs+LpxfUTqFbxI//zhgg==",
         "size": 201485757
      },
      {
         "url": "anytype-0.55.5.x86_64.rpm",
         "sha512": "bXv6Rzn90YKItShmLwPx9+JoMs518P1Jw0dG27EPjpRtC63dXde0V8jdmIcXOlwIWMLs+LpxfUTqFbxI//zhgg==",
         "size": 201485757
      }
   ],
   "path": "Anytype-0.55.5.AppImage",
   "sha512": "5kw48x2+PctEUg/K3hHyumm4UVmW1Ds4NUAnTycH2zjde4jfuvjlrQaTrtP7oBltRKvtf6kNmqTlyS0fk9a5yg==",
   "releaseDate": "2026-06-03T13:00:29.463Z"
}
[2026-07-10 15:44:45.605] [debug] checkForUpdatesAndNotify called, downloadPromise is null
[2026-07-10 15:54:45.241] [info]  Checking for update
[2026-07-10 15:54:45.242] [info]  Checking for update
[2026-07-10 15:54:45.581] [info]  Update for version 0.55.5 is not available (latest version: 0.55.5, downgrade is allowed).
[2026-07-10 15:54:45.581] [info]  Update not available: {
   "version": "0.55.5",
   "files": [
      {
         "url": "Anytype-0.55.5.AppImage",
         "sha512": "5kw48x2+PctEUg/K3hHyumm4UVmW1Ds4NUAnTycH2zjde4jfuvjlrQaTrtP7oBltRKvtf6kNmqTlyS0fk9a5yg==",
         "size": 268775126,
         "blockMapSize": 278250
      },
      {
         "url": "anytype_0.55.5_amd64.deb",
         "sha512": "wljUaINiaon5Z+nSdMDKhbZhDdzXAGiZ9eL9WiJ53KVzQZAjCGE8rIHmXq5SxHPGB9dBjmIF4Y+cX1v/4m+22g==",
         "size": 226321168
      },
      {
         "url": "anytype_0.55.5_amd64.deb",
         "sha512": "wljUaINiaon5Z+nSdMDKhbZhDdzXAGiZ9eL9WiJ53KVzQZAjCGE8rIHmXq5SxHPGB9dBjmIF4Y+cX1v/4m+22g==",
         "size": 226321168
      },
      {
         "url": "anytype_0.55.5_amd64.deb",
         "sha512": "wljUaINiaon5Z+nSdMDKhbZhDdzXAGiZ9eL9WiJ53KVzQZAjCGE8rIHmXq5SxHPGB9dBjmIF4Y+cX1v/4m+22g==",
         "size": 226321168
      },
      {
         "url": "anytype-0.55.5.x86_64.rpm",
         "sha512": "bXv6Rzn90YKItShmLwPx9+JoMs518P1Jw0dG27EPjpRtC63dXde0V8jdmIcXOlwIWMLs+LpxfUTqFbxI//zhgg==",
         "size": 201485757
      },
      {
         "url": "anytype-0.55.5.x86_64.rpm",
         "sha512": "bXv6Rzn90YKItShmLwPx9+JoMs518P1Jw0dG27EPjpRtC63dXde0V8jdmIcXOlwIWMLs+LpxfUTqFbxI//zhgg==",
         "size": 201485757
      },
      {
         "url": "anytype-0.55.5.x86_64.rpm",
         "sha512": "bXv6Rzn90YKItShmLwPx9+JoMs518P1Jw0dG27EPjpRtC63dXde0V8jdmIcXOlwIWMLs+LpxfUTqFbxI//zhgg==",
         "size": 201485757
      }
   ],
   "path": "Anytype-0.55.5.AppImage",
   "sha512": "5kw48x2+PctEUg/K3hHyumm4UVmW1Ds4NUAnTycH2zjde4jfuvjlrQaTrtP7oBltRKvtf6kNmqTlyS0fk9a5yg==",
   "releaseDate": "2026-06-03T13:00:29.463Z"
}
[2026-07-10 15:54:45.581] [debug] checkForUpdatesAndNotify called, downloadPromise is null
[2026-07-10 16:04:45.242] [info]  Checking for update
[2026-07-10 16:04:45.242] [info]  Checking for update
[2026-07-10 16:04:45.565] [info]  Update for version 0.55.5 is not available (latest version: 0.55.5, downgrade is allowed).
[2026-07-10 16:04:45.566] [info]  Update not available: {
   "version": "0.55.5",
   "files": [
      {
         "url": "Anytype-0.55.5.AppImage",
         "sha512": "5kw48x2+PctEUg/K3hHyumm4UVmW1Ds4NUAnTycH2zjde4jfuvjlrQaTrtP7oBltRKvtf6kNmqTlyS0fk9a5yg==",
         "size": 268775126,
         "blockMapSize": 278250
      },
      {
         "url": "anytype_0.55.5_amd64.deb",
         "sha512": "wljUaINiaon5Z+nSdMDKhbZhDdzXAGiZ9eL9WiJ53KVzQZAjCGE8rIHmXq5SxHPGB9dBjmIF4Y+cX1v/4m+22g==",
         "size": 226321168
      },
      {
         "url": "anytype_0.55.5_amd64.deb",
         "sha512": "wljUaINiaon5Z+nSdMDKhbZhDdzXAGiZ9eL9WiJ53KVzQZAjCGE8rIHmXq5SxHPGB9dBjmIF4Y+cX1v/4m+22g==",
         "size": 226321168
      },
      {
         "url": "anytype_0.55.5_amd64.deb",
         "sha512": "wljUaINiaon5Z+nSdMDKhbZhDdzXAGiZ9eL9WiJ53KVzQZAjCGE8rIHmXq5SxHPGB9dBjmIF4Y+cX1v/4m+22g==",
         "size": 226321168
      },
      {
         "url": "anytype-0.55.5.x86_64.rpm",
         "sha512": "bXv6Rzn90YKItShmLwPx9+JoMs518P1Jw0dG27EPjpRtC63dXde0V8jdmIcXOlwIWMLs+LpxfUTqFbxI//zhgg==",
         "size": 201485757
      },
      {
         "url": "anytype-0.55.5.x86_64.rpm",
         "sha512": "bXv6Rzn90YKItShmLwPx9+JoMs518P1Jw0dG27EPjpRtC63dXde0V8jdmIcXOlwIWMLs+LpxfUTqFbxI//zhgg==",
         "size": 201485757
      },
      {
         "url": "anytype-0.55.5.x86_64.rpm",
         "sha512": "bXv6Rzn90YKItShmLwPx9+JoMs518P1Jw0dG27EPjpRtC63dXde0V8jdmIcXOlwIWMLs+LpxfUTqFbxI//zhgg==",
         "size": 201485757
      }
   ],
   "path": "Anytype-0.55.5.AppImage",
   "sha512": "5kw48x2+PctEUg/K3hHyumm4UVmW1Ds4NUAnTycH2zjde4jfuvjlrQaTrtP7oBltRKvtf6kNmqTlyS0fk9a5yg==",
   "releaseDate": "2026-06-03T13:00:29.463Z"
}
[2026-07-10 16:04:45.566] [debug] checkForUpdatesAndNotify called, downloadPromise is null
[2026-07-10 16:14:45.243] [info]  Checking for update
[2026-07-10 16:14:45.244] [info]  Checking for update
[2026-07-10 16:14:45.592] [info]  Update for version 0.55.5 is not available (latest version: 0.55.5, downgrade is allowed).
[2026-07-10 16:14:45.593] [info]  Update not available: {
   "version": "0.55.5",
   "files": [
      {
         "url": "Anytype-0.55.5.AppImage",
         "sha512": "5kw48x2+PctEUg/K3hHyumm4UVmW1Ds4NUAnTycH2zjde4jfuvjlrQaTrtP7oBltRKvtf6kNmqTlyS0fk9a5yg==",
         "size": 268775126,
         "blockMapSize": 278250
      },
      {
         "url": "anytype_0.55.5_amd64.deb",
         "sha512": "wljUaINiaon5Z+nSdMDKhbZhDdzXAGiZ9eL9WiJ53KVzQZAjCGE8rIHmXq5SxHPGB9dBjmIF4Y+cX1v/4m+22g==",
         "size": 226321168
      },
      {
         "url": "anytype_0.55.5_amd64.deb",
         "sha512": "wljUaINiaon5Z+nSdMDKhbZhDdzXAGiZ9eL9WiJ53KVzQZAjCGE8rIHmXq5SxHPGB9dBjmIF4Y+cX1v/4m+22g==",
         "size": 226321168
      },
      {
         "url": "anytype_0.55.5_amd64.deb",
         "sha512": "wljUaINiaon5Z+nSdMDKhbZhDdzXAGiZ9eL9WiJ53KVzQZAjCGE8rIHmXq5SxHPGB9dBjmIF4Y+cX1v/4m+22g==",
         "size": 226321168
      },
      {
         "url": "anytype-0.55.5.x86_64.rpm",
         "sha512": "bXv6Rzn90YKItShmLwPx9+JoMs518P1Jw0dG27EPjpRtC63dXde0V8jdmIcXOlwIWMLs+LpxfUTqFbxI//zhgg==",
         "size": 201485757
      },
      {
         "url": "anytype-0.55.5.x86_64.rpm",
         "sha512": "bXv6Rzn90YKItShmLwPx9+JoMs518P1Jw0dG27EPjpRtC63dXde0V8jdmIcXOlwIWMLs+LpxfUTqFbxI//zhgg==",
         "size": 201485757
      },
      {
         "url": "anytype-0.55.5.x86_64.rpm",
         "sha512": "bXv6Rzn90YKItShmLwPx9+JoMs518P1Jw0dG27EPjpRtC63dXde0V8jdmIcXOlwIWMLs+LpxfUTqFbxI//zhgg==",
         "size": 201485757
      }
   ],
   "path": "Anytype-0.55.5.AppImage",
   "sha512": "5kw48x2+PctEUg/K3hHyumm4UVmW1Ds4NUAnTycH2zjde4jfuvjlrQaTrtP7oBltRKvtf6kNmqTlyS0fk9a5yg==",
   "releaseDate": "2026-06-03T13:00:29.463Z"
}
[2026-07-10 16:14:45.593] [debug] checkForUpdatesAndNotify called, downloadPromise is null
[2026-07-10 16:24:45.244] [info]  Checking for update
[2026-07-10 16:24:45.244] [info]  Checking for update
[2026-07-10 16:24:45.534] [info]  Update for version 0.55.5 is not available (latest version: 0.55.5, downgrade is allowed).
[2026-07-10 16:24:45.534] [info]  Update not available: {
   "version": "0.55.5",
   "files": [
      {
         "url": "Anytype-0.55.5.AppImage",
         "sha512": "5kw48x2+PctEUg/K3hHyumm4UVmW1Ds4NUAnTycH2zjde4jfuvjlrQaTrtP7oBltRKvtf6kNmqTlyS0fk9a5yg==",
         "size": 268775126,
         "blockMapSize": 278250
      },
      {
         "url": "anytype_0.55.5_amd64.deb",
         "sha512": "wljUaINiaon5Z+nSdMDKhbZhDdzXAGiZ9eL9WiJ53KVzQZAjCGE8rIHmXq5SxHPGB9dBjmIF4Y+cX1v/4m+22g==",
         "size": 226321168
      },
      {
         "url": "anytype_0.55.5_amd64.deb",
         "sha512": "wljUaINiaon5Z+nSdMDKhbZhDdzXAGiZ9eL9WiJ53KVzQZAjCGE8rIHmXq5SxHPGB9dBjmIF4Y+cX1v/4m+22g==",
         "size": 226321168
      },
      {
         "url": "anytype_0.55.5_amd64.deb",
         "sha512": "wljUaINiaon5Z+nSdMDKhbZhDdzXAGiZ9eL9WiJ53KVzQZAjCGE8rIHmXq5SxHPGB9dBjmIF4Y+cX1v/4m+22g==",
         "size": 226321168
      },
      {
         "url": "anytype-0.55.5.x86_64.rpm",
         "sha512": "bXv6Rzn90YKItShmLwPx9+JoMs518P1Jw0dG27EPjpRtC63dXde0V8jdmIcXOlwIWMLs+LpxfUTqFbxI//zhgg==",
         "size": 201485757
      },
      {
         "url": "anytype-0.55.5.x86_64.rpm",
         "sha512": "bXv6Rzn90YKItShmLwPx9+JoMs518P1Jw0dG27EPjpRtC63dXde0V8jdmIcXOlwIWMLs+LpxfUTqFbxI//zhgg==",
         "size": 201485757
      },
      {
         "url": "anytype-0.55.5.x86_64.rpm",
         "sha512": "bXv6Rzn90YKItShmLwPx9+JoMs518P1Jw0dG27EPjpRtC63dXde0V8jdmIcXOlwIWMLs+LpxfUTqFbxI//zhgg==",
         "size": 201485757
      }
   ],
   "path": "Anytype-0.55.5.AppImage",
   "sha512": "5kw48x2+PctEUg/K3hHyumm4UVmW1Ds4NUAnTycH2zjde4jfuvjlrQaTrtP7oBltRKvtf6kNmqTlyS0fk9a5yg==",
   "releaseDate": "2026-06-03T13:00:29.463Z"
}
[2026-07-10 16:24:45.534] [debug] checkForUpdatesAndNotify called, downloadPromise is null
[2026-07-10 16:34:45.244] [info]  Checking for update
[2026-07-10 16:34:45.244] [info]  Checking for update
[2026-07-10 16:34:45.523] [info]  Update for version 0.55.5 is not available (latest version: 0.55.5, downgrade is allowed).
[2026-07-10 16:34:45.524] [info]  Update not available: {
   "version": "0.55.5",
   "files": [
      {
         "url": "Anytype-0.55.5.AppImage",
         "sha512": "5kw48x2+PctEUg/K3hHyumm4UVmW1Ds4NUAnTycH2zjde4jfuvjlrQaTrtP7oBltRKvtf6kNmqTlyS0fk9a5yg==",
         "size": 268775126,
         "blockMapSize": 278250
      },
      {
         "url": "anytype_0.55.5_amd64.deb",
         "sha512": "wljUaINiaon5Z+nSdMDKhbZhDdzXAGiZ9eL9WiJ53KVzQZAjCGE8rIHmXq5SxHPGB9dBjmIF4Y+cX1v/4m+22g==",
         "size": 226321168
      },
      {
         "url": "anytype_0.55.5_amd64.deb",
         "sha512": "wljUaINiaon5Z+nSdMDKhbZhDdzXAGiZ9eL9WiJ53KVzQZAjCGE8rIHmXq5SxHPGB9dBjmIF4Y+cX1v/4m+22g==",
         "size": 226321168
      },
      {
         "url": "anytype_0.55.5_amd64.deb",
         "sha512": "wljUaINiaon5Z+nSdMDKhbZhDdzXAGiZ9eL9WiJ53KVzQZAjCGE8rIHmXq5SxHPGB9dBjmIF4Y+cX1v/4m+22g==",
         "size": 226321168
      },
      {
         "url": "anytype-0.55.5.x86_64.rpm",
         "sha512": "bXv6Rzn90YKItShmLwPx9+JoMs518P1Jw0dG27EPjpRtC63dXde0V8jdmIcXOlwIWMLs+LpxfUTqFbxI//zhgg==",
         "size": 201485757
      },
      {
         "url": "anytype-0.55.5.x86_64.rpm",
         "sha512": "bXv6Rzn90YKItShmLwPx9+JoMs518P1Jw0dG27EPjpRtC63dXde0V8jdmIcXOlwIWMLs+LpxfUTqFbxI//zhgg==",
         "size": 201485757
      },
      {
         "url": "anytype-0.55.5.x86_64.rpm",
         "sha512": "bXv6Rzn90YKItShmLwPx9+JoMs518P1Jw0dG27EPjpRtC63dXde0V8jdmIcXOlwIWMLs+LpxfUTqFbxI//zhgg==",
         "size": 201485757
      }
   ],
   "path": "Anytype-0.55.5.AppImage",
   "sha512": "5kw48x2+PctEUg/K3hHyumm4UVmW1Ds4NUAnTycH2zjde4jfuvjlrQaTrtP7oBltRKvtf6kNmqTlyS0fk9a5yg==",
   "releaseDate": "2026-06-03T13:00:29.463Z"
}
[2026-07-10 16:34:45.524] [debug] checkForUpdatesAndNotify called, downloadPromise is null
[2026-07-10 16:44:45.244] [info]  Checking for update
[2026-07-10 16:44:45.244] [info]  Checking for update
[2026-07-10 16:44:45.496] [info]  Update for version 0.55.5 is not available (latest version: 0.55.5, downgrade is allowed).
[2026-07-10 16:44:45.496] [info]  Update not available: {
   "version": "0.55.5",
   "files": [
      {
         "url": "Anytype-0.55.5.AppImage",
         "sha512": "5kw48x2+PctEUg/K3hHyumm4UVmW1Ds4NUAnTycH2zjde4jfuvjlrQaTrtP7oBltRKvtf6kNmqTlyS0fk9a5yg==",
         "size": 268775126,
         "blockMapSize": 278250
      },
      {
         "url": "anytype_0.55.5_amd64.deb",
         "sha512": "wljUaINiaon5Z+nSdMDKhbZhDdzXAGiZ9eL9WiJ53KVzQZAjCGE8rIHmXq5SxHPGB9dBjmIF4Y+cX1v/4m+22g==",
         "size": 226321168
      },
      {
         "url": "anytype_0.55.5_amd64.deb",
         "sha512": "wljUaINiaon5Z+nSdMDKhbZhDdzXAGiZ9eL9WiJ53KVzQZAjCGE8rIHmXq5SxHPGB9dBjmIF4Y+cX1v/4m+22g==",
         "size": 226321168
      },
      {
         "url": "anytype_0.55.5_amd64.deb",
         "sha512": "wljUaINiaon5Z+nSdMDKhbZhDdzXAGiZ9eL9WiJ53KVzQZAjCGE8rIHmXq5SxHPGB9dBjmIF4Y+cX1v/4m+22g==",
         "size": 226321168
      },
      {
         "url": "anytype-0.55.5.x86_64.rpm",
         "sha512": "bXv6Rzn90YKItShmLwPx9+JoMs518P1Jw0dG27EPjpRtC63dXde0V8jdmIcXOlwIWMLs+LpxfUTqFbxI//zhgg==",
         "size": 201485757
      },
      {
         "url": "anytype-0.55.5.x86_64.rpm",
         "sha512": "bXv6Rzn90YKItShmLwPx9+JoMs518P1Jw0dG27EPjpRtC63dXde0V8jdmIcXOlwIWMLs+LpxfUTqFbxI//zhgg==",
         "size": 201485757
      },
      {
         "url": "anytype-0.55.5.x86_64.rpm",
         "sha512": "bXv6Rzn90YKItShmLwPx9+JoMs518P1Jw0dG27EPjpRtC63dXde0V8jdmIcXOlwIWMLs+LpxfUTqFbxI//zhgg==",
         "size": 201485757
      }
   ],
   "path": "Anytype-0.55.5.AppImage",
   "sha512": "5kw48x2+PctEUg/K3hHyumm4UVmW1Ds4NUAnTycH2zjde4jfuvjlrQaTrtP7oBltRKvtf6kNmqTlyS0fk9a5yg==",
   "releaseDate": "2026-06-03T13:00:29.463Z"
}
[2026-07-10 16:44:45.496] [debug] checkForUpdatesAndNotify called, downloadPromise is null
[2026-07-10 16:54:45.246] [info]  Checking for update
[2026-07-10 16:54:45.246] [info]  Checking for update
[2026-07-10 16:54:45.508] [info]  Update for version 0.55.5 is not available (latest version: 0.55.5, downgrade is allowed).
[2026-07-10 16:54:45.509] [info]  Update not available: {
   "version": "0.55.5",
   "files": [
      {
         "url": "Anytype-0.55.5.AppImage",
         "sha512": "5kw48x2+PctEUg/K3hHyumm4UVmW1Ds4NUAnTycH2zjde4jfuvjlrQaTrtP7oBltRKvtf6kNmqTlyS0fk9a5yg==",
         "size": 268775126,
         "blockMapSize": 278250
      },
      {
         "url": "anytype_0.55.5_amd64.deb",
         "sha512": "wljUaINiaon5Z+nSdMDKhbZhDdzXAGiZ9eL9WiJ53KVzQZAjCGE8rIHmXq5SxHPGB9dBjmIF4Y+cX1v/4m+22g==",
         "size": 226321168
      },
      {
         "url": "anytype_0.55.5_amd64.deb",
         "sha512": "wljUaINiaon5Z+nSdMDKhbZhDdzXAGiZ9eL9WiJ53KVzQZAjCGE8rIHmXq5SxHPGB9dBjmIF4Y+cX1v/4m+22g==",
         "size": 226321168
      },
      {
         "url": "anytype_0.55.5_amd64.deb",
         "sha512": "wljUaINiaon5Z+nSdMDKhbZhDdzXAGiZ9eL9WiJ53KVzQZAjCGE8rIHmXq5SxHPGB9dBjmIF4Y+cX1v/4m+22g==",
         "size": 226321168
      },
      {
         "url": "anytype-0.55.5.x86_64.rpm",
         "sha512": "bXv6Rzn90YKItShmLwPx9+JoMs518P1Jw0dG27EPjpRtC63dXde0V8jdmIcXOlwIWMLs+LpxfUTqFbxI//zhgg==",
         "size": 201485757
      },
      {
         "url": "anytype-0.55.5.x86_64.rpm",
         "sha512": "bXv6Rzn90YKItShmLwPx9+JoMs518P1Jw0dG27EPjpRtC63dXde0V8jdmIcXOlwIWMLs+LpxfUTqFbxI//zhgg==",
         "size": 201485757
      },
      {
         "url": "anytype-0.55.5.x86_64.rpm",
         "sha512": "bXv6Rzn90YKItShmLwPx9+JoMs518P1Jw0dG27EPjpRtC63dXde0V8jdmIcXOlwIWMLs+LpxfUTqFbxI//zhgg==",
         "size": 201485757
      }
   ],
   "path": "Anytype-0.55.5.AppImage",
   "sha512": "5kw48x2+PctEUg/K3hHyumm4UVmW1Ds4NUAnTycH2zjde4jfuvjlrQaTrtP7oBltRKvtf6kNmqTlyS0fk9a5yg==",
   "releaseDate": "2026-06-03T13:00:29.463Z"
}
[2026-07-10 16:54:45.509] [debug] checkForUpdatesAndNotify called, downloadPromise is null
[2026-07-10 17:04:45.246] [info]  Checking for update
[2026-07-10 17:04:45.246] [info]  Checking for update
[2026-07-10 17:04:45.502] [info]  Update for version 0.55.5 is not available (latest version: 0.55.5, downgrade is allowed).
[2026-07-10 17:04:45.502] [info]  Update not available: {
   "version": "0.55.5",
   "files": [
      {
         "url": "Anytype-0.55.5.AppImage",
         "sha512": "5kw48x2+PctEUg/K3hHyumm4UVmW1Ds4NUAnTycH2zjde4jfuvjlrQaTrtP7oBltRKvtf6kNmqTlyS0fk9a5yg==",
         "size": 268775126,
         "blockMapSize": 278250
      },
      {
         "url": "anytype_0.55.5_amd64.deb",
         "sha512": "wljUaINiaon5Z+nSdMDKhbZhDdzXAGiZ9eL9WiJ53KVzQZAjCGE8rIHmXq5SxHPGB9dBjmIF4Y+cX1v/4m+22g==",
         "size": 226321168
      },
      {
         "url": "anytype_0.55.5_amd64.deb",
         "sha512": "wljUaINiaon5Z+nSdMDKhbZhDdzXAGiZ9eL9WiJ53KVzQZAjCGE8rIHmXq5SxHPGB9dBjmIF4Y+cX1v/4m+22g==",
         "size": 226321168
      },
      {
         "url": "anytype_0.55.5_amd64.deb",
         "sha512": "wljUaINiaon5Z+nSdMDKhbZhDdzXAGiZ9eL9WiJ53KVzQZAjCGE8rIHmXq5SxHPGB9dBjmIF4Y+cX1v/4m+22g==",
         "size": 226321168
      },
      {
         "url": "anytype-0.55.5.x86_64.rpm",
         "sha512": "bXv6Rzn90YKItShmLwPx9+JoMs518P1Jw0dG27EPjpRtC63dXde0V8jdmIcXOlwIWMLs+LpxfUTqFbxI//zhgg==",
         "size": 201485757
      },
      {
         "url": "anytype-0.55.5.x86_64.rpm",
         "sha512": "bXv6Rzn90YKItShmLwPx9+JoMs518P1Jw0dG27EPjpRtC63dXde0V8jdmIcXOlwIWMLs+LpxfUTqFbxI//zhgg==",
         "size": 201485757
      },
      {
         "url": "anytype-0.55.5.x86_64.rpm",
         "sha512": "bXv6Rzn90YKItShmLwPx9+JoMs518P1Jw0dG27EPjpRtC63dXde0V8jdmIcXOlwIWMLs+LpxfUTqFbxI//zhgg==",
         "size": 201485757
      }
   ],
   "path": "Anytype-0.55.5.AppImage",
   "sha512": "5kw48x2+PctEUg/K3hHyumm4UVmW1Ds4NUAnTycH2zjde4jfuvjlrQaTrtP7oBltRKvtf6kNmqTlyS0fk9a5yg==",
   "releaseDate": "2026-06-03T13:00:29.463Z"
}
[2026-07-10 17:04:45.502] [debug] checkForUpdatesAndNotify called, downloadPromise is null
[2026-07-10 17:14:45.246] [info]  Checking for update
[2026-07-10 17:14:45.246] [info]  Checking for update
[2026-07-10 17:14:45.507] [info]  Update for version 0.55.5 is not available (latest version: 0.55.5, downgrade is allowed).
[2026-07-10 17:14:45.507] [info]  Update not available: {
   "version": "0.55.5",
   "files": [
      {
         "url": "Anytype-0.55.5.AppImage",
         "sha512": "5kw48x2+PctEUg/K3hHyumm4UVmW1Ds4NUAnTycH2zjde4jfuvjlrQaTrtP7oBltRKvtf6kNmqTlyS0fk9a5yg==",
         "size": 268775126,
         "blockMapSize": 278250
      },
      {
         "url": "anytype_0.55.5_amd64.deb",
         "sha512": "wljUaINiaon5Z+nSdMDKhbZhDdzXAGiZ9eL9WiJ53KVzQZAjCGE8rIHmXq5SxHPGB9dBjmIF4Y+cX1v/4m+22g==",
         "size": 226321168
      },
      {
         "url": "anytype_0.55.5_amd64.deb",
         "sha512": "wljUaINiaon5Z+nSdMDKhbZhDdzXAGiZ9eL9WiJ53KVzQZAjCGE8rIHmXq5SxHPGB9dBjmIF4Y+cX1v/4m+22g==",
         "size": 226321168
      },
      {
         "url": "anytype_0.55.5_amd64.deb",
         "sha512": "wljUaINiaon5Z+nSdMDKhbZhDdzXAGiZ9eL9WiJ53KVzQZAjCGE8rIHmXq5SxHPGB9dBjmIF4Y+cX1v/4m+22g==",
         "size": 226321168
      },
      {
         "url": "anytype-0.55.5.x86_64.rpm",
         "sha512": "bXv6Rzn90YKItShmLwPx9+JoMs518P1Jw0dG27EPjpRtC63dXde0V8jdmIcXOlwIWMLs+LpxfUTqFbxI//zhgg==",
         "size": 201485757
      },
      {
         "url": "anytype-0.55.5.x86_64.rpm",
         "sha512": "bXv6Rzn90YKItShmLwPx9+JoMs518P1Jw0dG27EPjpRtC63dXde0V8jdmIcXOlwIWMLs+LpxfUTqFbxI//zhgg==",
         "size": 201485757
      },
      {
         "url": "anytype-0.55.5.x86_64.rpm",
         "sha512": "bXv6Rzn90YKItShmLwPx9+JoMs518P1Jw0dG27EPjpRtC63dXde0V8jdmIcXOlwIWMLs+LpxfUTqFbxI//zhgg==",
         "size": 201485757
      }
   ],
   "path": "Anytype-0.55.5.AppImage",
   "sha512": "5kw48x2+PctEUg/K3hHyumm4UVmW1Ds4NUAnTycH2zjde4jfuvjlrQaTrtP7oBltRKvtf6kNmqTlyS0fk9a5yg==",
   "releaseDate": "2026-06-03T13:00:29.463Z"
}
[2026-07-10 17:14:45.507] [debug] checkForUpdatesAndNotify called, downloadPromise is null
[2026-07-10 17:24:45.247] [info]  Checking for update
[2026-07-10 17:24:45.247] [info]  Checking for update
[2026-07-10 17:24:45.518] [info]  Update for version 0.55.5 is not available (latest version: 0.55.5, downgrade is allowed).
[2026-07-10 17:24:45.518] [info]  Update not available: {
   "version": "0.55.5",
   "files": [
      {
         "url": "Anytype-0.55.5.AppImage",
         "sha512": "5kw48x2+PctEUg/K3hHyumm4UVmW1Ds4NUAnTycH2zjde4jfuvjlrQaTrtP7oBltRKvtf6kNmqTlyS0fk9a5yg==",
         "size": 268775126,
         "blockMapSize": 278250
      },
      {
         "url": "anytype_0.55.5_amd64.deb",
         "sha512": "wljUaINiaon5Z+nSdMDKhbZhDdzXAGiZ9eL9WiJ53KVzQZAjCGE8rIHmXq5SxHPGB9dBjmIF4Y+cX1v/4m+22g==",
         "size": 226321168
      },
      {
         "url": "anytype_0.55.5_amd64.deb",
         "sha512": "wljUaINiaon5Z+nSdMDKhbZhDdzXAGiZ9eL9WiJ53KVzQZAjCGE8rIHmXq5SxHPGB9dBjmIF4Y+cX1v/4m+22g==",
         "size": 226321168
      },
      {
         "url": "anytype_0.55.5_amd64.deb",
         "sha512": "wljUaINiaon5Z+nSdMDKhbZhDdzXAGiZ9eL9WiJ53KVzQZAjCGE8rIHmXq5SxHPGB9dBjmIF4Y+cX1v/4m+22g==",
         "size": 226321168
      },
      {
         "url": "anytype-0.55.5.x86_64.rpm",
         "sha512": "bXv6Rzn90YKItShmLwPx9+JoMs518P1Jw0dG27EPjpRtC63dXde0V8jdmIcXOlwIWMLs+LpxfUTqFbxI//zhgg==",
         "size": 201485757
      },
      {
         "url": "anytype-0.55.5.x86_64.rpm",
         "sha512": "bXv6Rzn90YKItShmLwPx9+JoMs518P1Jw0dG27EPjpRtC63dXde0V8jdmIcXOlwIWMLs+LpxfUTqFbxI//zhgg==",
         "size": 201485757
      },
      {
         "url": "anytype-0.55.5.x86_64.rpm",
         "sha512": "bXv6Rzn90YKItShmLwPx9+JoMs518P1Jw0dG27EPjpRtC63dXde0V8jdmIcXOlwIWMLs+LpxfUTqFbxI//zhgg==",
         "size": 201485757
      }
   ],
   "path": "Anytype-0.55.5.AppImage",
   "sha512": "5kw48x2+PctEUg/K3hHyumm4UVmW1Ds4NUAnTycH2zjde4jfuvjlrQaTrtP7oBltRKvtf6kNmqTlyS0fk9a5yg==",
   "releaseDate": "2026-06-03T13:00:29.463Z"
}
[2026-07-10 17:24:45.519] [debug] checkForUpdatesAndNotify called, downloadPromise is null
[2026-07-10 17:34:45.248] [info]  Checking for update
[2026-07-10 17:34:45.248] [info]  Checking for update
[2026-07-10 17:34:45.506] [info]  Update for version 0.55.5 is not available (latest version: 0.55.5, downgrade is allowed).
[2026-07-10 17:34:45.507] [info]  Update not available: {
   "version": "0.55.5",
   "files": [
      {
         "url": "Anytype-0.55.5.AppImage",
         "sha512": "5kw48x2+PctEUg/K3hHyumm4UVmW1Ds4NUAnTycH2zjde4jfuvjlrQaTrtP7oBltRKvtf6kNmqTlyS0fk9a5yg==",
         "size": 268775126,
         "blockMapSize": 278250
      },
      {
         "url": "anytype_0.55.5_amd64.deb",
         "sha512": "wljUaINiaon5Z+nSdMDKhbZhDdzXAGiZ9eL9WiJ53KVzQZAjCGE8rIHmXq5SxHPGB9dBjmIF4Y+cX1v/4m+22g==",
         "size": 226321168
      },
      {
         "url": "anytype_0.55.5_amd64.deb",
         "sha512": "wljUaINiaon5Z+nSdMDKhbZhDdzXAGiZ9eL9WiJ53KVzQZAjCGE8rIHmXq5SxHPGB9dBjmIF4Y+cX1v/4m+22g==",
         "size": 226321168
      },
      {
         "url": "anytype_0.55.5_amd64.deb",
         "sha512": "wljUaINiaon5Z+nSdMDKhbZhDdzXAGiZ9eL9WiJ53KVzQZAjCGE8rIHmXq5SxHPGB9dBjmIF4Y+cX1v/4m+22g==",
         "size": 226321168
      },
      {
         "url": "anytype-0.55.5.x86_64.rpm",
         "sha512": "bXv6Rzn90YKItShmLwPx9+JoMs518P1Jw0dG27EPjpRtC63dXde0V8jdmIcXOlwIWMLs+LpxfUTqFbxI//zhgg==",
         "size": 201485757
      },
      {
         "url": "anytype-0.55.5.x86_64.rpm",
         "sha512": "bXv6Rzn90YKItShmLwPx9+JoMs518P1Jw0dG27EPjpRtC63dXde0V8jdmIcXOlwIWMLs+LpxfUTqFbxI//zhgg==",
         "size": 201485757
      },
      {
         "url": "anytype-0.55.5.x86_64.rpm",
         "sha512": "bXv6Rzn90YKItShmLwPx9+JoMs518P1Jw0dG27EPjpRtC63dXde0V8jdmIcXOlwIWMLs+LpxfUTqFbxI//zhgg==",
         "size": 201485757
      }
   ],
   "path": "Anytype-0.55.5.AppImage",
   "sha512": "5kw48x2+PctEUg/K3hHyumm4UVmW1Ds4NUAnTycH2zjde4jfuvjlrQaTrtP7oBltRKvtf6kNmqTlyS0fk9a5yg==",
   "releaseDate": "2026-06-03T13:00:29.463Z"
}
[2026-07-10 17:34:45.507] [debug] checkForUpdatesAndNotify called, downloadPromise is null
[2026-07-10 17:44:45.248] [info]  Checking for update
[2026-07-10 17:44:45.248] [info]  Checking for update
[2026-07-10 17:44:45.502] [info]  Update for version 0.55.5 is not available (latest version: 0.55.5, downgrade is allowed).
[2026-07-10 17:44:45.502] [info]  Update not available: {
   "version": "0.55.5",
   "files": [
      {
         "url": "Anytype-0.55.5.AppImage",
         "sha512": "5kw48x2+PctEUg/K3hHyumm4UVmW1Ds4NUAnTycH2zjde4jfuvjlrQaTrtP7oBltRKvtf6kNmqTlyS0fk9a5yg==",
         "size": 268775126,
         "blockMapSize": 278250
      },
      {
         "url": "anytype_0.55.5_amd64.deb",
         "sha512": "wljUaINiaon5Z+nSdMDKhbZhDdzXAGiZ9eL9WiJ53KVzQZAjCGE8rIHmXq5SxHPGB9dBjmIF4Y+cX1v/4m+22g==",
         "size": 226321168
      },
      {
         "url": "anytype_0.55.5_amd64.deb",
         "sha512": "wljUaINiaon5Z+nSdMDKhbZhDdzXAGiZ9eL9WiJ53KVzQZAjCGE8rIHmXq5SxHPGB9dBjmIF4Y+cX1v/4m+22g==",
         "size": 226321168
      },
      {
         "url": "anytype_0.55.5_amd64.deb",
         "sha512": "wljUaINiaon5Z+nSdMDKhbZhDdzXAGiZ9eL9WiJ53KVzQZAjCGE8rIHmXq5SxHPGB9dBjmIF4Y+cX1v/4m+22g==",
         "size": 226321168
      },
      {
         "url": "anytype-0.55.5.x86_64.rpm",
         "sha512": "bXv6Rzn90YKItShmLwPx9+JoMs518P1Jw0dG27EPjpRtC63dXde0V8jdmIcXOlwIWMLs+LpxfUTqFbxI//zhgg==",
         "size": 201485757
      },
      {
         "url": "anytype-0.55.5.x86_64.rpm",
         "sha512": "bXv6Rzn90YKItShmLwPx9+JoMs518P1Jw0dG27EPjpRtC63dXde0V8jdmIcXOlwIWMLs+LpxfUTqFbxI//zhgg==",
         "size": 201485757
      },
      {
         "url": "anytype-0.55.5.x86_64.rpm",
         "sha512": "bXv6Rzn90YKItShmLwPx9+JoMs518P1Jw0dG27EPjpRtC63dXde0V8jdmIcXOlwIWMLs+LpxfUTqFbxI//zhgg==",
         "size": 201485757
      }
   ],
   "path": "Anytype-0.55.5.AppImage",
   "sha512": "5kw48x2+PctEUg/K3hHyumm4UVmW1Ds4NUAnTycH2zjde4jfuvjlrQaTrtP7oBltRKvtf6kNmqTlyS0fk9a5yg==",
   "releaseDate": "2026-06-03T13:00:29.463Z"
}
[2026-07-10 17:44:45.502] [debug] checkForUpdatesAndNotify called, downloadPromise is null
[2026-07-10 17:54:45.249] [info]  Checking for update
[2026-07-10 17:54:45.249] [info]  Checking for update
[2026-07-10 17:54:45.508] [info]  Update for version 0.55.5 is not available (latest version: 0.55.5, downgrade is allowed).
[2026-07-10 17:54:45.508] [info]  Update not available: {
   "version": "0.55.5",
   "files": [
      {
         "url": "Anytype-0.55.5.AppImage",
         "sha512": "5kw48x2+PctEUg/K3hHyumm4UVmW1Ds4NUAnTycH2zjde4jfuvjlrQaTrtP7oBltRKvtf6kNmqTlyS0fk9a5yg==",
         "size": 268775126,
         "blockMapSize": 278250
      },
      {
         "url": "anytype_0.55.5_amd64.deb",
         "sha512": "wljUaINiaon5Z+nSdMDKhbZhDdzXAGiZ9eL9WiJ53KVzQZAjCGE8rIHmXq5SxHPGB9dBjmIF4Y+cX1v/4m+22g==",
         "size": 226321168
      },
      {
         "url": "anytype_0.55.5_amd64.deb",
         "sha512": "wljUaINiaon5Z+nSdMDKhbZhDdzXAGiZ9eL9WiJ53KVzQZAjCGE8rIHmXq5SxHPGB9dBjmIF4Y+cX1v/4m+22g==",
         "size": 226321168
      },
      {
         "url": "anytype_0.55.5_amd64.deb",
         "sha512": "wljUaINiaon5Z+nSdMDKhbZhDdzXAGiZ9eL9WiJ53KVzQZAjCGE8rIHmXq5SxHPGB9dBjmIF4Y+cX1v/4m+22g==",
         "size": 226321168
      },
      {
         "url": "anytype-0.55.5.x86_64.rpm",
         "sha512": "bXv6Rzn90YKItShmLwPx9+JoMs518P1Jw0dG27EPjpRtC63dXde0V8jdmIcXOlwIWMLs+LpxfUTqFbxI//zhgg==",
         "size": 201485757
      },
      {
         "url": "anytype-0.55.5.x86_64.rpm",
         "sha512": "bXv6Rzn90YKItShmLwPx9+JoMs518P1Jw0dG27EPjpRtC63dXde0V8jdmIcXOlwIWMLs+LpxfUTqFbxI//zhgg==",
         "size": 201485757
      },
      {
         "url": "anytype-0.55.5.x86_64.rpm",
         "sha512": "bXv6Rzn90YKItShmLwPx9+JoMs518P1Jw0dG27EPjpRtC63dXde0V8jdmIcXOlwIWMLs+LpxfUTqFbxI//zhgg==",
         "size": 201485757
      }
   ],
   "path": "Anytype-0.55.5.AppImage",
   "sha512": "5kw48x2+PctEUg/K3hHyumm4UVmW1Ds4NUAnTycH2zjde4jfuvjlrQaTrtP7oBltRKvtf6kNmqTlyS0fk9a5yg==",
   "releaseDate": "2026-06-03T13:00:29.463Z"
}
[2026-07-10 17:54:45.508] [debug] checkForUpdatesAndNotify called, downloadPromise is null
[2026-07-10 18:04:45.249] [info]  Checking for update
[2026-07-10 18:04:45.249] [info]  Checking for update
[2026-07-10 18:04:45.508] [info]  Update for version 0.55.5 is not available (latest version: 0.55.5, downgrade is allowed).
[2026-07-10 18:04:45.508] [info]  Update not available: {
   "version": "0.55.5",
   "files": [
      {
         "url": "Anytype-0.55.5.AppImage",
         "sha512": "5kw48x2+PctEUg/K3hHyumm4UVmW1Ds4NUAnTycH2zjde4jfuvjlrQaTrtP7oBltRKvtf6kNmqTlyS0fk9a5yg==",
         "size": 268775126,
         "blockMapSize": 278250
      },
      {
         "url": "anytype_0.55.5_amd64.deb",
         "sha512": "wljUaINiaon5Z+nSdMDKhbZhDdzXAGiZ9eL9WiJ53KVzQZAjCGE8rIHmXq5SxHPGB9dBjmIF4Y+cX1v/4m+22g==",
         "size": 226321168
      },
      {
         "url": "anytype_0.55.5_amd64.deb",
         "sha512": "wljUaINiaon5Z+nSdMDKhbZhDdzXAGiZ9eL9WiJ53KVzQZAjCGE8rIHmXq5SxHPGB9dBjmIF4Y+cX1v/4m+22g==",
         "size": 226321168
      },
      {
         "url": "anytype_0.55.5_amd64.deb",
         "sha512": "wljUaINiaon5Z+nSdMDKhbZhDdzXAGiZ9eL9WiJ53KVzQZAjCGE8rIHmXq5SxHPGB9dBjmIF4Y+cX1v/4m+22g==",
         "size": 226321168
      },
      {
         "url": "anytype-0.55.5.x86_64.rpm",
         "sha512": "bXv6Rzn90YKItShmLwPx9+JoMs518P1Jw0dG27EPjpRtC63dXde0V8jdmIcXOlwIWMLs+LpxfUTqFbxI//zhgg==",
         "size": 201485757
      },
      {
         "url": "anytype-0.55.5.x86_64.rpm",
         "sha512": "bXv6Rzn90YKItShmLwPx9+JoMs518P1Jw0dG27EPjpRtC63dXde0V8jdmIcXOlwIWMLs+LpxfUTqFbxI//zhgg==",
         "size": 201485757
      },
      {
         "url": "anytype-0.55.5.x86_64.rpm",
         "sha512": "bXv6Rzn90YKItShmLwPx9+JoMs518P1Jw0dG27EPjpRtC63dXde0V8jdmIcXOlwIWMLs+LpxfUTqFbxI//zhgg==",
         "size": 201485757
      }
   ],
   "path": "Anytype-0.55.5.AppImage",
   "sha512": "5kw48x2+PctEUg/K3hHyumm4UVmW1Ds4NUAnTycH2zjde4jfuvjlrQaTrtP7oBltRKvtf6kNmqTlyS0fk9a5yg==",
   "releaseDate": "2026-06-03T13:00:29.463Z"
}
[2026-07-10 18:04:45.508] [debug] checkForUpdatesAndNotify called, downloadPromise is null
[2026-07-10 18:14:45.250] [info]  Checking for update
[2026-07-10 18:14:45.250] [info]  Checking for update
[2026-07-10 18:14:45.497] [info]  Update for version 0.55.5 is not available (latest version: 0.55.5, downgrade is allowed).
[2026-07-10 18:14:45.497] [info]  Update not available: {
   "version": "0.55.5",
   "files": [
      {
         "url": "Anytype-0.55.5.AppImage",
         "sha512": "5kw48x2+PctEUg/K3hHyumm4UVmW1Ds4NUAnTycH2zjde4jfuvjlrQaTrtP7oBltRKvtf6kNmqTlyS0fk9a5yg==",
         "size": 268775126,
         "blockMapSize": 278250
      },
      {
         "url": "anytype_0.55.5_amd64.deb",
         "sha512": "wljUaINiaon5Z+nSdMDKhbZhDdzXAGiZ9eL9WiJ53KVzQZAjCGE8rIHmXq5SxHPGB9dBjmIF4Y+cX1v/4m+22g==",
         "size": 226321168
      },
      {
         "url": "anytype_0.55.5_amd64.deb",
         "sha512": "wljUaINiaon5Z+nSdMDKhbZhDdzXAGiZ9eL9WiJ53KVzQZAjCGE8rIHmXq5SxHPGB9dBjmIF4Y+cX1v/4m+22g==",
         "size": 226321168
      },
      {
         "url": "anytype_0.55.5_amd64.deb",
         "sha512": "wljUaINiaon5Z+nSdMDKhbZhDdzXAGiZ9eL9WiJ53KVzQZAjCGE8rIHmXq5SxHPGB9dBjmIF4Y+cX1v/4m+22g==",
         "size": 226321168
      },
      {
         "url": "anytype-0.55.5.x86_64.rpm",
         "sha512": "bXv6Rzn90YKItShmLwPx9+JoMs518P1Jw0dG27EPjpRtC63dXde0V8jdmIcXOlwIWMLs+LpxfUTqFbxI//zhgg==",
         "size": 201485757
      },
      {
         "url": "anytype-0.55.5.x86_64.rpm",
         "sha512": "bXv6Rzn90YKItShmLwPx9+JoMs518P1Jw0dG27EPjpRtC63dXde0V8jdmIcXOlwIWMLs+LpxfUTqFbxI//zhgg==",
         "size": 201485757
      },
      {
         "url": "anytype-0.55.5.x86_64.rpm",
         "sha512": "bXv6Rzn90YKItShmLwPx9+JoMs518P1Jw0dG27EPjpRtC63dXde0V8jdmIcXOlwIWMLs+LpxfUTqFbxI//zhgg==",
         "size": 201485757
      }
   ],
   "path": "Anytype-0.55.5.AppImage",
   "sha512": "5kw48x2+PctEUg/K3hHyumm4UVmW1Ds4NUAnTycH2zjde4jfuvjlrQaTrtP7oBltRKvtf6kNmqTlyS0fk9a5yg==",
   "releaseDate": "2026-06-03T13:00:29.463Z"
}
[2026-07-10 18:14:45.497] [debug] checkForUpdatesAndNotify called, downloadPromise is null
[2026-07-10 18:24:45.250] [info]  Checking for update
[2026-07-10 18:24:45.250] [info]  Checking for update
[2026-07-10 18:24:45.504] [info]  Update for version 0.55.5 is not available (latest version: 0.55.5, downgrade is allowed).
[2026-07-10 18:24:45.504] [info]  Update not available: {
   "version": "0.55.5",
   "files": [
      {
         "url": "Anytype-0.55.5.AppImage",
         "sha512": "5kw48x2+PctEUg/K3hHyumm4UVmW1Ds4NUAnTycH2zjde4jfuvjlrQaTrtP7oBltRKvtf6kNmqTlyS0fk9a5yg==",
         "size": 268775126,
         "blockMapSize": 278250
      },
      {
         "url": "anytype_0.55.5_amd64.deb",
         "sha512": "wljUaINiaon5Z+nSdMDKhbZhDdzXAGiZ9eL9WiJ53KVzQZAjCGE8rIHmXq5SxHPGB9dBjmIF4Y+cX1v/4m+22g==",
         "size": 226321168
      },
      {
         "url": "anytype_0.55.5_amd64.deb",
         "sha512": "wljUaINiaon5Z+nSdMDKhbZhDdzXAGiZ9eL9WiJ53KVzQZAjCGE8rIHmXq5SxHPGB9dBjmIF4Y+cX1v/4m+22g==",
         "size": 226321168
      },
      {
         "url": "anytype_0.55.5_amd64.deb",
         "sha512": "wljUaINiaon5Z+nSdMDKhbZhDdzXAGiZ9eL9WiJ53KVzQZAjCGE8rIHmXq5SxHPGB9dBjmIF4Y+cX1v/4m+22g==",
         "size": 226321168
      },
      {
         "url": "anytype-0.55.5.x86_64.rpm",
         "sha512": "bXv6Rzn90YKItShmLwPx9+JoMs518P1Jw0dG27EPjpRtC63dXde0V8jdmIcXOlwIWMLs+LpxfUTqFbxI//zhgg==",
         "size": 201485757
      },
      {
         "url": "anytype-0.55.5.x86_64.rpm",
         "sha512": "bXv6Rzn90YKItShmLwPx9+JoMs518P1Jw0dG27EPjpRtC63dXde0V8jdmIcXOlwIWMLs+LpxfUTqFbxI//zhgg==",
         "size": 201485757
      },
      {
         "url": "anytype-0.55.5.x86_64.rpm",
         "sha512": "bXv6Rzn90YKItShmLwPx9+JoMs518P1Jw0dG27EPjpRtC63dXde0V8jdmIcXOlwIWMLs+LpxfUTqFbxI//zhgg==",
         "size": 201485757
      }
   ],
   "path": "Anytype-0.55.5.AppImage",
   "sha512": "5kw48x2+PctEUg/K3hHyumm4UVmW1Ds4NUAnTycH2zjde4jfuvjlrQaTrtP7oBltRKvtf6kNmqTlyS0fk9a5yg==",
   "releaseDate": "2026-06-03T13:00:29.463Z"
}
[2026-07-10 18:24:45.505] [debug] checkForUpdatesAndNotify called, downloadPromise is null
[2026-07-10 18:34:45.250] [info]  Checking for update
[2026-07-10 18:34:45.250] [info]  Checking for update
[2026-07-10 18:34:45.508] [info]  Update for version 0.55.5 is not available (latest version: 0.55.5, downgrade is allowed).
[2026-07-10 18:34:45.508] [info]  Update not available: {
   "version": "0.55.5",
   "files": [
      {
         "url": "Anytype-0.55.5.AppImage",
         "sha512": "5kw48x2+PctEUg/K3hHyumm4UVmW1Ds4NUAnTycH2zjde4jfuvjlrQaTrtP7oBltRKvtf6kNmqTlyS0fk9a5yg==",
         "size": 268775126,
         "blockMapSize": 278250
      },
      {
         "url": "anytype_0.55.5_amd64.deb",
         "sha512": "wljUaINiaon5Z+nSdMDKhbZhDdzXAGiZ9eL9WiJ53KVzQZAjCGE8rIHmXq5SxHPGB9dBjmIF4Y+cX1v/4m+22g==",
         "size": 226321168
      },
      {
         "url": "anytype_0.55.5_amd64.deb",
         "sha512": "wljUaINiaon5Z+nSdMDKhbZhDdzXAGiZ9eL9WiJ53KVzQZAjCGE8rIHmXq5SxHPGB9dBjmIF4Y+cX1v/4m+22g==",
         "size": 226321168
      },
      {
         "url": "anytype_0.55.5_amd64.deb",
         "sha512": "wljUaINiaon5Z+nSdMDKhbZhDdzXAGiZ9eL9WiJ53KVzQZAjCGE8rIHmXq5SxHPGB9dBjmIF4Y+cX1v/4m+22g==",
         "size": 226321168
      },
      {
         "url": "anytype-0.55.5.x86_64.rpm",
         "sha512": "bXv6Rzn90YKItShmLwPx9+JoMs518P1Jw0dG27EPjpRtC63dXde0V8jdmIcXOlwIWMLs+LpxfUTqFbxI//zhgg==",
         "size": 201485757
      },
      {
         "url": "anytype-0.55.5.x86_64.rpm",
         "sha512": "bXv6Rzn90YKItShmLwPx9+JoMs518P1Jw0dG27EPjpRtC63dXde0V8jdmIcXOlwIWMLs+LpxfUTqFbxI//zhgg==",
         "size": 201485757
      },
      {
         "url": "anytype-0.55.5.x86_64.rpm",
         "sha512": "bXv6Rzn90YKItShmLwPx9+JoMs518P1Jw0dG27EPjpRtC63dXde0V8jdmIcXOlwIWMLs+LpxfUTqFbxI//zhgg==",
         "size": 201485757
      }
   ],
   "path": "Anytype-0.55.5.AppImage",
   "sha512": "5kw48x2+PctEUg/K3hHyumm4UVmW1Ds4NUAnTycH2zjde4jfuvjlrQaTrtP7oBltRKvtf6kNmqTlyS0fk9a5yg==",
   "releaseDate": "2026-06-03T13:00:29.463Z"
}
[2026-07-10 18:34:45.509] [debug] checkForUpdatesAndNotify called, downloadPromise is null
[2026-07-10 18:44:45.251] [info]  Checking for update
[2026-07-10 18:44:45.251] [info]  Checking for update
[2026-07-10 18:44:45.520] [info]  Update for version 0.55.5 is not available (latest version: 0.55.5, downgrade is allowed).
[2026-07-10 18:44:45.520] [info]  Update not available: {
   "version": "0.55.5",
   "files": [
      {
         "url": "Anytype-0.55.5.AppImage",
         "sha512": "5kw48x2+PctEUg/K3hHyumm4UVmW1Ds4NUAnTycH2zjde4jfuvjlrQaTrtP7oBltRKvtf6kNmqTlyS0fk9a5yg==",
         "size": 268775126,
         "blockMapSize": 278250
      },
      {
         "url": "anytype_0.55.5_amd64.deb",
         "sha512": "wljUaINiaon5Z+nSdMDKhbZhDdzXAGiZ9eL9WiJ53KVzQZAjCGE8rIHmXq5SxHPGB9dBjmIF4Y+cX1v/4m+22g==",
         "size": 226321168
      },
      {
         "url": "anytype_0.55.5_amd64.deb",
         "sha512": "wljUaINiaon5Z+nSdMDKhbZhDdzXAGiZ9eL9WiJ53KVzQZAjCGE8rIHmXq5SxHPGB9dBjmIF4Y+cX1v/4m+22g==",
         "size": 226321168
      },
      {
         "url": "anytype_0.55.5_amd64.deb",
         "sha512": "wljUaINiaon5Z+nSdMDKhbZhDdzXAGiZ9eL9WiJ53KVzQZAjCGE8rIHmXq5SxHPGB9dBjmIF4Y+cX1v/4m+22g==",
         "size": 226321168
      },
      {
         "url": "anytype-0.55.5.x86_64.rpm",
         "sha512": "bXv6Rzn90YKItShmLwPx9+JoMs518P1Jw0dG27EPjpRtC63dXde0V8jdmIcXOlwIWMLs+LpxfUTqFbxI//zhgg==",
         "size": 201485757
      },
      {
         "url": "anytype-0.55.5.x86_64.rpm",
         "sha512": "bXv6Rzn90YKItShmLwPx9+JoMs518P1Jw0dG27EPjpRtC63dXde0V8jdmIcXOlwIWMLs+LpxfUTqFbxI//zhgg==",
         "size": 201485757
      },
      {
         "url": "anytype-0.55.5.x86_64.rpm",
         "sha512": "bXv6Rzn90YKItShmLwPx9+JoMs518P1Jw0dG27EPjpRtC63dXde0V8jdmIcXOlwIWMLs+LpxfUTqFbxI//zhgg==",
         "size": 201485757
      }
   ],
   "path": "Anytype-0.55.5.AppImage",
   "sha512": "5kw48x2+PctEUg/K3hHyumm4UVmW1Ds4NUAnTycH2zjde4jfuvjlrQaTrtP7oBltRKvtf6kNmqTlyS0fk9a5yg==",
   "releaseDate": "2026-06-03T13:00:29.463Z"
}
[2026-07-10 18:44:45.520] [debug] checkForUpdatesAndNotify called, downloadPromise is null
[2026-07-10 18:54:45.251] [info]  Checking for update
[2026-07-10 18:54:45.251] [info]  Checking for update
[2026-07-10 18:54:45.501] [info]  Update for version 0.55.5 is not available (latest version: 0.55.5, downgrade is allowed).
[2026-07-10 18:54:45.502] [info]  Update not available: {
   "version": "0.55.5",
   "files": [
      {
         "url": "Anytype-0.55.5.AppImage",
         "sha512": "5kw48x2+PctEUg/K3hHyumm4UVmW1Ds4NUAnTycH2zjde4jfuvjlrQaTrtP7oBltRKvtf6kNmqTlyS0fk9a5yg==",
         "size": 268775126,
         "blockMapSize": 278250
      },
      {
         "url": "anytype_0.55.5_amd64.deb",
         "sha512": "wljUaINiaon5Z+nSdMDKhbZhDdzXAGiZ9eL9WiJ53KVzQZAjCGE8rIHmXq5SxHPGB9dBjmIF4Y+cX1v/4m+22g==",
         "size": 226321168
      },
      {
         "url": "anytype_0.55.5_amd64.deb",
         "sha512": "wljUaINiaon5Z+nSdMDKhbZhDdzXAGiZ9eL9WiJ53KVzQZAjCGE8rIHmXq5SxHPGB9dBjmIF4Y+cX1v/4m+22g==",
         "size": 226321168
      },
      {
         "url": "anytype_0.55.5_amd64.deb",
         "sha512": "wljUaINiaon5Z+nSdMDKhbZhDdzXAGiZ9eL9WiJ53KVzQZAjCGE8rIHmXq5SxHPGB9dBjmIF4Y+cX1v/4m+22g==",
         "size": 226321168
      },
      {
         "url": "anytype-0.55.5.x86_64.rpm",
         "sha512": "bXv6Rzn90YKItShmLwPx9+JoMs518P1Jw0dG27EPjpRtC63dXde0V8jdmIcXOlwIWMLs+LpxfUTqFbxI//zhgg==",
         "size": 201485757
      },
      {
         "url": "anytype-0.55.5.x86_64.rpm",
         "sha512": "bXv6Rzn90YKItShmLwPx9+JoMs518P1Jw0dG27EPjpRtC63dXde0V8jdmIcXOlwIWMLs+LpxfUTqFbxI//zhgg==",
         "size": 201485757
      },
      {
         "url": "anytype-0.55.5.x86_64.rpm",
         "sha512": "bXv6Rzn90YKItShmLwPx9+JoMs518P1Jw0dG27EPjpRtC63dXde0V8jdmIcXOlwIWMLs+LpxfUTqFbxI//zhgg==",
         "size": 201485757
      }
   ],
   "path": "Anytype-0.55.5.AppImage",
   "sha512": "5kw48x2+PctEUg/K3hHyumm4UVmW1Ds4NUAnTycH2zjde4jfuvjlrQaTrtP7oBltRKvtf6kNmqTlyS0fk9a5yg==",
   "releaseDate": "2026-06-03T13:00:29.463Z"
}
[2026-07-10 18:54:45.502] [debug] checkForUpdatesAndNotify called, downloadPromise is null
[2026-07-10 19:04:45.252] [info]  Checking for update
[2026-07-10 19:04:45.252] [info]  Checking for update
[2026-07-10 19:04:45.525] [info]  Update for version 0.55.5 is not available (latest version: 0.55.5, downgrade is allowed).
[2026-07-10 19:04:45.525] [info]  Update not available: {
   "version": "0.55.5",
   "files": [
      {
         "url": "Anytype-0.55.5.AppImage",
         "sha512": "5kw48x2+PctEUg/K3hHyumm4UVmW1Ds4NUAnTycH2zjde4jfuvjlrQaTrtP7oBltRKvtf6kNmqTlyS0fk9a5yg==",
         "size": 268775126,
         "blockMapSize": 278250
      },
      {
         "url": "anytype_0.55.5_amd64.deb",
         "sha512": "wljUaINiaon5Z+nSdMDKhbZhDdzXAGiZ9eL9WiJ53KVzQZAjCGE8rIHmXq5SxHPGB9dBjmIF4Y+cX1v/4m+22g==",
         "size": 226321168
      },
      {
         "url": "anytype_0.55.5_amd64.deb",
         "sha512": "wljUaINiaon5Z+nSdMDKhbZhDdzXAGiZ9eL9WiJ53KVzQZAjCGE8rIHmXq5SxHPGB9dBjmIF4Y+cX1v/4m+22g==",
         "size": 226321168
      },
      {
         "url": "anytype_0.55.5_amd64.deb",
         "sha512": "wljUaINiaon5Z+nSdMDKhbZhDdzXAGiZ9eL9WiJ53KVzQZAjCGE8rIHmXq5SxHPGB9dBjmIF4Y+cX1v/4m+22g==",
         "size": 226321168
      },
      {
         "url": "anytype-0.55.5.x86_64.rpm",
         "sha512": "bXv6Rzn90YKItShmLwPx9+JoMs518P1Jw0dG27EPjpRtC63dXde0V8jdmIcXOlwIWMLs+LpxfUTqFbxI//zhgg==",
         "size": 201485757
      },
      {
         "url": "anytype-0.55.5.x86_64.rpm",
         "sha512": "bXv6Rzn90YKItShmLwPx9+JoMs518P1Jw0dG27EPjpRtC63dXde0V8jdmIcXOlwIWMLs+LpxfUTqFbxI//zhgg==",
         "size": 201485757
      },
      {
         "url": "anytype-0.55.5.x86_64.rpm",
         "sha512": "bXv6Rzn90YKItShmLwPx9+JoMs518P1Jw0dG27EPjpRtC63dXde0V8jdmIcXOlwIWMLs+LpxfUTqFbxI//zhgg==",
         "size": 201485757
      }
   ],
   "path": "Anytype-0.55.5.AppImage",
   "sha512": "5kw48x2+PctEUg/K3hHyumm4UVmW1Ds4NUAnTycH2zjde4jfuvjlrQaTrtP7oBltRKvtf6kNmqTlyS0fk9a5yg==",
   "releaseDate": "2026-06-03T13:00:29.463Z"
}
[2026-07-10 19:04:45.525] [debug] checkForUpdatesAndNotify called, downloadPromise is null
[2026-07-10 19:14:45.252] [info]  Checking for update
[2026-07-10 19:14:45.252] [info]  Checking for update
[2026-07-10 19:14:45.581] [info]  Update for version 0.55.5 is not available (latest version: 0.55.5, downgrade is allowed).
[2026-07-10 19:14:45.581] [info]  Update not available: {
   "version": "0.55.5",
   "files": [
      {
         "url": "Anytype-0.55.5.AppImage",
         "sha512": "5kw48x2+PctEUg/K3hHyumm4UVmW1Ds4NUAnTycH2zjde4jfuvjlrQaTrtP7oBltRKvtf6kNmqTlyS0fk9a5yg==",
         "size": 268775126,
         "blockMapSize": 278250
      },
      {
         "url": "anytype_0.55.5_amd64.deb",
         "sha512": "wljUaINiaon5Z+nSdMDKhbZhDdzXAGiZ9eL9WiJ53KVzQZAjCGE8rIHmXq5SxHPGB9dBjmIF4Y+cX1v/4m+22g==",
         "size": 226321168
      },
      {
         "url": "anytype_0.55.5_amd64.deb",
         "sha512": "wljUaINiaon5Z+nSdMDKhbZhDdzXAGiZ9eL9WiJ53KVzQZAjCGE8rIHmXq5SxHPGB9dBjmIF4Y+cX1v/4m+22g==",
         "size": 226321168
      },
      {
         "url": "anytype_0.55.5_amd64.deb",
         "sha512": "wljUaINiaon5Z+nSdMDKhbZhDdzXAGiZ9eL9WiJ53KVzQZAjCGE8rIHmXq5SxHPGB9dBjmIF4Y+cX1v/4m+22g==",
         "size": 226321168
      },
      {
         "url": "anytype-0.55.5.x86_64.rpm",
         "sha512": "bXv6Rzn90YKItShmLwPx9+JoMs518P1Jw0dG27EPjpRtC63dXde0V8jdmIcXOlwIWMLs+LpxfUTqFbxI//zhgg==",
         "size": 201485757
      },
      {
         "url": "anytype-0.55.5.x86_64.rpm",
         "sha512": "bXv6Rzn90YKItShmLwPx9+JoMs518P1Jw0dG27EPjpRtC63dXde0V8jdmIcXOlwIWMLs+LpxfUTqFbxI//zhgg==",
         "size": 201485757
      },
      {
         "url": "anytype-0.55.5.x86_64.rpm",
         "sha512": "bXv6Rzn90YKItShmLwPx9+JoMs518P1Jw0dG27EPjpRtC63dXde0V8jdmIcXOlwIWMLs+LpxfUTqFbxI//zhgg==",
         "size": 201485757
      }
   ],
   "path": "Anytype-0.55.5.AppImage",
   "sha512": "5kw48x2+PctEUg/K3hHyumm4UVmW1Ds4NUAnTycH2zjde4jfuvjlrQaTrtP7oBltRKvtf6kNmqTlyS0fk9a5yg==",
   "releaseDate": "2026-06-03T13:00:29.463Z"
}
[2026-07-10 19:14:45.581] [debug] checkForUpdatesAndNotify called, downloadPromise is null
[2026-07-10 19:24:45.252] [info]  Checking for update
[2026-07-10 19:24:45.253] [info]  Checking for update
[2026-07-10 19:24:45.518] [info]  Update for version 0.55.5 is not available (latest version: 0.55.5, downgrade is allowed).
[2026-07-10 19:24:45.518] [info]  Update not available: {
   "version": "0.55.5",
   "files": [
      {
         "url": "Anytype-0.55.5.AppImage",
         "sha512": "5kw48x2+PctEUg/K3hHyumm4UVmW1Ds4NUAnTycH2zjde4jfuvjlrQaTrtP7oBltRKvtf6kNmqTlyS0fk9a5yg==",
         "size": 268775126,
         "blockMapSize": 278250
      },
      {
         "url": "anytype_0.55.5_amd64.deb",
         "sha512": "wljUaINiaon5Z+nSdMDKhbZhDdzXAGiZ9eL9WiJ53KVzQZAjCGE8rIHmXq5SxHPGB9dBjmIF4Y+cX1v/4m+22g==",
         "size": 226321168
      },
      {
         "url": "anytype_0.55.5_amd64.deb",
         "sha512": "wljUaINiaon5Z+nSdMDKhbZhDdzXAGiZ9eL9WiJ53KVzQZAjCGE8rIHmXq5SxHPGB9dBjmIF4Y+cX1v/4m+22g==",
         "size": 226321168
      },
      {
         "url": "anytype_0.55.5_amd64.deb",
         "sha512": "wljUaINiaon5Z+nSdMDKhbZhDdzXAGiZ9eL9WiJ53KVzQZAjCGE8rIHmXq5SxHPGB9dBjmIF4Y+cX1v/4m+22g==",
         "size": 226321168
      },
      {
         "url": "anytype-0.55.5.x86_64.rpm",
         "sha512": "bXv6Rzn90YKItShmLwPx9+JoMs518P1Jw0dG27EPjpRtC63dXde0V8jdmIcXOlwIWMLs+LpxfUTqFbxI//zhgg==",
         "size": 201485757
      },
      {
         "url": "anytype-0.55.5.x86_64.rpm",
         "sha512": "bXv6Rzn90YKItShmLwPx9+JoMs518P1Jw0dG27EPjpRtC63dXde0V8jdmIcXOlwIWMLs+LpxfUTqFbxI//zhgg==",
         "size": 201485757
      },
      {
         "url": "anytype-0.55.5.x86_64.rpm",
         "sha512": "bXv6Rzn90YKItShmLwPx9+JoMs518P1Jw0dG27EPjpRtC63dXde0V8jdmIcXOlwIWMLs+LpxfUTqFbxI//zhgg==",
         "size": 201485757
      }
   ],
   "path": "Anytype-0.55.5.AppImage",
   "sha512": "5kw48x2+PctEUg/K3hHyumm4UVmW1Ds4NUAnTycH2zjde4jfuvjlrQaTrtP7oBltRKvtf6kNmqTlyS0fk9a5yg==",
   "releaseDate": "2026-06-03T13:00:29.463Z"
}
[2026-07-10 19:24:45.519] [debug] checkForUpdatesAndNotify called, downloadPromise is null
[2026-07-10 19:34:45.253] [info]  Checking for update
[2026-07-10 19:34:45.253] [info]  Checking for update
[2026-07-10 19:34:45.514] [info]  Update for version 0.55.5 is not available (latest version: 0.55.5, downgrade is allowed).
[2026-07-10 19:34:45.514] [info]  Update not available: {
   "version": "0.55.5",
   "files": [
      {
         "url": "Anytype-0.55.5.AppImage",
         "sha512": "5kw48x2+PctEUg/K3hHyumm4UVmW1Ds4NUAnTycH2zjde4jfuvjlrQaTrtP7oBltRKvtf6kNmqTlyS0fk9a5yg==",
         "size": 268775126,
         "blockMapSize": 278250
      },
      {
         "url": "anytype_0.55.5_amd64.deb",
         "sha512": "wljUaINiaon5Z+nSdMDKhbZhDdzXAGiZ9eL9WiJ53KVzQZAjCGE8rIHmXq5SxHPGB9dBjmIF4Y+cX1v/4m+22g==",
         "size": 226321168
      },
      {
         "url": "anytype_0.55.5_amd64.deb",
         "sha512": "wljUaINiaon5Z+nSdMDKhbZhDdzXAGiZ9eL9WiJ53KVzQZAjCGE8rIHmXq5SxHPGB9dBjmIF4Y+cX1v/4m+22g==",
         "size": 226321168
      },
      {
         "url": "anytype_0.55.5_amd64.deb",
         "sha512": "wljUaINiaon5Z+nSdMDKhbZhDdzXAGiZ9eL9WiJ53KVzQZAjCGE8rIHmXq5SxHPGB9dBjmIF4Y+cX1v/4m+22g==",
         "size": 226321168
      },
      {
         "url": "anytype-0.55.5.x86_64.rpm",
         "sha512": "bXv6Rzn90YKItShmLwPx9+JoMs518P1Jw0dG27EPjpRtC63dXde0V8jdmIcXOlwIWMLs+LpxfUTqFbxI//zhgg==",
         "size": 201485757
      },
      {
         "url": "anytype-0.55.5.x86_64.rpm",
         "sha512": "bXv6Rzn90YKItShmLwPx9+JoMs518P1Jw0dG27EPjpRtC63dXde0V8jdmIcXOlwIWMLs+LpxfUTqFbxI//zhgg==",
         "size": 201485757
      },
      {
         "url": "anytype-0.55.5.x86_64.rpm",
         "sha512": "bXv6Rzn90YKItShmLwPx9+JoMs518P1Jw0dG27EPjpRtC63dXde0V8jdmIcXOlwIWMLs+LpxfUTqFbxI//zhgg==",
         "size": 201485757
      }
   ],
   "path": "Anytype-0.55.5.AppImage",
   "sha512": "5kw48x2+PctEUg/K3hHyumm4UVmW1Ds4NUAnTycH2zjde4jfuvjlrQaTrtP7oBltRKvtf6kNmqTlyS0fk9a5yg==",
   "releaseDate": "2026-06-03T13:00:29.463Z"
}
[2026-07-10 19:34:45.514] [debug] checkForUpdatesAndNotify called, downloadPromise is null
[2026-07-10 19:41:48.613] [info]  second-instance
[2026-07-10 19:41:48.668] [info]  [WindowManager].saveTabs: Saved 0 window(s)
[2026-07-10 19:41:48.670] [info]  [Api].exit, relaunch: false, isUpdate: false
[2026-07-10 19:42:05.044] [info]  closeMain: undefined
[2026-07-10 19:44:45.254] [info]  Checking for update
[2026-07-10 19:44:45.254] [info]  Checking for update
[2026-07-10 19:44:45.501] [info]  Update for version 0.55.5 is not available (latest version: 0.55.5, downgrade is allowed).
[2026-07-10 19:44:45.501] [info]  Update not available: {
   "version": "0.55.5",
   "files": [
      {
         "url": "Anytype-0.55.5.AppImage",
         "sha512": "5kw48x2+PctEUg/K3hHyumm4UVmW1Ds4NUAnTycH2zjde4jfuvjlrQaTrtP7oBltRKvtf6kNmqTlyS0fk9a5yg==",
         "size": 268775126,
         "blockMapSize": 278250
      },
      {
         "url": "anytype_0.55.5_amd64.deb",
         "sha512": "wljUaINiaon5Z+nSdMDKhbZhDdzXAGiZ9eL9WiJ53KVzQZAjCGE8rIHmXq5SxHPGB9dBjmIF4Y+cX1v/4m+22g==",
         "size": 226321168
      },
      {
         "url": "anytype_0.55.5_amd64.deb",
         "sha512": "wljUaINiaon5Z+nSdMDKhbZhDdzXAGiZ9eL9WiJ53KVzQZAjCGE8rIHmXq5SxHPGB9dBjmIF4Y+cX1v/4m+22g==",
         "size": 226321168
      },
      {
         "url": "anytype_0.55.5_amd64.deb",
         "sha512": "wljUaINiaon5Z+nSdMDKhbZhDdzXAGiZ9eL9WiJ53KVzQZAjCGE8rIHmXq5SxHPGB9dBjmIF4Y+cX1v/4m+22g==",
         "size": 226321168
      },
      {
         "url": "anytype-0.55.5.x86_64.rpm",
         "sha512": "bXv6Rzn90YKItShmLwPx9+JoMs518P1Jw0dG27EPjpRtC63dXde0V8jdmIcXOlwIWMLs+LpxfUTqFbxI//zhgg==",
         "size": 201485757
      },
      {
         "url": "anytype-0.55.5.x86_64.rpm",
         "sha512": "bXv6Rzn90YKItShmLwPx9+JoMs518P1Jw0dG27EPjpRtC63dXde0V8jdmIcXOlwIWMLs+LpxfUTqFbxI//zhgg==",
         "size": 201485757
      },
      {
         "url": "anytype-0.55.5.x86_64.rpm",
         "sha512": "bXv6Rzn90YKItShmLwPx9+JoMs518P1Jw0dG27EPjpRtC63dXde0V8jdmIcXOlwIWMLs+LpxfUTqFbxI//zhgg==",
         "size": 201485757
      }
   ],
   "path": "Anytype-0.55.5.AppImage",
   "sha512": "5kw48x2+PctEUg/K3hHyumm4UVmW1Ds4NUAnTycH2zjde4jfuvjlrQaTrtP7oBltRKvtf6kNmqTlyS0fk9a5yg==",
   "releaseDate": "2026-06-03T13:00:29.463Z"
}
[2026-07-10 19:44:45.502] [debug] checkForUpdatesAndNotify called, downloadPromise is null
[2026-07-10 19:54:45.254] [info]  Checking for update
[2026-07-10 19:54:45.254] [info]  Checking for update
[2026-07-10 19:54:45.537] [info]  Update for version 0.55.5 is not available (latest version: 0.55.5, downgrade is allowed).
[2026-07-10 19:54:45.537] [info]  Update not available: {
   "version": "0.55.5",
   "files": [
      {
         "url": "Anytype-0.55.5.AppImage",
         "sha512": "5kw48x2+PctEUg/K3hHyumm4UVmW1Ds4NUAnTycH2zjde4jfuvjlrQaTrtP7oBltRKvtf6kNmqTlyS0fk9a5yg==",
         "size": 268775126,
         "blockMapSize": 278250
      },
      {
         "url": "anytype_0.55.5_amd64.deb",
         "sha512": "wljUaINiaon5Z+nSdMDKhbZhDdzXAGiZ9eL9WiJ53KVzQZAjCGE8rIHmXq5SxHPGB9dBjmIF4Y+cX1v/4m+22g==",
         "size": 226321168
      },
      {
         "url": "anytype_0.55.5_amd64.deb",
         "sha512": "wljUaINiaon5Z+nSdMDKhbZhDdzXAGiZ9eL9WiJ53KVzQZAjCGE8rIHmXq5SxHPGB9dBjmIF4Y+cX1v/4m+22g==",
         "size": 226321168
      },
      {
         "url": "anytype_0.55.5_amd64.deb",
         "sha512": "wljUaINiaon5Z+nSdMDKhbZhDdzXAGiZ9eL9WiJ53KVzQZAjCGE8rIHmXq5SxHPGB9dBjmIF4Y+cX1v/4m+22g==",
         "size": 226321168
      },
      {
         "url": "anytype-0.55.5.x86_64.rpm",
         "sha512": "bXv6Rzn90YKItShmLwPx9+JoMs518P1Jw0dG27EPjpRtC63dXde0V8jdmIcXOlwIWMLs+LpxfUTqFbxI//zhgg==",
         "size": 201485757
      },
      {
         "url": "anytype-0.55.5.x86_64.rpm",
         "sha512": "bXv6Rzn90YKItShmLwPx9+JoMs518P1Jw0dG27EPjpRtC63dXde0V8jdmIcXOlwIWMLs+LpxfUTqFbxI//zhgg==",
         "size": 201485757
      },
      {
         "url": "anytype-0.55.5.x86_64.rpm",
         "sha512": "bXv6Rzn90YKItShmLwPx9+JoMs518P1Jw0dG27EPjpRtC63dXde0V8jdmIcXOlwIWMLs+LpxfUTqFbxI//zhgg==",
         "size": 201485757
      }
   ],
   "path": "Anytype-0.55.5.AppImage",
   "sha512": "5kw48x2+PctEUg/K3hHyumm4UVmW1Ds4NUAnTycH2zjde4jfuvjlrQaTrtP7oBltRKvtf6kNmqTlyS0fk9a5yg==",
   "releaseDate": "2026-06-03T13:00:29.463Z"
}
[2026-07-10 19:54:45.537] [debug] checkForUpdatesAndNotify called, downloadPromise is null
[2026-07-10 19:56:07.603] [info]  closeMain: undefined
[2026-07-10 20:04:45.254] [info]  Checking for update
[2026-07-10 20:04:45.254] [info]  Checking for update
[2026-07-10 20:04:45.510] [info]  Update for version 0.55.5 is not available (latest version: 0.55.5, downgrade is allowed).
[2026-07-10 20:04:45.510] [info]  Update not available: {
   "version": "0.55.5",
   "files": [
      {
         "url": "Anytype-0.55.5.AppImage",
         "sha512": "5kw48x2+PctEUg/K3hHyumm4UVmW1Ds4NUAnTycH2zjde4jfuvjlrQaTrtP7oBltRKvtf6kNmqTlyS0fk9a5yg==",
         "size": 268775126,
         "blockMapSize": 278250
      },
      {
         "url": "anytype_0.55.5_amd64.deb",
         "sha512": "wljUaINiaon5Z+nSdMDKhbZhDdzXAGiZ9eL9WiJ53KVzQZAjCGE8rIHmXq5SxHPGB9dBjmIF4Y+cX1v/4m+22g==",
         "size": 226321168
      },
      {
         "url": "anytype_0.55.5_amd64.deb",
         "sha512": "wljUaINiaon5Z+nSdMDKhbZhDdzXAGiZ9eL9WiJ53KVzQZAjCGE8rIHmXq5SxHPGB9dBjmIF4Y+cX1v/4m+22g==",
         "size": 226321168
      },
      {
         "url": "anytype_0.55.5_amd64.deb",
         "sha512": "wljUaINiaon5Z+nSdMDKhbZhDdzXAGiZ9eL9WiJ53KVzQZAjCGE8rIHmXq5SxHPGB9dBjmIF4Y+cX1v/4m+22g==",
         "size": 226321168
      },
      {
         "url": "anytype-0.55.5.x86_64.rpm",
         "sha512": "bXv6Rzn90YKItShmLwPx9+JoMs518P1Jw0dG27EPjpRtC63dXde0V8jdmIcXOlwIWMLs+LpxfUTqFbxI//zhgg==",
         "size": 201485757
      },
      {
         "url": "anytype-0.55.5.x86_64.rpm",
         "sha512": "bXv6Rzn90YKItShmLwPx9+JoMs518P1Jw0dG27EPjpRtC63dXde0V8jdmIcXOlwIWMLs+LpxfUTqFbxI//zhgg==",
         "size": 201485757
      },
      {
         "url": "anytype-0.55.5.x86_64.rpm",
         "sha512": "bXv6Rzn90YKItShmLwPx9+JoMs518P1Jw0dG27EPjpRtC63dXde0V8jdmIcXOlwIWMLs+LpxfUTqFbxI//zhgg==",
         "size": 201485757
      }
   ],
   "path": "Anytype-0.55.5.AppImage",
   "sha512": "5kw48x2+PctEUg/K3hHyumm4UVmW1Ds4NUAnTycH2zjde4jfuvjlrQaTrtP7oBltRKvtf6kNmqTlyS0fk9a5yg==",
   "releaseDate": "2026-06-03T13:00:29.463Z"
}
[2026-07-10 20:04:45.510] [debug] checkForUpdatesAndNotify called, downloadPromise is null
[2026-07-10 20:14:45.254] [info]  Checking for update
[2026-07-10 20:14:45.254] [info]  Checking for update
[2026-07-10 20:14:45.501] [info]  Update for version 0.55.5 is not available (latest version: 0.55.5, downgrade is allowed).
[2026-07-10 20:14:45.501] [info]  Update not available: {
   "version": "0.55.5",
   "files": [
      {
         "url": "Anytype-0.55.5.AppImage",
         "sha512": "5kw48x2+PctEUg/K3hHyumm4UVmW1Ds4NUAnTycH2zjde4jfuvjlrQaTrtP7oBltRKvtf6kNmqTlyS0fk9a5yg==",
         "size": 268775126,
         "blockMapSize": 278250
      },
      {
         "url": "anytype_0.55.5_amd64.deb",
         "sha512": "wljUaINiaon5Z+nSdMDKhbZhDdzXAGiZ9eL9WiJ53KVzQZAjCGE8rIHmXq5SxHPGB9dBjmIF4Y+cX1v/4m+22g==",
         "size": 226321168
      },
      {
         "url": "anytype_0.55.5_amd64.deb",
         "sha512": "wljUaINiaon5Z+nSdMDKhbZhDdzXAGiZ9eL9WiJ53KVzQZAjCGE8rIHmXq5SxHPGB9dBjmIF4Y+cX1v/4m+22g==",
         "size": 226321168
      },
      {
         "url": "anytype_0.55.5_amd64.deb",
         "sha512": "wljUaINiaon5Z+nSdMDKhbZhDdzXAGiZ9eL9WiJ53KVzQZAjCGE8rIHmXq5SxHPGB9dBjmIF4Y+cX1v/4m+22g==",
         "size": 226321168
      },
      {
         "url": "anytype-0.55.5.x86_64.rpm",
         "sha512": "bXv6Rzn90YKItShmLwPx9+JoMs518P1Jw0dG27EPjpRtC63dXde0V8jdmIcXOlwIWMLs+LpxfUTqFbxI//zhgg==",
         "size": 201485757
      },
      {
         "url": "anytype-0.55.5.x86_64.rpm",
         "sha512": "bXv6Rzn90YKItShmLwPx9+JoMs518P1Jw0dG27EPjpRtC63dXde0V8jdmIcXOlwIWMLs+LpxfUTqFbxI//zhgg==",
         "size": 201485757
      },
      {
         "url": "anytype-0.55.5.x86_64.rpm",
         "sha512": "bXv6Rzn90YKItShmLwPx9+JoMs518P1Jw0dG27EPjpRtC63dXde0V8jdmIcXOlwIWMLs+LpxfUTqFbxI//zhgg==",
         "size": 201485757
      }
   ],
   "path": "Anytype-0.55.5.AppImage",
   "sha512": "5kw48x2+PctEUg/K3hHyumm4UVmW1Ds4NUAnTycH2zjde4jfuvjlrQaTrtP7oBltRKvtf6kNmqTlyS0fk9a5yg==",
   "releaseDate": "2026-06-03T13:00:29.463Z"
}
[2026-07-10 20:14:45.501] [debug] checkForUpdatesAndNotify called, downloadPromise is null
[2026-07-10 20:24:45.254] [info]  Checking for update
[2026-07-10 20:24:45.254] [info]  Checking for update
[2026-07-10 20:24:45.529] [info]  Update for version 0.55.5 is not available (latest version: 0.55.5, downgrade is allowed).
[2026-07-10 20:24:45.529] [info]  Update not available: {
   "version": "0.55.5",
   "files": [
      {
         "url": "Anytype-0.55.5.AppImage",
         "sha512": "5kw48x2+PctEUg/K3hHyumm4UVmW1Ds4NUAnTycH2zjde4jfuvjlrQaTrtP7oBltRKvtf6kNmqTlyS0fk9a5yg==",
         "size": 268775126,
         "blockMapSize": 278250
      },
      {
         "url": "anytype_0.55.5_amd64.deb",
         "sha512": "wljUaINiaon5Z+nSdMDKhbZhDdzXAGiZ9eL9WiJ53KVzQZAjCGE8rIHmXq5SxHPGB9dBjmIF4Y+cX1v/4m+22g==",
         "size": 226321168
      },
      {
         "url": "anytype_0.55.5_amd64.deb",
         "sha512": "wljUaINiaon5Z+nSdMDKhbZhDdzXAGiZ9eL9WiJ53KVzQZAjCGE8rIHmXq5SxHPGB9dBjmIF4Y+cX1v/4m+22g==",
         "size": 226321168
      },
      {
         "url": "anytype_0.55.5_amd64.deb",
         "sha512": "wljUaINiaon5Z+nSdMDKhbZhDdzXAGiZ9eL9WiJ53KVzQZAjCGE8rIHmXq5SxHPGB9dBjmIF4Y+cX1v/4m+22g==",
         "size": 226321168
      },
      {
         "url": "anytype-0.55.5.x86_64.rpm",
         "sha512": "bXv6Rzn90YKItShmLwPx9+JoMs518P1Jw0dG27EPjpRtC63dXde0V8jdmIcXOlwIWMLs+LpxfUTqFbxI//zhgg==",
         "size": 201485757
      },
      {
         "url": "anytype-0.55.5.x86_64.rpm",
         "sha512": "bXv6Rzn90YKItShmLwPx9+JoMs518P1Jw0dG27EPjpRtC63dXde0V8jdmIcXOlwIWMLs+LpxfUTqFbxI//zhgg==",
         "size": 201485757
      },
      {
         "url": "anytype-0.55.5.x86_64.rpm",
         "sha512": "bXv6Rzn90YKItShmLwPx9+JoMs518P1Jw0dG27EPjpRtC63dXde0V8jdmIcXOlwIWMLs+LpxfUTqFbxI//zhgg==",
         "size": 201485757
      }
   ],
   "path": "Anytype-0.55.5.AppImage",
   "sha512": "5kw48x2+PctEUg/K3hHyumm4UVmW1Ds4NUAnTycH2zjde4jfuvjlrQaTrtP7oBltRKvtf6kNmqTlyS0fk9a5yg==",
   "releaseDate": "2026-06-03T13:00:29.463Z"
}
[2026-07-10 20:24:45.529] [debug] checkForUpdatesAndNotify called, downloadPromise is null
[2026-07-12 10:17:51.390] [info]  [PowerMonitor] resume
[2026-07-12 10:21:09.354] [info]  Checking for update
[2026-07-12 10:21:09.354] [info]  Checking for update
[2026-07-12 10:21:09.624] [info]  Update for version 0.55.5 is not available (latest version: 0.55.5, downgrade is allowed).
[2026-07-12 10:21:09.624] [info]  Update not available: {
   "version": "0.55.5",
   "files": [
      {
         "url": "Anytype-0.55.5.AppImage",
         "sha512": "5kw48x2+PctEUg/K3hHyumm4UVmW1Ds4NUAnTycH2zjde4jfuvjlrQaTrtP7oBltRKvtf6kNmqTlyS0fk9a5yg==",
         "size": 268775126,
         "blockMapSize": 278250
      },
      {
         "url": "anytype_0.55.5_amd64.deb",
         "sha512": "wljUaINiaon5Z+nSdMDKhbZhDdzXAGiZ9eL9WiJ53KVzQZAjCGE8rIHmXq5SxHPGB9dBjmIF4Y+cX1v/4m+22g==",
         "size": 226321168
      },
      {
         "url": "anytype_0.55.5_amd64.deb",
         "sha512": "wljUaINiaon5Z+nSdMDKhbZhDdzXAGiZ9eL9WiJ53KVzQZAjCGE8rIHmXq5SxHPGB9dBjmIF4Y+cX1v/4m+22g==",
         "size": 226321168
      },
      {
         "url": "anytype_0.55.5_amd64.deb",
         "sha512": "wljUaINiaon5Z+nSdMDKhbZhDdzXAGiZ9eL9WiJ53KVzQZAjCGE8rIHmXq5SxHPGB9dBjmIF4Y+cX1v/4m+22g==",
         "size": 226321168
      },
      {
         "url": "anytype-0.55.5.x86_64.rpm",
         "sha512": "bXv6Rzn90YKItShmLwPx9+JoMs518P1Jw0dG27EPjpRtC63dXde0V8jdmIcXOlwIWMLs+LpxfUTqFbxI//zhgg==",
         "size": 201485757
      },
      {
         "url": "anytype-0.55.5.x86_64.rpm",
         "sha512": "bXv6Rzn90YKItShmLwPx9+JoMs518P1Jw0dG27EPjpRtC63dXde0V8jdmIcXOlwIWMLs+LpxfUTqFbxI//zhgg==",
         "size": 201485757
      },
      {
         "url": "anytype-0.55.5.x86_64.rpm",
         "sha512": "bXv6Rzn90YKItShmLwPx9+JoMs518P1Jw0dG27EPjpRtC63dXde0V8jdmIcXOlwIWMLs+LpxfUTqFbxI//zhgg==",
         "size": 201485757
      }
   ],
   "path": "Anytype-0.55.5.AppImage",
   "sha512": "5kw48x2+PctEUg/K3hHyumm4UVmW1Ds4NUAnTycH2zjde4jfuvjlrQaTrtP7oBltRKvtf6kNmqTlyS0fk9a5yg==",
   "releaseDate": "2026-06-03T13:00:29.463Z"
}
[2026-07-12 10:21:09.624] [debug] checkForUpdatesAndNotify called, downloadPromise is null
[2026-07-12 10:31:09.354] [info]  Checking for update
[2026-07-12 10:31:09.354] [info]  Checking for update
[2026-07-12 10:31:09.625] [info]  Update for version 0.55.5 is not available (latest version: 0.55.5, downgrade is allowed).
[2026-07-12 10:31:09.625] [info]  Update not available: {
   "version": "0.55.5",
   "files": [
      {
         "url": "Anytype-0.55.5.AppImage",
         "sha512": "5kw48x2+PctEUg/K3hHyumm4UVmW1Ds4NUAnTycH2zjde4jfuvjlrQaTrtP7oBltRKvtf6kNmqTlyS0fk9a5yg==",
         "size": 268775126,
         "blockMapSize": 278250
      },
      {
         "url": "anytype_0.55.5_amd64.deb",
         "sha512": "wljUaINiaon5Z+nSdMDKhbZhDdzXAGiZ9eL9WiJ53KVzQZAjCGE8rIHmXq5SxHPGB9dBjmIF4Y+cX1v/4m+22g==",
         "size": 226321168
      },
      {
         "url": "anytype_0.55.5_amd64.deb",
         "sha512": "wljUaINiaon5Z+nSdMDKhbZhDdzXAGiZ9eL9WiJ53KVzQZAjCGE8rIHmXq5SxHPGB9dBjmIF4Y+cX1v/4m+22g==",
         "size": 226321168
      },
      {
         "url": "anytype_0.55.5_amd64.deb",
         "sha512": "wljUaINiaon5Z+nSdMDKhbZhDdzXAGiZ9eL9WiJ53KVzQZAjCGE8rIHmXq5SxHPGB9dBjmIF4Y+cX1v/4m+22g==",
         "size": 226321168
      },
      {
         "url": "anytype-0.55.5.x86_64.rpm",
         "sha512": "bXv6Rzn90YKItShmLwPx9+JoMs518P1Jw0dG27EPjpRtC63dXde0V8jdmIcXOlwIWMLs+LpxfUTqFbxI//zhgg==",
         "size": 201485757
      },
      {
         "url": "anytype-0.55.5.x86_64.rpm",
         "sha512": "bXv6Rzn90YKItShmLwPx9+JoMs518P1Jw0dG27EPjpRtC63dXde0V8jdmIcXOlwIWMLs+LpxfUTqFbxI//zhgg==",
         "size": 201485757
      },
      {
         "url": "anytype-0.55.5.x86_64.rpm",
         "sha512": "bXv6Rzn90YKItShmLwPx9+JoMs518P1Jw0dG27EPjpRtC63dXde0V8jdmIcXOlwIWMLs+LpxfUTqFbxI//zhgg==",
         "size": 201485757
      }
   ],
   "path": "Anytype-0.55.5.AppImage",
   "sha512": "5kw48x2+PctEUg/K3hHyumm4UVmW1Ds4NUAnTycH2zjde4jfuvjlrQaTrtP7oBltRKvtf6kNmqTlyS0fk9a5yg==",
   "releaseDate": "2026-06-03T13:00:29.463Z"
}
[2026-07-12 10:31:09.625] [debug] checkForUpdatesAndNotify called, downloadPromise is null
[2026-07-12 10:33:04.415] [info]  second-instance
[2026-07-12 10:33:04.424] [info]  [WindowManager].saveTabs: Saved 0 window(s)
[2026-07-12 10:33:04.426] [info]  [Api].exit, relaunch: false, isUpdate: false
[2026-07-12 10:33:07.753] [info]  closeMain: undefined
[2026-07-12 10:33:15.449] [info]  second-instance
[2026-07-12 10:33:15.462] [info]  [WindowManager].saveTabs: Saved 0 window(s)
[2026-07-12 10:33:15.464] [info]  [Api].exit, relaunch: false, isUpdate: false
[2026-07-12 10:41:08.530] [info]  closeMain: undefined
[2026-07-12 10:41:09.354] [info]  Checking for update
[2026-07-12 10:41:09.354] [info]  Checking for update
[2026-07-12 10:41:09.610] [info]  Update for version 0.55.5 is not available (latest version: 0.55.5, downgrade is allowed).
[2026-07-12 10:41:09.610] [info]  Update not available: {
   "version": "0.55.5",
   "files": [
      {
         "url": "Anytype-0.55.5.AppImage",
         "sha512": "5kw48x2+PctEUg/K3hHyumm4UVmW1Ds4NUAnTycH2zjde4jfuvjlrQaTrtP7oBltRKvtf6kNmqTlyS0fk9a5yg==",
         "size": 268775126,
         "blockMapSize": 278250
      },
      {
         "url": "anytype_0.55.5_amd64.deb",
         "sha512": "wljUaINiaon5Z+nSdMDKhbZhDdzXAGiZ9eL9WiJ53KVzQZAjCGE8rIHmXq5SxHPGB9dBjmIF4Y+cX1v/4m+22g==",
         "size": 226321168
      },
      {
         "url": "anytype_0.55.5_amd64.deb",
         "sha512": "wljUaINiaon5Z+nSdMDKhbZhDdzXAGiZ9eL9WiJ53KVzQZAjCGE8rIHmXq5SxHPGB9dBjmIF4Y+cX1v/4m+22g==",
         "size": 226321168
      },
      {
         "url": "anytype_0.55.5_amd64.deb",
         "sha512": "wljUaINiaon5Z+nSdMDKhbZhDdzXAGiZ9eL9WiJ53KVzQZAjCGE8rIHmXq5SxHPGB9dBjmIF4Y+cX1v/4m+22g==",
         "size": 226321168
      },
      {
         "url": "anytype-0.55.5.x86_64.rpm",
         "sha512": "bXv6Rzn90YKItShmLwPx9+JoMs518P1Jw0dG27EPjpRtC63dXde0V8jdmIcXOlwIWMLs+LpxfUTqFbxI//zhgg==",
         "size": 201485757
      },
      {
         "url": "anytype-0.55.5.x86_64.rpm",
         "sha512": "bXv6Rzn90YKItShmLwPx9+JoMs518P1Jw0dG27EPjpRtC63dXde0V8jdmIcXOlwIWMLs+LpxfUTqFbxI//zhgg==",
         "size": 201485757
      },
      {
         "url": "anytype-0.55.5.x86_64.rpm",
         "sha512": "bXv6Rzn90YKItShmLwPx9+JoMs518P1Jw0dG27EPjpRtC63dXde0V8jdmIcXOlwIWMLs+LpxfUTqFbxI//zhgg==",
         "size": 201485757
      }
   ],
   "path": "Anytype-0.55.5.AppImage",
   "sha512": "5kw48x2+PctEUg/K3hHyumm4UVmW1Ds4NUAnTycH2zjde4jfuvjlrQaTrtP7oBltRKvtf6kNmqTlyS0fk9a5yg==",
   "releaseDate": "2026-06-03T13:00:29.463Z"
}
[2026-07-12 10:41:09.610] [debug] checkForUpdatesAndNotify called, downloadPromise is null
[2026-07-12 10:41:12.080] [info]  second-instance
[2026-07-12 10:41:12.087] [info]  [WindowManager].saveTabs: Saved 0 window(s)
[2026-07-12 10:41:12.089] [info]  [Api].exit, relaunch: false, isUpdate: false
[2026-07-12 10:41:13.139] [info]  closeMain: undefined
[2026-07-12 10:51:09.355] [info]  Checking for update
[2026-07-12 10:51:09.355] [info]  Checking for update
[2026-07-12 10:51:09.612] [info]  Update for version 0.55.5 is not available (latest version: 0.55.5, downgrade is allowed).
[2026-07-12 10:51:09.612] [info]  Update not available: {
   "version": "0.55.5",
   "files": [
      {
         "url": "Anytype-0.55.5.AppImage",
         "sha512": "5kw48x2+PctEUg/K3hHyumm4UVmW1Ds4NUAnTycH2zjde4jfuvjlrQaTrtP7oBltRKvtf6kNmqTlyS0fk9a5yg==",
         "size": 268775126,
         "blockMapSize": 278250
      },
      {
         "url": "anytype_0.55.5_amd64.deb",
         "sha512": "wljUaINiaon5Z+nSdMDKhbZhDdzXAGiZ9eL9WiJ53KVzQZAjCGE8rIHmXq5SxHPGB9dBjmIF4Y+cX1v/4m+22g==",
         "size": 226321168
      },
      {
         "url": "anytype_0.55.5_amd64.deb",
         "sha512": "wljUaINiaon5Z+nSdMDKhbZhDdzXAGiZ9eL9WiJ53KVzQZAjCGE8rIHmXq5SxHPGB9dBjmIF4Y+cX1v/4m+22g==",
         "size": 226321168
      },
      {
         "url": "anytype_0.55.5_amd64.deb",
         "sha512": "wljUaINiaon5Z+nSdMDKhbZhDdzXAGiZ9eL9WiJ53KVzQZAjCGE8rIHmXq5SxHPGB9dBjmIF4Y+cX1v/4m+22g==",
         "size": 226321168
      },
      {
         "url": "anytype-0.55.5.x86_64.rpm",
         "sha512": "bXv6Rzn90YKItShmLwPx9+JoMs518P1Jw0dG27EPjpRtC63dXde0V8jdmIcXOlwIWMLs+LpxfUTqFbxI//zhgg==",
         "size": 201485757
      },
      {
         "url": "anytype-0.55.5.x86_64.rpm",
         "sha512": "bXv6Rzn90YKItShmLwPx9+JoMs518P1Jw0dG27EPjpRtC63dXde0V8jdmIcXOlwIWMLs+LpxfUTqFbxI//zhgg==",
         "size": 201485757
      },
      {
         "url": "anytype-0.55.5.x86_64.rpm",
         "sha512": "bXv6Rzn90YKItShmLwPx9+JoMs518P1Jw0dG27EPjpRtC63dXde0V8jdmIcXOlwIWMLs+LpxfUTqFbxI//zhgg==",
         "size": 201485757
      }
   ],
   "path": "Anytype-0.55.5.AppImage",
   "sha512": "5kw48x2+PctEUg/K3hHyumm4UVmW1Ds4NUAnTycH2zjde4jfuvjlrQaTrtP7oBltRKvtf6kNmqTlyS0fk9a5yg==",
   "releaseDate": "2026-06-03T13:00:29.463Z"
}
[2026-07-12 10:51:09.613] [debug] checkForUpdatesAndNotify called, downloadPromise is null
[2026-07-12 11:01:09.357] [info]  Checking for update
[2026-07-12 11:01:09.358] [info]  Checking for update
[2026-07-12 11:01:09.627] [info]  Update for version 0.55.5 is not available (latest version: 0.55.5, downgrade is allowed).
[2026-07-12 11:01:09.627] [info]  Update not available: {
   "version": "0.55.5",
   "files": [
      {
         "url": "Anytype-0.55.5.AppImage",
         "sha512": "5kw48x2+PctEUg/K3hHyumm4UVmW1Ds4NUAnTycH2zjde4jfuvjlrQaTrtP7oBltRKvtf6kNmqTlyS0fk9a5yg==",
         "size": 268775126,
         "blockMapSize": 278250
      },
      {
         "url": "anytype_0.55.5_amd64.deb",
         "sha512": "wljUaINiaon5Z+nSdMDKhbZhDdzXAGiZ9eL9WiJ53KVzQZAjCGE8rIHmXq5SxHPGB9dBjmIF4Y+cX1v/4m+22g==",
         "size": 226321168
      },
      {
         "url": "anytype_0.55.5_amd64.deb",
         "sha512": "wljUaINiaon5Z+nSdMDKhbZhDdzXAGiZ9eL9WiJ53KVzQZAjCGE8rIHmXq5SxHPGB9dBjmIF4Y+cX1v/4m+22g==",
         "size": 226321168
      },
      {
         "url": "anytype_0.55.5_amd64.deb",
         "sha512": "wljUaINiaon5Z+nSdMDKhbZhDdzXAGiZ9eL9WiJ53KVzQZAjCGE8rIHmXq5SxHPGB9dBjmIF4Y+cX1v/4m+22g==",
         "size": 226321168
      },
      {
         "url": "anytype-0.55.5.x86_64.rpm",
         "sha512": "bXv6Rzn90YKItShmLwPx9+JoMs518P1Jw0dG27EPjpRtC63dXde0V8jdmIcXOlwIWMLs+LpxfUTqFbxI//zhgg==",
         "size": 201485757
      },
      {
         "url": "anytype-0.55.5.x86_64.rpm",
         "sha512": "bXv6Rzn90YKItShmLwPx9+JoMs518P1Jw0dG27EPjpRtC63dXde0V8jdmIcXOlwIWMLs+LpxfUTqFbxI//zhgg==",
         "size": 201485757
      },
      {
         "url": "anytype-0.55.5.x86_64.rpm",
         "sha512": "bXv6Rzn90YKItShmLwPx9+JoMs518P1Jw0dG27EPjpRtC63dXde0V8jdmIcXOlwIWMLs+LpxfUTqFbxI//zhgg==",
         "size": 201485757
      }
   ],
   "path": "Anytype-0.55.5.AppImage",
   "sha512": "5kw48x2+PctEUg/K3hHyumm4UVmW1Ds4NUAnTycH2zjde4jfuvjlrQaTrtP7oBltRKvtf6kNmqTlyS0fk9a5yg==",
   "releaseDate": "2026-06-03T13:00:29.463Z"
}
[2026-07-12 11:01:09.628] [debug] checkForUpdatesAndNotify called, downloadPromise is null
[2026-07-12 11:11:09.359] [info]  Checking for update
[2026-07-12 11:11:09.359] [info]  Checking for update
[2026-07-12 11:11:09.617] [info]  Update for version 0.55.5 is not available (latest version: 0.55.5, downgrade is allowed).
[2026-07-12 11:11:09.617] [info]  Update not available: {
   "version": "0.55.5",
   "files": [
      {
         "url": "Anytype-0.55.5.AppImage",
         "sha512": "5kw48x2+PctEUg/K3hHyumm4UVmW1Ds4NUAnTycH2zjde4jfuvjlrQaTrtP7oBltRKvtf6kNmqTlyS0fk9a5yg==",
         "size": 268775126,
         "blockMapSize": 278250
      },
      {
         "url": "anytype_0.55.5_amd64.deb",
         "sha512": "wljUaINiaon5Z+nSdMDKhbZhDdzXAGiZ9eL9WiJ53KVzQZAjCGE8rIHmXq5SxHPGB9dBjmIF4Y+cX1v/4m+22g==",
         "size": 226321168
      },
      {
         "url": "anytype_0.55.5_amd64.deb",
         "sha512": "wljUaINiaon5Z+nSdMDKhbZhDdzXAGiZ9eL9WiJ53KVzQZAjCGE8rIHmXq5SxHPGB9dBjmIF4Y+cX1v/4m+22g==",
         "size": 226321168
      },
      {
         "url": "anytype_0.55.5_amd64.deb",
         "sha512": "wljUaINiaon5Z+nSdMDKhbZhDdzXAGiZ9eL9WiJ53KVzQZAjCGE8rIHmXq5SxHPGB9dBjmIF4Y+cX1v/4m+22g==",
         "size": 226321168
      },
      {
         "url": "anytype-0.55.5.x86_64.rpm",
         "sha512": "bXv6Rzn90YKItShmLwPx9+JoMs518P1Jw0dG27EPjpRtC63dXde0V8jdmIcXOlwIWMLs+LpxfUTqFbxI//zhgg==",
         "size": 201485757
      },
      {
         "url": "anytype-0.55.5.x86_64.rpm",
         "sha512": "bXv6Rzn90YKItShmLwPx9+JoMs518P1Jw0dG27EPjpRtC63dXde0V8jdmIcXOlwIWMLs+LpxfUTqFbxI//zhgg==",
         "size": 201485757
      },
      {
         "url": "anytype-0.55.5.x86_64.rpm",
         "sha512": "bXv6Rzn90YKItShmLwPx9+JoMs518P1Jw0dG27EPjpRtC63dXde0V8jdmIcXOlwIWMLs+LpxfUTqFbxI//zhgg==",
         "size": 201485757
      }
   ],
   "path": "Anytype-0.55.5.AppImage",
   "sha512": "5kw48x2+PctEUg/K3hHyumm4UVmW1Ds4NUAnTycH2zjde4jfuvjlrQaTrtP7oBltRKvtf6kNmqTlyS0fk9a5yg==",
   "releaseDate": "2026-06-03T13:00:29.463Z"
}
[2026-07-12 11:11:09.617] [debug] checkForUpdatesAndNotify called, downloadPromise is null
[2026-07-12 11:21:09.359] [info]  Checking for update
[2026-07-12 11:21:09.359] [info]  Checking for update
[2026-07-12 11:21:09.622] [info]  Update for version 0.55.5 is not available (latest version: 0.55.5, downgrade is allowed).
[2026-07-12 11:21:09.622] [info]  Update not available: {
   "version": "0.55.5",
   "files": [
      {
         "url": "Anytype-0.55.5.AppImage",
         "sha512": "5kw48x2+PctEUg/K3hHyumm4UVmW1Ds4NUAnTycH2zjde4jfuvjlrQaTrtP7oBltRKvtf6kNmqTlyS0fk9a5yg==",
         "size": 268775126,
         "blockMapSize": 278250
      },
      {
         "url": "anytype_0.55.5_amd64.deb",
         "sha512": "wljUaINiaon5Z+nSdMDKhbZhDdzXAGiZ9eL9WiJ53KVzQZAjCGE8rIHmXq5SxHPGB9dBjmIF4Y+cX1v/4m+22g==",
         "size": 226321168
      },
      {
         "url": "anytype_0.55.5_amd64.deb",
         "sha512": "wljUaINiaon5Z+nSdMDKhbZhDdzXAGiZ9eL9WiJ53KVzQZAjCGE8rIHmXq5SxHPGB9dBjmIF4Y+cX1v/4m+22g==",
         "size": 226321168
      },
      {
         "url": "anytype_0.55.5_amd64.deb",
         "sha512": "wljUaINiaon5Z+nSdMDKhbZhDdzXAGiZ9eL9WiJ53KVzQZAjCGE8rIHmXq5SxHPGB9dBjmIF4Y+cX1v/4m+22g==",
         "size": 226321168
      },
      {
         "url": "anytype-0.55.5.x86_64.rpm",
         "sha512": "bXv6Rzn90YKItShmLwPx9+JoMs518P1Jw0dG27EPjpRtC63dXde0V8jdmIcXOlwIWMLs+LpxfUTqFbxI//zhgg==",
         "size": 201485757
      },
      {
         "url": "anytype-0.55.5.x86_64.rpm",
         "sha512": "bXv6Rzn90YKItShmLwPx9+JoMs518P1Jw0dG27EPjpRtC63dXde0V8jdmIcXOlwIWMLs+LpxfUTqFbxI//zhgg==",
         "size": 201485757
      },
      {
         "url": "anytype-0.55.5.x86_64.rpm",
         "sha512": "bXv6Rzn90YKItShmLwPx9+JoMs518P1Jw0dG27EPjpRtC63dXde0V8jdmIcXOlwIWMLs+LpxfUTqFbxI//zhgg==",
         "size": 201485757
      }
   ],
   "path": "Anytype-0.55.5.AppImage",
   "sha512": "5kw48x2+PctEUg/K3hHyumm4UVmW1Ds4NUAnTycH2zjde4jfuvjlrQaTrtP7oBltRKvtf6kNmqTlyS0fk9a5yg==",
   "releaseDate": "2026-06-03T13:00:29.463Z"
}
[2026-07-12 11:21:09.623] [debug] checkForUpdatesAndNotify called, downloadPromise is null
[2026-07-12 11:31:09.359] [info]  Checking for update
[2026-07-12 11:31:09.359] [info]  Checking for update
[2026-07-12 11:31:09.641] [info]  Update for version 0.55.5 is not available (latest version: 0.55.5, downgrade is allowed).
[2026-07-12 11:31:09.641] [info]  Update not available: {
   "version": "0.55.5",
   "files": [
      {
         "url": "Anytype-0.55.5.AppImage",
         "sha512": "5kw48x2+PctEUg/K3hHyumm4UVmW1Ds4NUAnTycH2zjde4jfuvjlrQaTrtP7oBltRKvtf6kNmqTlyS0fk9a5yg==",
         "size": 268775126,
         "blockMapSize": 278250
      },
      {
         "url": "anytype_0.55.5_amd64.deb",
         "sha512": "wljUaINiaon5Z+nSdMDKhbZhDdzXAGiZ9eL9WiJ53KVzQZAjCGE8rIHmXq5SxHPGB9dBjmIF4Y+cX1v/4m+22g==",
         "size": 226321168
      },
      {
         "url": "anytype_0.55.5_amd64.deb",
         "sha512": "wljUaINiaon5Z+nSdMDKhbZhDdzXAGiZ9eL9WiJ53KVzQZAjCGE8rIHmXq5SxHPGB9dBjmIF4Y+cX1v/4m+22g==",
         "size": 226321168
      },
      {
         "url": "anytype_0.55.5_amd64.deb",
         "sha512": "wljUaINiaon5Z+nSdMDKhbZhDdzXAGiZ9eL9WiJ53KVzQZAjCGE8rIHmXq5SxHPGB9dBjmIF4Y+cX1v/4m+22g==",
         "size": 226321168
      },
      {
         "url": "anytype-0.55.5.x86_64.rpm",
         "sha512": "bXv6Rzn90YKItShmLwPx9+JoMs518P1Jw0dG27EPjpRtC63dXde0V8jdmIcXOlwIWMLs+LpxfUTqFbxI//zhgg==",
         "size": 201485757
      },
      {
         "url": "anytype-0.55.5.x86_64.rpm",
         "sha512": "bXv6Rzn90YKItShmLwPx9+JoMs518P1Jw0dG27EPjpRtC63dXde0V8jdmIcXOlwIWMLs+LpxfUTqFbxI//zhgg==",
         "size": 201485757
      },
      {
         "url": "anytype-0.55.5.x86_64.rpm",
         "sha512": "bXv6Rzn90YKItShmLwPx9+JoMs518P1Jw0dG27EPjpRtC63dXde0V8jdmIcXOlwIWMLs+LpxfUTqFbxI//zhgg==",
         "size": 201485757
      }
   ],
   "path": "Anytype-0.55.5.AppImage",
   "sha512": "5kw48x2+PctEUg/K3hHyumm4UVmW1Ds4NUAnTycH2zjde4jfuvjlrQaTrtP7oBltRKvtf6kNmqTlyS0fk9a5yg==",
   "releaseDate": "2026-06-03T13:00:29.463Z"
}
[2026-07-12 11:31:09.641] [debug] checkForUpdatesAndNotify called, downloadPromise is null
[2026-07-12 11:41:09.360] [info]  Checking for update
[2026-07-12 11:41:09.360] [info]  Checking for update
[2026-07-12 11:41:09.617] [info]  Update for version 0.55.5 is not available (latest version: 0.55.5, downgrade is allowed).
[2026-07-12 11:41:09.617] [info]  Update not available: {
   "version": "0.55.5",
   "files": [
      {
         "url": "Anytype-0.55.5.AppImage",
         "sha512": "5kw48x2+PctEUg/K3hHyumm4UVmW1Ds4NUAnTycH2zjde4jfuvjlrQaTrtP7oBltRKvtf6kNmqTlyS0fk9a5yg==",
         "size": 268775126,
         "blockMapSize": 278250
      },
      {
         "url": "anytype_0.55.5_amd64.deb",
         "sha512": "wljUaINiaon5Z+nSdMDKhbZhDdzXAGiZ9eL9WiJ53KVzQZAjCGE8rIHmXq5SxHPGB9dBjmIF4Y+cX1v/4m+22g==",
         "size": 226321168
      },
      {
         "url": "anytype_0.55.5_amd64.deb",
         "sha512": "wljUaINiaon5Z+nSdMDKhbZhDdzXAGiZ9eL9WiJ53KVzQZAjCGE8rIHmXq5SxHPGB9dBjmIF4Y+cX1v/4m+22g==",
         "size": 226321168
      },
      {
         "url": "anytype_0.55.5_amd64.deb",
         "sha512": "wljUaINiaon5Z+nSdMDKhbZhDdzXAGiZ9eL9WiJ53KVzQZAjCGE8rIHmXq5SxHPGB9dBjmIF4Y+cX1v/4m+22g==",
         "size": 226321168
      },
      {
         "url": "anytype-0.55.5.x86_64.rpm",
         "sha512": "bXv6Rzn90YKItShmLwPx9+JoMs518P1Jw0dG27EPjpRtC63dXde0V8jdmIcXOlwIWMLs+LpxfUTqFbxI//zhgg==",
         "size": 201485757
      },
      {
         "url": "anytype-0.55.5.x86_64.rpm",
         "sha512": "bXv6Rzn90YKItShmLwPx9+JoMs518P1Jw0dG27EPjpRtC63dXde0V8jdmIcXOlwIWMLs+LpxfUTqFbxI//zhgg==",
         "size": 201485757
      },
      {
         "url": "anytype-0.55.5.x86_64.rpm",
         "sha512": "bXv6Rzn90YKItShmLwPx9+JoMs518P1Jw0dG27EPjpRtC63dXde0V8jdmIcXOlwIWMLs+LpxfUTqFbxI//zhgg==",
         "size": 201485757
      }
   ],
   "path": "Anytype-0.55.5.AppImage",
   "sha512": "5kw48x2+PctEUg/K3hHyumm4UVmW1Ds4NUAnTycH2zjde4jfuvjlrQaTrtP7oBltRKvtf6kNmqTlyS0fk9a5yg==",
   "releaseDate": "2026-06-03T13:00:29.463Z"
}
[2026-07-12 11:41:09.618] [debug] checkForUpdatesAndNotify called, downloadPromise is null
[2026-07-12 11:51:09.361] [info]  Checking for update
[2026-07-12 11:51:09.361] [info]  Checking for update
[2026-07-12 11:51:09.621] [info]  Update for version 0.55.5 is not available (latest version: 0.55.5, downgrade is allowed).
[2026-07-12 11:51:09.621] [info]  Update not available: {
   "version": "0.55.5",
   "files": [
      {
         "url": "Anytype-0.55.5.AppImage",
         "sha512": "5kw48x2+PctEUg/K3hHyumm4UVmW1Ds4NUAnTycH2zjde4jfuvjlrQaTrtP7oBltRKvtf6kNmqTlyS0fk9a5yg==",
         "size": 268775126,
         "blockMapSize": 278250
      },
      {
         "url": "anytype_0.55.5_amd64.deb",
         "sha512": "wljUaINiaon5Z+nSdMDKhbZhDdzXAGiZ9eL9WiJ53KVzQZAjCGE8rIHmXq5SxHPGB9dBjmIF4Y+cX1v/4m+22g==",
         "size": 226321168
      },
      {
         "url": "anytype_0.55.5_amd64.deb",
         "sha512": "wljUaINiaon5Z+nSdMDKhbZhDdzXAGiZ9eL9WiJ53KVzQZAjCGE8rIHmXq5SxHPGB9dBjmIF4Y+cX1v/4m+22g==",
         "size": 226321168
      },
      {
         "url": "anytype_0.55.5_amd64.deb",
         "sha512": "wljUaINiaon5Z+nSdMDKhbZhDdzXAGiZ9eL9WiJ53KVzQZAjCGE8rIHmXq5SxHPGB9dBjmIF4Y+cX1v/4m+22g==",
         "size": 226321168
      },
      {
         "url": "anytype-0.55.5.x86_64.rpm",
         "sha512": "bXv6Rzn90YKItShmLwPx9+JoMs518P1Jw0dG27EPjpRtC63dXde0V8jdmIcXOlwIWMLs+LpxfUTqFbxI//zhgg==",
         "size": 201485757
      },
      {
         "url": "anytype-0.55.5.x86_64.rpm",
         "sha512": "bXv6Rzn90YKItShmLwPx9+JoMs518P1Jw0dG27EPjpRtC63dXde0V8jdmIcXOlwIWMLs+LpxfUTqFbxI//zhgg==",
         "size": 201485757
      },
      {
         "url": "anytype-0.55.5.x86_64.rpm",
         "sha512": "bXv6Rzn90YKItShmLwPx9+JoMs518P1Jw0dG27EPjpRtC63dXde0V8jdmIcXOlwIWMLs+LpxfUTqFbxI//zhgg==",
         "size": 201485757
      }
   ],
   "path": "Anytype-0.55.5.AppImage",
   "sha512": "5kw48x2+PctEUg/K3hHyumm4UVmW1Ds4NUAnTycH2zjde4jfuvjlrQaTrtP7oBltRKvtf6kNmqTlyS0fk9a5yg==",
   "releaseDate": "2026-06-03T13:00:29.463Z"
}
[2026-07-12 11:51:09.622] [debug] checkForUpdatesAndNotify called, downloadPromise is null
[2026-07-12 12:01:09.362] [info]  Checking for update
[2026-07-12 12:01:09.362] [info]  Checking for update
[2026-07-12 12:01:09.628] [info]  Update for version 0.55.5 is not available (latest version: 0.55.5, downgrade is allowed).
[2026-07-12 12:01:09.628] [info]  Update not available: {
   "version": "0.55.5",
   "files": [
      {
         "url": "Anytype-0.55.5.AppImage",
         "sha512": "5kw48x2+PctEUg/K3hHyumm4UVmW1Ds4NUAnTycH2zjde4jfuvjlrQaTrtP7oBltRKvtf6kNmqTlyS0fk9a5yg==",
         "size": 268775126,
         "blockMapSize": 278250
      },
      {
         "url": "anytype_0.55.5_amd64.deb",
         "sha512": "wljUaINiaon5Z+nSdMDKhbZhDdzXAGiZ9eL9WiJ53KVzQZAjCGE8rIHmXq5SxHPGB9dBjmIF4Y+cX1v/4m+22g==",
         "size": 226321168
      },
      {
         "url": "anytype_0.55.5_amd64.deb",
         "sha512": "wljUaINiaon5Z+nSdMDKhbZhDdzXAGiZ9eL9WiJ53KVzQZAjCGE8rIHmXq5SxHPGB9dBjmIF4Y+cX1v/4m+22g==",
         "size": 226321168
      },
      {
         "url": "anytype_0.55.5_amd64.deb",
         "sha512": "wljUaINiaon5Z+nSdMDKhbZhDdzXAGiZ9eL9WiJ53KVzQZAjCGE8rIHmXq5SxHPGB9dBjmIF4Y+cX1v/4m+22g==",
         "size": 226321168
      },
      {
         "url": "anytype-0.55.5.x86_64.rpm",
         "sha512": "bXv6Rzn90YKItShmLwPx9+JoMs518P1Jw0dG27EPjpRtC63dXde0V8jdmIcXOlwIWMLs+LpxfUTqFbxI//zhgg==",
         "size": 201485757
      },
      {
         "url": "anytype-0.55.5.x86_64.rpm",
         "sha512": "bXv6Rzn90YKItShmLwPx9+JoMs518P1Jw0dG27EPjpRtC63dXde0V8jdmIcXOlwIWMLs+LpxfUTqFbxI//zhgg==",
         "size": 201485757
      },
      {
         "url": "anytype-0.55.5.x86_64.rpm",
         "sha512": "bXv6Rzn90YKItShmLwPx9+JoMs518P1Jw0dG27EPjpRtC63dXde0V8jdmIcXOlwIWMLs+LpxfUTqFbxI//zhgg==",
         "size": 201485757
      }
   ],
   "path": "Anytype-0.55.5.AppImage",
   "sha512": "5kw48x2+PctEUg/K3hHyumm4UVmW1Ds4NUAnTycH2zjde4jfuvjlrQaTrtP7oBltRKvtf6kNmqTlyS0fk9a5yg==",
   "releaseDate": "2026-06-03T13:00:29.463Z"
}
[2026-07-12 12:01:09.628] [debug] checkForUpdatesAndNotify called, downloadPromise is null
[2026-07-12 12:11:09.363] [info]  Checking for update
[2026-07-12 12:11:09.363] [info]  Checking for update
[2026-07-12 12:11:09.623] [info]  Update for version 0.55.5 is not available (latest version: 0.55.5, downgrade is allowed).
[2026-07-12 12:11:09.623] [info]  Update not available: {
   "version": "0.55.5",
   "files": [
      {
         "url": "Anytype-0.55.5.AppImage",
         "sha512": "5kw48x2+PctEUg/K3hHyumm4UVmW1Ds4NUAnTycH2zjde4jfuvjlrQaTrtP7oBltRKvtf6kNmqTlyS0fk9a5yg==",
         "size": 268775126,
         "blockMapSize": 278250
      },
      {
         "url": "anytype_0.55.5_amd64.deb",
         "sha512": "wljUaINiaon5Z+nSdMDKhbZhDdzXAGiZ9eL9WiJ53KVzQZAjCGE8rIHmXq5SxHPGB9dBjmIF4Y+cX1v/4m+22g==",
         "size": 226321168
      },
      {
         "url": "anytype_0.55.5_amd64.deb",
         "sha512": "wljUaINiaon5Z+nSdMDKhbZhDdzXAGiZ9eL9WiJ53KVzQZAjCGE8rIHmXq5SxHPGB9dBjmIF4Y+cX1v/4m+22g==",
         "size": 226321168
      },
      {
         "url": "anytype_0.55.5_amd64.deb",
         "sha512": "wljUaINiaon5Z+nSdMDKhbZhDdzXAGiZ9eL9WiJ53KVzQZAjCGE8rIHmXq5SxHPGB9dBjmIF4Y+cX1v/4m+22g==",
         "size": 226321168
      },
      {
         "url": "anytype-0.55.5.x86_64.rpm",
         "sha512": "bXv6Rzn90YKItShmLwPx9+JoMs518P1Jw0dG27EPjpRtC63dXde0V8jdmIcXOlwIWMLs+LpxfUTqFbxI//zhgg==",
         "size": 201485757
      },
      {
         "url": "anytype-0.55.5.x86_64.rpm",
         "sha512": "bXv6Rzn90YKItShmLwPx9+JoMs518P1Jw0dG27EPjpRtC63dXde0V8jdmIcXOlwIWMLs+LpxfUTqFbxI//zhgg==",
         "size": 201485757
      },
      {
         "url": "anytype-0.55.5.x86_64.rpm",
         "sha512": "bXv6Rzn90YKItShmLwPx9+JoMs518P1Jw0dG27EPjpRtC63dXde0V8jdmIcXOlwIWMLs+LpxfUTqFbxI//zhgg==",
         "size": 201485757
      }
   ],
   "path": "Anytype-0.55.5.AppImage",
   "sha512": "5kw48x2+PctEUg/K3hHyumm4UVmW1Ds4NUAnTycH2zjde4jfuvjlrQaTrtP7oBltRKvtf6kNmqTlyS0fk9a5yg==",
   "releaseDate": "2026-06-03T13:00:29.463Z"
}
[2026-07-12 12:11:09.623] [debug] checkForUpdatesAndNotify called, downloadPromise is null
[2026-07-12 12:21:09.364] [info]  Checking for update
[2026-07-12 12:21:09.364] [info]  Checking for update
[2026-07-12 12:21:09.616] [info]  Update for version 0.55.5 is not available (latest version: 0.55.5, downgrade is allowed).
[2026-07-12 12:21:09.616] [info]  Update not available: {
   "version": "0.55.5",
   "files": [
      {
         "url": "Anytype-0.55.5.AppImage",
         "sha512": "5kw48x2+PctEUg/K3hHyumm4UVmW1Ds4NUAnTycH2zjde4jfuvjlrQaTrtP7oBltRKvtf6kNmqTlyS0fk9a5yg==",
         "size": 268775126,
         "blockMapSize": 278250
      },
      {
         "url": "anytype_0.55.5_amd64.deb",
         "sha512": "wljUaINiaon5Z+nSdMDKhbZhDdzXAGiZ9eL9WiJ53KVzQZAjCGE8rIHmXq5SxHPGB9dBjmIF4Y+cX1v/4m+22g==",
         "size": 226321168
      },
      {
         "url": "anytype_0.55.5_amd64.deb",
         "sha512": "wljUaINiaon5Z+nSdMDKhbZhDdzXAGiZ9eL9WiJ53KVzQZAjCGE8rIHmXq5SxHPGB9dBjmIF4Y+cX1v/4m+22g==",
         "size": 226321168
      },
      {
         "url": "anytype_0.55.5_amd64.deb",
         "sha512": "wljUaINiaon5Z+nSdMDKhbZhDdzXAGiZ9eL9WiJ53KVzQZAjCGE8rIHmXq5SxHPGB9dBjmIF4Y+cX1v/4m+22g==",
         "size": 226321168
      },
      {
         "url": "anytype-0.55.5.x86_64.rpm",
         "sha512": "bXv6Rzn90YKItShmLwPx9+JoMs518P1Jw0dG27EPjpRtC63dXde0V8jdmIcXOlwIWMLs+LpxfUTqFbxI//zhgg==",
         "size": 201485757
      },
      {
         "url": "anytype-0.55.5.x86_64.rpm",
         "sha512": "bXv6Rzn90YKItShmLwPx9+JoMs518P1Jw0dG27EPjpRtC63dXde0V8jdmIcXOlwIWMLs+LpxfUTqFbxI//zhgg==",
         "size": 201485757
      },
      {
         "url": "anytype-0.55.5.x86_64.rpm",
         "sha512": "bXv6Rzn90YKItShmLwPx9+JoMs518P1Jw0dG27EPjpRtC63dXde0V8jdmIcXOlwIWMLs+LpxfUTqFbxI//zhgg==",
         "size": 201485757
      }
   ],
   "path": "Anytype-0.55.5.AppImage",
   "sha512": "5kw48x2+PctEUg/K3hHyumm4UVmW1Ds4NUAnTycH2zjde4jfuvjlrQaTrtP7oBltRKvtf6kNmqTlyS0fk9a5yg==",
   "releaseDate": "2026-06-03T13:00:29.463Z"
}
[2026-07-12 12:21:09.617] [debug] checkForUpdatesAndNotify called, downloadPromise is null
[2026-07-12 12:31:09.364] [info]  Checking for update
[2026-07-12 12:31:09.364] [info]  Checking for update
[2026-07-12 12:31:09.619] [info]  Update for version 0.55.5 is not available (latest version: 0.55.5, downgrade is allowed).
[2026-07-12 12:31:09.619] [info]  Update not available: {
   "version": "0.55.5",
   "files": [
      {
         "url": "Anytype-0.55.5.AppImage",
         "sha512": "5kw48x2+PctEUg/K3hHyumm4UVmW1Ds4NUAnTycH2zjde4jfuvjlrQaTrtP7oBltRKvtf6kNmqTlyS0fk9a5yg==",
         "size": 268775126,
         "blockMapSize": 278250
      },
      {
         "url": "anytype_0.55.5_amd64.deb",
         "sha512": "wljUaINiaon5Z+nSdMDKhbZhDdzXAGiZ9eL9WiJ53KVzQZAjCGE8rIHmXq5SxHPGB9dBjmIF4Y+cX1v/4m+22g==",
         "size": 226321168
      },
      {
         "url": "anytype_0.55.5_amd64.deb",
         "sha512": "wljUaINiaon5Z+nSdMDKhbZhDdzXAGiZ9eL9WiJ53KVzQZAjCGE8rIHmXq5SxHPGB9dBjmIF4Y+cX1v/4m+22g==",
         "size": 226321168
      },
      {
         "url": "anytype_0.55.5_amd64.deb",
         "sha512": "wljUaINiaon5Z+nSdMDKhbZhDdzXAGiZ9eL9WiJ53KVzQZAjCGE8rIHmXq5SxHPGB9dBjmIF4Y+cX1v/4m+22g==",
         "size": 226321168
      },
      {
         "url": "anytype-0.55.5.x86_64.rpm",
         "sha512": "bXv6Rzn90YKItShmLwPx9+JoMs518P1Jw0dG27EPjpRtC63dXde0V8jdmIcXOlwIWMLs+LpxfUTqFbxI//zhgg==",
         "size": 201485757
      },
      {
         "url": "anytype-0.55.5.x86_64.rpm",
         "sha512": "bXv6Rzn90YKItShmLwPx9+JoMs518P1Jw0dG27EPjpRtC63dXde0V8jdmIcXOlwIWMLs+LpxfUTqFbxI//zhgg==",
         "size": 201485757
      },
      {
         "url": "anytype-0.55.5.x86_64.rpm",
         "sha512": "bXv6Rzn90YKItShmLwPx9+JoMs518P1Jw0dG27EPjpRtC63dXde0V8jdmIcXOlwIWMLs+LpxfUTqFbxI//zhgg==",
         "size": 201485757
      }
   ],
   "path": "Anytype-0.55.5.AppImage",
   "sha512": "5kw48x2+PctEUg/K3hHyumm4UVmW1Ds4NUAnTycH2zjde4jfuvjlrQaTrtP7oBltRKvtf6kNmqTlyS0fk9a5yg==",
   "releaseDate": "2026-06-03T13:00:29.463Z"
}
[2026-07-12 12:31:09.619] [debug] checkForUpdatesAndNotify called, downloadPromise is null
[2026-07-12 12:41:09.364] [info]  Checking for update
[2026-07-12 12:41:09.365] [info]  Checking for update
[2026-07-12 12:41:09.632] [info]  Update for version 0.55.5 is not available (latest version: 0.55.5, downgrade is allowed).
[2026-07-12 12:41:09.632] [info]  Update not available: {
   "version": "0.55.5",
   "files": [
      {
         "url": "Anytype-0.55.5.AppImage",
         "sha512": "5kw48x2+PctEUg/K3hHyumm4UVmW1Ds4NUAnTycH2zjde4jfuvjlrQaTrtP7oBltRKvtf6kNmqTlyS0fk9a5yg==",
         "size": 268775126,
         "blockMapSize": 278250
      },
      {
         "url": "anytype_0.55.5_amd64.deb",
         "sha512": "wljUaINiaon5Z+nSdMDKhbZhDdzXAGiZ9eL9WiJ53KVzQZAjCGE8rIHmXq5SxHPGB9dBjmIF4Y+cX1v/4m+22g==",
         "size": 226321168
      },
      {
         "url": "anytype_0.55.5_amd64.deb",
         "sha512": "wljUaINiaon5Z+nSdMDKhbZhDdzXAGiZ9eL9WiJ53KVzQZAjCGE8rIHmXq5SxHPGB9dBjmIF4Y+cX1v/4m+22g==",
         "size": 226321168
      },
      {
         "url": "anytype_0.55.5_amd64.deb",
         "sha512": "wljUaINiaon5Z+nSdMDKhbZhDdzXAGiZ9eL9WiJ53KVzQZAjCGE8rIHmXq5SxHPGB9dBjmIF4Y+cX1v/4m+22g==",
         "size": 226321168
      },
      {
         "url": "anytype-0.55.5.x86_64.rpm",
         "sha512": "bXv6Rzn90YKItShmLwPx9+JoMs518P1Jw0dG27EPjpRtC63dXde0V8jdmIcXOlwIWMLs+LpxfUTqFbxI//zhgg==",
         "size": 201485757
      },
      {
         "url": "anytype-0.55.5.x86_64.rpm",
         "sha512": "bXv6Rzn90YKItShmLwPx9+JoMs518P1Jw0dG27EPjpRtC63dXde0V8jdmIcXOlwIWMLs+LpxfUTqFbxI//zhgg==",
         "size": 201485757
      },
      {
         "url": "anytype-0.55.5.x86_64.rpm",
         "sha512": "bXv6Rzn90YKItShmLwPx9+JoMs518P1Jw0dG27EPjpRtC63dXde0V8jdmIcXOlwIWMLs+LpxfUTqFbxI//zhgg==",
         "size": 201485757
      }
   ],
   "path": "Anytype-0.55.5.AppImage",
   "sha512": "5kw48x2+PctEUg/K3hHyumm4UVmW1Ds4NUAnTycH2zjde4jfuvjlrQaTrtP7oBltRKvtf6kNmqTlyS0fk9a5yg==",
   "releaseDate": "2026-06-03T13:00:29.463Z"
}
[2026-07-12 12:41:09.632] [debug] checkForUpdatesAndNotify called, downloadPromise is null
[2026-07-12 12:51:09.365] [info]  Checking for update
[2026-07-12 12:51:09.365] [info]  Checking for update
[2026-07-12 12:51:09.637] [info]  Update for version 0.55.5 is not available (latest version: 0.55.5, downgrade is allowed).
[2026-07-12 12:51:09.637] [info]  Update not available: {
   "version": "0.55.5",
   "files": [
      {
         "url": "Anytype-0.55.5.AppImage",
         "sha512": "5kw48x2+PctEUg/K3hHyumm4UVmW1Ds4NUAnTycH2zjde4jfuvjlrQaTrtP7oBltRKvtf6kNmqTlyS0fk9a5yg==",
         "size": 268775126,
         "blockMapSize": 278250
      },
      {
         "url": "anytype_0.55.5_amd64.deb",
         "sha512": "wljUaINiaon5Z+nSdMDKhbZhDdzXAGiZ9eL9WiJ53KVzQZAjCGE8rIHmXq5SxHPGB9dBjmIF4Y+cX1v/4m+22g==",
         "size": 226321168
      },
      {
         "url": "anytype_0.55.5_amd64.deb",
         "sha512": "wljUaINiaon5Z+nSdMDKhbZhDdzXAGiZ9eL9WiJ53KVzQZAjCGE8rIHmXq5SxHPGB9dBjmIF4Y+cX1v/4m+22g==",
         "size": 226321168
      },
      {
         "url": "anytype_0.55.5_amd64.deb",
         "sha512": "wljUaINiaon5Z+nSdMDKhbZhDdzXAGiZ9eL9WiJ53KVzQZAjCGE8rIHmXq5SxHPGB9dBjmIF4Y+cX1v/4m+22g==",
         "size": 226321168
      },
      {
         "url": "anytype-0.55.5.x86_64.rpm",
         "sha512": "bXv6Rzn90YKItShmLwPx9+JoMs518P1Jw0dG27EPjpRtC63dXde0V8jdmIcXOlwIWMLs+LpxfUTqFbxI//zhgg==",
         "size": 201485757
      },
      {
         "url": "anytype-0.55.5.x86_64.rpm",
         "sha512": "bXv6Rzn90YKItShmLwPx9+JoMs518P1Jw0dG27EPjpRtC63dXde0V8jdmIcXOlwIWMLs+LpxfUTqFbxI//zhgg==",
         "size": 201485757
      },
      {
         "url": "anytype-0.55.5.x86_64.rpm",
         "sha512": "bXv6Rzn90YKItShmLwPx9+JoMs518P1Jw0dG27EPjpRtC63dXde0V8jdmIcXOlwIWMLs+LpxfUTqFbxI//zhgg==",
         "size": 201485757
      }
   ],
   "path": "Anytype-0.55.5.AppImage",
   "sha512": "5kw48x2+PctEUg/K3hHyumm4UVmW1Ds4NUAnTycH2zjde4jfuvjlrQaTrtP7oBltRKvtf6kNmqTlyS0fk9a5yg==",
   "releaseDate": "2026-06-03T13:00:29.463Z"
}
[2026-07-12 12:51:09.637] [debug] checkForUpdatesAndNotify called, downloadPromise is null
[2026-07-12 13:01:09.366] [info]  Checking for update
[2026-07-12 13:01:09.366] [info]  Checking for update
[2026-07-12 13:01:09.640] [info]  Update for version 0.55.5 is not available (latest version: 0.55.5, downgrade is allowed).
[2026-07-12 13:01:09.640] [info]  Update not available: {
   "version": "0.55.5",
   "files": [
      {
         "url": "Anytype-0.55.5.AppImage",
         "sha512": "5kw48x2+PctEUg/K3hHyumm4UVmW1Ds4NUAnTycH2zjde4jfuvjlrQaTrtP7oBltRKvtf6kNmqTlyS0fk9a5yg==",
         "size": 268775126,
         "blockMapSize": 278250
      },
      {
         "url": "anytype_0.55.5_amd64.deb",
         "sha512": "wljUaINiaon5Z+nSdMDKhbZhDdzXAGiZ9eL9WiJ53KVzQZAjCGE8rIHmXq5SxHPGB9dBjmIF4Y+cX1v/4m+22g==",
         "size": 226321168
      },
      {
         "url": "anytype_0.55.5_amd64.deb",
         "sha512": "wljUaINiaon5Z+nSdMDKhbZhDdzXAGiZ9eL9WiJ53KVzQZAjCGE8rIHmXq5SxHPGB9dBjmIF4Y+cX1v/4m+22g==",
         "size": 226321168
      },
      {
         "url": "anytype_0.55.5_amd64.deb",
         "sha512": "wljUaINiaon5Z+nSdMDKhbZhDdzXAGiZ9eL9WiJ53KVzQZAjCGE8rIHmXq5SxHPGB9dBjmIF4Y+cX1v/4m+22g==",
         "size": 226321168
      },
      {
         "url": "anytype-0.55.5.x86_64.rpm",
         "sha512": "bXv6Rzn90YKItShmLwPx9+JoMs518P1Jw0dG27EPjpRtC63dXde0V8jdmIcXOlwIWMLs+LpxfUTqFbxI//zhgg==",
         "size": 201485757
      },
      {
         "url": "anytype-0.55.5.x86_64.rpm",
         "sha512": "bXv6Rzn90YKItShmLwPx9+JoMs518P1Jw0dG27EPjpRtC63dXde0V8jdmIcXOlwIWMLs+LpxfUTqFbxI//zhgg==",
         "size": 201485757
      },
      {
         "url": "anytype-0.55.5.x86_64.rpm",
         "sha512": "bXv6Rzn90YKItShmLwPx9+JoMs518P1Jw0dG27EPjpRtC63dXde0V8jdmIcXOlwIWMLs+LpxfUTqFbxI//zhgg==",
         "size": 201485757
      }
   ],
   "path": "Anytype-0.55.5.AppImage",
   "sha512": "5kw48x2+PctEUg/K3hHyumm4UVmW1Ds4NUAnTycH2zjde4jfuvjlrQaTrtP7oBltRKvtf6kNmqTlyS0fk9a5yg==",
   "releaseDate": "2026-06-03T13:00:29.463Z"
}
[2026-07-12 13:01:09.640] [debug] checkForUpdatesAndNotify called, downloadPromise is null
[2026-07-12 13:11:09.366] [info]  Checking for update
[2026-07-12 13:11:09.366] [info]  Checking for update
[2026-07-12 13:11:09.620] [info]  Update for version 0.55.5 is not available (latest version: 0.55.5, downgrade is allowed).
[2026-07-12 13:11:09.620] [info]  Update not available: {
   "version": "0.55.5",
   "files": [
      {
         "url": "Anytype-0.55.5.AppImage",
         "sha512": "5kw48x2+PctEUg/K3hHyumm4UVmW1Ds4NUAnTycH2zjde4jfuvjlrQaTrtP7oBltRKvtf6kNmqTlyS0fk9a5yg==",
         "size": 268775126,
         "blockMapSize": 278250
      },
      {
         "url": "anytype_0.55.5_amd64.deb",
         "sha512": "wljUaINiaon5Z+nSdMDKhbZhDdzXAGiZ9eL9WiJ53KVzQZAjCGE8rIHmXq5SxHPGB9dBjmIF4Y+cX1v/4m+22g==",
         "size": 226321168
      },
      {
         "url": "anytype_0.55.5_amd64.deb",
         "sha512": "wljUaINiaon5Z+nSdMDKhbZhDdzXAGiZ9eL9WiJ53KVzQZAjCGE8rIHmXq5SxHPGB9dBjmIF4Y+cX1v/4m+22g==",
         "size": 226321168
      },
      {
         "url": "anytype_0.55.5_amd64.deb",
         "sha512": "wljUaINiaon5Z+nSdMDKhbZhDdzXAGiZ9eL9WiJ53KVzQZAjCGE8rIHmXq5SxHPGB9dBjmIF4Y+cX1v/4m+22g==",
         "size": 226321168
      },
      {
         "url": "anytype-0.55.5.x86_64.rpm",
         "sha512": "bXv6Rzn90YKItShmLwPx9+JoMs518P1Jw0dG27EPjpRtC63dXde0V8jdmIcXOlwIWMLs+LpxfUTqFbxI//zhgg==",
         "size": 201485757
      },
      {
         "url": "anytype-0.55.5.x86_64.rpm",
         "sha512": "bXv6Rzn90YKItShmLwPx9+JoMs518P1Jw0dG27EPjpRtC63dXde0V8jdmIcXOlwIWMLs+LpxfUTqFbxI//zhgg==",
         "size": 201485757
      },
      {
         "url": "anytype-0.55.5.x86_64.rpm",
         "sha512": "bXv6Rzn90YKItShmLwPx9+JoMs518P1Jw0dG27EPjpRtC63dXde0V8jdmIcXOlwIWMLs+LpxfUTqFbxI//zhgg==",
         "size": 201485757
      }
   ],
   "path": "Anytype-0.55.5.AppImage",
   "sha512": "5kw48x2+PctEUg/K3hHyumm4UVmW1Ds4NUAnTycH2zjde4jfuvjlrQaTrtP7oBltRKvtf6kNmqTlyS0fk9a5yg==",
   "releaseDate": "2026-06-03T13:00:29.463Z"
}
[2026-07-12 13:11:09.620] [debug] checkForUpdatesAndNotify called, downloadPromise is null
[2026-07-12 13:21:09.366] [info]  Checking for update
[2026-07-12 13:21:09.366] [info]  Checking for update
[2026-07-12 13:21:09.625] [info]  Update for version 0.55.5 is not available (latest version: 0.55.5, downgrade is allowed).
[2026-07-12 13:21:09.625] [info]  Update not available: {
   "version": "0.55.5",
   "files": [
      {
         "url": "Anytype-0.55.5.AppImage",
         "sha512": "5kw48x2+PctEUg/K3hHyumm4UVmW1Ds4NUAnTycH2zjde4jfuvjlrQaTrtP7oBltRKvtf6kNmqTlyS0fk9a5yg==",
         "size": 268775126,
         "blockMapSize": 278250
      },
      {
         "url": "anytype_0.55.5_amd64.deb",
         "sha512": "wljUaINiaon5Z+nSdMDKhbZhDdzXAGiZ9eL9WiJ53KVzQZAjCGE8rIHmXq5SxHPGB9dBjmIF4Y+cX1v/4m+22g==",
         "size": 226321168
      },
      {
         "url": "anytype_0.55.5_amd64.deb",
         "sha512": "wljUaINiaon5Z+nSdMDKhbZhDdzXAGiZ9eL9WiJ53KVzQZAjCGE8rIHmXq5SxHPGB9dBjmIF4Y+cX1v/4m+22g==",
         "size": 226321168
      },
      {
         "url": "anytype_0.55.5_amd64.deb",
         "sha512": "wljUaINiaon5Z+nSdMDKhbZhDdzXAGiZ9eL9WiJ53KVzQZAjCGE8rIHmXq5SxHPGB9dBjmIF4Y+cX1v/4m+22g==",
         "size": 226321168
      },
      {
         "url": "anytype-0.55.5.x86_64.rpm",
         "sha512": "bXv6Rzn90YKItShmLwPx9+JoMs518P1Jw0dG27EPjpRtC63dXde0V8jdmIcXOlwIWMLs+LpxfUTqFbxI//zhgg==",
         "size": 201485757
      },
      {
         "url": "anytype-0.55.5.x86_64.rpm",
         "sha512": "bXv6Rzn90YKItShmLwPx9+JoMs518P1Jw0dG27EPjpRtC63dXde0V8jdmIcXOlwIWMLs+LpxfUTqFbxI//zhgg==",
         "size": 201485757
      },
      {
         "url": "anytype-0.55.5.x86_64.rpm",
         "sha512": "bXv6Rzn90YKItShmLwPx9+JoMs518P1Jw0dG27EPjpRtC63dXde0V8jdmIcXOlwIWMLs+LpxfUTqFbxI//zhgg==",
         "size": 201485757
      }
   ],
   "path": "Anytype-0.55.5.AppImage",
   "sha512": "5kw48x2+PctEUg/K3hHyumm4UVmW1Ds4NUAnTycH2zjde4jfuvjlrQaTrtP7oBltRKvtf6kNmqTlyS0fk9a5yg==",
   "releaseDate": "2026-06-03T13:00:29.463Z"
}
[2026-07-12 13:21:09.625] [debug] checkForUpdatesAndNotify called, downloadPromise is null
[2026-07-12 13:31:09.367] [info]  Checking for update
[2026-07-12 13:31:09.367] [info]  Checking for update
[2026-07-12 13:31:09.628] [info]  Update for version 0.55.5 is not available (latest version: 0.55.5, downgrade is allowed).
[2026-07-12 13:31:09.628] [info]  Update not available: {
   "version": "0.55.5",
   "files": [
      {
         "url": "Anytype-0.55.5.AppImage",
         "sha512": "5kw48x2+PctEUg/K3hHyumm4UVmW1Ds4NUAnTycH2zjde4jfuvjlrQaTrtP7oBltRKvtf6kNmqTlyS0fk9a5yg==",
         "size": 268775126,
         "blockMapSize": 278250
      },
      {
         "url": "anytype_0.55.5_amd64.deb",
         "sha512": "wljUaINiaon5Z+nSdMDKhbZhDdzXAGiZ9eL9WiJ53KVzQZAjCGE8rIHmXq5SxHPGB9dBjmIF4Y+cX1v/4m+22g==",
         "size": 226321168
      },
      {
         "url": "anytype_0.55.5_amd64.deb",
         "sha512": "wljUaINiaon5Z+nSdMDKhbZhDdzXAGiZ9eL9WiJ53KVzQZAjCGE8rIHmXq5SxHPGB9dBjmIF4Y+cX1v/4m+22g==",
         "size": 226321168
      },
      {
         "url": "anytype_0.55.5_amd64.deb",
         "sha512": "wljUaINiaon5Z+nSdMDKhbZhDdzXAGiZ9eL9WiJ53KVzQZAjCGE8rIHmXq5SxHPGB9dBjmIF4Y+cX1v/4m+22g==",
         "size": 226321168
      },
      {
         "url": "anytype-0.55.5.x86_64.rpm",
         "sha512": "bXv6Rzn90YKItShmLwPx9+JoMs518P1Jw0dG27EPjpRtC63dXde0V8jdmIcXOlwIWMLs+LpxfUTqFbxI//zhgg==",
         "size": 201485757
      },
      {
         "url": "anytype-0.55.5.x86_64.rpm",
         "sha512": "bXv6Rzn90YKItShmLwPx9+JoMs518P1Jw0dG27EPjpRtC63dXde0V8jdmIcXOlwIWMLs+LpxfUTqFbxI//zhgg==",
         "size": 201485757
      },
      {
         "url": "anytype-0.55.5.x86_64.rpm",
         "sha512": "bXv6Rzn90YKItShmLwPx9+JoMs518P1Jw0dG27EPjpRtC63dXde0V8jdmIcXOlwIWMLs+LpxfUTqFbxI//zhgg==",
         "size": 201485757
      }
   ],
   "path": "Anytype-0.55.5.AppImage",
   "sha512": "5kw48x2+PctEUg/K3hHyumm4UVmW1Ds4NUAnTycH2zjde4jfuvjlrQaTrtP7oBltRKvtf6kNmqTlyS0fk9a5yg==",
   "releaseDate": "2026-06-03T13:00:29.463Z"
}
[2026-07-12 13:31:09.628] [debug] checkForUpdatesAndNotify called, downloadPromise is null
[2026-07-12 13:41:09.367] [info]  Checking for update
[2026-07-12 13:41:09.367] [info]  Checking for update
[2026-07-12 13:41:09.620] [info]  Update for version 0.55.5 is not available (latest version: 0.55.5, downgrade is allowed).
[2026-07-12 13:41:09.620] [info]  Update not available: {
   "version": "0.55.5",
   "files": [
      {
         "url": "Anytype-0.55.5.AppImage",
         "sha512": "5kw48x2+PctEUg/K3hHyumm4UVmW1Ds4NUAnTycH2zjde4jfuvjlrQaTrtP7oBltRKvtf6kNmqTlyS0fk9a5yg==",
         "size": 268775126,
         "blockMapSize": 278250
      },
      {
         "url": "anytype_0.55.5_amd64.deb",
         "sha512": "wljUaINiaon5Z+nSdMDKhbZhDdzXAGiZ9eL9WiJ53KVzQZAjCGE8rIHmXq5SxHPGB9dBjmIF4Y+cX1v/4m+22g==",
         "size": 226321168
      },
      {
         "url": "anytype_0.55.5_amd64.deb",
         "sha512": "wljUaINiaon5Z+nSdMDKhbZhDdzXAGiZ9eL9WiJ53KVzQZAjCGE8rIHmXq5SxHPGB9dBjmIF4Y+cX1v/4m+22g==",
         "size": 226321168
      },
      {
         "url": "anytype_0.55.5_amd64.deb",
         "sha512": "wljUaINiaon5Z+nSdMDKhbZhDdzXAGiZ9eL9WiJ53KVzQZAjCGE8rIHmXq5SxHPGB9dBjmIF4Y+cX1v/4m+22g==",
         "size": 226321168
      },
      {
         "url": "anytype-0.55.5.x86_64.rpm",
         "sha512": "bXv6Rzn90YKItShmLwPx9+JoMs518P1Jw0dG27EPjpRtC63dXde0V8jdmIcXOlwIWMLs+LpxfUTqFbxI//zhgg==",
         "size": 201485757
      },
      {
         "url": "anytype-0.55.5.x86_64.rpm",
         "sha512": "bXv6Rzn90YKItShmLwPx9+JoMs518P1Jw0dG27EPjpRtC63dXde0V8jdmIcXOlwIWMLs+LpxfUTqFbxI//zhgg==",
         "size": 201485757
      },
      {
         "url": "anytype-0.55.5.x86_64.rpm",
         "sha512": "bXv6Rzn90YKItShmLwPx9+JoMs518P1Jw0dG27EPjpRtC63dXde0V8jdmIcXOlwIWMLs+LpxfUTqFbxI//zhgg==",
         "size": 201485757
      }
   ],
   "path": "Anytype-0.55.5.AppImage",
   "sha512": "5kw48x2+PctEUg/K3hHyumm4UVmW1Ds4NUAnTycH2zjde4jfuvjlrQaTrtP7oBltRKvtf6kNmqTlyS0fk9a5yg==",
   "releaseDate": "2026-06-03T13:00:29.463Z"
}
[2026-07-12 13:41:09.620] [debug] checkForUpdatesAndNotify called, downloadPromise is null
[2026-07-12 13:51:09.367] [info]  Checking for update
[2026-07-12 13:51:09.367] [info]  Checking for update
[2026-07-12 13:51:09.642] [info]  Update for version 0.55.5 is not available (latest version: 0.55.5, downgrade is allowed).
[2026-07-12 13:51:09.643] [info]  Update not available: {
   "version": "0.55.5",
   "files": [
      {
         "url": "Anytype-0.55.5.AppImage",
         "sha512": "5kw48x2+PctEUg/K3hHyumm4UVmW1Ds4NUAnTycH2zjde4jfuvjlrQaTrtP7oBltRKvtf6kNmqTlyS0fk9a5yg==",
         "size": 268775126,
         "blockMapSize": 278250
      },
      {
         "url": "anytype_0.55.5_amd64.deb",
         "sha512": "wljUaINiaon5Z+nSdMDKhbZhDdzXAGiZ9eL9WiJ53KVzQZAjCGE8rIHmXq5SxHPGB9dBjmIF4Y+cX1v/4m+22g==",
         "size": 226321168
      },
      {
         "url": "anytype_0.55.5_amd64.deb",
         "sha512": "wljUaINiaon5Z+nSdMDKhbZhDdzXAGiZ9eL9WiJ53KVzQZAjCGE8rIHmXq5SxHPGB9dBjmIF4Y+cX1v/4m+22g==",
         "size": 226321168
      },
      {
         "url": "anytype_0.55.5_amd64.deb",
         "sha512": "wljUaINiaon5Z+nSdMDKhbZhDdzXAGiZ9eL9WiJ53KVzQZAjCGE8rIHmXq5SxHPGB9dBjmIF4Y+cX1v/4m+22g==",
         "size": 226321168
      },
      {
         "url": "anytype-0.55.5.x86_64.rpm",
         "sha512": "bXv6Rzn90YKItShmLwPx9+JoMs518P1Jw0dG27EPjpRtC63dXde0V8jdmIcXOlwIWMLs+LpxfUTqFbxI//zhgg==",
         "size": 201485757
      },
      {
         "url": "anytype-0.55.5.x86_64.rpm",
         "sha512": "bXv6Rzn90YKItShmLwPx9+JoMs518P1Jw0dG27EPjpRtC63dXde0V8jdmIcXOlwIWMLs+LpxfUTqFbxI//zhgg==",
         "size": 201485757
      },
      {
         "url": "anytype-0.55.5.x86_64.rpm",
         "sha512": "bXv6Rzn90YKItShmLwPx9+JoMs518P1Jw0dG27EPjpRtC63dXde0V8jdmIcXOlwIWMLs+LpxfUTqFbxI//zhgg==",
         "size": 201485757
      }
   ],
   "path": "Anytype-0.55.5.AppImage",
   "sha512": "5kw48x2+PctEUg/K3hHyumm4UVmW1Ds4NUAnTycH2zjde4jfuvjlrQaTrtP7oBltRKvtf6kNmqTlyS0fk9a5yg==",
   "releaseDate": "2026-06-03T13:00:29.463Z"
}
[2026-07-12 13:51:09.643] [debug] checkForUpdatesAndNotify called, downloadPromise is null
[2026-07-12 14:01:09.367] [info]  Checking for update
[2026-07-12 14:01:09.367] [info]  Checking for update
[2026-07-12 14:01:09.629] [info]  Update for version 0.55.5 is not available (latest version: 0.55.5, downgrade is allowed).
[2026-07-12 14:01:09.629] [info]  Update not available: {
   "version": "0.55.5",
   "files": [
      {
         "url": "Anytype-0.55.5.AppImage",
         "sha512": "5kw48x2+PctEUg/K3hHyumm4UVmW1Ds4NUAnTycH2zjde4jfuvjlrQaTrtP7oBltRKvtf6kNmqTlyS0fk9a5yg==",
         "size": 268775126,
         "blockMapSize": 278250
      },
      {
         "url": "anytype_0.55.5_amd64.deb",
         "sha512": "wljUaINiaon5Z+nSdMDKhbZhDdzXAGiZ9eL9WiJ53KVzQZAjCGE8rIHmXq5SxHPGB9dBjmIF4Y+cX1v/4m+22g==",
         "size": 226321168
      },
      {
         "url": "anytype_0.55.5_amd64.deb",
         "sha512": "wljUaINiaon5Z+nSdMDKhbZhDdzXAGiZ9eL9WiJ53KVzQZAjCGE8rIHmXq5SxHPGB9dBjmIF4Y+cX1v/4m+22g==",
         "size": 226321168
      },
      {
         "url": "anytype_0.55.5_amd64.deb",
         "sha512": "wljUaINiaon5Z+nSdMDKhbZhDdzXAGiZ9eL9WiJ53KVzQZAjCGE8rIHmXq5SxHPGB9dBjmIF4Y+cX1v/4m+22g==",
         "size": 226321168
      },
      {
         "url": "anytype-0.55.5.x86_64.rpm",
         "sha512": "bXv6Rzn90YKItShmLwPx9+JoMs518P1Jw0dG27EPjpRtC63dXde0V8jdmIcXOlwIWMLs+LpxfUTqFbxI//zhgg==",
         "size": 201485757
      },
      {
         "url": "anytype-0.55.5.x86_64.rpm",
         "sha512": "bXv6Rzn90YKItShmLwPx9+JoMs518P1Jw0dG27EPjpRtC63dXde0V8jdmIcXOlwIWMLs+LpxfUTqFbxI//zhgg==",
         "size": 201485757
      },
      {
         "url": "anytype-0.55.5.x86_64.rpm",
         "sha512": "bXv6Rzn90YKItShmLwPx9+JoMs518P1Jw0dG27EPjpRtC63dXde0V8jdmIcXOlwIWMLs+LpxfUTqFbxI//zhgg==",
         "size": 201485757
      }
   ],
   "path": "Anytype-0.55.5.AppImage",
   "sha512": "5kw48x2+PctEUg/K3hHyumm4UVmW1Ds4NUAnTycH2zjde4jfuvjlrQaTrtP7oBltRKvtf6kNmqTlyS0fk9a5yg==",
   "releaseDate": "2026-06-03T13:00:29.463Z"
}
[2026-07-12 14:01:09.629] [debug] checkForUpdatesAndNotify called, downloadPromise is null
[2026-07-12 14:11:09.367] [info]  Checking for update
[2026-07-12 14:11:09.368] [info]  Checking for update
[2026-07-12 14:11:09.632] [info]  Update for version 0.55.5 is not available (latest version: 0.55.5, downgrade is allowed).
[2026-07-12 14:11:09.632] [info]  Update not available: {
   "version": "0.55.5",
   "files": [
      {
         "url": "Anytype-0.55.5.AppImage",
         "sha512": "5kw48x2+PctEUg/K3hHyumm4UVmW1Ds4NUAnTycH2zjde4jfuvjlrQaTrtP7oBltRKvtf6kNmqTlyS0fk9a5yg==",
         "size": 268775126,
         "blockMapSize": 278250
      },
      {
         "url": "anytype_0.55.5_amd64.deb",
         "sha512": "wljUaINiaon5Z+nSdMDKhbZhDdzXAGiZ9eL9WiJ53KVzQZAjCGE8rIHmXq5SxHPGB9dBjmIF4Y+cX1v/4m+22g==",
         "size": 226321168
      },
      {
         "url": "anytype_0.55.5_amd64.deb",
         "sha512": "wljUaINiaon5Z+nSdMDKhbZhDdzXAGiZ9eL9WiJ53KVzQZAjCGE8rIHmXq5SxHPGB9dBjmIF4Y+cX1v/4m+22g==",
         "size": 226321168
      },
      {
         "url": "anytype_0.55.5_amd64.deb",
         "sha512": "wljUaINiaon5Z+nSdMDKhbZhDdzXAGiZ9eL9WiJ53KVzQZAjCGE8rIHmXq5SxHPGB9dBjmIF4Y+cX1v/4m+22g==",
         "size": 226321168
      },
      {
         "url": "anytype-0.55.5.x86_64.rpm",
         "sha512": "bXv6Rzn90YKItShmLwPx9+JoMs518P1Jw0dG27EPjpRtC63dXde0V8jdmIcXOlwIWMLs+LpxfUTqFbxI//zhgg==",
         "size": 201485757
      },
      {
         "url": "anytype-0.55.5.x86_64.rpm",
         "sha512": "bXv6Rzn90YKItShmLwPx9+JoMs518P1Jw0dG27EPjpRtC63dXde0V8jdmIcXOlwIWMLs+LpxfUTqFbxI//zhgg==",
         "size": 201485757
      },
      {
         "url": "anytype-0.55.5.x86_64.rpm",
         "sha512": "bXv6Rzn90YKItShmLwPx9+JoMs518P1Jw0dG27EPjpRtC63dXde0V8jdmIcXOlwIWMLs+LpxfUTqFbxI//zhgg==",
         "size": 201485757
      }
   ],
   "path": "Anytype-0.55.5.AppImage",
   "sha512": "5kw48x2+PctEUg/K3hHyumm4UVmW1Ds4NUAnTycH2zjde4jfuvjlrQaTrtP7oBltRKvtf6kNmqTlyS0fk9a5yg==",
   "releaseDate": "2026-06-03T13:00:29.463Z"
}
[2026-07-12 14:11:09.632] [debug] checkForUpdatesAndNotify called, downloadPromise is null
[2026-07-12 14:21:09.368] [info]  Checking for update
[2026-07-12 14:21:09.368] [info]  Checking for update
[2026-07-12 14:21:09.634] [info]  Update for version 0.55.5 is not available (latest version: 0.55.5, downgrade is allowed).
[2026-07-12 14:21:09.634] [info]  Update not available: {
   "version": "0.55.5",
   "files": [
      {
         "url": "Anytype-0.55.5.AppImage",
         "sha512": "5kw48x2+PctEUg/K3hHyumm4UVmW1Ds4NUAnTycH2zjde4jfuvjlrQaTrtP7oBltRKvtf6kNmqTlyS0fk9a5yg==",
         "size": 268775126,
         "blockMapSize": 278250
      },
      {
         "url": "anytype_0.55.5_amd64.deb",
         "sha512": "wljUaINiaon5Z+nSdMDKhbZhDdzXAGiZ9eL9WiJ53KVzQZAjCGE8rIHmXq5SxHPGB9dBjmIF4Y+cX1v/4m+22g==",
         "size": 226321168
      },
      {
         "url": "anytype_0.55.5_amd64.deb",
         "sha512": "wljUaINiaon5Z+nSdMDKhbZhDdzXAGiZ9eL9WiJ53KVzQZAjCGE8rIHmXq5SxHPGB9dBjmIF4Y+cX1v/4m+22g==",
         "size": 226321168
      },
      {
         "url": "anytype_0.55.5_amd64.deb",
         "sha512": "wljUaINiaon5Z+nSdMDKhbZhDdzXAGiZ9eL9WiJ53KVzQZAjCGE8rIHmXq5SxHPGB9dBjmIF4Y+cX1v/4m+22g==",
         "size": 226321168
      },
      {
         "url": "anytype-0.55.5.x86_64.rpm",
         "sha512": "bXv6Rzn90YKItShmLwPx9+JoMs518P1Jw0dG27EPjpRtC63dXde0V8jdmIcXOlwIWMLs+LpxfUTqFbxI//zhgg==",
         "size": 201485757
      },
      {
         "url": "anytype-0.55.5.x86_64.rpm",
         "sha512": "bXv6Rzn90YKItShmLwPx9+JoMs518P1Jw0dG27EPjpRtC63dXde0V8jdmIcXOlwIWMLs+LpxfUTqFbxI//zhgg==",
         "size": 201485757
      },
      {
         "url": "anytype-0.55.5.x86_64.rpm",
         "sha512": "bXv6Rzn90YKItShmLwPx9+JoMs518P1Jw0dG27EPjpRtC63dXde0V8jdmIcXOlwIWMLs+LpxfUTqFbxI//zhgg==",
         "size": 201485757
      }
   ],
   "path": "Anytype-0.55.5.AppImage",
   "sha512": "5kw48x2+PctEUg/K3hHyumm4UVmW1Ds4NUAnTycH2zjde4jfuvjlrQaTrtP7oBltRKvtf6kNmqTlyS0fk9a5yg==",
   "releaseDate": "2026-06-03T13:00:29.463Z"
}
[2026-07-12 14:21:09.635] [debug] checkForUpdatesAndNotify called, downloadPromise is null
[2026-07-12 14:31:09.369] [info]  Checking for update
[2026-07-12 14:31:09.369] [info]  Checking for update
[2026-07-12 14:31:09.619] [info]  Update for version 0.55.5 is not available (latest version: 0.55.5, downgrade is allowed).
[2026-07-12 14:31:09.619] [info]  Update not available: {
   "version": "0.55.5",
   "files": [
      {
         "url": "Anytype-0.55.5.AppImage",
         "sha512": "5kw48x2+PctEUg/K3hHyumm4UVmW1Ds4NUAnTycH2zjde4jfuvjlrQaTrtP7oBltRKvtf6kNmqTlyS0fk9a5yg==",
         "size": 268775126,
         "blockMapSize": 278250
      },
      {
         "url": "anytype_0.55.5_amd64.deb",
         "sha512": "wljUaINiaon5Z+nSdMDKhbZhDdzXAGiZ9eL9WiJ53KVzQZAjCGE8rIHmXq5SxHPGB9dBjmIF4Y+cX1v/4m+22g==",
         "size": 226321168
      },
      {
         "url": "anytype_0.55.5_amd64.deb",
         "sha512": "wljUaINiaon5Z+nSdMDKhbZhDdzXAGiZ9eL9WiJ53KVzQZAjCGE8rIHmXq5SxHPGB9dBjmIF4Y+cX1v/4m+22g==",
         "size": 226321168
      },
      {
         "url": "anytype_0.55.5_amd64.deb",
         "sha512": "wljUaINiaon5Z+nSdMDKhbZhDdzXAGiZ9eL9WiJ53KVzQZAjCGE8rIHmXq5SxHPGB9dBjmIF4Y+cX1v/4m+22g==",
         "size": 226321168
      },
      {
         "url": "anytype-0.55.5.x86_64.rpm",
         "sha512": "bXv6Rzn90YKItShmLwPx9+JoMs518P1Jw0dG27EPjpRtC63dXde0V8jdmIcXOlwIWMLs+LpxfUTqFbxI//zhgg==",
         "size": 201485757
      },
      {
         "url": "anytype-0.55.5.x86_64.rpm",
         "sha512": "bXv6Rzn90YKItShmLwPx9+JoMs518P1Jw0dG27EPjpRtC63dXde0V8jdmIcXOlwIWMLs+LpxfUTqFbxI//zhgg==",
         "size": 201485757
      },
      {
         "url": "anytype-0.55.5.x86_64.rpm",
         "sha512": "bXv6Rzn90YKItShmLwPx9+JoMs518P1Jw0dG27EPjpRtC63dXde0V8jdmIcXOlwIWMLs+LpxfUTqFbxI//zhgg==",
         "size": 201485757
      }
   ],
   "path": "Anytype-0.55.5.AppImage",
   "sha512": "5kw48x2+PctEUg/K3hHyumm4UVmW1Ds4NUAnTycH2zjde4jfuvjlrQaTrtP7oBltRKvtf6kNmqTlyS0fk9a5yg==",
   "releaseDate": "2026-06-03T13:00:29.463Z"
}
[2026-07-12 14:31:09.619] [debug] checkForUpdatesAndNotify called, downloadPromise is null
[2026-07-12 14:41:09.369] [info]  Checking for update
[2026-07-12 14:41:09.369] [info]  Checking for update
[2026-07-12 14:41:09.630] [info]  Update for version 0.55.5 is not available (latest version: 0.55.5, downgrade is allowed).
[2026-07-12 14:41:09.630] [info]  Update not available: {
   "version": "0.55.5",
   "files": [
      {
         "url": "Anytype-0.55.5.AppImage",
         "sha512": "5kw48x2+PctEUg/K3hHyumm4UVmW1Ds4NUAnTycH2zjde4jfuvjlrQaTrtP7oBltRKvtf6kNmqTlyS0fk9a5yg==",
         "size": 268775126,
         "blockMapSize": 278250
      },
      {
         "url": "anytype_0.55.5_amd64.deb",
         "sha512": "wljUaINiaon5Z+nSdMDKhbZhDdzXAGiZ9eL9WiJ53KVzQZAjCGE8rIHmXq5SxHPGB9dBjmIF4Y+cX1v/4m+22g==",
         "size": 226321168
      },
      {
         "url": "anytype_0.55.5_amd64.deb",
         "sha512": "wljUaINiaon5Z+nSdMDKhbZhDdzXAGiZ9eL9WiJ53KVzQZAjCGE8rIHmXq5SxHPGB9dBjmIF4Y+cX1v/4m+22g==",
         "size": 226321168
      },
      {
         "url": "anytype_0.55.5_amd64.deb",
         "sha512": "wljUaINiaon5Z+nSdMDKhbZhDdzXAGiZ9eL9WiJ53KVzQZAjCGE8rIHmXq5SxHPGB9dBjmIF4Y+cX1v/4m+22g==",
         "size": 226321168
      },
      {
         "url": "anytype-0.55.5.x86_64.rpm",
         "sha512": "bXv6Rzn90YKItShmLwPx9+JoMs518P1Jw0dG27EPjpRtC63dXde0V8jdmIcXOlwIWMLs+LpxfUTqFbxI//zhgg==",
         "size": 201485757
      },
      {
         "url": "anytype-0.55.5.x86_64.rpm",
         "sha512": "bXv6Rzn90YKItShmLwPx9+JoMs518P1Jw0dG27EPjpRtC63dXde0V8jdmIcXOlwIWMLs+LpxfUTqFbxI//zhgg==",
         "size": 201485757
      },
      {
         "url": "anytype-0.55.5.x86_64.rpm",
         "sha512": "bXv6Rzn90YKItShmLwPx9+JoMs518P1Jw0dG27EPjpRtC63dXde0V8jdmIcXOlwIWMLs+LpxfUTqFbxI//zhgg==",
         "size": 201485757
      }
   ],
   "path": "Anytype-0.55.5.AppImage",
   "sha512": "5kw48x2+PctEUg/K3hHyumm4UVmW1Ds4NUAnTycH2zjde4jfuvjlrQaTrtP7oBltRKvtf6kNmqTlyS0fk9a5yg==",
   "releaseDate": "2026-06-03T13:00:29.463Z"
}
[2026-07-12 14:41:09.630] [debug] checkForUpdatesAndNotify called, downloadPromise is null
[2026-07-12 14:51:09.369] [info]  Checking for update
[2026-07-12 14:51:09.369] [info]  Checking for update
[2026-07-12 14:51:09.638] [info]  Update for version 0.55.5 is not available (latest version: 0.55.5, downgrade is allowed).
[2026-07-12 14:51:09.638] [info]  Update not available: {
   "version": "0.55.5",
   "files": [
      {
         "url": "Anytype-0.55.5.AppImage",
         "sha512": "5kw48x2+PctEUg/K3hHyumm4UVmW1Ds4NUAnTycH2zjde4jfuvjlrQaTrtP7oBltRKvtf6kNmqTlyS0fk9a5yg==",
         "size": 268775126,
         "blockMapSize": 278250
      },
      {
         "url": "anytype_0.55.5_amd64.deb",
         "sha512": "wljUaINiaon5Z+nSdMDKhbZhDdzXAGiZ9eL9WiJ53KVzQZAjCGE8rIHmXq5SxHPGB9dBjmIF4Y+cX1v/4m+22g==",
         "size": 226321168
      },
      {
         "url": "anytype_0.55.5_amd64.deb",
         "sha512": "wljUaINiaon5Z+nSdMDKhbZhDdzXAGiZ9eL9WiJ53KVzQZAjCGE8rIHmXq5SxHPGB9dBjmIF4Y+cX1v/4m+22g==",
         "size": 226321168
      },
      {
         "url": "anytype_0.55.5_amd64.deb",
         "sha512": "wljUaINiaon5Z+nSdMDKhbZhDdzXAGiZ9eL9WiJ53KVzQZAjCGE8rIHmXq5SxHPGB9dBjmIF4Y+cX1v/4m+22g==",
         "size": 226321168
      },
      {
         "url": "anytype-0.55.5.x86_64.rpm",
         "sha512": "bXv6Rzn90YKItShmLwPx9+JoMs518P1Jw0dG27EPjpRtC63dXde0V8jdmIcXOlwIWMLs+LpxfUTqFbxI//zhgg==",
         "size": 201485757
      },
      {
         "url": "anytype-0.55.5.x86_64.rpm",
         "sha512": "bXv6Rzn90YKItShmLwPx9+JoMs518P1Jw0dG27EPjpRtC63dXde0V8jdmIcXOlwIWMLs+LpxfUTqFbxI//zhgg==",
         "size": 201485757
      },
      {
         "url": "anytype-0.55.5.x86_64.rpm",
         "sha512": "bXv6Rzn90YKItShmLwPx9+JoMs518P1Jw0dG27EPjpRtC63dXde0V8jdmIcXOlwIWMLs+LpxfUTqFbxI//zhgg==",
         "size": 201485757
      }
   ],
   "path": "Anytype-0.55.5.AppImage",
   "sha512": "5kw48x2+PctEUg/K3hHyumm4UVmW1Ds4NUAnTycH2zjde4jfuvjlrQaTrtP7oBltRKvtf6kNmqTlyS0fk9a5yg==",
   "releaseDate": "2026-06-03T13:00:29.463Z"
}
[2026-07-12 14:51:09.638] [debug] checkForUpdatesAndNotify called, downloadPromise is null
[2026-07-12 15:01:09.372] [info]  Checking for update
[2026-07-12 15:01:09.374] [info]  Checking for update
[2026-07-12 15:01:09.651] [info]  Update for version 0.55.5 is not available (latest version: 0.55.5, downgrade is allowed).
[2026-07-12 15:01:09.651] [info]  Update not available: {
   "version": "0.55.5",
   "files": [
      {
         "url": "Anytype-0.55.5.AppImage",
         "sha512": "5kw48x2+PctEUg/K3hHyumm4UVmW1Ds4NUAnTycH2zjde4jfuvjlrQaTrtP7oBltRKvtf6kNmqTlyS0fk9a5yg==",
         "size": 268775126,
         "blockMapSize": 278250
      },
      {
         "url": "anytype_0.55.5_amd64.deb",
         "sha512": "wljUaINiaon5Z+nSdMDKhbZhDdzXAGiZ9eL9WiJ53KVzQZAjCGE8rIHmXq5SxHPGB9dBjmIF4Y+cX1v/4m+22g==",
         "size": 226321168
      },
      {
         "url": "anytype_0.55.5_amd64.deb",
         "sha512": "wljUaINiaon5Z+nSdMDKhbZhDdzXAGiZ9eL9WiJ53KVzQZAjCGE8rIHmXq5SxHPGB9dBjmIF4Y+cX1v/4m+22g==",
         "size": 226321168
      },
      {
         "url": "anytype_0.55.5_amd64.deb",
         "sha512": "wljUaINiaon5Z+nSdMDKhbZhDdzXAGiZ9eL9WiJ53KVzQZAjCGE8rIHmXq5SxHPGB9dBjmIF4Y+cX1v/4m+22g==",
         "size": 226321168
      },
      {
         "url": "anytype-0.55.5.x86_64.rpm",
         "sha512": "bXv6Rzn90YKItShmLwPx9+JoMs518P1Jw0dG27EPjpRtC63dXde0V8jdmIcXOlwIWMLs+LpxfUTqFbxI//zhgg==",
         "size": 201485757
      },
      {
         "url": "anytype-0.55.5.x86_64.rpm",
         "sha512": "bXv6Rzn90YKItShmLwPx9+JoMs518P1Jw0dG27EPjpRtC63dXde0V8jdmIcXOlwIWMLs+LpxfUTqFbxI//zhgg==",
         "size": 201485757
      },
      {
         "url": "anytype-0.55.5.x86_64.rpm",
         "sha512": "bXv6Rzn90YKItShmLwPx9+JoMs518P1Jw0dG27EPjpRtC63dXde0V8jdmIcXOlwIWMLs+LpxfUTqFbxI//zhgg==",
         "size": 201485757
      }
   ],
   "path": "Anytype-0.55.5.AppImage",
   "sha512": "5kw48x2+PctEUg/K3hHyumm4UVmW1Ds4NUAnTycH2zjde4jfuvjlrQaTrtP7oBltRKvtf6kNmqTlyS0fk9a5yg==",
   "releaseDate": "2026-06-03T13:00:29.463Z"
}
[2026-07-12 15:01:09.652] [debug] checkForUpdatesAndNotify called, downloadPromise is null
[2026-07-12 15:11:09.376] [info]  Checking for update
[2026-07-12 15:11:09.376] [info]  Checking for update
[2026-07-12 15:11:09.637] [info]  Update for version 0.55.5 is not available (latest version: 0.55.5, downgrade is allowed).
[2026-07-12 15:11:09.637] [info]  Update not available: {
   "version": "0.55.5",
   "files": [
      {
         "url": "Anytype-0.55.5.AppImage",
         "sha512": "5kw48x2+PctEUg/K3hHyumm4UVmW1Ds4NUAnTycH2zjde4jfuvjlrQaTrtP7oBltRKvtf6kNmqTlyS0fk9a5yg==",
         "size": 268775126,
         "blockMapSize": 278250
      },
      {
         "url": "anytype_0.55.5_amd64.deb",
         "sha512": "wljUaINiaon5Z+nSdMDKhbZhDdzXAGiZ9eL9WiJ53KVzQZAjCGE8rIHmXq5SxHPGB9dBjmIF4Y+cX1v/4m+22g==",
         "size": 226321168
      },
      {
         "url": "anytype_0.55.5_amd64.deb",
         "sha512": "wljUaINiaon5Z+nSdMDKhbZhDdzXAGiZ9eL9WiJ53KVzQZAjCGE8rIHmXq5SxHPGB9dBjmIF4Y+cX1v/4m+22g==",
         "size": 226321168
      },
      {
         "url": "anytype_0.55.5_amd64.deb",
         "sha512": "wljUaINiaon5Z+nSdMDKhbZhDdzXAGiZ9eL9WiJ53KVzQZAjCGE8rIHmXq5SxHPGB9dBjmIF4Y+cX1v/4m+22g==",
         "size": 226321168
      },
      {
         "url": "anytype-0.55.5.x86_64.rpm",
         "sha512": "bXv6Rzn90YKItShmLwPx9+JoMs518P1Jw0dG27EPjpRtC63dXde0V8jdmIcXOlwIWMLs+LpxfUTqFbxI//zhgg==",
         "size": 201485757
      },
      {
         "url": "anytype-0.55.5.x86_64.rpm",
         "sha512": "bXv6Rzn90YKItShmLwPx9+JoMs518P1Jw0dG27EPjpRtC63dXde0V8jdmIcXOlwIWMLs+LpxfUTqFbxI//zhgg==",
         "size": 201485757
      },
      {
         "url": "anytype-0.55.5.x86_64.rpm",
         "sha512": "bXv6Rzn90YKItShmLwPx9+JoMs518P1Jw0dG27EPjpRtC63dXde0V8jdmIcXOlwIWMLs+LpxfUTqFbxI//zhgg==",
         "size": 201485757
      }
   ],
   "path": "Anytype-0.55.5.AppImage",
   "sha512": "5kw48x2+PctEUg/K3hHyumm4UVmW1Ds4NUAnTycH2zjde4jfuvjlrQaTrtP7oBltRKvtf6kNmqTlyS0fk9a5yg==",
   "releaseDate": "2026-06-03T13:00:29.463Z"
}
[2026-07-12 15:11:09.637] [debug] checkForUpdatesAndNotify called, downloadPromise is null
[2026-07-12 15:21:09.377] [info]  Checking for update
[2026-07-12 15:21:09.377] [info]  Checking for update
[2026-07-12 15:21:09.649] [info]  Update for version 0.55.5 is not available (latest version: 0.55.5, downgrade is allowed).
[2026-07-12 15:21:09.649] [info]  Update not available: {
   "version": "0.55.5",
   "files": [
      {
         "url": "Anytype-0.55.5.AppImage",
         "sha512": "5kw48x2+PctEUg/K3hHyumm4UVmW1Ds4NUAnTycH2zjde4jfuvjlrQaTrtP7oBltRKvtf6kNmqTlyS0fk9a5yg==",
         "size": 268775126,
         "blockMapSize": 278250
      },
      {
         "url": "anytype_0.55.5_amd64.deb",
         "sha512": "wljUaINiaon5Z+nSdMDKhbZhDdzXAGiZ9eL9WiJ53KVzQZAjCGE8rIHmXq5SxHPGB9dBjmIF4Y+cX1v/4m+22g==",
         "size": 226321168
      },
      {
         "url": "anytype_0.55.5_amd64.deb",
         "sha512": "wljUaINiaon5Z+nSdMDKhbZhDdzXAGiZ9eL9WiJ53KVzQZAjCGE8rIHmXq5SxHPGB9dBjmIF4Y+cX1v/4m+22g==",
         "size": 226321168
      },
      {
         "url": "anytype_0.55.5_amd64.deb",
         "sha512": "wljUaINiaon5Z+nSdMDKhbZhDdzXAGiZ9eL9WiJ53KVzQZAjCGE8rIHmXq5SxHPGB9dBjmIF4Y+cX1v/4m+22g==",
         "size": 226321168
      },
      {
         "url": "anytype-0.55.5.x86_64.rpm",
         "sha512": "bXv6Rzn90YKItShmLwPx9+JoMs518P1Jw0dG27EPjpRtC63dXde0V8jdmIcXOlwIWMLs+LpxfUTqFbxI//zhgg==",
         "size": 201485757
      },
      {
         "url": "anytype-0.55.5.x86_64.rpm",
         "sha512": "bXv6Rzn90YKItShmLwPx9+JoMs518P1Jw0dG27EPjpRtC63dXde0V8jdmIcXOlwIWMLs+LpxfUTqFbxI//zhgg==",
         "size": 201485757
      },
      {
         "url": "anytype-0.55.5.x86_64.rpm",
         "sha512": "bXv6Rzn90YKItShmLwPx9+JoMs518P1Jw0dG27EPjpRtC63dXde0V8jdmIcXOlwIWMLs+LpxfUTqFbxI//zhgg==",
         "size": 201485757
      }
   ],
   "path": "Anytype-0.55.5.AppImage",
   "sha512": "5kw48x2+PctEUg/K3hHyumm4UVmW1Ds4NUAnTycH2zjde4jfuvjlrQaTrtP7oBltRKvtf6kNmqTlyS0fk9a5yg==",
   "releaseDate": "2026-06-03T13:00:29.463Z"
}
[2026-07-12 15:21:09.649] [debug] checkForUpdatesAndNotify called, downloadPromise is null
[2026-07-12 15:31:09.378] [info]  Checking for update
[2026-07-12 15:31:09.378] [info]  Checking for update
[2026-07-12 15:31:09.639] [info]  Update for version 0.55.5 is not available (latest version: 0.55.5, downgrade is allowed).
[2026-07-12 15:31:09.639] [info]  Update not available: {
   "version": "0.55.5",
   "files": [
      {
         "url": "Anytype-0.55.5.AppImage",
         "sha512": "5kw48x2+PctEUg/K3hHyumm4UVmW1Ds4NUAnTycH2zjde4jfuvjlrQaTrtP7oBltRKvtf6kNmqTlyS0fk9a5yg==",
         "size": 268775126,
         "blockMapSize": 278250
      },
      {
         "url": "anytype_0.55.5_amd64.deb",
         "sha512": "wljUaINiaon5Z+nSdMDKhbZhDdzXAGiZ9eL9WiJ53KVzQZAjCGE8rIHmXq5SxHPGB9dBjmIF4Y+cX1v/4m+22g==",
         "size": 226321168
      },
      {
         "url": "anytype_0.55.5_amd64.deb",
         "sha512": "wljUaINiaon5Z+nSdMDKhbZhDdzXAGiZ9eL9WiJ53KVzQZAjCGE8rIHmXq5SxHPGB9dBjmIF4Y+cX1v/4m+22g==",
         "size": 226321168
      },
      {
         "url": "anytype_0.55.5_amd64.deb",
         "sha512": "wljUaINiaon5Z+nSdMDKhbZhDdzXAGiZ9eL9WiJ53KVzQZAjCGE8rIHmXq5SxHPGB9dBjmIF4Y+cX1v/4m+22g==",
         "size": 226321168
      },
      {
         "url": "anytype-0.55.5.x86_64.rpm",
         "sha512": "bXv6Rzn90YKItShmLwPx9+JoMs518P1Jw0dG27EPjpRtC63dXde0V8jdmIcXOlwIWMLs+LpxfUTqFbxI//zhgg==",
         "size": 201485757
      },
      {
         "url": "anytype-0.55.5.x86_64.rpm",
         "sha512": "bXv6Rzn90YKItShmLwPx9+JoMs518P1Jw0dG27EPjpRtC63dXde0V8jdmIcXOlwIWMLs+LpxfUTqFbxI//zhgg==",
         "size": 201485757
      },
      {
         "url": "anytype-0.55.5.x86_64.rpm",
         "sha512": "bXv6Rzn90YKItShmLwPx9+JoMs518P1Jw0dG27EPjpRtC63dXde0V8jdmIcXOlwIWMLs+LpxfUTqFbxI//zhgg==",
         "size": 201485757
      }
   ],
   "path": "Anytype-0.55.5.AppImage",
   "sha512": "5kw48x2+PctEUg/K3hHyumm4UVmW1Ds4NUAnTycH2zjde4jfuvjlrQaTrtP7oBltRKvtf6kNmqTlyS0fk9a5yg==",
   "releaseDate": "2026-06-03T13:00:29.463Z"
}
[2026-07-12 15:31:09.639] [debug] checkForUpdatesAndNotify called, downloadPromise is null
[2026-07-19 17:01:26.982] [info]  [WindowManager].clearSavedTabs: Cleared saved tabs
[2026-07-19 17:11:26.986] [info]  Checking for update
[2026-07-19 17:11:26.986] [info]  Checking for update
[2026-07-19 17:11:27.272] [info]  Update for version 0.55.5 is not available (latest version: 0.55.5, downgrade is allowed).
[2026-07-19 17:11:27.272] [info]  Update not available: {
   "version": "0.55.5",
   "files": [
      {
         "url": "Anytype-0.55.5.AppImage",
         "sha512": "5kw48x2+PctEUg/K3hHyumm4UVmW1Ds4NUAnTycH2zjde4jfuvjlrQaTrtP7oBltRKvtf6kNmqTlyS0fk9a5yg==",
         "size": 268775126,
         "blockMapSize": 278250
      },
      {
         "url": "anytype_0.55.5_amd64.deb",
         "sha512": "wljUaINiaon5Z+nSdMDKhbZhDdzXAGiZ9eL9WiJ53KVzQZAjCGE8rIHmXq5SxHPGB9dBjmIF4Y+cX1v/4m+22g==",
         "size": 226321168
      },
      {
         "url": "anytype_0.55.5_amd64.deb",
         "sha512": "wljUaINiaon5Z+nSdMDKhbZhDdzXAGiZ9eL9WiJ53KVzQZAjCGE8rIHmXq5SxHPGB9dBjmIF4Y+cX1v/4m+22g==",
         "size": 226321168
      },
      {
         "url": "anytype_0.55.5_amd64.deb",
         "sha512": "wljUaINiaon5Z+nSdMDKhbZhDdzXAGiZ9eL9WiJ53KVzQZAjCGE8rIHmXq5SxHPGB9dBjmIF4Y+cX1v/4m+22g==",
         "size": 226321168
      },
      {
         "url": "anytype-0.55.5.x86_64.rpm",
         "sha512": "bXv6Rzn90YKItShmLwPx9+JoMs518P1Jw0dG27EPjpRtC63dXde0V8jdmIcXOlwIWMLs+LpxfUTqFbxI//zhgg==",
         "size": 201485757
      },
      {
         "url": "anytype-0.55.5.x86_64.rpm",
         "sha512": "bXv6Rzn90YKItShmLwPx9+JoMs518P1Jw0dG27EPjpRtC63dXde0V8jdmIcXOlwIWMLs+LpxfUTqFbxI//zhgg==",
         "size": 201485757
      },
      {
         "url": "anytype-0.55.5.x86_64.rpm",
         "sha512": "bXv6Rzn90YKItShmLwPx9+JoMs518P1Jw0dG27EPjpRtC63dXde0V8jdmIcXOlwIWMLs+LpxfUTqFbxI//zhgg==",
         "size": 201485757
      }
   ],
   "path": "Anytype-0.55.5.AppImage",
   "sha512": "5kw48x2+PctEUg/K3hHyumm4UVmW1Ds4NUAnTycH2zjde4jfuvjlrQaTrtP7oBltRKvtf6kNmqTlyS0fk9a5yg==",
   "releaseDate": "2026-06-03T13:00:29.463Z"
}
[2026-07-19 17:11:27.272] [debug] checkForUpdatesAndNotify called, downloadPromise is null
[2026-07-19 17:18:45.372] [info]  closeMain: undefined
[2026-07-19 17:21:26.987] [info]  Checking for update
[2026-07-19 17:21:26.987] [info]  Checking for update
[2026-07-19 17:21:27.254] [info]  Update for version 0.55.5 is not available (latest version: 0.55.5, downgrade is allowed).
[2026-07-19 17:21:27.254] [info]  Update not available: {
   "version": "0.55.5",
   "files": [
      {
         "url": "Anytype-0.55.5.AppImage",
         "sha512": "5kw48x2+PctEUg/K3hHyumm4UVmW1Ds4NUAnTycH2zjde4jfuvjlrQaTrtP7oBltRKvtf6kNmqTlyS0fk9a5yg==",
         "size": 268775126,
         "blockMapSize": 278250
      },
      {
         "url": "anytype_0.55.5_amd64.deb",
         "sha512": "wljUaINiaon5Z+nSdMDKhbZhDdzXAGiZ9eL9WiJ53KVzQZAjCGE8rIHmXq5SxHPGB9dBjmIF4Y+cX1v/4m+22g==",
         "size": 226321168
      },
      {
         "url": "anytype_0.55.5_amd64.deb",
         "sha512": "wljUaINiaon5Z+nSdMDKhbZhDdzXAGiZ9eL9WiJ53KVzQZAjCGE8rIHmXq5SxHPGB9dBjmIF4Y+cX1v/4m+22g==",
         "size": 226321168
      },
      {
         "url": "anytype_0.55.5_amd64.deb",
         "sha512": "wljUaINiaon5Z+nSdMDKhbZhDdzXAGiZ9eL9WiJ53KVzQZAjCGE8rIHmXq5SxHPGB9dBjmIF4Y+cX1v/4m+22g==",
         "size": 226321168
      },
      {
         "url": "anytype-0.55.5.x86_64.rpm",
         "sha512": "bXv6Rzn90YKItShmLwPx9+JoMs518P1Jw0dG27EPjpRtC63dXde0V8jdmIcXOlwIWMLs+LpxfUTqFbxI//zhgg==",
         "size": 201485757
      },
      {
         "url": "anytype-0.55.5.x86_64.rpm",
         "sha512": "bXv6Rzn90YKItShmLwPx9+JoMs518P1Jw0dG27EPjpRtC63dXde0V8jdmIcXOlwIWMLs+LpxfUTqFbxI//zhgg==",
         "size": 201485757
      },
      {
         "url": "anytype-0.55.5.x86_64.rpm",
         "sha512": "bXv6Rzn90YKItShmLwPx9+JoMs518P1Jw0dG27EPjpRtC63dXde0V8jdmIcXOlwIWMLs+LpxfUTqFbxI//zhgg==",
         "size": 201485757
      }
   ],
   "path": "Anytype-0.55.5.AppImage",
   "sha512": "5kw48x2+PctEUg/K3hHyumm4UVmW1Ds4NUAnTycH2zjde4jfuvjlrQaTrtP7oBltRKvtf6kNmqTlyS0fk9a5yg==",
   "releaseDate": "2026-06-03T13:00:29.463Z"
}
[2026-07-19 17:21:27.255] [debug] checkForUpdatesAndNotify called, downloadPromise is null
[2026-07-19 17:31:26.989] [info]  Checking for update
[2026-07-19 17:31:26.989] [info]  Checking for update
[2026-07-19 17:31:27.234] [info]  Update for version 0.55.5 is not available (latest version: 0.55.5, downgrade is allowed).
[2026-07-19 17:31:27.234] [info]  Update not available: {
   "version": "0.55.5",
   "files": [
      {
         "url": "Anytype-0.55.5.AppImage",
         "sha512": "5kw48x2+PctEUg/K3hHyumm4UVmW1Ds4NUAnTycH2zjde4jfuvjlrQaTrtP7oBltRKvtf6kNmqTlyS0fk9a5yg==",
         "size": 268775126,
         "blockMapSize": 278250
      },
      {
         "url": "anytype_0.55.5_amd64.deb",
         "sha512": "wljUaINiaon5Z+nSdMDKhbZhDdzXAGiZ9eL9WiJ53KVzQZAjCGE8rIHmXq5SxHPGB9dBjmIF4Y+cX1v/4m+22g==",
         "size": 226321168
      },
      {
         "url": "anytype_0.55.5_amd64.deb",
         "sha512": "wljUaINiaon5Z+nSdMDKhbZhDdzXAGiZ9eL9WiJ53KVzQZAjCGE8rIHmXq5SxHPGB9dBjmIF4Y+cX1v/4m+22g==",
         "size": 226321168
      },
      {
         "url": "anytype_0.55.5_amd64.deb",
         "sha512": "wljUaINiaon5Z+nSdMDKhbZhDdzXAGiZ9eL9WiJ53KVzQZAjCGE8rIHmXq5SxHPGB9dBjmIF4Y+cX1v/4m+22g==",
         "size": 226321168
      },
      {
         "url": "anytype-0.55.5.x86_64.rpm",
         "sha512": "bXv6Rzn90YKItShmLwPx9+JoMs518P1Jw0dG27EPjpRtC63dXde0V8jdmIcXOlwIWMLs+LpxfUTqFbxI//zhgg==",
         "size": 201485757
      },
      {
         "url": "anytype-0.55.5.x86_64.rpm",
         "sha512": "bXv6Rzn90YKItShmLwPx9+JoMs518P1Jw0dG27EPjpRtC63dXde0V8jdmIcXOlwIWMLs+LpxfUTqFbxI//zhgg==",
         "size": 201485757
      },
      {
         "url": "anytype-0.55.5.x86_64.rpm",
         "sha512": "bXv6Rzn90YKItShmLwPx9+JoMs518P1Jw0dG27EPjpRtC63dXde0V8jdmIcXOlwIWMLs+LpxfUTqFbxI//zhgg==",
         "size": 201485757
      }
   ],
   "path": "Anytype-0.55.5.AppImage",
   "sha512": "5kw48x2+PctEUg/K3hHyumm4UVmW1Ds4NUAnTycH2zjde4jfuvjlrQaTrtP7oBltRKvtf6kNmqTlyS0fk9a5yg==",
   "releaseDate": "2026-06-03T13:00:29.463Z"
}
[2026-07-19 17:31:27.234] [debug] checkForUpdatesAndNotify called, downloadPromise is null
[2026-07-19 17:41:26.989] [info]  Checking for update
[2026-07-19 17:41:26.989] [info]  Checking for update
[2026-07-19 17:41:27.258] [info]  Update for version 0.55.5 is not available (latest version: 0.55.5, downgrade is allowed).
[2026-07-19 17:41:27.258] [info]  Update not available: {
   "version": "0.55.5",
   "files": [
      {
         "url": "Anytype-0.55.5.AppImage",
         "sha512": "5kw48x2+PctEUg/K3hHyumm4UVmW1Ds4NUAnTycH2zjde4jfuvjlrQaTrtP7oBltRKvtf6kNmqTlyS0fk9a5yg==",
         "size": 268775126,
         "blockMapSize": 278250
      },
      {
         "url": "anytype_0.55.5_amd64.deb",
         "sha512": "wljUaINiaon5Z+nSdMDKhbZhDdzXAGiZ9eL9WiJ53KVzQZAjCGE8rIHmXq5SxHPGB9dBjmIF4Y+cX1v/4m+22g==",
         "size": 226321168
      },
      {
         "url": "anytype_0.55.5_amd64.deb",
         "sha512": "wljUaINiaon5Z+nSdMDKhbZhDdzXAGiZ9eL9WiJ53KVzQZAjCGE8rIHmXq5SxHPGB9dBjmIF4Y+cX1v/4m+22g==",
         "size": 226321168
      },
      {
         "url": "anytype_0.55.5_amd64.deb",
         "sha512": "wljUaINiaon5Z+nSdMDKhbZhDdzXAGiZ9eL9WiJ53KVzQZAjCGE8rIHmXq5SxHPGB9dBjmIF4Y+cX1v/4m+22g==",
         "size": 226321168
      },
      {
         "url": "anytype-0.55.5.x86_64.rpm",
         "sha512": "bXv6Rzn90YKItShmLwPx9+JoMs518P1Jw0dG27EPjpRtC63dXde0V8jdmIcXOlwIWMLs+LpxfUTqFbxI//zhgg==",
         "size": 201485757
      },
      {
         "url": "anytype-0.55.5.x86_64.rpm",
         "sha512": "bXv6Rzn90YKItShmLwPx9+JoMs518P1Jw0dG27EPjpRtC63dXde0V8jdmIcXOlwIWMLs+LpxfUTqFbxI//zhgg==",
         "size": 201485757
      },
      {
         "url": "anytype-0.55.5.x86_64.rpm",
         "sha512": "bXv6Rzn90YKItShmLwPx9+JoMs518P1Jw0dG27EPjpRtC63dXde0V8jdmIcXOlwIWMLs+LpxfUTqFbxI//zhgg==",
         "size": 201485757
      }
   ],
   "path": "Anytype-0.55.5.AppImage",
   "sha512": "5kw48x2+PctEUg/K3hHyumm4UVmW1Ds4NUAnTycH2zjde4jfuvjlrQaTrtP7oBltRKvtf6kNmqTlyS0fk9a5yg==",
   "releaseDate": "2026-06-03T13:00:29.463Z"
}
[2026-07-19 17:41:27.258] [debug] checkForUpdatesAndNotify called, downloadPromise is null
[2026-07-19 17:51:26.989] [info]  Checking for update
[2026-07-19 17:51:26.989] [info]  Checking for update
[2026-07-19 17:51:27.240] [info]  Update for version 0.55.5 is not available (latest version: 0.55.5, downgrade is allowed).
[2026-07-19 17:51:27.240] [info]  Update not available: {
   "version": "0.55.5",
   "files": [
      {
         "url": "Anytype-0.55.5.AppImage",
         "sha512": "5kw48x2+PctEUg/K3hHyumm4UVmW1Ds4NUAnTycH2zjde4jfuvjlrQaTrtP7oBltRKvtf6kNmqTlyS0fk9a5yg==",
         "size": 268775126,
         "blockMapSize": 278250
      },
      {
         "url": "anytype_0.55.5_amd64.deb",
         "sha512": "wljUaINiaon5Z+nSdMDKhbZhDdzXAGiZ9eL9WiJ53KVzQZAjCGE8rIHmXq5SxHPGB9dBjmIF4Y+cX1v/4m+22g==",
         "size": 226321168
      },
      {
         "url": "anytype_0.55.5_amd64.deb",
         "sha512": "wljUaINiaon5Z+nSdMDKhbZhDdzXAGiZ9eL9WiJ53KVzQZAjCGE8rIHmXq5SxHPGB9dBjmIF4Y+cX1v/4m+22g==",
         "size": 226321168
      },
      {
         "url": "anytype_0.55.5_amd64.deb",
         "sha512": "wljUaINiaon5Z+nSdMDKhbZhDdzXAGiZ9eL9WiJ53KVzQZAjCGE8rIHmXq5SxHPGB9dBjmIF4Y+cX1v/4m+22g==",
         "size": 226321168
      },
      {
         "url": "anytype-0.55.5.x86_64.rpm",
         "sha512": "bXv6Rzn90YKItShmLwPx9+JoMs518P1Jw0dG27EPjpRtC63dXde0V8jdmIcXOlwIWMLs+LpxfUTqFbxI//zhgg==",
         "size": 201485757
      },
      {
         "url": "anytype-0.55.5.x86_64.rpm",
         "sha512": "bXv6Rzn90YKItShmLwPx9+JoMs518P1Jw0dG27EPjpRtC63dXde0V8jdmIcXOlwIWMLs+LpxfUTqFbxI//zhgg==",
         "size": 201485757
      },
      {
         "url": "anytype-0.55.5.x86_64.rpm",
         "sha512": "bXv6Rzn90YKItShmLwPx9+JoMs518P1Jw0dG27EPjpRtC63dXde0V8jdmIcXOlwIWMLs+LpxfUTqFbxI//zhgg==",
         "size": 201485757
      }
   ],
   "path": "Anytype-0.55.5.AppImage",
   "sha512": "5kw48x2+PctEUg/K3hHyumm4UVmW1Ds4NUAnTycH2zjde4jfuvjlrQaTrtP7oBltRKvtf6kNmqTlyS0fk9a5yg==",
   "releaseDate": "2026-06-03T13:00:29.463Z"
}
[2026-07-19 17:51:27.240] [debug] checkForUpdatesAndNotify called, downloadPromise is null
[2026-07-19 18:01:26.990] [info]  Checking for update
[2026-07-19 18:01:26.990] [info]  Checking for update
[2026-07-19 18:01:27.248] [info]  Update for version 0.55.5 is not available (latest version: 0.55.5, downgrade is allowed).
[2026-07-19 18:01:27.248] [info]  Update not available: {
   "version": "0.55.5",
   "files": [
      {
         "url": "Anytype-0.55.5.AppImage",
         "sha512": "5kw48x2+PctEUg/K3hHyumm4UVmW1Ds4NUAnTycH2zjde4jfuvjlrQaTrtP7oBltRKvtf6kNmqTlyS0fk9a5yg==",
         "size": 268775126,
         "blockMapSize": 278250
      },
      {
         "url": "anytype_0.55.5_amd64.deb",
         "sha512": "wljUaINiaon5Z+nSdMDKhbZhDdzXAGiZ9eL9WiJ53KVzQZAjCGE8rIHmXq5SxHPGB9dBjmIF4Y+cX1v/4m+22g==",
         "size": 226321168
      },
      {
         "url": "anytype_0.55.5_amd64.deb",
         "sha512": "wljUaINiaon5Z+nSdMDKhbZhDdzXAGiZ9eL9WiJ53KVzQZAjCGE8rIHmXq5SxHPGB9dBjmIF4Y+cX1v/4m+22g==",
         "size": 226321168
      },
      {
         "url": "anytype_0.55.5_amd64.deb",
         "sha512": "wljUaINiaon5Z+nSdMDKhbZhDdzXAGiZ9eL9WiJ53KVzQZAjCGE8rIHmXq5SxHPGB9dBjmIF4Y+cX1v/4m+22g==",
         "size": 226321168
      },
      {
         "url": "anytype-0.55.5.x86_64.rpm",
         "sha512": "bXv6Rzn90YKItShmLwPx9+JoMs518P1Jw0dG27EPjpRtC63dXde0V8jdmIcXOlwIWMLs+LpxfUTqFbxI//zhgg==",
         "size": 201485757
      },
      {
         "url": "anytype-0.55.5.x86_64.rpm",
         "sha512": "bXv6Rzn90YKItShmLwPx9+JoMs518P1Jw0dG27EPjpRtC63dXde0V8jdmIcXOlwIWMLs+LpxfUTqFbxI//zhgg==",
         "size": 201485757
      },
      {
         "url": "anytype-0.55.5.x86_64.rpm",
         "sha512": "bXv6Rzn90YKItShmLwPx9+JoMs518P1Jw0dG27EPjpRtC63dXde0V8jdmIcXOlwIWMLs+LpxfUTqFbxI//zhgg==",
         "size": 201485757
      }
   ],
   "path": "Anytype-0.55.5.AppImage",
   "sha512": "5kw48x2+PctEUg/K3hHyumm4UVmW1Ds4NUAnTycH2zjde4jfuvjlrQaTrtP7oBltRKvtf6kNmqTlyS0fk9a5yg==",
   "releaseDate": "2026-06-03T13:00:29.463Z"
}
[2026-07-19 18:01:27.248] [debug] checkForUpdatesAndNotify called, downloadPromise is null
[2026-07-19 18:11:26.991] [info]  Checking for update
[2026-07-19 18:11:26.991] [info]  Checking for update
[2026-07-19 18:11:27.246] [info]  Update for version 0.55.5 is not available (latest version: 0.55.5, downgrade is allowed).
[2026-07-19 18:11:27.246] [info]  Update not available: {
   "version": "0.55.5",
   "files": [
      {
         "url": "Anytype-0.55.5.AppImage",
         "sha512": "5kw48x2+PctEUg/K3hHyumm4UVmW1Ds4NUAnTycH2zjde4jfuvjlrQaTrtP7oBltRKvtf6kNmqTlyS0fk9a5yg==",
         "size": 268775126,
         "blockMapSize": 278250
      },
      {
         "url": "anytype_0.55.5_amd64.deb",
         "sha512": "wljUaINiaon5Z+nSdMDKhbZhDdzXAGiZ9eL9WiJ53KVzQZAjCGE8rIHmXq5SxHPGB9dBjmIF4Y+cX1v/4m+22g==",
         "size": 226321168
      },
      {
         "url": "anytype_0.55.5_amd64.deb",
         "sha512": "wljUaINiaon5Z+nSdMDKhbZhDdzXAGiZ9eL9WiJ53KVzQZAjCGE8rIHmXq5SxHPGB9dBjmIF4Y+cX1v/4m+22g==",
         "size": 226321168
      },
      {
         "url": "anytype_0.55.5_amd64.deb",
         "sha512": "wljUaINiaon5Z+nSdMDKhbZhDdzXAGiZ9eL9WiJ53KVzQZAjCGE8rIHmXq5SxHPGB9dBjmIF4Y+cX1v/4m+22g==",
         "size": 226321168
      },
      {
         "url": "anytype-0.55.5.x86_64.rpm",
         "sha512": "bXv6Rzn90YKItShmLwPx9+JoMs518P1Jw0dG27EPjpRtC63dXde0V8jdmIcXOlwIWMLs+LpxfUTqFbxI//zhgg==",
         "size": 201485757
      },
      {
         "url": "anytype-0.55.5.x86_64.rpm",
         "sha512": "bXv6Rzn90YKItShmLwPx9+JoMs518P1Jw0dG27EPjpRtC63dXde0V8jdmIcXOlwIWMLs+LpxfUTqFbxI//zhgg==",
         "size": 201485757
      },
      {
         "url": "anytype-0.55.5.x86_64.rpm",
         "sha512": "bXv6Rzn90YKItShmLwPx9+JoMs518P1Jw0dG27EPjpRtC63dXde0V8jdmIcXOlwIWMLs+LpxfUTqFbxI//zhgg==",
         "size": 201485757
      }
   ],
   "path": "Anytype-0.55.5.AppImage",
   "sha512": "5kw48x2+PctEUg/K3hHyumm4UVmW1Ds4NUAnTycH2zjde4jfuvjlrQaTrtP7oBltRKvtf6kNmqTlyS0fk9a5yg==",
   "releaseDate": "2026-06-03T13:00:29.463Z"
}
[2026-07-19 18:11:27.246] [debug] checkForUpdatesAndNotify called, downloadPromise is null
[2026-07-19 18:21:26.991] [info]  Checking for update
[2026-07-19 18:21:26.991] [info]  Checking for update
[2026-07-19 18:21:27.252] [info]  Update for version 0.55.5 is not available (latest version: 0.55.5, downgrade is allowed).
[2026-07-19 18:21:27.252] [info]  Update not available: {
   "version": "0.55.5",
   "files": [
      {
         "url": "Anytype-0.55.5.AppImage",
         "sha512": "5kw48x2+PctEUg/K3hHyumm4UVmW1Ds4NUAnTycH2zjde4jfuvjlrQaTrtP7oBltRKvtf6kNmqTlyS0fk9a5yg==",
         "size": 268775126,
         "blockMapSize": 278250
      },
      {
         "url": "anytype_0.55.5_amd64.deb",
         "sha512": "wljUaINiaon5Z+nSdMDKhbZhDdzXAGiZ9eL9WiJ53KVzQZAjCGE8rIHmXq5SxHPGB9dBjmIF4Y+cX1v/4m+22g==",
         "size": 226321168
      },
      {
         "url": "anytype_0.55.5_amd64.deb",
         "sha512": "wljUaINiaon5Z+nSdMDKhbZhDdzXAGiZ9eL9WiJ53KVzQZAjCGE8rIHmXq5SxHPGB9dBjmIF4Y+cX1v/4m+22g==",
         "size": 226321168
      },
      {
         "url": "anytype_0.55.5_amd64.deb",
         "sha512": "wljUaINiaon5Z+nSdMDKhbZhDdzXAGiZ9eL9WiJ53KVzQZAjCGE8rIHmXq5SxHPGB9dBjmIF4Y+cX1v/4m+22g==",
         "size": 226321168
      },
      {
         "url": "anytype-0.55.5.x86_64.rpm",
         "sha512": "bXv6Rzn90YKItShmLwPx9+JoMs518P1Jw0dG27EPjpRtC63dXde0V8jdmIcXOlwIWMLs+LpxfUTqFbxI//zhgg==",
         "size": 201485757
      },
      {
         "url": "anytype-0.55.5.x86_64.rpm",
         "sha512": "bXv6Rzn90YKItShmLwPx9+JoMs518P1Jw0dG27EPjpRtC63dXde0V8jdmIcXOlwIWMLs+LpxfUTqFbxI//zhgg==",
         "size": 201485757
      },
      {
         "url": "anytype-0.55.5.x86_64.rpm",
         "sha512": "bXv6Rzn90YKItShmLwPx9+JoMs518P1Jw0dG27EPjpRtC63dXde0V8jdmIcXOlwIWMLs+LpxfUTqFbxI//zhgg==",
         "size": 201485757
      }
   ],
   "path": "Anytype-0.55.5.AppImage",
   "sha512": "5kw48x2+PctEUg/K3hHyumm4UVmW1Ds4NUAnTycH2zjde4jfuvjlrQaTrtP7oBltRKvtf6kNmqTlyS0fk9a5yg==",
   "releaseDate": "2026-06-03T13:00:29.463Z"
}
[2026-07-19 18:21:27.252] [debug] checkForUpdatesAndNotify called, downloadPromise is null
[2026-07-19 18:31:26.992] [info]  Checking for update
[2026-07-19 18:31:26.992] [info]  Checking for update
[2026-07-19 18:31:27.257] [info]  Update for version 0.55.5 is not available (latest version: 0.55.5, downgrade is allowed).
[2026-07-19 18:31:27.257] [info]  Update not available: {
   "version": "0.55.5",
   "files": [
      {
         "url": "Anytype-0.55.5.AppImage",
         "sha512": "5kw48x2+PctEUg/K3hHyumm4UVmW1Ds4NUAnTycH2zjde4jfuvjlrQaTrtP7oBltRKvtf6kNmqTlyS0fk9a5yg==",
         "size": 268775126,
         "blockMapSize": 278250
      },
      {
         "url": "anytype_0.55.5_amd64.deb",
         "sha512": "wljUaINiaon5Z+nSdMDKhbZhDdzXAGiZ9eL9WiJ53KVzQZAjCGE8rIHmXq5SxHPGB9dBjmIF4Y+cX1v/4m+22g==",
         "size": 226321168
      },
      {
         "url": "anytype_0.55.5_amd64.deb",
         "sha512": "wljUaINiaon5Z+nSdMDKhbZhDdzXAGiZ9eL9WiJ53KVzQZAjCGE8rIHmXq5SxHPGB9dBjmIF4Y+cX1v/4m+22g==",
         "size": 226321168
      },
      {
         "url": "anytype_0.55.5_amd64.deb",
         "sha512": "wljUaINiaon5Z+nSdMDKhbZhDdzXAGiZ9eL9WiJ53KVzQZAjCGE8rIHmXq5SxHPGB9dBjmIF4Y+cX1v/4m+22g==",
         "size": 226321168
      },
      {
         "url": "anytype-0.55.5.x86_64.rpm",
         "sha512": "bXv6Rzn90YKItShmLwPx9+JoMs518P1Jw0dG27EPjpRtC63dXde0V8jdmIcXOlwIWMLs+LpxfUTqFbxI//zhgg==",
         "size": 201485757
      },
      {
         "url": "anytype-0.55.5.x86_64.rpm",
         "sha512": "bXv6Rzn90YKItShmLwPx9+JoMs518P1Jw0dG27EPjpRtC63dXde0V8jdmIcXOlwIWMLs+LpxfUTqFbxI//zhgg==",
         "size": 201485757
      },
      {
         "url": "anytype-0.55.5.x86_64.rpm",
         "sha512": "bXv6Rzn90YKItShmLwPx9+JoMs518P1Jw0dG27EPjpRtC63dXde0V8jdmIcXOlwIWMLs+LpxfUTqFbxI//zhgg==",
         "size": 201485757
      }
   ],
   "path": "Anytype-0.55.5.AppImage",
   "sha512": "5kw48x2+PctEUg/K3hHyumm4UVmW1Ds4NUAnTycH2zjde4jfuvjlrQaTrtP7oBltRKvtf6kNmqTlyS0fk9a5yg==",
   "releaseDate": "2026-06-03T13:00:29.463Z"
}
[2026-07-19 18:31:27.257] [debug] checkForUpdatesAndNotify called, downloadPromise is null
[2026-07-19 18:41:26.992] [info]  Checking for update
[2026-07-19 18:41:26.992] [info]  Checking for update
[2026-07-19 18:41:27.258] [info]  Update for version 0.55.5 is not available (latest version: 0.55.5, downgrade is allowed).
[2026-07-19 18:41:27.258] [info]  Update not available: {
   "version": "0.55.5",
   "files": [
      {
         "url": "Anytype-0.55.5.AppImage",
         "sha512": "5kw48x2+PctEUg/K3hHyumm4UVmW1Ds4NUAnTycH2zjde4jfuvjlrQaTrtP7oBltRKvtf6kNmqTlyS0fk9a5yg==",
         "size": 268775126,
         "blockMapSize": 278250
      },
      {
         "url": "anytype_0.55.5_amd64.deb",
         "sha512": "wljUaINiaon5Z+nSdMDKhbZhDdzXAGiZ9eL9WiJ53KVzQZAjCGE8rIHmXq5SxHPGB9dBjmIF4Y+cX1v/4m+22g==",
         "size": 226321168
      },
      {
         "url": "anytype_0.55.5_amd64.deb",
         "sha512": "wljUaINiaon5Z+nSdMDKhbZhDdzXAGiZ9eL9WiJ53KVzQZAjCGE8rIHmXq5SxHPGB9dBjmIF4Y+cX1v/4m+22g==",
         "size": 226321168
      },
      {
         "url": "anytype_0.55.5_amd64.deb",
         "sha512": "wljUaINiaon5Z+nSdMDKhbZhDdzXAGiZ9eL9WiJ53KVzQZAjCGE8rIHmXq5SxHPGB9dBjmIF4Y+cX1v/4m+22g==",
         "size": 226321168
      },
      {
         "url": "anytype-0.55.5.x86_64.rpm",
         "sha512": "bXv6Rzn90YKItShmLwPx9+JoMs518P1Jw0dG27EPjpRtC63dXde0V8jdmIcXOlwIWMLs+LpxfUTqFbxI//zhgg==",
         "size": 201485757
      },
      {
         "url": "anytype-0.55.5.x86_64.rpm",
         "sha512": "bXv6Rzn90YKItShmLwPx9+JoMs518P1Jw0dG27EPjpRtC63dXde0V8jdmIcXOlwIWMLs+LpxfUTqFbxI//zhgg==",
         "size": 201485757
      },
      {
         "url": "anytype-0.55.5.x86_64.rpm",
         "sha512": "bXv6Rzn90YKItShmLwPx9+JoMs518P1Jw0dG27EPjpRtC63dXde0V8jdmIcXOlwIWMLs+LpxfUTqFbxI//zhgg==",
         "size": 201485757
      }
   ],
   "path": "Anytype-0.55.5.AppImage",
   "sha512": "5kw48x2+PctEUg/K3hHyumm4UVmW1Ds4NUAnTycH2zjde4jfuvjlrQaTrtP7oBltRKvtf6kNmqTlyS0fk9a5yg==",
   "releaseDate": "2026-06-03T13:00:29.463Z"
}
[2026-07-19 18:41:27.258] [debug] checkForUpdatesAndNotify called, downloadPromise is null
[2026-07-19 18:51:26.992] [info]  Checking for update
[2026-07-19 18:51:26.993] [info]  Checking for update
[2026-07-19 18:51:27.247] [info]  Update for version 0.55.5 is not available (latest version: 0.55.5, downgrade is allowed).
[2026-07-19 18:51:27.247] [info]  Update not available: {
   "version": "0.55.5",
   "files": [
      {
         "url": "Anytype-0.55.5.AppImage",
         "sha512": "5kw48x2+PctEUg/K3hHyumm4UVmW1Ds4NUAnTycH2zjde4jfuvjlrQaTrtP7oBltRKvtf6kNmqTlyS0fk9a5yg==",
         "size": 268775126,
         "blockMapSize": 278250
      },
      {
         "url": "anytype_0.55.5_amd64.deb",
         "sha512": "wljUaINiaon5Z+nSdMDKhbZhDdzXAGiZ9eL9WiJ53KVzQZAjCGE8rIHmXq5SxHPGB9dBjmIF4Y+cX1v/4m+22g==",
         "size": 226321168
      },
      {
         "url": "anytype_0.55.5_amd64.deb",
         "sha512": "wljUaINiaon5Z+nSdMDKhbZhDdzXAGiZ9eL9WiJ53KVzQZAjCGE8rIHmXq5SxHPGB9dBjmIF4Y+cX1v/4m+22g==",
         "size": 226321168
      },
      {
         "url": "anytype_0.55.5_amd64.deb",
         "sha512": "wljUaINiaon5Z+nSdMDKhbZhDdzXAGiZ9eL9WiJ53KVzQZAjCGE8rIHmXq5SxHPGB9dBjmIF4Y+cX1v/4m+22g==",
         "size": 226321168
      },
      {
         "url": "anytype-0.55.5.x86_64.rpm",
         "sha512": "bXv6Rzn90YKItShmLwPx9+JoMs518P1Jw0dG27EPjpRtC63dXde0V8jdmIcXOlwIWMLs+LpxfUTqFbxI//zhgg==",
         "size": 201485757
      },
      {
         "url": "anytype-0.55.5.x86_64.rpm",
         "sha512": "bXv6Rzn90YKItShmLwPx9+JoMs518P1Jw0dG27EPjpRtC63dXde0V8jdmIcXOlwIWMLs+LpxfUTqFbxI//zhgg==",
         "size": 201485757
      },
      {
         "url": "anytype-0.55.5.x86_64.rpm",
         "sha512": "bXv6Rzn90YKItShmLwPx9+JoMs518P1Jw0dG27EPjpRtC63dXde0V8jdmIcXOlwIWMLs+LpxfUTqFbxI//zhgg==",
         "size": 201485757
      }
   ],
   "path": "Anytype-0.55.5.AppImage",
   "sha512": "5kw48x2+PctEUg/K3hHyumm4UVmW1Ds4NUAnTycH2zjde4jfuvjlrQaTrtP7oBltRKvtf6kNmqTlyS0fk9a5yg==",
   "releaseDate": "2026-06-03T13:00:29.463Z"
}
[2026-07-19 18:51:27.247] [debug] checkForUpdatesAndNotify called, downloadPromise is null
[2026-07-19 19:01:26.994] [info]  Checking for update
[2026-07-19 19:01:26.994] [info]  Checking for update
[2026-07-19 19:01:27.243] [info]  Update for version 0.55.5 is not available (latest version: 0.55.5, downgrade is allowed).
[2026-07-19 19:01:27.243] [info]  Update not available: {
   "version": "0.55.5",
   "files": [
      {
         "url": "Anytype-0.55.5.AppImage",
         "sha512": "5kw48x2+PctEUg/K3hHyumm4UVmW1Ds4NUAnTycH2zjde4jfuvjlrQaTrtP7oBltRKvtf6kNmqTlyS0fk9a5yg==",
         "size": 268775126,
         "blockMapSize": 278250
      },
      {
         "url": "anytype_0.55.5_amd64.deb",
         "sha512": "wljUaINiaon5Z+nSdMDKhbZhDdzXAGiZ9eL9WiJ53KVzQZAjCGE8rIHmXq5SxHPGB9dBjmIF4Y+cX1v/4m+22g==",
         "size": 226321168
      },
      {
         "url": "anytype_0.55.5_amd64.deb",
         "sha512": "wljUaINiaon5Z+nSdMDKhbZhDdzXAGiZ9eL9WiJ53KVzQZAjCGE8rIHmXq5SxHPGB9dBjmIF4Y+cX1v/4m+22g==",
         "size": 226321168
      },
      {
         "url": "anytype_0.55.5_amd64.deb",
         "sha512": "wljUaINiaon5Z+nSdMDKhbZhDdzXAGiZ9eL9WiJ53KVzQZAjCGE8rIHmXq5SxHPGB9dBjmIF4Y+cX1v/4m+22g==",
         "size": 226321168
      },
      {
         "url": "anytype-0.55.5.x86_64.rpm",
         "sha512": "bXv6Rzn90YKItShmLwPx9+JoMs518P1Jw0dG27EPjpRtC63dXde0V8jdmIcXOlwIWMLs+LpxfUTqFbxI//zhgg==",
         "size": 201485757
      },
      {
         "url": "anytype-0.55.5.x86_64.rpm",
         "sha512": "bXv6Rzn90YKItShmLwPx9+JoMs518P1Jw0dG27EPjpRtC63dXde0V8jdmIcXOlwIWMLs+LpxfUTqFbxI//zhgg==",
         "size": 201485757
      },
      {
         "url": "anytype-0.55.5.x86_64.rpm",
         "sha512": "bXv6Rzn90YKItShmLwPx9+JoMs518P1Jw0dG27EPjpRtC63dXde0V8jdmIcXOlwIWMLs+LpxfUTqFbxI//zhgg==",
         "size": 201485757
      }
   ],
   "path": "Anytype-0.55.5.AppImage",
   "sha512": "5kw48x2+PctEUg/K3hHyumm4UVmW1Ds4NUAnTycH2zjde4jfuvjlrQaTrtP7oBltRKvtf6kNmqTlyS0fk9a5yg==",
   "releaseDate": "2026-06-03T13:00:29.463Z"
}
[2026-07-19 19:01:27.243] [debug] checkForUpdatesAndNotify called, downloadPromise is null
[2026-07-19 19:11:26.995] [info]  Checking for update
[2026-07-19 19:11:26.995] [info]  Checking for update
[2026-07-19 19:11:27.247] [info]  Update for version 0.55.5 is not available (latest version: 0.55.5, downgrade is allowed).
[2026-07-19 19:11:27.247] [info]  Update not available: {
   "version": "0.55.5",
   "files": [
      {
         "url": "Anytype-0.55.5.AppImage",
         "sha512": "5kw48x2+PctEUg/K3hHyumm4UVmW1Ds4NUAnTycH2zjde4jfuvjlrQaTrtP7oBltRKvtf6kNmqTlyS0fk9a5yg==",
         "size": 268775126,
         "blockMapSize": 278250
      },
      {
         "url": "anytype_0.55.5_amd64.deb",
         "sha512": "wljUaINiaon5Z+nSdMDKhbZhDdzXAGiZ9eL9WiJ53KVzQZAjCGE8rIHmXq5SxHPGB9dBjmIF4Y+cX1v/4m+22g==",
         "size": 226321168
      },
      {
         "url": "anytype_0.55.5_amd64.deb",
         "sha512": "wljUaINiaon5Z+nSdMDKhbZhDdzXAGiZ9eL9WiJ53KVzQZAjCGE8rIHmXq5SxHPGB9dBjmIF4Y+cX1v/4m+22g==",
         "size": 226321168
      },
      {
         "url": "anytype_0.55.5_amd64.deb",
         "sha512": "wljUaINiaon5Z+nSdMDKhbZhDdzXAGiZ9eL9WiJ53KVzQZAjCGE8rIHmXq5SxHPGB9dBjmIF4Y+cX1v/4m+22g==",
         "size": 226321168
      },
      {
         "url": "anytype-0.55.5.x86_64.rpm",
         "sha512": "bXv6Rzn90YKItShmLwPx9+JoMs518P1Jw0dG27EPjpRtC63dXde0V8jdmIcXOlwIWMLs+LpxfUTqFbxI//zhgg==",
         "size": 201485757
      },
      {
         "url": "anytype-0.55.5.x86_64.rpm",
         "sha512": "bXv6Rzn90YKItShmLwPx9+JoMs518P1Jw0dG27EPjpRtC63dXde0V8jdmIcXOlwIWMLs+LpxfUTqFbxI//zhgg==",
         "size": 201485757
      },
      {
         "url": "anytype-0.55.5.x86_64.rpm",
         "sha512": "bXv6Rzn90YKItShmLwPx9+JoMs518P1Jw0dG27EPjpRtC63dXde0V8jdmIcXOlwIWMLs+LpxfUTqFbxI//zhgg==",
         "size": 201485757
      }
   ],
   "path": "Anytype-0.55.5.AppImage",
   "sha512": "5kw48x2+PctEUg/K3hHyumm4UVmW1Ds4NUAnTycH2zjde4jfuvjlrQaTrtP7oBltRKvtf6kNmqTlyS0fk9a5yg==",
   "releaseDate": "2026-06-03T13:00:29.463Z"
}
[2026-07-19 19:11:27.247] [debug] checkForUpdatesAndNotify called, downloadPromise is null
[2026-07-19 19:21:26.996] [info]  Checking for update
[2026-07-19 19:21:26.996] [info]  Checking for update
[2026-07-19 19:21:27.257] [info]  Update for version 0.55.5 is not available (latest version: 0.55.5, downgrade is allowed).
[2026-07-19 19:21:27.257] [info]  Update not available: {
   "version": "0.55.5",
   "files": [
      {
         "url": "Anytype-0.55.5.AppImage",
         "sha512": "5kw48x2+PctEUg/K3hHyumm4UVmW1Ds4NUAnTycH2zjde4jfuvjlrQaTrtP7oBltRKvtf6kNmqTlyS0fk9a5yg==",
         "size": 268775126,
         "blockMapSize": 278250
      },
      {
         "url": "anytype_0.55.5_amd64.deb",
         "sha512": "wljUaINiaon5Z+nSdMDKhbZhDdzXAGiZ9eL9WiJ53KVzQZAjCGE8rIHmXq5SxHPGB9dBjmIF4Y+cX1v/4m+22g==",
         "size": 226321168
      },
      {
         "url": "anytype_0.55.5_amd64.deb",
         "sha512": "wljUaINiaon5Z+nSdMDKhbZhDdzXAGiZ9eL9WiJ53KVzQZAjCGE8rIHmXq5SxHPGB9dBjmIF4Y+cX1v/4m+22g==",
         "size": 226321168
      },
      {
         "url": "anytype_0.55.5_amd64.deb",
         "sha512": "wljUaINiaon5Z+nSdMDKhbZhDdzXAGiZ9eL9WiJ53KVzQZAjCGE8rIHmXq5SxHPGB9dBjmIF4Y+cX1v/4m+22g==",
         "size": 226321168
      },
      {
         "url": "anytype-0.55.5.x86_64.rpm",
         "sha512": "bXv6Rzn90YKItShmLwPx9+JoMs518P1Jw0dG27EPjpRtC63dXde0V8jdmIcXOlwIWMLs+LpxfUTqFbxI//zhgg==",
         "size": 201485757
      },
      {
         "url": "anytype-0.55.5.x86_64.rpm",
         "sha512": "bXv6Rzn90YKItShmLwPx9+JoMs518P1Jw0dG27EPjpRtC63dXde0V8jdmIcXOlwIWMLs+LpxfUTqFbxI//zhgg==",
         "size": 201485757
      },
      {
         "url": "anytype-0.55.5.x86_64.rpm",
         "sha512": "bXv6Rzn90YKItShmLwPx9+JoMs518P1Jw0dG27EPjpRtC63dXde0V8jdmIcXOlwIWMLs+LpxfUTqFbxI//zhgg==",
         "size": 201485757
      }
   ],
   "path": "Anytype-0.55.5.AppImage",
   "sha512": "5kw48x2+PctEUg/K3hHyumm4UVmW1Ds4NUAnTycH2zjde4jfuvjlrQaTrtP7oBltRKvtf6kNmqTlyS0fk9a5yg==",
   "releaseDate": "2026-06-03T13:00:29.463Z"
}
[2026-07-19 19:21:27.257] [debug] checkForUpdatesAndNotify called, downloadPromise is null
[2026-07-19 19:31:26.996] [info]  Checking for update
[2026-07-19 19:31:26.996] [info]  Checking for update
[2026-07-19 19:31:27.256] [info]  Update for version 0.55.5 is not available (latest version: 0.55.5, downgrade is allowed).
[2026-07-19 19:31:27.257] [info]  Update not available: {
   "version": "0.55.5",
   "files": [
      {
         "url": "Anytype-0.55.5.AppImage",
         "sha512": "5kw48x2+PctEUg/K3hHyumm4UVmW1Ds4NUAnTycH2zjde4jfuvjlrQaTrtP7oBltRKvtf6kNmqTlyS0fk9a5yg==",
         "size": 268775126,
         "blockMapSize": 278250
      },
      {
         "url": "anytype_0.55.5_amd64.deb",
         "sha512": "wljUaINiaon5Z+nSdMDKhbZhDdzXAGiZ9eL9WiJ53KVzQZAjCGE8rIHmXq5SxHPGB9dBjmIF4Y+cX1v/4m+22g==",
         "size": 226321168
      },
      {
         "url": "anytype_0.55.5_amd64.deb",
         "sha512": "wljUaINiaon5Z+nSdMDKhbZhDdzXAGiZ9eL9WiJ53KVzQZAjCGE8rIHmXq5SxHPGB9dBjmIF4Y+cX1v/4m+22g==",
         "size": 226321168
      },
      {
         "url": "anytype_0.55.5_amd64.deb",
         "sha512": "wljUaINiaon5Z+nSdMDKhbZhDdzXAGiZ9eL9WiJ53KVzQZAjCGE8rIHmXq5SxHPGB9dBjmIF4Y+cX1v/4m+22g==",
         "size": 226321168
      },
      {
         "url": "anytype-0.55.5.x86_64.rpm",
         "sha512": "bXv6Rzn90YKItShmLwPx9+JoMs518P1Jw0dG27EPjpRtC63dXde0V8jdmIcXOlwIWMLs+LpxfUTqFbxI//zhgg==",
         "size": 201485757
      },
      {
         "url": "anytype-0.55.5.x86_64.rpm",
         "sha512": "bXv6Rzn90YKItShmLwPx9+JoMs518P1Jw0dG27EPjpRtC63dXde0V8jdmIcXOlwIWMLs+LpxfUTqFbxI//zhgg==",
         "size": 201485757
      },
      {
         "url": "anytype-0.55.5.x86_64.rpm",
         "sha512": "bXv6Rzn90YKItShmLwPx9+JoMs518P1Jw0dG27EPjpRtC63dXde0V8jdmIcXOlwIWMLs+LpxfUTqFbxI//zhgg==",
         "size": 201485757
      }
   ],
   "path": "Anytype-0.55.5.AppImage",
   "sha512": "5kw48x2+PctEUg/K3hHyumm4UVmW1Ds4NUAnTycH2zjde4jfuvjlrQaTrtP7oBltRKvtf6kNmqTlyS0fk9a5yg==",
   "releaseDate": "2026-06-03T13:00:29.463Z"
}
[2026-07-19 19:31:27.257] [debug] checkForUpdatesAndNotify called, downloadPromise is null
[2026-07-19 19:41:26.997] [info]  Checking for update
[2026-07-19 19:41:26.997] [info]  Checking for update
[2026-07-19 19:41:27.340] [info]  Update for version 0.55.5 is not available (latest version: 0.55.5, downgrade is allowed).
[2026-07-19 19:41:27.340] [info]  Update not available: {
   "version": "0.55.5",
   "files": [
      {
         "url": "Anytype-0.55.5.AppImage",
         "sha512": "5kw48x2+PctEUg/K3hHyumm4UVmW1Ds4NUAnTycH2zjde4jfuvjlrQaTrtP7oBltRKvtf6kNmqTlyS0fk9a5yg==",
         "size": 268775126,
         "blockMapSize": 278250
      },
      {
         "url": "anytype_0.55.5_amd64.deb",
         "sha512": "wljUaINiaon5Z+nSdMDKhbZhDdzXAGiZ9eL9WiJ53KVzQZAjCGE8rIHmXq5SxHPGB9dBjmIF4Y+cX1v/4m+22g==",
         "size": 226321168
      },
      {
         "url": "anytype_0.55.5_amd64.deb",
         "sha512": "wljUaINiaon5Z+nSdMDKhbZhDdzXAGiZ9eL9WiJ53KVzQZAjCGE8rIHmXq5SxHPGB9dBjmIF4Y+cX1v/4m+22g==",
         "size": 226321168
      },
      {
         "url": "anytype_0.55.5_amd64.deb",
         "sha512": "wljUaINiaon5Z+nSdMDKhbZhDdzXAGiZ9eL9WiJ53KVzQZAjCGE8rIHmXq5SxHPGB9dBjmIF4Y+cX1v/4m+22g==",
         "size": 226321168
      },
      {
         "url": "anytype-0.55.5.x86_64.rpm",
         "sha512": "bXv6Rzn90YKItShmLwPx9+JoMs518P1Jw0dG27EPjpRtC63dXde0V8jdmIcXOlwIWMLs+LpxfUTqFbxI//zhgg==",
         "size": 201485757
      },
      {
         "url": "anytype-0.55.5.x86_64.rpm",
         "sha512": "bXv6Rzn90YKItShmLwPx9+JoMs518P1Jw0dG27EPjpRtC63dXde0V8jdmIcXOlwIWMLs+LpxfUTqFbxI//zhgg==",
         "size": 201485757
      },
      {
         "url": "anytype-0.55.5.x86_64.rpm",
         "sha512": "bXv6Rzn90YKItShmLwPx9+JoMs518P1Jw0dG27EPjpRtC63dXde0V8jdmIcXOlwIWMLs+LpxfUTqFbxI//zhgg==",
         "size": 201485757
      }
   ],
   "path": "Anytype-0.55.5.AppImage",
   "sha512": "5kw48x2+PctEUg/K3hHyumm4UVmW1Ds4NUAnTycH2zjde4jfuvjlrQaTrtP7oBltRKvtf6kNmqTlyS0fk9a5yg==",
   "releaseDate": "2026-06-03T13:00:29.463Z"
}
[2026-07-19 19:41:27.340] [debug] checkForUpdatesAndNotify called, downloadPromise is null
[2026-07-19 19:51:26.998] [info]  Checking for update
[2026-07-19 19:51:26.998] [info]  Checking for update
[2026-07-19 19:51:27.271] [info]  Update for version 0.55.5 is not available (latest version: 0.55.5, downgrade is allowed).
[2026-07-19 19:51:27.271] [info]  Update not available: {
   "version": "0.55.5",
   "files": [
      {
         "url": "Anytype-0.55.5.AppImage",
         "sha512": "5kw48x2+PctEUg/K3hHyumm4UVmW1Ds4NUAnTycH2zjde4jfuvjlrQaTrtP7oBltRKvtf6kNmqTlyS0fk9a5yg==",
         "size": 268775126,
         "blockMapSize": 278250
      },
      {
         "url": "anytype_0.55.5_amd64.deb",
         "sha512": "wljUaINiaon5Z+nSdMDKhbZhDdzXAGiZ9eL9WiJ53KVzQZAjCGE8rIHmXq5SxHPGB9dBjmIF4Y+cX1v/4m+22g==",
         "size": 226321168
      },
      {
         "url": "anytype_0.55.5_amd64.deb",
         "sha512": "wljUaINiaon5Z+nSdMDKhbZhDdzXAGiZ9eL9WiJ53KVzQZAjCGE8rIHmXq5SxHPGB9dBjmIF4Y+cX1v/4m+22g==",
         "size": 226321168
      },
      {
         "url": "anytype_0.55.5_amd64.deb",
         "sha512": "wljUaINiaon5Z+nSdMDKhbZhDdzXAGiZ9eL9WiJ53KVzQZAjCGE8rIHmXq5SxHPGB9dBjmIF4Y+cX1v/4m+22g==",
         "size": 226321168
      },
      {
         "url": "anytype-0.55.5.x86_64.rpm",
         "sha512": "bXv6Rzn90YKItShmLwPx9+JoMs518P1Jw0dG27EPjpRtC63dXde0V8jdmIcXOlwIWMLs+LpxfUTqFbxI//zhgg==",
         "size": 201485757
      },
      {
         "url": "anytype-0.55.5.x86_64.rpm",
         "sha512": "bXv6Rzn90YKItShmLwPx9+JoMs518P1Jw0dG27EPjpRtC63dXde0V8jdmIcXOlwIWMLs+LpxfUTqFbxI//zhgg==",
         "size": 201485757
      },
      {
         "url": "anytype-0.55.5.x86_64.rpm",
         "sha512": "bXv6Rzn90YKItShmLwPx9+JoMs518P1Jw0dG27EPjpRtC63dXde0V8jdmIcXOlwIWMLs+LpxfUTqFbxI//zhgg==",
         "size": 201485757
      }
   ],
   "path": "Anytype-0.55.5.AppImage",
   "sha512": "5kw48x2+PctEUg/K3hHyumm4UVmW1Ds4NUAnTycH2zjde4jfuvjlrQaTrtP7oBltRKvtf6kNmqTlyS0fk9a5yg==",
   "releaseDate": "2026-06-03T13:00:29.463Z"
}
[2026-07-19 19:51:27.272] [debug] checkForUpdatesAndNotify called, downloadPromise is null
[2026-07-19 20:01:26.998] [info]  Checking for update
[2026-07-19 20:01:26.998] [info]  Checking for update
[2026-07-19 20:01:27.253] [info]  Update for version 0.55.5 is not available (latest version: 0.55.5, downgrade is allowed).
[2026-07-19 20:01:27.253] [info]  Update not available: {
   "version": "0.55.5",
   "files": [
      {
         "url": "Anytype-0.55.5.AppImage",
         "sha512": "5kw48x2+PctEUg/K3hHyumm4UVmW1Ds4NUAnTycH2zjde4jfuvjlrQaTrtP7oBltRKvtf6kNmqTlyS0fk9a5yg==",
         "size": 268775126,
         "blockMapSize": 278250
      },
      {
         "url": "anytype_0.55.5_amd64.deb",
         "sha512": "wljUaINiaon5Z+nSdMDKhbZhDdzXAGiZ9eL9WiJ53KVzQZAjCGE8rIHmXq5SxHPGB9dBjmIF4Y+cX1v/4m+22g==",
         "size": 226321168
      },
      {
         "url": "anytype_0.55.5_amd64.deb",
         "sha512": "wljUaINiaon5Z+nSdMDKhbZhDdzXAGiZ9eL9WiJ53KVzQZAjCGE8rIHmXq5SxHPGB9dBjmIF4Y+cX1v/4m+22g==",
         "size": 226321168
      },
      {
         "url": "anytype_0.55.5_amd64.deb",
         "sha512": "wljUaINiaon5Z+nSdMDKhbZhDdzXAGiZ9eL9WiJ53KVzQZAjCGE8rIHmXq5SxHPGB9dBjmIF4Y+cX1v/4m+22g==",
         "size": 226321168
      },
      {
         "url": "anytype-0.55.5.x86_64.rpm",
         "sha512": "bXv6Rzn90YKItShmLwPx9+JoMs518P1Jw0dG27EPjpRtC63dXde0V8jdmIcXOlwIWMLs+LpxfUTqFbxI//zhgg==",
         "size": 201485757
      },
      {
         "url": "anytype-0.55.5.x86_64.rpm",
         "sha512": "bXv6Rzn90YKItShmLwPx9+JoMs518P1Jw0dG27EPjpRtC63dXde0V8jdmIcXOlwIWMLs+LpxfUTqFbxI//zhgg==",
         "size": 201485757
      },
      {
         "url": "anytype-0.55.5.x86_64.rpm",
         "sha512": "bXv6Rzn90YKItShmLwPx9+JoMs518P1Jw0dG27EPjpRtC63dXde0V8jdmIcXOlwIWMLs+LpxfUTqFbxI//zhgg==",
         "size": 201485757
      }
   ],
   "path": "Anytype-0.55.5.AppImage",
   "sha512": "5kw48x2+PctEUg/K3hHyumm4UVmW1Ds4NUAnTycH2zjde4jfuvjlrQaTrtP7oBltRKvtf6kNmqTlyS0fk9a5yg==",
   "releaseDate": "2026-06-03T13:00:29.463Z"
}
[2026-07-19 20:01:27.253] [debug] checkForUpdatesAndNotify called, downloadPromise is null
[2026-07-19 20:11:26.999] [info]  Checking for update
[2026-07-19 20:11:26.999] [info]  Checking for update
[2026-07-19 20:11:27.257] [info]  Update for version 0.55.5 is not available (latest version: 0.55.5, downgrade is allowed).
[2026-07-19 20:11:27.257] [info]  Update not available: {
   "version": "0.55.5",
   "files": [
      {
         "url": "Anytype-0.55.5.AppImage",
         "sha512": "5kw48x2+PctEUg/K3hHyumm4UVmW1Ds4NUAnTycH2zjde4jfuvjlrQaTrtP7oBltRKvtf6kNmqTlyS0fk9a5yg==",
         "size": 268775126,
         "blockMapSize": 278250
      },
      {
         "url": "anytype_0.55.5_amd64.deb",
         "sha512": "wljUaINiaon5Z+nSdMDKhbZhDdzXAGiZ9eL9WiJ53KVzQZAjCGE8rIHmXq5SxHPGB9dBjmIF4Y+cX1v/4m+22g==",
         "size": 226321168
      },
      {
         "url": "anytype_0.55.5_amd64.deb",
         "sha512": "wljUaINiaon5Z+nSdMDKhbZhDdzXAGiZ9eL9WiJ53KVzQZAjCGE8rIHmXq5SxHPGB9dBjmIF4Y+cX1v/4m+22g==",
         "size": 226321168
      },
      {
         "url": "anytype_0.55.5_amd64.deb",
         "sha512": "wljUaINiaon5Z+nSdMDKhbZhDdzXAGiZ9eL9WiJ53KVzQZAjCGE8rIHmXq5SxHPGB9dBjmIF4Y+cX1v/4m+22g==",
         "size": 226321168
      },
      {
         "url": "anytype-0.55.5.x86_64.rpm",
         "sha512": "bXv6Rzn90YKItShmLwPx9+JoMs518P1Jw0dG27EPjpRtC63dXde0V8jdmIcXOlwIWMLs+LpxfUTqFbxI//zhgg==",
         "size": 201485757
      },
      {
         "url": "anytype-0.55.5.x86_64.rpm",
         "sha512": "bXv6Rzn90YKItShmLwPx9+JoMs518P1Jw0dG27EPjpRtC63dXde0V8jdmIcXOlwIWMLs+LpxfUTqFbxI//zhgg==",
         "size": 201485757
      },
      {
         "url": "anytype-0.55.5.x86_64.rpm",
         "sha512": "bXv6Rzn90YKItShmLwPx9+JoMs518P1Jw0dG27EPjpRtC63dXde0V8jdmIcXOlwIWMLs+LpxfUTqFbxI//zhgg==",
         "size": 201485757
      }
   ],
   "path": "Anytype-0.55.5.AppImage",
   "sha512": "5kw48x2+PctEUg/K3hHyumm4UVmW1Ds4NUAnTycH2zjde4jfuvjlrQaTrtP7oBltRKvtf6kNmqTlyS0fk9a5yg==",
   "releaseDate": "2026-06-03T13:00:29.463Z"
}
[2026-07-19 20:11:27.257] [debug] checkForUpdatesAndNotify called, downloadPromise is null
[2026-07-19 20:21:26.999] [info]  Checking for update
[2026-07-19 20:21:26.999] [info]  Checking for update
[2026-07-19 20:21:27.259] [info]  Update for version 0.55.5 is not available (latest version: 0.55.5, downgrade is allowed).
[2026-07-19 20:21:27.259] [info]  Update not available: {
   "version": "0.55.5",
   "files": [
      {
         "url": "Anytype-0.55.5.AppImage",
         "sha512": "5kw48x2+PctEUg/K3hHyumm4UVmW1Ds4NUAnTycH2zjde4jfuvjlrQaTrtP7oBltRKvtf6kNmqTlyS0fk9a5yg==",
         "size": 268775126,
         "blockMapSize": 278250
      },
      {
         "url": "anytype_0.55.5_amd64.deb",
         "sha512": "wljUaINiaon5Z+nSdMDKhbZhDdzXAGiZ9eL9WiJ53KVzQZAjCGE8rIHmXq5SxHPGB9dBjmIF4Y+cX1v/4m+22g==",
         "size": 226321168
      },
      {
         "url": "anytype_0.55.5_amd64.deb",
         "sha512": "wljUaINiaon5Z+nSdMDKhbZhDdzXAGiZ9eL9WiJ53KVzQZAjCGE8rIHmXq5SxHPGB9dBjmIF4Y+cX1v/4m+22g==",
         "size": 226321168
      },
      {
         "url": "anytype_0.55.5_amd64.deb",
         "sha512": "wljUaINiaon5Z+nSdMDKhbZhDdzXAGiZ9eL9WiJ53KVzQZAjCGE8rIHmXq5SxHPGB9dBjmIF4Y+cX1v/4m+22g==",
         "size": 226321168
      },
      {
         "url": "anytype-0.55.5.x86_64.rpm",
         "sha512": "bXv6Rzn90YKItShmLwPx9+JoMs518P1Jw0dG27EPjpRtC63dXde0V8jdmIcXOlwIWMLs+LpxfUTqFbxI//zhgg==",
         "size": 201485757
      },
      {
         "url": "anytype-0.55.5.x86_64.rpm",
         "sha512": "bXv6Rzn90YKItShmLwPx9+JoMs518P1Jw0dG27EPjpRtC63dXde0V8jdmIcXOlwIWMLs+LpxfUTqFbxI//zhgg==",
         "size": 201485757
      },
      {
         "url": "anytype-0.55.5.x86_64.rpm",
         "sha512": "bXv6Rzn90YKItShmLwPx9+JoMs518P1Jw0dG27EPjpRtC63dXde0V8jdmIcXOlwIWMLs+LpxfUTqFbxI//zhgg==",
         "size": 201485757
      }
   ],
   "path": "Anytype-0.55.5.AppImage",
   "sha512": "5kw48x2+PctEUg/K3hHyumm4UVmW1Ds4NUAnTycH2zjde4jfuvjlrQaTrtP7oBltRKvtf6kNmqTlyS0fk9a5yg==",
   "releaseDate": "2026-06-03T13:00:29.463Z"
}
[2026-07-19 20:21:27.259] [debug] checkForUpdatesAndNotify called, downloadPromise is null
[2026-07-19 20:31:27.000] [info]  Checking for update
[2026-07-19 20:31:27.000] [info]  Checking for update
[2026-07-19 20:31:27.271] [info]  Update for version 0.55.5 is not available (latest version: 0.55.5, downgrade is allowed).
[2026-07-19 20:31:27.271] [info]  Update not available: {
   "version": "0.55.5",
   "files": [
      {
         "url": "Anytype-0.55.5.AppImage",
         "sha512": "5kw48x2+PctEUg/K3hHyumm4UVmW1Ds4NUAnTycH2zjde4jfuvjlrQaTrtP7oBltRKvtf6kNmqTlyS0fk9a5yg==",
         "size": 268775126,
         "blockMapSize": 278250
      },
      {
         "url": "anytype_0.55.5_amd64.deb",
         "sha512": "wljUaINiaon5Z+nSdMDKhbZhDdzXAGiZ9eL9WiJ53KVzQZAjCGE8rIHmXq5SxHPGB9dBjmIF4Y+cX1v/4m+22g==",
         "size": 226321168
      },
      {
         "url": "anytype_0.55.5_amd64.deb",
         "sha512": "wljUaINiaon5Z+nSdMDKhbZhDdzXAGiZ9eL9WiJ53KVzQZAjCGE8rIHmXq5SxHPGB9dBjmIF4Y+cX1v/4m+22g==",
         "size": 226321168
      },
      {
         "url": "anytype_0.55.5_amd64.deb",
         "sha512": "wljUaINiaon5Z+nSdMDKhbZhDdzXAGiZ9eL9WiJ53KVzQZAjCGE8rIHmXq5SxHPGB9dBjmIF4Y+cX1v/4m+22g==",
         "size": 226321168
      },
      {
         "url": "anytype-0.55.5.x86_64.rpm",
         "sha512": "bXv6Rzn90YKItShmLwPx9+JoMs518P1Jw0dG27EPjpRtC63dXde0V8jdmIcXOlwIWMLs+LpxfUTqFbxI//zhgg==",
         "size": 201485757
      },
      {
         "url": "anytype-0.55.5.x86_64.rpm",
         "sha512": "bXv6Rzn90YKItShmLwPx9+JoMs518P1Jw0dG27EPjpRtC63dXde0V8jdmIcXOlwIWMLs+LpxfUTqFbxI//zhgg==",
         "size": 201485757
      },
      {
         "url": "anytype-0.55.5.x86_64.rpm",
         "sha512": "bXv6Rzn90YKItShmLwPx9+JoMs518P1Jw0dG27EPjpRtC63dXde0V8jdmIcXOlwIWMLs+LpxfUTqFbxI//zhgg==",
         "size": 201485757
      }
   ],
   "path": "Anytype-0.55.5.AppImage",
   "sha512": "5kw48x2+PctEUg/K3hHyumm4UVmW1Ds4NUAnTycH2zjde4jfuvjlrQaTrtP7oBltRKvtf6kNmqTlyS0fk9a5yg==",
   "releaseDate": "2026-06-03T13:00:29.463Z"
}
[2026-07-19 20:31:27.271] [debug] checkForUpdatesAndNotify called, downloadPromise is null
[2026-07-19 20:41:27.001] [info]  Checking for update
[2026-07-19 20:41:27.002] [info]  Checking for update
[2026-07-19 20:41:27.255] [info]  Update for version 0.55.5 is not available (latest version: 0.55.5, downgrade is allowed).
[2026-07-19 20:41:27.255] [info]  Update not available: {
   "version": "0.55.5",
   "files": [
      {
         "url": "Anytype-0.55.5.AppImage",
         "sha512": "5kw48x2+PctEUg/K3hHyumm4UVmW1Ds4NUAnTycH2zjde4jfuvjlrQaTrtP7oBltRKvtf6kNmqTlyS0fk9a5yg==",
         "size": 268775126,
         "blockMapSize": 278250
      },
      {
         "url": "anytype_0.55.5_amd64.deb",
         "sha512": "wljUaINiaon5Z+nSdMDKhbZhDdzXAGiZ9eL9WiJ53KVzQZAjCGE8rIHmXq5SxHPGB9dBjmIF4Y+cX1v/4m+22g==",
         "size": 226321168
      },
      {
         "url": "anytype_0.55.5_amd64.deb",
         "sha512": "wljUaINiaon5Z+nSdMDKhbZhDdzXAGiZ9eL9WiJ53KVzQZAjCGE8rIHmXq5SxHPGB9dBjmIF4Y+cX1v/4m+22g==",
         "size": 226321168
      },
      {
         "url": "anytype_0.55.5_amd64.deb",
         "sha512": "wljUaINiaon5Z+nSdMDKhbZhDdzXAGiZ9eL9WiJ53KVzQZAjCGE8rIHmXq5SxHPGB9dBjmIF4Y+cX1v/4m+22g==",
         "size": 226321168
      },
      {
         "url": "anytype-0.55.5.x86_64.rpm",
         "sha512": "bXv6Rzn90YKItShmLwPx9+JoMs518P1Jw0dG27EPjpRtC63dXde0V8jdmIcXOlwIWMLs+LpxfUTqFbxI//zhgg==",
         "size": 201485757
      },
      {
         "url": "anytype-0.55.5.x86_64.rpm",
         "sha512": "bXv6Rzn90YKItShmLwPx9+JoMs518P1Jw0dG27EPjpRtC63dXde0V8jdmIcXOlwIWMLs+LpxfUTqFbxI//zhgg==",
         "size": 201485757
      },
      {
         "url": "anytype-0.55.5.x86_64.rpm",
         "sha512": "bXv6Rzn90YKItShmLwPx9+JoMs518P1Jw0dG27EPjpRtC63dXde0V8jdmIcXOlwIWMLs+LpxfUTqFbxI//zhgg==",
         "size": 201485757
      }
   ],
   "path": "Anytype-0.55.5.AppImage",
   "sha512": "5kw48x2+PctEUg/K3hHyumm4UVmW1Ds4NUAnTycH2zjde4jfuvjlrQaTrtP7oBltRKvtf6kNmqTlyS0fk9a5yg==",
   "releaseDate": "2026-06-03T13:00:29.463Z"
}
[2026-07-19 20:41:27.255] [debug] checkForUpdatesAndNotify called, downloadPromise is null
[2026-07-19 20:51:27.002] [info]  Checking for update
[2026-07-19 20:51:27.003] [info]  Checking for update
[2026-07-19 20:51:27.271] [info]  Update for version 0.55.5 is not available (latest version: 0.55.5, downgrade is allowed).
[2026-07-19 20:51:27.271] [info]  Update not available: {
   "version": "0.55.5",
   "files": [
      {
         "url": "Anytype-0.55.5.AppImage",
         "sha512": "5kw48x2+PctEUg/K3hHyumm4UVmW1Ds4NUAnTycH2zjde4jfuvjlrQaTrtP7oBltRKvtf6kNmqTlyS0fk9a5yg==",
         "size": 268775126,
         "blockMapSize": 278250
      },
      {
         "url": "anytype_0.55.5_amd64.deb",
         "sha512": "wljUaINiaon5Z+nSdMDKhbZhDdzXAGiZ9eL9WiJ53KVzQZAjCGE8rIHmXq5SxHPGB9dBjmIF4Y+cX1v/4m+22g==",
         "size": 226321168
      },
      {
         "url": "anytype_0.55.5_amd64.deb",
         "sha512": "wljUaINiaon5Z+nSdMDKhbZhDdzXAGiZ9eL9WiJ53KVzQZAjCGE8rIHmXq5SxHPGB9dBjmIF4Y+cX1v/4m+22g==",
         "size": 226321168
      },
      {
         "url": "anytype_0.55.5_amd64.deb",
         "sha512": "wljUaINiaon5Z+nSdMDKhbZhDdzXAGiZ9eL9WiJ53KVzQZAjCGE8rIHmXq5SxHPGB9dBjmIF4Y+cX1v/4m+22g==",
         "size": 226321168
      },
      {
         "url": "anytype-0.55.5.x86_64.rpm",
         "sha512": "bXv6Rzn90YKItShmLwPx9+JoMs518P1Jw0dG27EPjpRtC63dXde0V8jdmIcXOlwIWMLs+LpxfUTqFbxI//zhgg==",
         "size": 201485757
      },
      {
         "url": "anytype-0.55.5.x86_64.rpm",
         "sha512": "bXv6Rzn90YKItShmLwPx9+JoMs518P1Jw0dG27EPjpRtC63dXde0V8jdmIcXOlwIWMLs+LpxfUTqFbxI//zhgg==",
         "size": 201485757
      },
      {
         "url": "anytype-0.55.5.x86_64.rpm",
         "sha512": "bXv6Rzn90YKItShmLwPx9+JoMs518P1Jw0dG27EPjpRtC63dXde0V8jdmIcXOlwIWMLs+LpxfUTqFbxI//zhgg==",
         "size": 201485757
      }
   ],
   "path": "Anytype-0.55.5.AppImage",
   "sha512": "5kw48x2+PctEUg/K3hHyumm4UVmW1Ds4NUAnTycH2zjde4jfuvjlrQaTrtP7oBltRKvtf6kNmqTlyS0fk9a5yg==",
   "releaseDate": "2026-06-03T13:00:29.463Z"
}
[2026-07-19 20:51:27.271] [debug] checkForUpdatesAndNotify called, downloadPromise is null
[2026-07-19 21:01:27.003] [info]  Checking for update
[2026-07-19 21:01:27.003] [info]  Checking for update
[2026-07-19 21:01:27.259] [info]  Update for version 0.55.5 is not available (latest version: 0.55.5, downgrade is allowed).
[2026-07-19 21:01:27.259] [info]  Update not available: {
   "version": "0.55.5",
   "files": [
      {
         "url": "Anytype-0.55.5.AppImage",
         "sha512": "5kw48x2+PctEUg/K3hHyumm4UVmW1Ds4NUAnTycH2zjde4jfuvjlrQaTrtP7oBltRKvtf6kNmqTlyS0fk9a5yg==",
         "size": 268775126,
         "blockMapSize": 278250
      },
      {
         "url": "anytype_0.55.5_amd64.deb",
         "sha512": "wljUaINiaon5Z+nSdMDKhbZhDdzXAGiZ9eL9WiJ53KVzQZAjCGE8rIHmXq5SxHPGB9dBjmIF4Y+cX1v/4m+22g==",
         "size": 226321168
      },
      {
         "url": "anytype_0.55.5_amd64.deb",
         "sha512": "wljUaINiaon5Z+nSdMDKhbZhDdzXAGiZ9eL9WiJ53KVzQZAjCGE8rIHmXq5SxHPGB9dBjmIF4Y+cX1v/4m+22g==",
         "size": 226321168
      },
      {
         "url": "anytype_0.55.5_amd64.deb",
         "sha512": "wljUaINiaon5Z+nSdMDKhbZhDdzXAGiZ9eL9WiJ53KVzQZAjCGE8rIHmXq5SxHPGB9dBjmIF4Y+cX1v/4m+22g==",
         "size": 226321168
      },
      {
         "url": "anytype-0.55.5.x86_64.rpm",
         "sha512": "bXv6Rzn90YKItShmLwPx9+JoMs518P1Jw0dG27EPjpRtC63dXde0V8jdmIcXOlwIWMLs+LpxfUTqFbxI//zhgg==",
         "size": 201485757
      },
      {
         "url": "anytype-0.55.5.x86_64.rpm",
         "sha512": "bXv6Rzn90YKItShmLwPx9+JoMs518P1Jw0dG27EPjpRtC63dXde0V8jdmIcXOlwIWMLs+LpxfUTqFbxI//zhgg==",
         "size": 201485757
      },
      {
         "url": "anytype-0.55.5.x86_64.rpm",
         "sha512": "bXv6Rzn90YKItShmLwPx9+JoMs518P1Jw0dG27EPjpRtC63dXde0V8jdmIcXOlwIWMLs+LpxfUTqFbxI//zhgg==",
         "size": 201485757
      }
   ],
   "path": "Anytype-0.55.5.AppImage",
   "sha512": "5kw48x2+PctEUg/K3hHyumm4UVmW1Ds4NUAnTycH2zjde4jfuvjlrQaTrtP7oBltRKvtf6kNmqTlyS0fk9a5yg==",
   "releaseDate": "2026-06-03T13:00:29.463Z"
}
[2026-07-19 21:01:27.259] [debug] checkForUpdatesAndNotify called, downloadPromise is null
[2026-07-19 21:11:27.003] [info]  Checking for update
[2026-07-19 21:11:27.003] [info]  Checking for update
[2026-07-19 21:11:27.272] [info]  Update for version 0.55.5 is not available (latest version: 0.55.5, downgrade is allowed).
[2026-07-19 21:11:27.272] [info]  Update not available: {
   "version": "0.55.5",
   "files": [
      {
         "url": "Anytype-0.55.5.AppImage",
         "sha512": "5kw48x2+PctEUg/K3hHyumm4UVmW1Ds4NUAnTycH2zjde4jfuvjlrQaTrtP7oBltRKvtf6kNmqTlyS0fk9a5yg==",
         "size": 268775126,
         "blockMapSize": 278250
      },
      {
         "url": "anytype_0.55.5_amd64.deb",
         "sha512": "wljUaINiaon5Z+nSdMDKhbZhDdzXAGiZ9eL9WiJ53KVzQZAjCGE8rIHmXq5SxHPGB9dBjmIF4Y+cX1v/4m+22g==",
         "size": 226321168
      },
      {
         "url": "anytype_0.55.5_amd64.deb",
         "sha512": "wljUaINiaon5Z+nSdMDKhbZhDdzXAGiZ9eL9WiJ53KVzQZAjCGE8rIHmXq5SxHPGB9dBjmIF4Y+cX1v/4m+22g==",
         "size": 226321168
      },
      {
         "url": "anytype_0.55.5_amd64.deb",
         "sha512": "wljUaINiaon5Z+nSdMDKhbZhDdzXAGiZ9eL9WiJ53KVzQZAjCGE8rIHmXq5SxHPGB9dBjmIF4Y+cX1v/4m+22g==",
         "size": 226321168
      },
      {
         "url": "anytype-0.55.5.x86_64.rpm",
         "sha512": "bXv6Rzn90YKItShmLwPx9+JoMs518P1Jw0dG27EPjpRtC63dXde0V8jdmIcXOlwIWMLs+LpxfUTqFbxI//zhgg==",
         "size": 201485757
      },
      {
         "url": "anytype-0.55.5.x86_64.rpm",
         "sha512": "bXv6Rzn90YKItShmLwPx9+JoMs518P1Jw0dG27EPjpRtC63dXde0V8jdmIcXOlwIWMLs+LpxfUTqFbxI//zhgg==",
         "size": 201485757
      },
      {
         "url": "anytype-0.55.5.x86_64.rpm",
         "sha512": "bXv6Rzn90YKItShmLwPx9+JoMs518P1Jw0dG27EPjpRtC63dXde0V8jdmIcXOlwIWMLs+LpxfUTqFbxI//zhgg==",
         "size": 201485757
      }
   ],
   "path": "Anytype-0.55.5.AppImage",
   "sha512": "5kw48x2+PctEUg/K3hHyumm4UVmW1Ds4NUAnTycH2zjde4jfuvjlrQaTrtP7oBltRKvtf6kNmqTlyS0fk9a5yg==",
   "releaseDate": "2026-06-03T13:00:29.463Z"
}
[2026-07-19 21:11:27.272] [debug] checkForUpdatesAndNotify called, downloadPromise is null
[2026-07-19 21:21:27.004] [info]  Checking for update
[2026-07-19 21:21:27.004] [info]  Checking for update
[2026-07-19 21:21:27.258] [info]  Update for version 0.55.5 is not available (latest version: 0.55.5, downgrade is allowed).
[2026-07-19 21:21:27.258] [info]  Update not available: {
   "version": "0.55.5",
   "files": [
      {
         "url": "Anytype-0.55.5.AppImage",
         "sha512": "5kw48x2+PctEUg/K3hHyumm4UVmW1Ds4NUAnTycH2zjde4jfuvjlrQaTrtP7oBltRKvtf6kNmqTlyS0fk9a5yg==",
         "size": 268775126,
         "blockMapSize": 278250
      },
      {
         "url": "anytype_0.55.5_amd64.deb",
         "sha512": "wljUaINiaon5Z+nSdMDKhbZhDdzXAGiZ9eL9WiJ53KVzQZAjCGE8rIHmXq5SxHPGB9dBjmIF4Y+cX1v/4m+22g==",
         "size": 226321168
      },
      {
         "url": "anytype_0.55.5_amd64.deb",
         "sha512": "wljUaINiaon5Z+nSdMDKhbZhDdzXAGiZ9eL9WiJ53KVzQZAjCGE8rIHmXq5SxHPGB9dBjmIF4Y+cX1v/4m+22g==",
         "size": 226321168
      },
      {
         "url": "anytype_0.55.5_amd64.deb",
         "sha512": "wljUaINiaon5Z+nSdMDKhbZhDdzXAGiZ9eL9WiJ53KVzQZAjCGE8rIHmXq5SxHPGB9dBjmIF4Y+cX1v/4m+22g==",
         "size": 226321168
      },
      {
         "url": "anytype-0.55.5.x86_64.rpm",
         "sha512": "bXv6Rzn90YKItShmLwPx9+JoMs518P1Jw0dG27EPjpRtC63dXde0V8jdmIcXOlwIWMLs+LpxfUTqFbxI//zhgg==",
         "size": 201485757
      },
      {
         "url": "anytype-0.55.5.x86_64.rpm",
         "sha512": "bXv6Rzn90YKItShmLwPx9+JoMs518P1Jw0dG27EPjpRtC63dXde0V8jdmIcXOlwIWMLs+LpxfUTqFbxI//zhgg==",
         "size": 201485757
      },
      {
         "url": "anytype-0.55.5.x86_64.rpm",
         "sha512": "bXv6Rzn90YKItShmLwPx9+JoMs518P1Jw0dG27EPjpRtC63dXde0V8jdmIcXOlwIWMLs+LpxfUTqFbxI//zhgg==",
         "size": 201485757
      }
   ],
   "path": "Anytype-0.55.5.AppImage",
   "sha512": "5kw48x2+PctEUg/K3hHyumm4UVmW1Ds4NUAnTycH2zjde4jfuvjlrQaTrtP7oBltRKvtf6kNmqTlyS0fk9a5yg==",
   "releaseDate": "2026-06-03T13:00:29.463Z"
}
[2026-07-19 21:21:27.258] [debug] checkForUpdatesAndNotify called, downloadPromise is null
[2026-07-19 21:31:27.004] [info]  Checking for update
[2026-07-19 21:31:27.004] [info]  Checking for update
[2026-07-19 21:31:27.267] [info]  Update for version 0.55.5 is not available (latest version: 0.55.5, downgrade is allowed).
[2026-07-19 21:31:27.267] [info]  Update not available: {
   "version": "0.55.5",
   "files": [
      {
         "url": "Anytype-0.55.5.AppImage",
         "sha512": "5kw48x2+PctEUg/K3hHyumm4UVmW1Ds4NUAnTycH2zjde4jfuvjlrQaTrtP7oBltRKvtf6kNmqTlyS0fk9a5yg==",
         "size": 268775126,
         "blockMapSize": 278250
      },
      {
         "url": "anytype_0.55.5_amd64.deb",
         "sha512": "wljUaINiaon5Z+nSdMDKhbZhDdzXAGiZ9eL9WiJ53KVzQZAjCGE8rIHmXq5SxHPGB9dBjmIF4Y+cX1v/4m+22g==",
         "size": 226321168
      },
      {
         "url": "anytype_0.55.5_amd64.deb",
         "sha512": "wljUaINiaon5Z+nSdMDKhbZhDdzXAGiZ9eL9WiJ53KVzQZAjCGE8rIHmXq5SxHPGB9dBjmIF4Y+cX1v/4m+22g==",
         "size": 226321168
      },
      {
         "url": "anytype_0.55.5_amd64.deb",
         "sha512": "wljUaINiaon5Z+nSdMDKhbZhDdzXAGiZ9eL9WiJ53KVzQZAjCGE8rIHmXq5SxHPGB9dBjmIF4Y+cX1v/4m+22g==",
         "size": 226321168
      },
      {
         "url": "anytype-0.55.5.x86_64.rpm",
         "sha512": "bXv6Rzn90YKItShmLwPx9+JoMs518P1Jw0dG27EPjpRtC63dXde0V8jdmIcXOlwIWMLs+LpxfUTqFbxI//zhgg==",
         "size": 201485757
      },
      {
         "url": "anytype-0.55.5.x86_64.rpm",
         "sha512": "bXv6Rzn90YKItShmLwPx9+JoMs518P1Jw0dG27EPjpRtC63dXde0V8jdmIcXOlwIWMLs+LpxfUTqFbxI//zhgg==",
         "size": 201485757
      },
      {
         "url": "anytype-0.55.5.x86_64.rpm",
         "sha512": "bXv6Rzn90YKItShmLwPx9+JoMs518P1Jw0dG27EPjpRtC63dXde0V8jdmIcXOlwIWMLs+LpxfUTqFbxI//zhgg==",
         "size": 201485757
      }
   ],
   "path": "Anytype-0.55.5.AppImage",
   "sha512": "5kw48x2+PctEUg/K3hHyumm4UVmW1Ds4NUAnTycH2zjde4jfuvjlrQaTrtP7oBltRKvtf6kNmqTlyS0fk9a5yg==",
   "releaseDate": "2026-06-03T13:00:29.463Z"
}
[2026-07-19 21:31:27.267] [debug] checkForUpdatesAndNotify called, downloadPromise is null
[2026-07-19 21:41:27.005] [info]  Checking for update
[2026-07-19 21:41:27.005] [info]  Checking for update
[2026-07-19 21:41:27.294] [info]  Update for version 0.55.5 is not available (latest version: 0.55.5, downgrade is allowed).
[2026-07-19 21:41:27.294] [info]  Update not available: {
   "version": "0.55.5",
   "files": [
      {
         "url": "Anytype-0.55.5.AppImage",
         "sha512": "5kw48x2+PctEUg/K3hHyumm4UVmW1Ds4NUAnTycH2zjde4jfuvjlrQaTrtP7oBltRKvtf6kNmqTlyS0fk9a5yg==",
         "size": 268775126,
         "blockMapSize": 278250
      },
      {
         "url": "anytype_0.55.5_amd64.deb",
         "sha512": "wljUaINiaon5Z+nSdMDKhbZhDdzXAGiZ9eL9WiJ53KVzQZAjCGE8rIHmXq5SxHPGB9dBjmIF4Y+cX1v/4m+22g==",
         "size": 226321168
      },
      {
         "url": "anytype_0.55.5_amd64.deb",
         "sha512": "wljUaINiaon5Z+nSdMDKhbZhDdzXAGiZ9eL9WiJ53KVzQZAjCGE8rIHmXq5SxHPGB9dBjmIF4Y+cX1v/4m+22g==",
         "size": 226321168
      },
      {
         "url": "anytype_0.55.5_amd64.deb",
         "sha512": "wljUaINiaon5Z+nSdMDKhbZhDdzXAGiZ9eL9WiJ53KVzQZAjCGE8rIHmXq5SxHPGB9dBjmIF4Y+cX1v/4m+22g==",
         "size": 226321168
      },
      {
         "url": "anytype-0.55.5.x86_64.rpm",
         "sha512": "bXv6Rzn90YKItShmLwPx9+JoMs518P1Jw0dG27EPjpRtC63dXde0V8jdmIcXOlwIWMLs+LpxfUTqFbxI//zhgg==",
         "size": 201485757
      },
      {
         "url": "anytype-0.55.5.x86_64.rpm",
         "sha512": "bXv6Rzn90YKItShmLwPx9+JoMs518P1Jw0dG27EPjpRtC63dXde0V8jdmIcXOlwIWMLs+LpxfUTqFbxI//zhgg==",
         "size": 201485757
      },
      {
         "url": "anytype-0.55.5.x86_64.rpm",
         "sha512": "bXv6Rzn90YKItShmLwPx9+JoMs518P1Jw0dG27EPjpRtC63dXde0V8jdmIcXOlwIWMLs+LpxfUTqFbxI//zhgg==",
         "size": 201485757
      }
   ],
   "path": "Anytype-0.55.5.AppImage",
   "sha512": "5kw48x2+PctEUg/K3hHyumm4UVmW1Ds4NUAnTycH2zjde4jfuvjlrQaTrtP7oBltRKvtf6kNmqTlyS0fk9a5yg==",
   "releaseDate": "2026-06-03T13:00:29.463Z"
}
[2026-07-19 21:41:27.294] [debug] checkForUpdatesAndNotify called, downloadPromise is null
[2026-07-19 21:51:27.005] [info]  Checking for update
[2026-07-19 21:51:27.005] [info]  Checking for update
[2026-07-19 21:51:27.263] [info]  Update for version 0.55.5 is not available (latest version: 0.55.5, downgrade is allowed).
[2026-07-19 21:51:27.263] [info]  Update not available: {
   "version": "0.55.5",
   "files": [
      {
         "url": "Anytype-0.55.5.AppImage",
         "sha512": "5kw48x2+PctEUg/K3hHyumm4UVmW1Ds4NUAnTycH2zjde4jfuvjlrQaTrtP7oBltRKvtf6kNmqTlyS0fk9a5yg==",
         "size": 268775126,
         "blockMapSize": 278250
      },
      {
         "url": "anytype_0.55.5_amd64.deb",
         "sha512": "wljUaINiaon5Z+nSdMDKhbZhDdzXAGiZ9eL9WiJ53KVzQZAjCGE8rIHmXq5SxHPGB9dBjmIF4Y+cX1v/4m+22g==",
         "size": 226321168
      },
      {
         "url": "anytype_0.55.5_amd64.deb",
         "sha512": "wljUaINiaon5Z+nSdMDKhbZhDdzXAGiZ9eL9WiJ53KVzQZAjCGE8rIHmXq5SxHPGB9dBjmIF4Y+cX1v/4m+22g==",
         "size": 226321168
      },
      {
         "url": "anytype_0.55.5_amd64.deb",
         "sha512": "wljUaINiaon5Z+nSdMDKhbZhDdzXAGiZ9eL9WiJ53KVzQZAjCGE8rIHmXq5SxHPGB9dBjmIF4Y+cX1v/4m+22g==",
         "size": 226321168
      },
      {
         "url": "anytype-0.55.5.x86_64.rpm",
         "sha512": "bXv6Rzn90YKItShmLwPx9+JoMs518P1Jw0dG27EPjpRtC63dXde0V8jdmIcXOlwIWMLs+LpxfUTqFbxI//zhgg==",
         "size": 201485757
      },
      {
         "url": "anytype-0.55.5.x86_64.rpm",
         "sha512": "bXv6Rzn90YKItShmLwPx9+JoMs518P1Jw0dG27EPjpRtC63dXde0V8jdmIcXOlwIWMLs+LpxfUTqFbxI//zhgg==",
         "size": 201485757
      },
      {
         "url": "anytype-0.55.5.x86_64.rpm",
         "sha512": "bXv6Rzn90YKItShmLwPx9+JoMs518P1Jw0dG27EPjpRtC63dXde0V8jdmIcXOlwIWMLs+LpxfUTqFbxI//zhgg==",
         "size": 201485757
      }
   ],
   "path": "Anytype-0.55.5.AppImage",
   "sha512": "5kw48x2+PctEUg/K3hHyumm4UVmW1Ds4NUAnTycH2zjde4jfuvjlrQaTrtP7oBltRKvtf6kNmqTlyS0fk9a5yg==",
   "releaseDate": "2026-06-03T13:00:29.463Z"
}
[2026-07-19 21:51:27.263] [debug] checkForUpdatesAndNotify called, downloadPromise is null
[2026-07-19 22:01:27.006] [info]  Checking for update
[2026-07-19 22:01:27.006] [info]  Checking for update
[2026-07-19 22:01:27.283] [info]  Update for version 0.55.5 is not available (latest version: 0.55.5, downgrade is allowed).
[2026-07-19 22:01:27.283] [info]  Update not available: {
   "version": "0.55.5",
   "files": [
      {
         "url": "Anytype-0.55.5.AppImage",
         "sha512": "5kw48x2+PctEUg/K3hHyumm4UVmW1Ds4NUAnTycH2zjde4jfuvjlrQaTrtP7oBltRKvtf6kNmqTlyS0fk9a5yg==",
         "size": 268775126,
         "blockMapSize": 278250
      },
      {
         "url": "anytype_0.55.5_amd64.deb",
         "sha512": "wljUaINiaon5Z+nSdMDKhbZhDdzXAGiZ9eL9WiJ53KVzQZAjCGE8rIHmXq5SxHPGB9dBjmIF4Y+cX1v/4m+22g==",
         "size": 226321168
      },
      {
         "url": "anytype_0.55.5_amd64.deb",
         "sha512": "wljUaINiaon5Z+nSdMDKhbZhDdzXAGiZ9eL9WiJ53KVzQZAjCGE8rIHmXq5SxHPGB9dBjmIF4Y+cX1v/4m+22g==",
         "size": 226321168
      },
      {
         "url": "anytype_0.55.5_amd64.deb",
         "sha512": "wljUaINiaon5Z+nSdMDKhbZhDdzXAGiZ9eL9WiJ53KVzQZAjCGE8rIHmXq5SxHPGB9dBjmIF4Y+cX1v/4m+22g==",
         "size": 226321168
      },
      {
         "url": "anytype-0.55.5.x86_64.rpm",
         "sha512": "bXv6Rzn90YKItShmLwPx9+JoMs518P1Jw0dG27EPjpRtC63dXde0V8jdmIcXOlwIWMLs+LpxfUTqFbxI//zhgg==",
         "size": 201485757
      },
      {
         "url": "anytype-0.55.5.x86_64.rpm",
         "sha512": "bXv6Rzn90YKItShmLwPx9+JoMs518P1Jw0dG27EPjpRtC63dXde0V8jdmIcXOlwIWMLs+LpxfUTqFbxI//zhgg==",
         "size": 201485757
      },
      {
         "url": "anytype-0.55.5.x86_64.rpm",
         "sha512": "bXv6Rzn90YKItShmLwPx9+JoMs518P1Jw0dG27EPjpRtC63dXde0V8jdmIcXOlwIWMLs+LpxfUTqFbxI//zhgg==",
         "size": 201485757
      }
   ],
   "path": "Anytype-0.55.5.AppImage",
   "sha512": "5kw48x2+PctEUg/K3hHyumm4UVmW1Ds4NUAnTycH2zjde4jfuvjlrQaTrtP7oBltRKvtf6kNmqTlyS0fk9a5yg==",
   "releaseDate": "2026-06-03T13:00:29.463Z"
}
[2026-07-19 22:01:27.283] [debug] checkForUpdatesAndNotify called, downloadPromise is null
[2026-07-19 22:11:27.006] [info]  Checking for update
[2026-07-19 22:11:27.006] [info]  Checking for update
[2026-07-19 22:11:27.285] [info]  Update for version 0.55.5 is not available (latest version: 0.55.5, downgrade is allowed).
[2026-07-19 22:11:27.285] [info]  Update not available: {
   "version": "0.55.5",
   "files": [
      {
         "url": "Anytype-0.55.5.AppImage",
         "sha512": "5kw48x2+PctEUg/K3hHyumm4UVmW1Ds4NUAnTycH2zjde4jfuvjlrQaTrtP7oBltRKvtf6kNmqTlyS0fk9a5yg==",
         "size": 268775126,
         "blockMapSize": 278250
      },
      {
         "url": "anytype_0.55.5_amd64.deb",
         "sha512": "wljUaINiaon5Z+nSdMDKhbZhDdzXAGiZ9eL9WiJ53KVzQZAjCGE8rIHmXq5SxHPGB9dBjmIF4Y+cX1v/4m+22g==",
         "size": 226321168
      },
      {
         "url": "anytype_0.55.5_amd64.deb",
         "sha512": "wljUaINiaon5Z+nSdMDKhbZhDdzXAGiZ9eL9WiJ53KVzQZAjCGE8rIHmXq5SxHPGB9dBjmIF4Y+cX1v/4m+22g==",
         "size": 226321168
      },
      {
         "url": "anytype_0.55.5_amd64.deb",
         "sha512": "wljUaINiaon5Z+nSdMDKhbZhDdzXAGiZ9eL9WiJ53KVzQZAjCGE8rIHmXq5SxHPGB9dBjmIF4Y+cX1v/4m+22g==",
         "size": 226321168
      },
      {
         "url": "anytype-0.55.5.x86_64.rpm",
         "sha512": "bXv6Rzn90YKItShmLwPx9+JoMs518P1Jw0dG27EPjpRtC63dXde0V8jdmIcXOlwIWMLs+LpxfUTqFbxI//zhgg==",
         "size": 201485757
      },
      {
         "url": "anytype-0.55.5.x86_64.rpm",
         "sha512": "bXv6Rzn90YKItShmLwPx9+JoMs518P1Jw0dG27EPjpRtC63dXde0V8jdmIcXOlwIWMLs+LpxfUTqFbxI//zhgg==",
         "size": 201485757
      },
      {
         "url": "anytype-0.55.5.x86_64.rpm",
         "sha512": "bXv6Rzn90YKItShmLwPx9+JoMs518P1Jw0dG27EPjpRtC63dXde0V8jdmIcXOlwIWMLs+LpxfUTqFbxI//zhgg==",
         "size": 201485757
      }
   ],
   "path": "Anytype-0.55.5.AppImage",
   "sha512": "5kw48x2+PctEUg/K3hHyumm4UVmW1Ds4NUAnTycH2zjde4jfuvjlrQaTrtP7oBltRKvtf6kNmqTlyS0fk9a5yg==",
   "releaseDate": "2026-06-03T13:00:29.463Z"
}
[2026-07-19 22:11:27.286] [debug] checkForUpdatesAndNotify called, downloadPromise is null
[2026-07-19 22:21:27.006] [info]  Checking for update
[2026-07-19 22:21:27.006] [info]  Checking for update
[2026-07-19 22:21:27.276] [info]  Update for version 0.55.5 is not available (latest version: 0.55.5, downgrade is allowed).
[2026-07-19 22:21:27.276] [info]  Update not available: {
   "version": "0.55.5",
   "files": [
      {
         "url": "Anytype-0.55.5.AppImage",
         "sha512": "5kw48x2+PctEUg/K3hHyumm4UVmW1Ds4NUAnTycH2zjde4jfuvjlrQaTrtP7oBltRKvtf6kNmqTlyS0fk9a5yg==",
         "size": 268775126,
         "blockMapSize": 278250
      },
      {
         "url": "anytype_0.55.5_amd64.deb",
         "sha512": "wljUaINiaon5Z+nSdMDKhbZhDdzXAGiZ9eL9WiJ53KVzQZAjCGE8rIHmXq5SxHPGB9dBjmIF4Y+cX1v/4m+22g==",
         "size": 226321168
      },
      {
         "url": "anytype_0.55.5_amd64.deb",
         "sha512": "wljUaINiaon5Z+nSdMDKhbZhDdzXAGiZ9eL9WiJ53KVzQZAjCGE8rIHmXq5SxHPGB9dBjmIF4Y+cX1v/4m+22g==",
         "size": 226321168
      },
      {
         "url": "anytype_0.55.5_amd64.deb",
         "sha512": "wljUaINiaon5Z+nSdMDKhbZhDdzXAGiZ9eL9WiJ53KVzQZAjCGE8rIHmXq5SxHPGB9dBjmIF4Y+cX1v/4m+22g==",
         "size": 226321168
      },
      {
         "url": "anytype-0.55.5.x86_64.rpm",
         "sha512": "bXv6Rzn90YKItShmLwPx9+JoMs518P1Jw0dG27EPjpRtC63dXde0V8jdmIcXOlwIWMLs+LpxfUTqFbxI//zhgg==",
         "size": 201485757
      },
      {
         "url": "anytype-0.55.5.x86_64.rpm",
         "sha512": "bXv6Rzn90YKItShmLwPx9+JoMs518P1Jw0dG27EPjpRtC63dXde0V8jdmIcXOlwIWMLs+LpxfUTqFbxI//zhgg==",
         "size": 201485757
      },
      {
         "url": "anytype-0.55.5.x86_64.rpm",
         "sha512": "bXv6Rzn90YKItShmLwPx9+JoMs518P1Jw0dG27EPjpRtC63dXde0V8jdmIcXOlwIWMLs+LpxfUTqFbxI//zhgg==",
         "size": 201485757
      }
   ],
   "path": "Anytype-0.55.5.AppImage",
   "sha512": "5kw48x2+PctEUg/K3hHyumm4UVmW1Ds4NUAnTycH2zjde4jfuvjlrQaTrtP7oBltRKvtf6kNmqTlyS0fk9a5yg==",
   "releaseDate": "2026-06-03T13:00:29.463Z"
}
[2026-07-19 22:21:27.277] [debug] checkForUpdatesAndNotify called, downloadPromise is null
[2026-07-19 22:31:27.007] [info]  Checking for update
[2026-07-19 22:31:27.007] [info]  Checking for update
[2026-07-19 22:31:27.272] [info]  Update for version 0.55.5 is not available (latest version: 0.55.5, downgrade is allowed).
[2026-07-19 22:31:27.272] [info]  Update not available: {
   "version": "0.55.5",
   "files": [
      {
         "url": "Anytype-0.55.5.AppImage",
         "sha512": "5kw48x2+PctEUg/K3hHyumm4UVmW1Ds4NUAnTycH2zjde4jfuvjlrQaTrtP7oBltRKvtf6kNmqTlyS0fk9a5yg==",
         "size": 268775126,
         "blockMapSize": 278250
      },
      {
         "url": "anytype_0.55.5_amd64.deb",
         "sha512": "wljUaINiaon5Z+nSdMDKhbZhDdzXAGiZ9eL9WiJ53KVzQZAjCGE8rIHmXq5SxHPGB9dBjmIF4Y+cX1v/4m+22g==",
         "size": 226321168
      },
      {
         "url": "anytype_0.55.5_amd64.deb",
         "sha512": "wljUaINiaon5Z+nSdMDKhbZhDdzXAGiZ9eL9WiJ53KVzQZAjCGE8rIHmXq5SxHPGB9dBjmIF4Y+cX1v/4m+22g==",
         "size": 226321168
      },
      {
         "url": "anytype_0.55.5_amd64.deb",
         "sha512": "wljUaINiaon5Z+nSdMDKhbZhDdzXAGiZ9eL9WiJ53KVzQZAjCGE8rIHmXq5SxHPGB9dBjmIF4Y+cX1v/4m+22g==",
         "size": 226321168
      },
      {
         "url": "anytype-0.55.5.x86_64.rpm",
         "sha512": "bXv6Rzn90YKItShmLwPx9+JoMs518P1Jw0dG27EPjpRtC63dXde0V8jdmIcXOlwIWMLs+LpxfUTqFbxI//zhgg==",
         "size": 201485757
      },
      {
         "url": "anytype-0.55.5.x86_64.rpm",
         "sha512": "bXv6Rzn90YKItShmLwPx9+JoMs518P1Jw0dG27EPjpRtC63dXde0V8jdmIcXOlwIWMLs+LpxfUTqFbxI//zhgg==",
         "size": 201485757
      },
      {
         "url": "anytype-0.55.5.x86_64.rpm",
         "sha512": "bXv6Rzn90YKItShmLwPx9+JoMs518P1Jw0dG27EPjpRtC63dXde0V8jdmIcXOlwIWMLs+LpxfUTqFbxI//zhgg==",
         "size": 201485757
      }
   ],
   "path": "Anytype-0.55.5.AppImage",
   "sha512": "5kw48x2+PctEUg/K3hHyumm4UVmW1Ds4NUAnTycH2zjde4jfuvjlrQaTrtP7oBltRKvtf6kNmqTlyS0fk9a5yg==",
   "releaseDate": "2026-06-03T13:00:29.463Z"
}
[2026-07-19 22:31:27.272] [debug] checkForUpdatesAndNotify called, downloadPromise is null
[2026-07-19 22:41:27.007] [info]  Checking for update
[2026-07-19 22:41:27.007] [info]  Checking for update
[2026-07-19 22:41:27.262] [info]  Update for version 0.55.5 is not available (latest version: 0.55.5, downgrade is allowed).
[2026-07-19 22:41:27.262] [info]  Update not available: {
   "version": "0.55.5",
   "files": [
      {
         "url": "Anytype-0.55.5.AppImage",
         "sha512": "5kw48x2+PctEUg/K3hHyumm4UVmW1Ds4NUAnTycH2zjde4jfuvjlrQaTrtP7oBltRKvtf6kNmqTlyS0fk9a5yg==",
         "size": 268775126,
         "blockMapSize": 278250
      },
      {
         "url": "anytype_0.55.5_amd64.deb",
         "sha512": "wljUaINiaon5Z+nSdMDKhbZhDdzXAGiZ9eL9WiJ53KVzQZAjCGE8rIHmXq5SxHPGB9dBjmIF4Y+cX1v/4m+22g==",
         "size": 226321168
      },
      {
         "url": "anytype_0.55.5_amd64.deb",
         "sha512": "wljUaINiaon5Z+nSdMDKhbZhDdzXAGiZ9eL9WiJ53KVzQZAjCGE8rIHmXq5SxHPGB9dBjmIF4Y+cX1v/4m+22g==",
         "size": 226321168
      },
      {
         "url": "anytype_0.55.5_amd64.deb",
         "sha512": "wljUaINiaon5Z+nSdMDKhbZhDdzXAGiZ9eL9WiJ53KVzQZAjCGE8rIHmXq5SxHPGB9dBjmIF4Y+cX1v/4m+22g==",
         "size": 226321168
      },
      {
         "url": "anytype-0.55.5.x86_64.rpm",
         "sha512": "bXv6Rzn90YKItShmLwPx9+JoMs518P1Jw0dG27EPjpRtC63dXde0V8jdmIcXOlwIWMLs+LpxfUTqFbxI//zhgg==",
         "size": 201485757
      },
      {
         "url": "anytype-0.55.5.x86_64.rpm",
         "sha512": "bXv6Rzn90YKItShmLwPx9+JoMs518P1Jw0dG27EPjpRtC63dXde0V8jdmIcXOlwIWMLs+LpxfUTqFbxI//zhgg==",
         "size": 201485757
      },
      {
         "url": "anytype-0.55.5.x86_64.rpm",
         "sha512": "bXv6Rzn90YKItShmLwPx9+JoMs518P1Jw0dG27EPjpRtC63dXde0V8jdmIcXOlwIWMLs+LpxfUTqFbxI//zhgg==",
         "size": 201485757
      }
   ],
   "path": "Anytype-0.55.5.AppImage",
   "sha512": "5kw48x2+PctEUg/K3hHyumm4UVmW1Ds4NUAnTycH2zjde4jfuvjlrQaTrtP7oBltRKvtf6kNmqTlyS0fk9a5yg==",
   "releaseDate": "2026-06-03T13:00:29.463Z"
}
[2026-07-19 22:41:27.262] [debug] checkForUpdatesAndNotify called, downloadPromise is null
[2026-07-19 22:51:27.007] [info]  Checking for update
[2026-07-19 22:51:27.007] [info]  Checking for update
[2026-07-19 22:51:27.338] [info]  Update for version 0.55.5 is not available (latest version: 0.55.5, downgrade is allowed).
[2026-07-19 22:51:27.338] [info]  Update not available: {
   "version": "0.55.5",
   "files": [
      {
         "url": "Anytype-0.55.5.AppImage",
         "sha512": "5kw48x2+PctEUg/K3hHyumm4UVmW1Ds4NUAnTycH2zjde4jfuvjlrQaTrtP7oBltRKvtf6kNmqTlyS0fk9a5yg==",
         "size": 268775126,
         "blockMapSize": 278250
      },
      {
         "url": "anytype_0.55.5_amd64.deb",
         "sha512": "wljUaINiaon5Z+nSdMDKhbZhDdzXAGiZ9eL9WiJ53KVzQZAjCGE8rIHmXq5SxHPGB9dBjmIF4Y+cX1v/4m+22g==",
         "size": 226321168
      },
      {
         "url": "anytype_0.55.5_amd64.deb",
         "sha512": "wljUaINiaon5Z+nSdMDKhbZhDdzXAGiZ9eL9WiJ53KVzQZAjCGE8rIHmXq5SxHPGB9dBjmIF4Y+cX1v/4m+22g==",
         "size": 226321168
      },
      {
         "url": "anytype_0.55.5_amd64.deb",
         "sha512": "wljUaINiaon5Z+nSdMDKhbZhDdzXAGiZ9eL9WiJ53KVzQZAjCGE8rIHmXq5SxHPGB9dBjmIF4Y+cX1v/4m+22g==",
         "size": 226321168
      },
      {
         "url": "anytype-0.55.5.x86_64.rpm",
         "sha512": "bXv6Rzn90YKItShmLwPx9+JoMs518P1Jw0dG27EPjpRtC63dXde0V8jdmIcXOlwIWMLs+LpxfUTqFbxI//zhgg==",
         "size": 201485757
      },
      {
         "url": "anytype-0.55.5.x86_64.rpm",
         "sha512": "bXv6Rzn90YKItShmLwPx9+JoMs518P1Jw0dG27EPjpRtC63dXde0V8jdmIcXOlwIWMLs+LpxfUTqFbxI//zhgg==",
         "size": 201485757
      },
      {
         "url": "anytype-0.55.5.x86_64.rpm",
         "sha512": "bXv6Rzn90YKItShmLwPx9+JoMs518P1Jw0dG27EPjpRtC63dXde0V8jdmIcXOlwIWMLs+LpxfUTqFbxI//zhgg==",
         "size": 201485757
      }
   ],
   "path": "Anytype-0.55.5.AppImage",
   "sha512": "5kw48x2+PctEUg/K3hHyumm4UVmW1Ds4NUAnTycH2zjde4jfuvjlrQaTrtP7oBltRKvtf6kNmqTlyS0fk9a5yg==",
   "releaseDate": "2026-06-03T13:00:29.463Z"
}
[2026-07-19 22:51:27.338] [debug] checkForUpdatesAndNotify called, downloadPromise is null
[2026-07-19 23:01:27.007] [info]  Checking for update
[2026-07-19 23:01:27.008] [info]  Checking for update
[2026-07-19 23:01:27.282] [info]  Update for version 0.55.5 is not available (latest version: 0.55.5, downgrade is allowed).
[2026-07-19 23:01:27.282] [info]  Update not available: {
   "version": "0.55.5",
   "files": [
      {
         "url": "Anytype-0.55.5.AppImage",
         "sha512": "5kw48x2+PctEUg/K3hHyumm4UVmW1Ds4NUAnTycH2zjde4jfuvjlrQaTrtP7oBltRKvtf6kNmqTlyS0fk9a5yg==",
         "size": 268775126,
         "blockMapSize": 278250
      },
      {
         "url": "anytype_0.55.5_amd64.deb",
         "sha512": "wljUaINiaon5Z+nSdMDKhbZhDdzXAGiZ9eL9WiJ53KVzQZAjCGE8rIHmXq5SxHPGB9dBjmIF4Y+cX1v/4m+22g==",
         "size": 226321168
      },
      {
         "url": "anytype_0.55.5_amd64.deb",
         "sha512": "wljUaINiaon5Z+nSdMDKhbZhDdzXAGiZ9eL9WiJ53KVzQZAjCGE8rIHmXq5SxHPGB9dBjmIF4Y+cX1v/4m+22g==",
         "size": 226321168
      },
      {
         "url": "anytype_0.55.5_amd64.deb",
         "sha512": "wljUaINiaon5Z+nSdMDKhbZhDdzXAGiZ9eL9WiJ53KVzQZAjCGE8rIHmXq5SxHPGB9dBjmIF4Y+cX1v/4m+22g==",
         "size": 226321168
      },
      {
         "url": "anytype-0.55.5.x86_64.rpm",
         "sha512": "bXv6Rzn90YKItShmLwPx9+JoMs518P1Jw0dG27EPjpRtC63dXde0V8jdmIcXOlwIWMLs+LpxfUTqFbxI//zhgg==",
         "size": 201485757
      },
      {
         "url": "anytype-0.55.5.x86_64.rpm",
         "sha512": "bXv6Rzn90YKItShmLwPx9+JoMs518P1Jw0dG27EPjpRtC63dXde0V8jdmIcXOlwIWMLs+LpxfUTqFbxI//zhgg==",
         "size": 201485757
      },
      {
         "url": "anytype-0.55.5.x86_64.rpm",
         "sha512": "bXv6Rzn90YKItShmLwPx9+JoMs518P1Jw0dG27EPjpRtC63dXde0V8jdmIcXOlwIWMLs+LpxfUTqFbxI//zhgg==",
         "size": 201485757
      }
   ],
   "path": "Anytype-0.55.5.AppImage",
   "sha512": "5kw48x2+PctEUg/K3hHyumm4UVmW1Ds4NUAnTycH2zjde4jfuvjlrQaTrtP7oBltRKvtf6kNmqTlyS0fk9a5yg==",
   "releaseDate": "2026-06-03T13:00:29.463Z"
}
[2026-07-19 23:01:27.282] [debug] checkForUpdatesAndNotify called, downloadPromise is null
[2026-07-19 23:11:27.008] [info]  Checking for update
[2026-07-19 23:11:27.008] [info]  Checking for update
[2026-07-19 23:11:27.370] [info]  Update for version 0.55.5 is not available (latest version: 0.55.5, downgrade is allowed).
[2026-07-19 23:11:27.370] [info]  Update not available: {
   "version": "0.55.5",
   "files": [
      {
         "url": "Anytype-0.55.5.AppImage",
         "sha512": "5kw48x2+PctEUg/K3hHyumm4UVmW1Ds4NUAnTycH2zjde4jfuvjlrQaTrtP7oBltRKvtf6kNmqTlyS0fk9a5yg==",
         "size": 268775126,
         "blockMapSize": 278250
      },
      {
         "url": "anytype_0.55.5_amd64.deb",
         "sha512": "wljUaINiaon5Z+nSdMDKhbZhDdzXAGiZ9eL9WiJ53KVzQZAjCGE8rIHmXq5SxHPGB9dBjmIF4Y+cX1v/4m+22g==",
         "size": 226321168
      },
      {
         "url": "anytype_0.55.5_amd64.deb",
         "sha512": "wljUaINiaon5Z+nSdMDKhbZhDdzXAGiZ9eL9WiJ53KVzQZAjCGE8rIHmXq5SxHPGB9dBjmIF4Y+cX1v/4m+22g==",
         "size": 226321168
      },
      {
         "url": "anytype_0.55.5_amd64.deb",
         "sha512": "wljUaINiaon5Z+nSdMDKhbZhDdzXAGiZ9eL9WiJ53KVzQZAjCGE8rIHmXq5SxHPGB9dBjmIF4Y+cX1v/4m+22g==",
         "size": 226321168
      },
      {
         "url": "anytype-0.55.5.x86_64.rpm",
         "sha512": "bXv6Rzn90YKItShmLwPx9+JoMs518P1Jw0dG27EPjpRtC63dXde0V8jdmIcXOlwIWMLs+LpxfUTqFbxI//zhgg==",
         "size": 201485757
      },
      {
         "url": "anytype-0.55.5.x86_64.rpm",
         "sha512": "bXv6Rzn90YKItShmLwPx9+JoMs518P1Jw0dG27EPjpRtC63dXde0V8jdmIcXOlwIWMLs+LpxfUTqFbxI//zhgg==",
         "size": 201485757
      },
      {
         "url": "anytype-0.55.5.x86_64.rpm",
         "sha512": "bXv6Rzn90YKItShmLwPx9+JoMs518P1Jw0dG27EPjpRtC63dXde0V8jdmIcXOlwIWMLs+LpxfUTqFbxI//zhgg==",
         "size": 201485757
      }
   ],
   "path": "Anytype-0.55.5.AppImage",
   "sha512": "5kw48x2+PctEUg/K3hHyumm4UVmW1Ds4NUAnTycH2zjde4jfuvjlrQaTrtP7oBltRKvtf6kNmqTlyS0fk9a5yg==",
   "releaseDate": "2026-06-03T13:00:29.463Z"
}
[2026-07-19 23:11:27.370] [debug] checkForUpdatesAndNotify called, downloadPromise is null
[2026-07-19 23:21:27.009] [info]  Checking for update
[2026-07-19 23:21:27.009] [info]  Checking for update
[2026-07-19 23:21:27.358] [info]  Update for version 0.55.5 is not available (latest version: 0.55.5, downgrade is allowed).
[2026-07-19 23:21:27.358] [info]  Update not available: {
   "version": "0.55.5",
   "files": [
      {
         "url": "Anytype-0.55.5.AppImage",
         "sha512": "5kw48x2+PctEUg/K3hHyumm4UVmW1Ds4NUAnTycH2zjde4jfuvjlrQaTrtP7oBltRKvtf6kNmqTlyS0fk9a5yg==",
         "size": 268775126,
         "blockMapSize": 278250
      },
      {
         "url": "anytype_0.55.5_amd64.deb",
         "sha512": "wljUaINiaon5Z+nSdMDKhbZhDdzXAGiZ9eL9WiJ53KVzQZAjCGE8rIHmXq5SxHPGB9dBjmIF4Y+cX1v/4m+22g==",
         "size": 226321168
      },
      {
         "url": "anytype_0.55.5_amd64.deb",
         "sha512": "wljUaINiaon5Z+nSdMDKhbZhDdzXAGiZ9eL9WiJ53KVzQZAjCGE8rIHmXq5SxHPGB9dBjmIF4Y+cX1v/4m+22g==",
         "size": 226321168
      },
      {
         "url": "anytype_0.55.5_amd64.deb",
         "sha512": "wljUaINiaon5Z+nSdMDKhbZhDdzXAGiZ9eL9WiJ53KVzQZAjCGE8rIHmXq5SxHPGB9dBjmIF4Y+cX1v/4m+22g==",
         "size": 226321168
      },
      {
         "url": "anytype-0.55.5.x86_64.rpm",
         "sha512": "bXv6Rzn90YKItShmLwPx9+JoMs518P1Jw0dG27EPjpRtC63dXde0V8jdmIcXOlwIWMLs+LpxfUTqFbxI//zhgg==",
         "size": 201485757
      },
      {
         "url": "anytype-0.55.5.x86_64.rpm",
         "sha512": "bXv6Rzn90YKItShmLwPx9+JoMs518P1Jw0dG27EPjpRtC63dXde0V8jdmIcXOlwIWMLs+LpxfUTqFbxI//zhgg==",
         "size": 201485757
      },
      {
         "url": "anytype-0.55.5.x86_64.rpm",
         "sha512": "bXv6Rzn90YKItShmLwPx9+JoMs518P1Jw0dG27EPjpRtC63dXde0V8jdmIcXOlwIWMLs+LpxfUTqFbxI//zhgg==",
         "size": 201485757
      }
   ],
   "path": "Anytype-0.55.5.AppImage",
   "sha512": "5kw48x2+PctEUg/K3hHyumm4UVmW1Ds4NUAnTycH2zjde4jfuvjlrQaTrtP7oBltRKvtf6kNmqTlyS0fk9a5yg==",
   "releaseDate": "2026-06-03T13:00:29.463Z"
}
[2026-07-19 23:21:27.358] [debug] checkForUpdatesAndNotify called, downloadPromise is null
[2026-07-19 23:31:27.009] [info]  Checking for update
[2026-07-19 23:31:27.009] [info]  Checking for update
[2026-07-19 23:31:27.383] [info]  Update for version 0.55.5 is not available (latest version: 0.55.5, downgrade is allowed).
[2026-07-19 23:31:27.383] [info]  Update not available: {
   "version": "0.55.5",
   "files": [
      {
         "url": "Anytype-0.55.5.AppImage",
         "sha512": "5kw48x2+PctEUg/K3hHyumm4UVmW1Ds4NUAnTycH2zjde4jfuvjlrQaTrtP7oBltRKvtf6kNmqTlyS0fk9a5yg==",
         "size": 268775126,
         "blockMapSize": 278250
      },
      {
         "url": "anytype_0.55.5_amd64.deb",
         "sha512": "wljUaINiaon5Z+nSdMDKhbZhDdzXAGiZ9eL9WiJ53KVzQZAjCGE8rIHmXq5SxHPGB9dBjmIF4Y+cX1v/4m+22g==",
         "size": 226321168
      },
      {
         "url": "anytype_0.55.5_amd64.deb",
         "sha512": "wljUaINiaon5Z+nSdMDKhbZhDdzXAGiZ9eL9WiJ53KVzQZAjCGE8rIHmXq5SxHPGB9dBjmIF4Y+cX1v/4m+22g==",
         "size": 226321168
      },
      {
         "url": "anytype_0.55.5_amd64.deb",
         "sha512": "wljUaINiaon5Z+nSdMDKhbZhDdzXAGiZ9eL9WiJ53KVzQZAjCGE8rIHmXq5SxHPGB9dBjmIF4Y+cX1v/4m+22g==",
         "size": 226321168
      },
      {
         "url": "anytype-0.55.5.x86_64.rpm",
         "sha512": "bXv6Rzn90YKItShmLwPx9+JoMs518P1Jw0dG27EPjpRtC63dXde0V8jdmIcXOlwIWMLs+LpxfUTqFbxI//zhgg==",
         "size": 201485757
      },
      {
         "url": "anytype-0.55.5.x86_64.rpm",
         "sha512": "bXv6Rzn90YKItShmLwPx9+JoMs518P1Jw0dG27EPjpRtC63dXde0V8jdmIcXOlwIWMLs+LpxfUTqFbxI//zhgg==",
         "size": 201485757
      },
      {
         "url": "anytype-0.55.5.x86_64.rpm",
         "sha512": "bXv6Rzn90YKItShmLwPx9+JoMs518P1Jw0dG27EPjpRtC63dXde0V8jdmIcXOlwIWMLs+LpxfUTqFbxI//zhgg==",
         "size": 201485757
      }
   ],
   "path": "Anytype-0.55.5.AppImage",
   "sha512": "5kw48x2+PctEUg/K3hHyumm4UVmW1Ds4NUAnTycH2zjde4jfuvjlrQaTrtP7oBltRKvtf6kNmqTlyS0fk9a5yg==",
   "releaseDate": "2026-06-03T13:00:29.463Z"
}
[2026-07-19 23:31:27.383] [debug] checkForUpdatesAndNotify called, downloadPromise is null
[2026-07-19 23:41:27.010] [info]  Checking for update
[2026-07-19 23:41:27.010] [info]  Checking for update
[2026-07-19 23:41:27.842] [info]  Update for version 0.55.5 is not available (latest version: 0.55.5, downgrade is allowed).
[2026-07-19 23:41:27.843] [info]  Update not available: {
   "version": "0.55.5",
   "files": [
      {
         "url": "Anytype-0.55.5.AppImage",
         "sha512": "5kw48x2+PctEUg/K3hHyumm4UVmW1Ds4NUAnTycH2zjde4jfuvjlrQaTrtP7oBltRKvtf6kNmqTlyS0fk9a5yg==",
         "size": 268775126,
         "blockMapSize": 278250
      },
      {
         "url": "anytype_0.55.5_amd64.deb",
         "sha512": "wljUaINiaon5Z+nSdMDKhbZhDdzXAGiZ9eL9WiJ53KVzQZAjCGE8rIHmXq5SxHPGB9dBjmIF4Y+cX1v/4m+22g==",
         "size": 226321168
      },
      {
         "url": "anytype_0.55.5_amd64.deb",
         "sha512": "wljUaINiaon5Z+nSdMDKhbZhDdzXAGiZ9eL9WiJ53KVzQZAjCGE8rIHmXq5SxHPGB9dBjmIF4Y+cX1v/4m+22g==",
         "size": 226321168
      },
      {
         "url": "anytype_0.55.5_amd64.deb",
         "sha512": "wljUaINiaon5Z+nSdMDKhbZhDdzXAGiZ9eL9WiJ53KVzQZAjCGE8rIHmXq5SxHPGB9dBjmIF4Y+cX1v/4m+22g==",
         "size": 226321168
      },
      {
         "url": "anytype-0.55.5.x86_64.rpm",
         "sha512": "bXv6Rzn90YKItShmLwPx9+JoMs518P1Jw0dG27EPjpRtC63dXde0V8jdmIcXOlwIWMLs+LpxfUTqFbxI//zhgg==",
         "size": 201485757
      },
      {
         "url": "anytype-0.55.5.x86_64.rpm",
         "sha512": "bXv6Rzn90YKItShmLwPx9+JoMs518P1Jw0dG27EPjpRtC63dXde0V8jdmIcXOlwIWMLs+LpxfUTqFbxI//zhgg==",
         "size": 201485757
      },
      {
         "url": "anytype-0.55.5.x86_64.rpm",
         "sha512": "bXv6Rzn90YKItShmLwPx9+JoMs518P1Jw0dG27EPjpRtC63dXde0V8jdmIcXOlwIWMLs+LpxfUTqFbxI//zhgg==",
         "size": 201485757
      }
   ],
   "path": "Anytype-0.55.5.AppImage",
   "sha512": "5kw48x2+PctEUg/K3hHyumm4UVmW1Ds4NUAnTycH2zjde4jfuvjlrQaTrtP7oBltRKvtf6kNmqTlyS0fk9a5yg==",
   "releaseDate": "2026-06-03T13:00:29.463Z"
}
[2026-07-19 23:41:27.843] [debug] checkForUpdatesAndNotify called, downloadPromise is null
[2026-07-19 23:51:27.010] [info]  Checking for update
[2026-07-19 23:51:27.010] [info]  Checking for update
[2026-07-19 23:51:27.372] [info]  Update for version 0.55.5 is not available (latest version: 0.55.5, downgrade is allowed).
[2026-07-19 23:51:27.372] [info]  Update not available: {
   "version": "0.55.5",
   "files": [
      {
         "url": "Anytype-0.55.5.AppImage",
         "sha512": "5kw48x2+PctEUg/K3hHyumm4UVmW1Ds4NUAnTycH2zjde4jfuvjlrQaTrtP7oBltRKvtf6kNmqTlyS0fk9a5yg==",
         "size": 268775126,
         "blockMapSize": 278250
      },
      {
         "url": "anytype_0.55.5_amd64.deb",
         "sha512": "wljUaINiaon5Z+nSdMDKhbZhDdzXAGiZ9eL9WiJ53KVzQZAjCGE8rIHmXq5SxHPGB9dBjmIF4Y+cX1v/4m+22g==",
         "size": 226321168
      },
      {
         "url": "anytype_0.55.5_amd64.deb",
         "sha512": "wljUaINiaon5Z+nSdMDKhbZhDdzXAGiZ9eL9WiJ53KVzQZAjCGE8rIHmXq5SxHPGB9dBjmIF4Y+cX1v/4m+22g==",
         "size": 226321168
      },
      {
         "url": "anytype_0.55.5_amd64.deb",
         "sha512": "wljUaINiaon5Z+nSdMDKhbZhDdzXAGiZ9eL9WiJ53KVzQZAjCGE8rIHmXq5SxHPGB9dBjmIF4Y+cX1v/4m+22g==",
         "size": 226321168
      },
      {
         "url": "anytype-0.55.5.x86_64.rpm",
         "sha512": "bXv6Rzn90YKItShmLwPx9+JoMs518P1Jw0dG27EPjpRtC63dXde0V8jdmIcXOlwIWMLs+LpxfUTqFbxI//zhgg==",
         "size": 201485757
      },
      {
         "url": "anytype-0.55.5.x86_64.rpm",
         "sha512": "bXv6Rzn90YKItShmLwPx9+JoMs518P1Jw0dG27EPjpRtC63dXde0V8jdmIcXOlwIWMLs+LpxfUTqFbxI//zhgg==",
         "size": 201485757
      },
      {
         "url": "anytype-0.55.5.x86_64.rpm",
         "sha512": "bXv6Rzn90YKItShmLwPx9+JoMs518P1Jw0dG27EPjpRtC63dXde0V8jdmIcXOlwIWMLs+LpxfUTqFbxI//zhgg==",
         "size": 201485757
      }
   ],
   "path": "Anytype-0.55.5.AppImage",
   "sha512": "5kw48x2+PctEUg/K3hHyumm4UVmW1Ds4NUAnTycH2zjde4jfuvjlrQaTrtP7oBltRKvtf6kNmqTlyS0fk9a5yg==",
   "releaseDate": "2026-06-03T13:00:29.463Z"
}
[2026-07-19 23:51:27.372] [debug] checkForUpdatesAndNotify called, downloadPromise is null
[2026-07-20 00:01:27.011] [info]  Checking for update
[2026-07-20 00:01:27.011] [info]  Checking for update
[2026-07-20 00:01:27.374] [info]  Update for version 0.55.5 is not available (latest version: 0.55.5, downgrade is allowed).
[2026-07-20 00:01:27.374] [info]  Update not available: {
   "version": "0.55.5",
   "files": [
      {
         "url": "Anytype-0.55.5.AppImage",
         "sha512": "5kw48x2+PctEUg/K3hHyumm4UVmW1Ds4NUAnTycH2zjde4jfuvjlrQaTrtP7oBltRKvtf6kNmqTlyS0fk9a5yg==",
         "size": 268775126,
         "blockMapSize": 278250
      },
      {
         "url": "anytype_0.55.5_amd64.deb",
         "sha512": "wljUaINiaon5Z+nSdMDKhbZhDdzXAGiZ9eL9WiJ53KVzQZAjCGE8rIHmXq5SxHPGB9dBjmIF4Y+cX1v/4m+22g==",
         "size": 226321168
      },
      {
         "url": "anytype_0.55.5_amd64.deb",
         "sha512": "wljUaINiaon5Z+nSdMDKhbZhDdzXAGiZ9eL9WiJ53KVzQZAjCGE8rIHmXq5SxHPGB9dBjmIF4Y+cX1v/4m+22g==",
         "size": 226321168
      },
      {
         "url": "anytype_0.55.5_amd64.deb",
         "sha512": "wljUaINiaon5Z+nSdMDKhbZhDdzXAGiZ9eL9WiJ53KVzQZAjCGE8rIHmXq5SxHPGB9dBjmIF4Y+cX1v/4m+22g==",
         "size": 226321168
      },
      {
         "url": "anytype-0.55.5.x86_64.rpm",
         "sha512": "bXv6Rzn90YKItShmLwPx9+JoMs518P1Jw0dG27EPjpRtC63dXde0V8jdmIcXOlwIWMLs+LpxfUTqFbxI//zhgg==",
         "size": 201485757
      },
      {
         "url": "anytype-0.55.5.x86_64.rpm",
         "sha512": "bXv6Rzn90YKItShmLwPx9+JoMs518P1Jw0dG27EPjpRtC63dXde0V8jdmIcXOlwIWMLs+LpxfUTqFbxI//zhgg==",
         "size": 201485757
      },
      {
         "url": "anytype-0.55.5.x86_64.rpm",
         "sha512": "bXv6Rzn90YKItShmLwPx9+JoMs518P1Jw0dG27EPjpRtC63dXde0V8jdmIcXOlwIWMLs+LpxfUTqFbxI//zhgg==",
         "size": 201485757
      }
   ],
   "path": "Anytype-0.55.5.AppImage",
   "sha512": "5kw48x2+PctEUg/K3hHyumm4UVmW1Ds4NUAnTycH2zjde4jfuvjlrQaTrtP7oBltRKvtf6kNmqTlyS0fk9a5yg==",
   "releaseDate": "2026-06-03T13:00:29.463Z"
}
[2026-07-20 00:01:27.375] [debug] checkForUpdatesAndNotify called, downloadPromise is null
[2026-07-20 00:11:27.012] [info]  Checking for update
[2026-07-20 00:11:27.012] [info]  Checking for update
[2026-07-20 00:11:27.810] [info]  Update for version 0.55.5 is not available (latest version: 0.55.5, downgrade is allowed).
[2026-07-20 00:11:27.810] [info]  Update not available: {
   "version": "0.55.5",
   "files": [
      {
         "url": "Anytype-0.55.5.AppImage",
         "sha512": "5kw48x2+PctEUg/K3hHyumm4UVmW1Ds4NUAnTycH2zjde4jfuvjlrQaTrtP7oBltRKvtf6kNmqTlyS0fk9a5yg==",
         "size": 268775126,
         "blockMapSize": 278250
      },
      {
         "url": "anytype_0.55.5_amd64.deb",
         "sha512": "wljUaINiaon5Z+nSdMDKhbZhDdzXAGiZ9eL9WiJ53KVzQZAjCGE8rIHmXq5SxHPGB9dBjmIF4Y+cX1v/4m+22g==",
         "size": 226321168
      },
      {
         "url": "anytype_0.55.5_amd64.deb",
         "sha512": "wljUaINiaon5Z+nSdMDKhbZhDdzXAGiZ9eL9WiJ53KVzQZAjCGE8rIHmXq5SxHPGB9dBjmIF4Y+cX1v/4m+22g==",
         "size": 226321168
      },
      {
         "url": "anytype_0.55.5_amd64.deb",
         "sha512": "wljUaINiaon5Z+nSdMDKhbZhDdzXAGiZ9eL9WiJ53KVzQZAjCGE8rIHmXq5SxHPGB9dBjmIF4Y+cX1v/4m+22g==",
         "size": 226321168
      },
      {
         "url": "anytype-0.55.5.x86_64.rpm",
         "sha512": "bXv6Rzn90YKItShmLwPx9+JoMs518P1Jw0dG27EPjpRtC63dXde0V8jdmIcXOlwIWMLs+LpxfUTqFbxI//zhgg==",
         "size": 201485757
      },
      {
         "url": "anytype-0.55.5.x86_64.rpm",
         "sha512": "bXv6Rzn90YKItShmLwPx9+JoMs518P1Jw0dG27EPjpRtC63dXde0V8jdmIcXOlwIWMLs+LpxfUTqFbxI//zhgg==",
         "size": 201485757
      },
      {
         "url": "anytype-0.55.5.x86_64.rpm",
         "sha512": "bXv6Rzn90YKItShmLwPx9+JoMs518P1Jw0dG27EPjpRtC63dXde0V8jdmIcXOlwIWMLs+LpxfUTqFbxI//zhgg==",
         "size": 201485757
      }
   ],
   "path": "Anytype-0.55.5.AppImage",
   "sha512": "5kw48x2+PctEUg/K3hHyumm4UVmW1Ds4NUAnTycH2zjde4jfuvjlrQaTrtP7oBltRKvtf6kNmqTlyS0fk9a5yg==",
   "releaseDate": "2026-06-03T13:00:29.463Z"
}
[2026-07-20 00:11:27.810] [debug] checkForUpdatesAndNotify called, downloadPromise is null
[2026-07-20 00:21:27.013] [info]  Checking for update
[2026-07-20 00:21:27.013] [info]  Checking for update
[2026-07-20 00:21:27.387] [info]  Update for version 0.55.5 is not available (latest version: 0.55.5, downgrade is allowed).
[2026-07-20 00:21:27.387] [info]  Update not available: {
   "version": "0.55.5",
   "files": [
      {
         "url": "Anytype-0.55.5.AppImage",
         "sha512": "5kw48x2+PctEUg/K3hHyumm4UVmW1Ds4NUAnTycH2zjde4jfuvjlrQaTrtP7oBltRKvtf6kNmqTlyS0fk9a5yg==",
         "size": 268775126,
         "blockMapSize": 278250
      },
      {
         "url": "anytype_0.55.5_amd64.deb",
         "sha512": "wljUaINiaon5Z+nSdMDKhbZhDdzXAGiZ9eL9WiJ53KVzQZAjCGE8rIHmXq5SxHPGB9dBjmIF4Y+cX1v/4m+22g==",
         "size": 226321168
      },
      {
         "url": "anytype_0.55.5_amd64.deb",
         "sha512": "wljUaINiaon5Z+nSdMDKhbZhDdzXAGiZ9eL9WiJ53KVzQZAjCGE8rIHmXq5SxHPGB9dBjmIF4Y+cX1v/4m+22g==",
         "size": 226321168
      },
      {
         "url": "anytype_0.55.5_amd64.deb",
         "sha512": "wljUaINiaon5Z+nSdMDKhbZhDdzXAGiZ9eL9WiJ53KVzQZAjCGE8rIHmXq5SxHPGB9dBjmIF4Y+cX1v/4m+22g==",
         "size": 226321168
      },
      {
         "url": "anytype-0.55.5.x86_64.rpm",
         "sha512": "bXv6Rzn90YKItShmLwPx9+JoMs518P1Jw0dG27EPjpRtC63dXde0V8jdmIcXOlwIWMLs+LpxfUTqFbxI//zhgg==",
         "size": 201485757
      },
      {
         "url": "anytype-0.55.5.x86_64.rpm",
         "sha512": "bXv6Rzn90YKItShmLwPx9+JoMs518P1Jw0dG27EPjpRtC63dXde0V8jdmIcXOlwIWMLs+LpxfUTqFbxI//zhgg==",
         "size": 201485757
      },
      {
         "url": "anytype-0.55.5.x86_64.rpm",
         "sha512": "bXv6Rzn90YKItShmLwPx9+JoMs518P1Jw0dG27EPjpRtC63dXde0V8jdmIcXOlwIWMLs+LpxfUTqFbxI//zhgg==",
         "size": 201485757
      }
   ],
   "path": "Anytype-0.55.5.AppImage",
   "sha512": "5kw48x2+PctEUg/K3hHyumm4UVmW1Ds4NUAnTycH2zjde4jfuvjlrQaTrtP7oBltRKvtf6kNmqTlyS0fk9a5yg==",
   "releaseDate": "2026-06-03T13:00:29.463Z"
}
[2026-07-20 00:21:27.387] [debug] checkForUpdatesAndNotify called, downloadPromise is null
[2026-07-20 00:31:27.013] [info]  Checking for update
[2026-07-20 00:31:27.013] [info]  Checking for update
[2026-07-20 00:31:27.376] [info]  Update for version 0.55.5 is not available (latest version: 0.55.5, downgrade is allowed).
[2026-07-20 00:31:27.376] [info]  Update not available: {
   "version": "0.55.5",
   "files": [
      {
         "url": "Anytype-0.55.5.AppImage",
         "sha512": "5kw48x2+PctEUg/K3hHyumm4UVmW1Ds4NUAnTycH2zjde4jfuvjlrQaTrtP7oBltRKvtf6kNmqTlyS0fk9a5yg==",
         "size": 268775126,
         "blockMapSize": 278250
      },
      {
         "url": "anytype_0.55.5_amd64.deb",
         "sha512": "wljUaINiaon5Z+nSdMDKhbZhDdzXAGiZ9eL9WiJ53KVzQZAjCGE8rIHmXq5SxHPGB9dBjmIF4Y+cX1v/4m+22g==",
         "size": 226321168
      },
      {
         "url": "anytype_0.55.5_amd64.deb",
         "sha512": "wljUaINiaon5Z+nSdMDKhbZhDdzXAGiZ9eL9WiJ53KVzQZAjCGE8rIHmXq5SxHPGB9dBjmIF4Y+cX1v/4m+22g==",
         "size": 226321168
      },
      {
         "url": "anytype_0.55.5_amd64.deb",
         "sha512": "wljUaINiaon5Z+nSdMDKhbZhDdzXAGiZ9eL9WiJ53KVzQZAjCGE8rIHmXq5SxHPGB9dBjmIF4Y+cX1v/4m+22g==",
         "size": 226321168
      },
      {
         "url": "anytype-0.55.5.x86_64.rpm",
         "sha512": "bXv6Rzn90YKItShmLwPx9+JoMs518P1Jw0dG27EPjpRtC63dXde0V8jdmIcXOlwIWMLs+LpxfUTqFbxI//zhgg==",
         "size": 201485757
      },
      {
         "url": "anytype-0.55.5.x86_64.rpm",
         "sha512": "bXv6Rzn90YKItShmLwPx9+JoMs518P1Jw0dG27EPjpRtC63dXde0V8jdmIcXOlwIWMLs+LpxfUTqFbxI//zhgg==",
         "size": 201485757
      },
      {
         "url": "anytype-0.55.5.x86_64.rpm",
         "sha512": "bXv6Rzn90YKItShmLwPx9+JoMs518P1Jw0dG27EPjpRtC63dXde0V8jdmIcXOlwIWMLs+LpxfUTqFbxI//zhgg==",
         "size": 201485757
      }
   ],
   "path": "Anytype-0.55.5.AppImage",
   "sha512": "5kw48x2+PctEUg/K3hHyumm4UVmW1Ds4NUAnTycH2zjde4jfuvjlrQaTrtP7oBltRKvtf6kNmqTlyS0fk9a5yg==",
   "releaseDate": "2026-06-03T13:00:29.463Z"
}
[2026-07-20 00:31:27.376] [debug] checkForUpdatesAndNotify called, downloadPromise is null
[2026-07-20 00:41:27.013] [info]  Checking for update
[2026-07-20 00:41:27.013] [info]  Checking for update
[2026-07-20 00:41:27.365] [info]  Update for version 0.55.5 is not available (latest version: 0.55.5, downgrade is allowed).
[2026-07-20 00:41:27.365] [info]  Update not available: {
   "version": "0.55.5",
   "files": [
      {
         "url": "Anytype-0.55.5.AppImage",
         "sha512": "5kw48x2+PctEUg/K3hHyumm4UVmW1Ds4NUAnTycH2zjde4jfuvjlrQaTrtP7oBltRKvtf6kNmqTlyS0fk9a5yg==",
         "size": 268775126,
         "blockMapSize": 278250
      },
      {
         "url": "anytype_0.55.5_amd64.deb",
         "sha512": "wljUaINiaon5Z+nSdMDKhbZhDdzXAGiZ9eL9WiJ53KVzQZAjCGE8rIHmXq5SxHPGB9dBjmIF4Y+cX1v/4m+22g==",
         "size": 226321168
      },
      {
         "url": "anytype_0.55.5_amd64.deb",
         "sha512": "wljUaINiaon5Z+nSdMDKhbZhDdzXAGiZ9eL9WiJ53KVzQZAjCGE8rIHmXq5SxHPGB9dBjmIF4Y+cX1v/4m+22g==",
         "size": 226321168
      },
      {
         "url": "anytype_0.55.5_amd64.deb",
         "sha512": "wljUaINiaon5Z+nSdMDKhbZhDdzXAGiZ9eL9WiJ53KVzQZAjCGE8rIHmXq5SxHPGB9dBjmIF4Y+cX1v/4m+22g==",
         "size": 226321168
      },
      {
         "url": "anytype-0.55.5.x86_64.rpm",
         "sha512": "bXv6Rzn90YKItShmLwPx9+JoMs518P1Jw0dG27EPjpRtC63dXde0V8jdmIcXOlwIWMLs+LpxfUTqFbxI//zhgg==",
         "size": 201485757
      },
      {
         "url": "anytype-0.55.5.x86_64.rpm",
         "sha512": "bXv6Rzn90YKItShmLwPx9+JoMs518P1Jw0dG27EPjpRtC63dXde0V8jdmIcXOlwIWMLs+LpxfUTqFbxI//zhgg==",
         "size": 201485757
      },
      {
         "url": "anytype-0.55.5.x86_64.rpm",
         "sha512": "bXv6Rzn90YKItShmLwPx9+JoMs518P1Jw0dG27EPjpRtC63dXde0V8jdmIcXOlwIWMLs+LpxfUTqFbxI//zhgg==",
         "size": 201485757
      }
   ],
   "path": "Anytype-0.55.5.AppImage",
   "sha512": "5kw48x2+PctEUg/K3hHyumm4UVmW1Ds4NUAnTycH2zjde4jfuvjlrQaTrtP7oBltRKvtf6kNmqTlyS0fk9a5yg==",
   "releaseDate": "2026-06-03T13:00:29.463Z"
}
[2026-07-20 00:41:27.366] [debug] checkForUpdatesAndNotify called, downloadPromise is null
[2026-07-20 00:51:27.014] [info]  Checking for update
[2026-07-20 00:51:27.014] [info]  Checking for update
[2026-07-20 00:51:27.439] [info]  Update for version 0.55.5 is not available (latest version: 0.55.5, downgrade is allowed).
[2026-07-20 00:51:27.439] [info]  Update not available: {
   "version": "0.55.5",
   "files": [
      {
         "url": "Anytype-0.55.5.AppImage",
         "sha512": "5kw48x2+PctEUg/K3hHyumm4UVmW1Ds4NUAnTycH2zjde4jfuvjlrQaTrtP7oBltRKvtf6kNmqTlyS0fk9a5yg==",
         "size": 268775126,
         "blockMapSize": 278250
      },
      {
         "url": "anytype_0.55.5_amd64.deb",
         "sha512": "wljUaINiaon5Z+nSdMDKhbZhDdzXAGiZ9eL9WiJ53KVzQZAjCGE8rIHmXq5SxHPGB9dBjmIF4Y+cX1v/4m+22g==",
         "size": 226321168
      },
      {
         "url": "anytype_0.55.5_amd64.deb",
         "sha512": "wljUaINiaon5Z+nSdMDKhbZhDdzXAGiZ9eL9WiJ53KVzQZAjCGE8rIHmXq5SxHPGB9dBjmIF4Y+cX1v/4m+22g==",
         "size": 226321168
      },
      {
         "url": "anytype_0.55.5_amd64.deb",
         "sha512": "wljUaINiaon5Z+nSdMDKhbZhDdzXAGiZ9eL9WiJ53KVzQZAjCGE8rIHmXq5SxHPGB9dBjmIF4Y+cX1v/4m+22g==",
         "size": 226321168
      },
      {
         "url": "anytype-0.55.5.x86_64.rpm",
         "sha512": "bXv6Rzn90YKItShmLwPx9+JoMs518P1Jw0dG27EPjpRtC63dXde0V8jdmIcXOlwIWMLs+LpxfUTqFbxI//zhgg==",
         "size": 201485757
      },
      {
         "url": "anytype-0.55.5.x86_64.rpm",
         "sha512": "bXv6Rzn90YKItShmLwPx9+JoMs518P1Jw0dG27EPjpRtC63dXde0V8jdmIcXOlwIWMLs+LpxfUTqFbxI//zhgg==",
         "size": 201485757
      },
      {
         "url": "anytype-0.55.5.x86_64.rpm",
         "sha512": "bXv6Rzn90YKItShmLwPx9+JoMs518P1Jw0dG27EPjpRtC63dXde0V8jdmIcXOlwIWMLs+LpxfUTqFbxI//zhgg==",
         "size": 201485757
      }
   ],
   "path": "Anytype-0.55.5.AppImage",
   "sha512": "5kw48x2+PctEUg/K3hHyumm4UVmW1Ds4NUAnTycH2zjde4jfuvjlrQaTrtP7oBltRKvtf6kNmqTlyS0fk9a5yg==",
   "releaseDate": "2026-06-03T13:00:29.463Z"
}
[2026-07-20 00:51:27.440] [debug] checkForUpdatesAndNotify called, downloadPromise is null
[2026-07-20 01:01:27.014] [info]  Checking for update
[2026-07-20 01:01:27.014] [info]  Checking for update
[2026-07-20 01:01:27.751] [info]  Update for version 0.55.5 is not available (latest version: 0.55.5, downgrade is allowed).
[2026-07-20 01:01:27.752] [info]  Update not available: {
   "version": "0.55.5",
   "files": [
      {
         "url": "Anytype-0.55.5.AppImage",
         "sha512": "5kw48x2+PctEUg/K3hHyumm4UVmW1Ds4NUAnTycH2zjde4jfuvjlrQaTrtP7oBltRKvtf6kNmqTlyS0fk9a5yg==",
         "size": 268775126,
         "blockMapSize": 278250
      },
      {
         "url": "anytype_0.55.5_amd64.deb",
         "sha512": "wljUaINiaon5Z+nSdMDKhbZhDdzXAGiZ9eL9WiJ53KVzQZAjCGE8rIHmXq5SxHPGB9dBjmIF4Y+cX1v/4m+22g==",
         "size": 226321168
      },
      {
         "url": "anytype_0.55.5_amd64.deb",
         "sha512": "wljUaINiaon5Z+nSdMDKhbZhDdzXAGiZ9eL9WiJ53KVzQZAjCGE8rIHmXq5SxHPGB9dBjmIF4Y+cX1v/4m+22g==",
         "size": 226321168
      },
      {
         "url": "anytype_0.55.5_amd64.deb",
         "sha512": "wljUaINiaon5Z+nSdMDKhbZhDdzXAGiZ9eL9WiJ53KVzQZAjCGE8rIHmXq5SxHPGB9dBjmIF4Y+cX1v/4m+22g==",
         "size": 226321168
      },
      {
         "url": "anytype-0.55.5.x86_64.rpm",
         "sha512": "bXv6Rzn90YKItShmLwPx9+JoMs518P1Jw0dG27EPjpRtC63dXde0V8jdmIcXOlwIWMLs+LpxfUTqFbxI//zhgg==",
         "size": 201485757
      },
      {
         "url": "anytype-0.55.5.x86_64.rpm",
         "sha512": "bXv6Rzn90YKItShmLwPx9+JoMs518P1Jw0dG27EPjpRtC63dXde0V8jdmIcXOlwIWMLs+LpxfUTqFbxI//zhgg==",
         "size": 201485757
      },
      {
         "url": "anytype-0.55.5.x86_64.rpm",
         "sha512": "bXv6Rzn90YKItShmLwPx9+JoMs518P1Jw0dG27EPjpRtC63dXde0V8jdmIcXOlwIWMLs+LpxfUTqFbxI//zhgg==",
         "size": 201485757
      }
   ],
   "path": "Anytype-0.55.5.AppImage",
   "sha512": "5kw48x2+PctEUg/K3hHyumm4UVmW1Ds4NUAnTycH2zjde4jfuvjlrQaTrtP7oBltRKvtf6kNmqTlyS0fk9a5yg==",
   "releaseDate": "2026-06-03T13:00:29.463Z"
}
[2026-07-20 01:01:27.752] [debug] checkForUpdatesAndNotify called, downloadPromise is null
[2026-07-20 01:04:29.793] [info]  before-quit, isRelaunching: false
[2026-07-24 13:12:35.303] [info]  [WindowManager].clearSavedTabs: Cleared saved tabs
[2026-07-24 19:44:09.229] [info]  [WindowManager].clearSavedTabs: Cleared saved tabs
